success  collision  collision_obst   makespan   flowtime    runtime     mean_groups     mean_groups_size     number
      1          0               0     61.500    175.500      0.344           1.930                  6.4         10
      1          0               0     43.600    229.100      2.566           1.000                 20.0         20
      1          0               0     41.200    395.200      8.772           1.000                 30.0         30
      1          0               0     37.700    508.800     20.320           1.000                 40.0         40
      1          0               0     32.300    443.200     39.325           1.000                 50.0         50
      1          0               0     27.000    552.700     58.541           1.000                 60.0         60
      1          0               0     59.800    215.600      0.308           1.759                 6.28         10
      1          0               0     59.300    315.000      2.252           1.715                 12.8         20
      1          0               0     27.900    266.200      6.093           1.025                 29.6         30
      1          0               0     47.700    403.400     25.944           1.000                 40.0         40
      1          0               0     28.900    388.600     35.309           1.000                 50.0         50
      1          0               0     25.300    391.500     56.008           1.000                 60.0         60
      1          0               0     34.900    160.400      0.235           1.473                 7.89         10
      1          0               0     35.500    221.000      2.118           1.197                 18.0         20
      1          0               0     29.300    288.100      6.307           1.000                 30.0         30
      1          0               0     36.000    342.800     20.403           1.000                 40.0         40
      1          0               0     25.000    387.200     28.614           1.000                 50.0         50
      1          0               0     28.200    478.900     62.025           1.000                 60.0         60
      1          0               0     47.400    232.700      0.260           2.103                 6.24         10
      1          0               0     37.500    221.100      2.313           1.064                 19.4         20
      1          0               0     55.000    486.700     12.140           1.000                 30.0         30
      1          0               0     54.100    691.200     30.434           1.000                 40.0         40
      1          0               0     39.800    736.200     45.576           1.000                 50.0         50
      1          0               0     45.200    753.800    102.231           1.000                 60.0         60
      1          0               0     57.500    154.600      0.287           2.391                 4.48         10
      1          0               0     26.900    237.100      1.405           1.253                 17.5         20
      1          0               0     30.900    398.000      6.515           1.006                 29.9         30
      1          0               0     33.800    412.000     17.519           1.000                 40.0         40
      1          0               0     33.000    436.000     38.134           1.000                 50.0         50
      1          0               0     33.500    515.100     70.457           1.000                 60.0         60
      1          0               0     55.900    169.600      0.228           2.064                 5.35         10
      1          0               0     52.200    221.600      2.895           1.330                 16.7         20
      1          0               0     58.200    340.600     11.966           1.247                 26.3         30
      1          0               0     49.200    455.800     27.506           1.000                 40.0         40
      1          0               0     29.300    352.700     33.778           1.000                 50.0         50
      1          0               0     32.200    466.200     69.597           1.000                 60.0         60
      1          0               0     41.200    147.500      0.169           2.228                 4.64         10
      1          0               0     53.600    247.700      3.311           1.110                 18.9         20
      1          0               0     45.100    383.000      9.816           1.000                 30.0         30
      1          0               0     47.800    513.100     26.143           1.000                 40.0         40
      1          0               0     51.100    563.300     58.917           1.000                 50.0         50
      1          0               0     60.900    766.600    136.687           1.000                 60.0         60
      1          0               0     64.700    302.300      0.254           2.337                 4.82         10
      1          0               0     65.700    359.300      3.412           1.699                 14.0         20
      1          0               0     73.700    675.000     14.666           1.647                 20.5         30
      1          0               0     50.700    605.200     27.202           1.118                 37.6         40
      1          0               0     42.000    723.300     47.055           1.000                 50.0         50
      1          0               0     42.700    660.400     94.586           1.000                 60.0         60
      1          0               0    100.000    352.500      0.362           2.890                 3.68         10
      1          0               0     53.000    341.400      2.697           1.234                 17.7         20
      1          0               0     61.000    409.400     14.142           1.066                 29.0         30
      1          0               0     59.400    400.700     31.948           1.000                 40.0         40
      1          0               0     45.600    592.600     56.592           1.000                 50.0         50
      1          0               0     23.900    428.700     50.646           1.000                 60.0         60
      1          0               0     34.300    148.700      0.153           2.682                  5.0         10
      1          0               0     61.900    289.300      3.727           1.068                 19.3         20
      1          0               0     56.000    408.400     12.509           1.000                 30.0         30
      1          0               0     37.500    431.000     19.467           1.000                 40.0         40
      1          0               0     44.200    582.400     52.338           1.000                 50.0         50
      1          0               0     36.800    572.200     77.965           1.000                 60.0         60
      1          0               0     77.200    267.800      0.263           2.707                 3.82         10
      1          0               0     29.700    268.500      1.445           1.441                 15.6         20
      1          0               0     29.500    295.000      6.124           1.000                 30.0         30
      1          0               0     28.400    435.100     14.788           1.000                 40.0         40
      1          0               0     38.800    659.600     44.928           1.000                 50.0         50
      1          0               0     39.000    756.600     85.309           1.000                 60.0         60
      1          0               0     67.100    248.700      0.240           2.238                  4.6         10
      1          0               0     48.300    338.200      2.246           1.797                 12.0         20
      1          0               0     43.900    421.700      9.615           1.000                 30.0         30
      1          0               0     37.800    485.200     19.931           1.000                 40.0         40
      1          0               0     40.300    606.500     48.283           1.000                 50.0         50
      1          0               0     46.800    890.200     96.747           1.000                 60.0         60
      1          0               0     71.700    180.400      0.426           2.162                  5.0         10
      1          0               0     35.400    189.300      1.859           1.743                 12.6         20
      1          0               0     28.200    271.800      6.344           1.000                 30.0         30
      1          0               0     27.000    353.500     14.667           1.000                 40.0         40
      1          0               0     26.000    393.600     31.036           1.000                 50.0         50
      1          0               0     45.400    645.000     98.607           1.000                 60.0         60
      1          0               0     38.600    151.700      0.177           2.645                 4.18         10
      1          0               0     54.700    309.900      3.350           1.064                 19.4         20
      1          0               0     64.500    447.500     14.688           1.000                 30.0         30
      1          0               0     49.100    564.900     25.794           1.000                 40.0         40
      1          0               0     40.700    669.900     46.955           1.000                 50.0         50
      1          0               0     49.000    850.500    106.215           1.000                 60.0         60
      1          0               0     72.800    224.200      0.431           1.927                 6.77         10
      1          0               0     66.300    389.400      3.764           1.118                 18.9         20
      1          0               0     44.800    418.800      9.689           1.000                 30.0         30
      1          0               0     37.200    392.700     19.534           1.000                 40.0         40
      1          0               0     44.000    479.600     51.181           1.000                 50.0         50
      1          0               0     47.600    584.300    101.226           1.000                 60.0         60
      1          0               0     68.600    183.400      0.301           2.945                 3.82         10
      1          0               0     38.800    230.500      2.356           1.005                 19.9         20
      1          0               0     33.600    302.700      7.115           1.000                 30.0         30
      1          0               0     34.000    372.100     18.392           1.000                 40.0         40
      1          0               0     27.300    471.600     28.385           1.000                 50.0         50
      1          0               0     22.400    547.500     47.068           1.000                 60.0         60
      1          0               0     71.600    278.500      0.240           2.888                 3.66         10
      1          0               0     43.400    282.800      1.491           2.228                 10.7         20
      1          0               0     53.700    315.300      8.730           1.592                 21.1         30
      1          0               0     39.200    417.600     20.611           1.000                 40.0         40
      1          0               0     41.000    530.700     48.347           1.000                 50.0         50
      1          0               0     31.400    436.300     65.070           1.000                 60.0         60
      1          0               0     54.500    215.400      0.382           1.189                 9.27         10
      1          0               0     72.700    369.300      4.262           1.067                 19.3         20
      1          0               0     40.600    361.400      8.750           1.000                 30.0         30
      1          0               0     47.100    480.300     25.383           1.000                 40.0         40
      1          0               0     35.800    433.900     40.235           1.000                 50.0         50
      1          0               0     41.100    629.400     89.207           1.000                 60.0         60
      1          0               0     63.900    256.900      0.287           2.596                 4.13         10
      1          0               0     54.700    296.900      3.300           1.029                 19.7         20
      1          0               0     45.100    371.600      9.783           1.000                 30.0         30
      1          0               0     38.900    538.800     20.060           1.000                 40.0         40
      1          0               0     36.700    695.700     40.505           1.000                 50.0         50
      1          0               0     38.300    830.700     78.083           1.000                 60.0         60
      1          0               0     52.700    202.500      0.260           2.446                 4.77         10
      1          0               0     26.700    136.700      1.456           1.850                 11.5         20
      1          0               0     34.100    324.500      7.600           1.000                 30.0         30
      1          0               0     56.000    683.200     31.764           1.000                 40.0         40
      1          0               0     40.700    462.000     47.661           1.000                 50.0         50
      1          0               0     68.900    785.900    148.065           1.000                 60.0         60
      1          0               0     59.700    228.500      0.398           1.605                 6.98         10
      1          0               0     36.000    225.800      2.205           1.089                 19.1         20
      1          0               0     55.800    366.000     12.374           1.000                 30.0         30
      1          0               0     52.300    620.900     29.589           1.000                 40.0         40
      1          0               0     52.900    813.000     63.986           1.000                 50.0         50
      1          0               0     43.300    704.600     93.248           1.000                 60.0         60
      1          0               0     68.400    227.200      0.218           4.243                 2.48         10
      1          0               0     54.000    420.100      2.816           1.572                 14.3         20
      1          0               0     53.900    482.800     11.331           1.000                 30.0         30
      1          0               0     63.200    594.600     34.011           1.000                 40.0         40
      1          0               0     50.400    688.600     58.081           1.000                 50.0         50
      1          0               0     46.000    950.200     93.872           1.000                 60.0         60
      1          0               0     59.100    235.200      0.184           2.628                 4.05         10
      1          0               0     31.800    227.100      1.561           1.160                 18.4         20
      1          0               0     35.500    397.600      7.254           1.000                 30.0         30
      1          0               0     42.900    507.600     22.697           1.000                 40.0         40
      1          0               0     38.300    586.300     44.719           1.000                 50.0         50
      1          0               0     27.300    502.300     57.802           1.000                 60.0         60
      1          0               0     50.100    199.100      0.227           2.439                 4.27         10
      1          0               0     69.800    402.900      3.569           1.504                 15.0         20
      1          0               0     48.900    430.600      8.998           1.505                 22.6         30
      1          0               0     31.900    355.700     16.623           1.000                 40.0         40
      1          0               0     42.500    425.100     49.734           1.000                 50.0         50
      1          0               0     43.900    645.000     93.195           1.000                 60.0         60
      1          0               0     42.200    108.800      0.128           2.964                 3.52         10
      1          0               0     43.900    265.700      2.363           1.118                 19.2         20
      1          0               0     49.000    421.700     10.791           1.033                 29.6         30
      1          0               0     66.600    721.800     35.897           1.000                 40.0         40
      1          0               0     61.200    765.600     71.621           1.000                 50.0         50
      1          0               0     76.900    871.000    174.020           1.000                 60.0         60
      1          0               0     38.100    113.100      0.185           2.302                 4.63         10
      1          0               0     32.000    245.000      1.480           1.831                 13.8         20
      1          0               0     51.800    389.500     11.509           1.015                 29.8         30
      1          0               0     40.900    535.700     21.400           1.000                 40.0         40
      1          0               0     43.900    461.100     52.632           1.000                 50.0         50
      1          0               0     34.400    559.200     76.910           1.000                 60.0         60
      1          0               0     46.500    179.200      0.209           1.738                 6.31         10
      1          0               0     52.800    400.600      2.494           1.386                 16.1         20
      1          0               0     26.600    355.900      5.603           1.000                 30.0         30
      1          0               0     37.800    445.000     19.257           1.000                 40.0         40
      1          0               0     24.500    419.900     27.465           1.000                 50.0         50
      1          0               0     34.100    604.500     74.397           1.000                 60.0         60
      1          0               0     59.700    123.400      0.247           2.516                 4.69         10
      1          0               0     52.900    257.000      3.253           1.000                 20.0         20
      1          0               0     50.800    332.600     11.127           1.000                 30.0         30
      1          0               0     47.300    399.500     25.459           1.000                 40.0         40
      1          0               0     67.400    739.900     80.928           1.000                 50.0         50
      1          0               0     61.600    967.700    136.616           1.000                 60.0         60
      1          0               0     52.200    175.700      0.156           3.243                 3.28         10
      1          0               0     48.000    346.400      2.804           1.046                 19.5         20
      1          0               0     52.700    623.400     11.118           1.000                 30.0         30
      1          0               0     59.500    688.600     32.987           1.000                 40.0         40
      1          0               0     51.100    830.300     58.636           1.045                 48.9         50
      1          0               0     50.800   1274.100    105.492           1.000                 60.0         60
      1          0               0     33.500    111.300      0.129           2.573                 5.04         10
      1          0               0     60.500    263.200      3.798           1.000                 20.0         20
      1          0               0     33.300    268.200      7.135           1.000                 30.0         30
      1          0               0     39.600    416.400     20.768           1.000                 40.0         40
      1          0               0     53.300    545.300     64.723           1.000                 50.0         50
      1          0               0     53.100    584.300    122.832           1.000                 60.0         60
      1          0               0     32.300    170.100      0.150           1.851                 5.74         10
      1          0               0     48.400    293.900      2.829           1.070                 19.5         20
      1          0               0     47.600    445.400     10.192           1.000                 30.0         30
      1          0               0     45.700    486.800     25.356           1.000                 40.0         40
      1          0               0     42.100    568.400     48.142           1.000                 50.0         50
      1          0               0     57.900    728.800    127.030           1.000                 60.0         60
      1          0               0     70.000    168.200      0.308           2.521                 4.29         10
      1          0               0     36.900    223.700      2.276           1.000                 20.0         20
      1          0               0     36.100    328.000      7.918           1.000                 30.0         30
      1          0               0     41.200    399.400     22.138           1.000                 40.0         40
      1          0               0     39.200    554.900     44.400           1.000                 50.0         50
      1          0               0     58.800    764.200    133.042           1.000                 60.0         60
      1          0               0     79.300    204.100      0.306           2.661                 3.97         10
      1          0               0     35.800    347.600      1.981           1.095                 19.1         20
      1          0               0     61.000    469.500     12.639           1.085                 28.7         30
      1          0               0     28.200    415.500     14.706           1.000                 40.0         40
      1          0               0     50.600    616.000     58.599           1.000                 50.0         50
      1          0               0     60.200    861.100    128.287           1.000                 60.0         60
      1          0               0     38.300    136.300      0.247           1.883                 5.73         10
      1          0               0     34.000    227.500      1.873           1.638                 13.7         20
      1          0               0     26.700    245.100      5.936           1.000                 30.0         30
      1          0               0     39.400    404.500     21.865           1.000                 40.0         40
      1          0               0     32.600    577.100     38.684           1.000                 50.0         50
      1          0               0     43.200    574.300     91.338           1.000                 60.0         60
      1          0               0     42.100    143.500      0.326           1.088                 9.58         10
      1          0               0     70.400    330.000      4.215           1.006                 20.0         20
      1          0               0     57.000    454.900     12.695           1.000                 30.0         30
      1          0               0     51.500    469.700     28.543           1.000                 40.0         40
      1          0               0     57.100    750.500     67.121           1.000                 50.0         50
      1          0               0     41.000    671.000     85.220           1.000                 60.0         60
      1          0               0     82.500    338.700      0.462           2.048                 5.32         10
      1          0               0     79.800    414.100      3.304           1.739                 12.6         20
      1          0               0     50.500    393.200     11.181           1.000                 30.0         30
      1          0               0     51.100    548.100     28.440           1.000                 40.0         40
      1          0               0     68.800    771.200     81.950           1.000                 50.0         50
      1          0               0     70.300    940.600    157.671           1.000                 60.0         60
      1          0               0     49.900    180.100      0.269           1.914                 5.91         10
      1          0               0     51.200    227.500      3.174           1.000                 20.0         20
      1          0               0     49.800    380.400     11.012           1.000                 30.0         30
      1          0               0     52.600    575.900     28.408           1.000                 40.0         40
      1          0               0     52.100    832.700     60.293           1.000                 50.0         50
      1          0               0     57.000    663.900    120.122           1.000                 60.0         60
      1          0               0     32.800    125.000      0.092           3.579                 2.91         10
      1          0               0     38.400    316.400      1.939           1.299                 17.3         20
      1          0               0     64.600    352.800     14.558           1.000                 30.0         30
      1          0               0     33.500    375.300     17.469           1.000                 40.0         40
      1          0               0     38.500    456.400     46.118           1.000                 50.0         50
      1          0               0     34.000    491.800     76.201           1.000                 60.0         60
      1          0               0     74.600    236.200      0.293           2.853                 3.86         10
      1          0               0     49.100    236.100      2.929           1.173                 18.3         20
      1          0               0     40.100    371.600      8.834           1.000                 30.0         30
      1          0               0     38.800    557.500     20.794           1.000                 40.0         40
      1          0               0     32.900    502.400     38.307           1.000                 50.0         50
      1          0               0     36.000    481.700     77.363           1.000                 60.0         60
      1          0               0     72.000    242.600      0.195           3.864                 2.99         10
      1          0               0     38.300    212.000      2.324           1.000                 20.0         20
      1          0               0     39.700    416.900      8.408           1.000                 30.0         30
      1          0               0     39.100    641.900     20.045           1.000                 40.0         40
      1          0               0     28.600    501.700     33.157           1.000                 50.0         50
      1          0               0     29.700    533.400     62.070           1.000                 60.0         60
      1          0               0     26.300    114.100      0.070           3.194                  3.3         10
      1          0               0     18.400    174.100      0.927           1.359                 17.4         20
      1          0               0     50.500    362.200     10.938           1.024                 29.6         30
      1          0               0     24.600    285.500     13.075           1.049                 39.0         40
      1          0               0     31.500    369.300     35.295           1.003                 49.9         50
      1          0               0     50.900    514.800    108.618           1.000                 60.0         60
      1          0               0     54.700    190.000      0.361           1.695                 6.75         10
      1          0               0     34.800    257.700      2.015           1.000                 20.0         20
      1          0               0     43.500    412.900      9.290           1.000                 30.0         30
      1          0               0     37.900    415.300     19.116           1.000                 40.0         40
      1          0               0     30.300    551.600     34.083           1.000                 50.0         50
      1          0               0     27.600    557.600     52.213           1.000                 60.0         60
      1          0               0     40.900    168.500      0.202           2.274                 4.62         10
      1          0               0     48.100    276.000      2.906           1.000                 20.0         20
      1          0               0     27.800    336.100      5.475           1.000                 30.0         30
      1          0               0     28.800    463.900     15.201           1.000                 40.0         40
      1          0               0     32.300    472.700     37.423           1.000                 50.0         50
      1          0               0     28.700    597.800     59.327           1.000                 60.0         60
      1          0               0     78.400    341.900      0.328           3.145                 3.43         10
      1          0               0     65.000    408.900      3.190           1.711                 13.0         20
      1          0               0     55.700    459.200     11.947           1.000                 30.0         30
      1          0               0     61.800    491.700     34.990           1.000                 40.0         40
      1          0               0     50.600    576.500     58.771           1.000                 50.0         50
      1          0               0     46.600    679.100    101.306           1.000                 60.0         60
      1          0               0     69.100    230.900      0.186           4.363                 2.34         10
      1          0               0     58.200    360.200      2.027           2.113                 10.9         20
      1          0               0     38.100    454.500      8.374           1.000                 30.0         30
      1          0               0     32.700    321.800     18.382           1.000                 40.0         40
      1          0               0     46.300    514.200     56.950           1.000                 50.0         50
      1          0               0     44.600    666.400     99.459           1.000                 60.0         60
      1          0               0     45.900    127.800      0.167           2.096                 5.16         10
      1          0               0     43.900    256.100      1.764           2.588                 8.72         20
      1          0               0     28.300    363.500      4.981           1.562                 21.6         30
      1          0               0     54.000    494.500     27.819           1.570                 28.6         40
      1          0               0     34.300    650.800     40.487           1.000                 50.0         50
      1          0               0     36.900    700.000     83.314           1.000                 60.0         60
      1          0               0     68.900    252.800      0.432           1.765                 6.31         10
      1          0               0     26.500    188.200      1.525           1.464                 16.8         20
      1          0               0     30.700    233.600      7.037           1.000                 30.0         30
      1          0               0     38.700    410.300     21.559           1.000                 40.0         40
      1          0               0     40.400    633.300     48.050           1.000                 50.0         50
      1          0               0     50.000    857.200    117.489           1.000                 60.0         60
      1          0               0     63.400    248.800      0.225           2.868                 3.84         10
      1          0               0     44.300    345.000      2.658           1.097                 19.0         20
      1          0               0     31.000    364.200      6.572           1.000                 30.0         30
      1          0               0     31.800    404.900     17.025           1.000                 40.0         40
      1          0               0     25.300    465.200     28.096           1.000                 50.0         50
      1          0               0     26.200    579.400     58.704           1.000                 60.0         60
      1          0               0     77.700    373.000      0.296           2.909                 3.56         10
      1          0               0     70.300    322.900      3.109           1.632                 14.1         20
      1          0               0     66.700    401.400     15.390           1.000                 30.0         30
      1          0               0     60.000    368.300     34.354           1.000                 40.0         40
      1          0               0     36.700    465.600     43.321           1.000                 50.0         50
      1          0               0     35.300    487.700     76.460           1.000                 60.0         60
      1          0               0     72.700    234.900      0.178           4.362                 2.45         10
      1          0               0     29.800    226.000      1.384           2.013                 12.3         20
      1          0               0     44.100    303.800      9.236           1.515                 22.3         30
      1          0               0     31.500    414.500     16.075           1.121                 37.6         40
      1          0               0     47.500    589.000     56.662           1.000                 50.0         50
      1          0               0     23.900    491.800     48.521           1.000                 60.0         60
      1          0               0     82.600    411.800      0.325           3.163                  3.2         10
      1          0               0     69.800    421.800      2.662           2.523                 8.37         20
      1          0               0     37.300    262.500      8.602           1.000                 30.0         30
      1          0               0     30.800    322.600     16.929           1.000                 40.0         40
      1          0               0     29.400    419.300     33.088           1.000                 50.0         50
      1          0               0     25.800    522.100     51.101           1.000                 60.0         60
      1          0               0     52.400    269.700      0.174           3.750                 2.88         10
      1          0               0     31.000    243.300      1.786           1.239                 17.6         20
      1          0               0     37.000    426.100      8.128           1.008                 29.9         30
      1          0               0     40.900    504.300     22.152           1.000                 40.0         40
      1          0               0     47.000    611.100     57.786           1.000                 50.0         50
      1          0               0     64.600    845.300    141.082           1.000                 60.0         60
      1          0               0     41.800    148.700      0.195           1.844                 6.06         10
      1          0               0     48.100    304.600      2.975           1.062                 19.5         20
      1          0               0     35.500    325.100      7.889           1.000                 30.0         30
      1          0               0     38.800    469.300     21.833           1.719                 25.6         40
      1          0               0     44.800    570.200     53.260           1.000                 50.0         50
      1          0               0     33.200    493.300     71.939           1.000                 60.0         60
      1          0               0     33.700    184.500      0.133           2.982                  3.5         10
      1          0               0     60.100    233.200      3.784           1.018                 19.8         20
      1          0               0     58.600    366.500     13.659           1.000                 30.0         30
      1          0               0     52.800    574.700     29.705           1.000                 40.0         40
      1          0               0     26.300    376.500     31.130           1.000                 50.0         50
      1          0               0     32.700    474.800     69.200           1.000                 60.0         60
      1          0               0     81.300    231.800      0.350           2.674                 3.91         10
      1          0               0     47.800    273.000      2.990           1.046                 19.5         20
      1          0               0     41.600    392.500      8.880           1.373                 24.7         30
      1          0               0     42.200    459.200     24.930           1.000                 40.0         40
      1          0               0     43.100    676.700     52.939           1.000                 50.0         50
      1          0               0     43.300    574.300     93.833           1.000                 60.0         60
      1          0               0     16.200     68.800      0.063           3.204                 3.33         10
      1          0               0     41.800    196.200      2.342           1.938                 10.6         20
      1          0               0     45.100    406.100     10.228           1.000                 30.0         30
      1          0               0     29.900    322.600     16.351           1.000                 40.0         40
      1          0               0     46.100    535.600     59.076           1.000                 50.0         50
      1          0               0     44.600    713.100    101.124           1.000                 60.0         60
      1          0               0     72.400    240.000      0.242           3.073                 3.53         10
      1          0               0     30.700    225.900      1.431           1.593                 14.1         20
      1          0               0     30.200    304.900      6.847           1.000                 30.0         30
      1          0               0     42.000    490.900     24.766           1.000                 40.0         40
      1          0               0     32.400    482.400     38.895           1.000                 50.0         50
      1          0               0     40.200    617.500     91.268           1.000                 60.0         60
      1          0               0     45.800    176.700      0.285           1.963                 6.12         10
      1          0               0     32.300    208.300      2.001           1.074                 19.3         20
      1          0               0     33.000    289.500      7.469           1.000                 30.0         30
      1          0               0     52.900    565.700     30.774           1.000                 40.0         40
      1          0               0     50.900    702.700     62.038           1.000                 50.0         50
      1          0               0     33.100    415.700     75.640           1.000                 60.0         60
      1          0               0     48.400    127.600      0.189           2.388                 4.48         10
      1          0               0     80.400    442.000      4.837           1.428                 15.7         20
      1          0               0     60.200    474.200     13.702           1.000                 30.0         30
      1          0               0     57.300    580.200     31.674           1.000                 40.0         40
      1          0               0     64.900    779.300     76.707           1.000                 50.0         50
      1          0               0     37.800    605.300     77.855           1.000                 60.0         60
      1          0               0     60.300    288.100      0.310           2.335                 5.16         10
      1          0               0     50.600    320.700      3.112           1.117                 18.8         20
      1          0               0     45.300    534.500      9.754           1.000                 30.0         30
      1          0               0     42.400    540.900     23.910           1.000                 40.0         40
      1          0               0     40.500    634.000     47.728           1.000                 50.0         50
      1          0               0     38.200    436.900     87.876           1.000                 60.0         60
      1          0               0     59.200    195.200      0.392           1.764                 6.81         10
      1          0               0     32.900    246.000      1.525           2.550                 9.12         20
      1          0               0     33.300    367.400      6.744           1.441                 23.4         30
      1          0               0     27.600    399.100     14.580           1.000                 40.0         40
      1          0               0     39.700    439.000     50.115           1.000                 50.0         50
      1          0               0     25.100    431.100     56.773           1.000                 60.0         60
      1          0               0     83.200    254.300      0.495           2.119                 5.25         10
      1          0               0     81.500    436.300      4.998           1.124                 18.8         20
      1          0               0     58.400    273.900     14.212           1.000                 30.0         30
      1          0               0     40.700    498.900     23.443           1.000                 40.0         40
      1          0               0     33.300    450.700     41.152           1.000                 50.0         50
      1          0               0     41.900    572.600     93.240           1.000                 60.0         60
      1          0               0     59.800    220.500      0.295           2.488                 4.32         10
      1          0               0     42.200    309.400      1.914           1.614                 13.9         20
      1          0               0     53.400    297.300     11.614           1.026                 29.6         30
      1          0               0     38.700    341.800     21.763           1.000                 40.0         40
      1          0               0     21.300    359.700     24.888           1.000                 50.0         50
      1          0               0     33.800    518.400     75.956           1.000                 60.0         60
      1          0               0     61.500    183.900      0.366           1.849                 6.01         10
      1          0               0     23.000    183.300      1.428           1.000                 20.0         20
      1          0               0     43.000    300.300     10.190           1.000                 30.0         30
      1          0               0     59.000    416.500     34.810           1.000                 40.0         40
      1          0               0     66.100    570.600     82.372           1.000                 50.0         50
      1          0               0     61.300    610.300    146.169           1.000                 60.0         60
      1          0               0     64.100    183.400      0.215           3.014                 3.52         10
      1          0               0     39.300    249.200      2.382           1.051                 19.5         20
      1          0               0     49.300    455.900     10.961           1.063                 29.1         30
      1          0               0     47.300    515.700     27.002           1.000                 40.0         40
      1          0               0     38.300    609.400     46.027           1.000                 50.0         50
      1          0               0     42.300    838.900     91.756           1.000                 60.0         60
      1          0               0     26.400    118.500      0.138           2.322                 5.17         10
      1          0               0     44.700    262.000      2.819           1.168                 18.3         20
      1          0               0     57.500    397.600     13.366           1.000                 30.0         30
      1          0               0     56.500    484.500     34.292           1.000                 40.0         40
      1          0               0     54.800    568.800     66.740           1.000                 50.0         50
      1          0               0     56.200    725.900    132.868           1.000                 60.0         60
      1          0               0     65.600    257.500      0.459           1.285                 8.57         10
      1          0               0     63.200    404.800      3.997           1.104                 19.0         20
      1          0               0     57.700    430.900     13.384           1.000                 30.0         30
      1          0               0     35.700    443.600     19.901           1.000                 40.0         40
      1          0               0     18.100    331.900     22.548           1.000                 50.0         50
      1          0               0     37.300    644.800     79.967           1.000                 60.0         60
      1          0               0     32.600    118.200      0.097           3.248                 3.24         10
      1          0               0     49.800    245.500      3.138           1.006                 19.9         20
      1          0               0     41.500    319.600      9.424           1.000                 30.0         30
      1          0               0     48.900    373.400     29.825           1.000                 40.0         40
      1          0               0     20.700    299.000     23.876           1.000                 50.0         50
      1          0               0     22.000    375.900     52.102           1.000                 60.0         60
      1          0               0     69.600    170.000      0.291           2.102                 4.93         10
      1          0               0     45.500    264.300      3.019           1.000                 20.0         20
      1          0               0     37.600    336.200      8.528           1.000                 30.0         30
      1          0               0     37.400    379.200     22.150           1.000                 40.0         40
      1          0               0     55.700    812.200     68.335           1.000                 50.0         50
      1          0               0     42.300    680.200    100.087           1.000                 60.0         60
      1          0               0     59.700    163.100      0.352           2.152                 5.62         10
      1          0               0     52.500    386.900      3.254           1.137                 18.6         20
      1          0               0     49.200    428.400     10.942           1.000                 30.0         30
      1          0               0     41.300    414.400     22.729           1.000                 40.0         40
      1          0               0     60.900    615.000     77.808           1.000                 50.0         50
      1          0               0     35.500    516.200     75.156           1.000                 60.0         60
      1          0               0     49.000    206.200      0.227           2.686                 3.88         10
      1          0               0     62.900    413.800      3.075           1.262                 17.4         20
      1          0               0     52.700    426.000     12.305           1.000                 30.0         30
      1          0               0     60.600    595.600     35.671           1.000                 40.0         40
      1          0               0     62.600    928.600     76.618           1.000                 50.0         50
      1          0               0     52.200    841.100    114.842           1.000                 60.0         60
      1          0               0     69.800    286.800      0.260           2.607                 4.12         10
      1          0               0     55.500    384.600      3.333           1.000                 20.0         20
      1          0               0     45.700    496.800      9.863           1.000                 30.0         30
      1          0               0     46.500    406.700     27.708           1.000                 40.0         40
      1          0               0     52.200    557.900     65.678           1.000                 50.0         50
      1          0               0     43.500    535.100     92.606           1.000                 60.0         60
      1          0               0     65.400    224.500      0.198           4.032                 2.71         10
      1          0               0     57.500    328.800      2.655           2.259                 9.14         20
      1          0               0     78.800    662.100     15.822           1.770                 18.4         30
      1          0               0     83.400    767.000     51.036           1.000                 40.0         40
      1          0               0     54.800    784.200     70.213           1.000                 50.0         50
      1          0               0     53.300    766.400    119.826           1.000                 60.0         60
      1          0               0     79.100    194.800      0.304           3.698                 2.77         10
      1          0               0     46.000    333.500      2.568           1.241                 17.6         20
      1          0               0     36.700    323.000      8.302           1.000                 30.0         30
      1          0               0     54.300    444.600     32.066           1.000                 40.0         40
      1          0               0     49.800    667.200     60.892           1.000                 50.0         50
      1          0               0     30.100    531.000     66.198           1.000                 60.0         60
      1          0               0     66.800    210.100      0.476           1.340                  8.6         10
      1          0               0     50.300    292.400      3.185           1.008                 19.9         20
      1          0               0     53.800    431.900     12.258           1.000                 30.0         30
      1          0               0     66.900    703.900     39.331           1.000                 40.0         40
      1          0               0     68.600    906.500     80.168           1.000                 50.0         50
      1          0               0     68.700   1073.600    158.233           1.000                 60.0         60
      1          0               0     60.200    272.100      0.417           1.668                  7.4         10
      1          0               0     37.700    297.000      2.262           1.000                 20.0         20
      1          0               0     48.000    300.600     11.637           1.000                 30.0         30
      1          0               0     51.300    640.800     27.476           1.000                 40.0         40
      1          0               0     86.600    958.100    114.312           1.000                 50.0         50
      1          0               0     55.000    968.500    126.820           1.000                 60.0         60
      1          0               0     52.400    209.500      0.202           2.872                 3.83         10
      1          0               0     49.200    361.700      2.984           1.179                 18.2         20
      1          0               0     54.000    479.800     12.424           1.000                 30.0         30
      1          0               0     41.900    446.700     22.723           1.000                 40.0         40
      1          0               0     29.500    378.200     34.231           1.000                 50.0         50
      1          0               0     43.300    655.100     93.995           1.000                 60.0         60
      1          0               0     42.700    181.200      0.172           2.625                 4.68         10
      1          0               0     39.200    189.000      2.552           1.015                 19.8         20
      1          0               0     39.400    294.000      8.883           1.000                 30.0         30
      1          0               0     40.400    412.500     23.441           1.000                 40.0         40
      1          0               0     33.000    491.900     37.794           1.000                 50.0         50
      1          0               0     41.900    570.700     90.149           1.000                 60.0         60
      1          0               0     33.800    176.600      0.096           4.198                 2.53         10
      1          0               0     34.000    256.700      2.054           1.165                 18.4         20
      1          0               0     43.100    399.500      9.970           1.000                 30.0         30
      1          0               0     19.300    292.200     10.316           1.000                 40.0         40
      1          0               0     24.800    400.400     30.849           1.000                 50.0         50
      1          0               0     43.200    689.800     96.946           1.000                 60.0         60
      1          0               0     42.000    167.500      0.305           1.533                 7.33         10
      1          0               0     45.000    325.800      2.755           1.000                 20.0         20
      1          0               0     45.300    420.400      9.927           1.000                 30.0         30
      1          0               0     37.000    429.800     21.432           1.000                 40.0         40
      1          0               0     36.700    502.800     45.619           1.000                 50.0         50
      1          0               0     42.800    627.400     97.879           1.000                 60.0         60
      1          0               0     49.000    174.600      0.359           1.441                  7.8         10
      1          0               0     60.200    272.200      3.802           1.194                 18.1         20
      1          0               0     69.100    442.200     16.093           1.006                 29.9         30
      1          0               0     34.700    484.000     18.525           1.000                 40.0         40
      1          0               0     43.200    484.800     50.734           1.000                 50.0         50
      1          0               0     39.300    476.400     85.201           1.000                 60.0         60
      1          0               0     76.900    426.500      0.429           1.778                  6.6         10
      1          0               0     73.500    580.400      3.765           1.712                 12.9         20
      1          0               0     51.300    597.500     11.477           1.000                 30.0         30
      1          0               0     59.100    744.000     34.214           1.000                 40.0         40
      1          0               0     61.600   1161.300     75.543           1.000                 50.0         50
      1          0               0     75.400   1350.700    177.324           1.000                 60.0         60
      1          0               0     72.600    240.500      0.230           2.829                 3.93         10
      1          0               0     41.900    282.000      1.861           1.936                 11.8         20
      1          0               0     34.400    401.500      8.060           1.000                 30.0         30
      1          0               0     35.300    459.800     19.649           1.000                 40.0         40
      1          0               0     41.200    548.600     50.017           1.000                 50.0         50
      1          0               0     34.700    430.400     76.936           1.000                 60.0         60
      1          0               0     87.000    198.800      0.403           3.007                 3.43         10
      1          0               0     26.500    200.500      1.197           1.781                 14.3         20
      1          0               0     28.700    314.300      6.149           1.000                 30.0         30
      1          0               0     34.700    485.400     18.529           1.000                 40.0         40
      1          0               0     43.800    511.200     50.808           1.000                 50.0         50
      1          0               0     34.400    518.300     78.383           1.000                 60.0         60
      1          0               0     63.000    172.000      0.453           1.210                 8.96         10
      1          0               0     56.200    218.000      3.572           1.000                 20.0         20
      1          0               0     50.700    404.300     11.253           1.000                 30.0         30
      1          0               0     37.100    358.000     20.081           1.000                 40.0         40
      1          0               0     28.100    389.200     33.990           1.000                 50.0         50
      1          0               0     28.300    549.500     60.355           1.000                 60.0         60
      1          0               0     33.400    110.100      0.135           2.560                 4.63         10
      1          0               0     33.900    203.800      1.482           1.336                 16.6         20
      1          0               0     51.800    482.900     11.302           1.002                 30.0         30
      1          0               0     44.700    542.100     24.231           1.000                 40.0         40
      1          0               0     29.400    364.900     32.704           1.000                 50.0         50
      1          0               0     26.700    363.600     58.582           1.000                 60.0         60
      1          0               0     50.900    182.900      0.203           2.857                 3.67         10
      1          0               0     18.600    142.600      0.922           1.419                 15.8         20
      1          0               0     25.600    278.500      5.365           1.000                 30.0         30
      1          0               0     27.300    295.700     14.476           1.000                 40.0         40
      1          0               0     33.800    493.700     37.950           1.000                 50.0         50
      1          0               0     27.200    403.200     58.163           1.000                 60.0         60
      1          0               0     67.700    244.900      0.465           1.535                 7.81         10
      1          0               0     25.100    247.600      1.374           1.183                 18.2         20
      1          0               0     35.900    414.500      7.405           1.000                 30.0         30
      1          0               0     35.900    574.700     19.067           1.000                 40.0         40
      1          0               0     35.900    616.600     41.615           1.000                 50.0         50
      1          0               0     34.800    516.000     73.891           1.000                 60.0         60
      1          0               0     52.700    217.100      0.193           2.837                 4.65         10
      1          0               0     33.500    138.500      2.029           1.170                 18.7         20
      1          0               0     46.500    313.500     10.492           1.000                 30.0         30
      1          0               0     38.200    459.600     20.709           1.000                 40.0         40
      1          0               0     38.600    583.100     44.930           1.000                 50.0         50
      1          0               0     53.000    759.200    117.372           1.000                 60.0         60
      1          0               0     67.400    143.400      0.216           2.715                 3.99         10
      1          0               0     25.400    185.900      1.464           1.000                 20.0         20
      1          0               0     31.600    295.300      6.621           1.000                 30.0         30
      1          0               0     46.100    517.300     26.265           1.000                 40.0         40
      1          0               0     42.000    566.200     47.428           1.000                 50.0         50
      1          0               0     44.800    704.400     92.509           1.000                 60.0         60
      1          0               0    117.600    369.100      0.885           1.304                 8.96         10
      1          0               0     54.300    301.200      3.339           1.144                 18.6         20
      1          0               0     58.400    553.200     11.988           1.711                 19.3         30
      1          0               0     47.300    501.700     25.719           1.000                 40.0         40
      1          0               0     48.000    726.100     58.473           1.000                 50.0         50
      1          0               0     53.200    747.100    119.272           1.000                 60.0         60
      1          0               0     44.600    216.500      0.262           1.626                 7.16         10
      1          0               0     51.200    410.300      3.028           1.055                 19.5         20
      1          0               0     45.600    447.700      9.655           1.015                 29.8         30
      1          0               0     47.900    607.100     25.256           1.000                 40.0         40
      1          0               0     51.900    708.700     61.054           1.000                 50.0         50
      1          0               0     62.000    881.600    136.682           1.000                 60.0         60
      1          0               0     42.000    160.900      0.198           3.012                 3.56         10
      1          0               0     36.800    194.400      2.081           1.562                 14.4         20
      1          0               0     25.600    246.000      5.325           1.000                 30.0         30
      1          0               0     29.500    397.800     15.288           1.000                 40.0         40
      1          0               0     41.800    555.900     46.409           1.000                 50.0         50
      1          0               0     40.000    698.400     85.165           1.000                 60.0         60
      1          0               0     33.100    144.700      0.135           2.970                 3.83         10
      1          0               0     34.900    225.600      2.140           1.054                 19.5         20
      1          0               0     46.300    354.100     10.582           1.000                 30.0         30
      1          0               0     31.000    363.300     16.521           1.000                 40.0         40
      1          0               0     37.800    520.100     42.221           1.000                 50.0         50
      1          0               0     36.400    703.300     85.543           1.000                 60.0         60
      1          0               0     45.400    213.100      0.210           2.026                 5.45         10
      1          0               0     57.500    431.400      3.365           1.000                 20.0         20
      1          0               0     47.900    467.200     10.031           1.000                 30.0         30
      1          0               0     61.000    545.100     32.747           1.000                 40.0         40
      1          0               0     45.500    714.700     50.624           1.000                 50.0         50
      1          0               0     43.000    883.000     88.534           1.000                 60.0         60
      1          0               0     48.600    203.900      0.213           2.103                 5.35         10
      1          0               0     53.100    298.800      3.217           1.000                 20.0         20
      1          0               0     47.000    369.300     10.471           1.000                 30.0         30
      1          0               0     52.800    517.100     29.408           1.000                 40.0         40
      1          0               0     38.000    539.800     46.235           1.000                 50.0         50
      1          0               0     37.800    606.100     83.073           1.000                 60.0         60
      1          0               0     67.700    336.200      0.269           2.086                 5.29         10
      1          0               0     60.500    464.700      3.526           1.002                 20.0         20
      1          0               0     44.400    409.700      9.328           1.000                 30.0         30
      1          0               0     38.300    478.700     20.803           1.000                 40.0         40
      1          0               0     38.500    591.500     43.962           1.000                 50.0         50
      1          0               0     45.100    767.200     92.730           1.000                 60.0         60
      1          0               0     39.000    174.000      0.227           2.008                  6.2         10
      1          0               0     37.900    298.500      1.925           1.763                 12.4         20
      1          0               0     35.700    417.900      7.484           1.000                 30.0         30
      1          0               0     36.200    454.000     19.758           1.000                 40.0         40
      1          0               0     35.800    576.200     39.595           1.000                 50.0         50
      1          0               0     47.300    906.400    100.493           1.000                 60.0         60
      1          0               0     27.900    170.600      0.129           2.473                 5.84         10
      1          0               0     36.700    273.500      1.219           1.741                 12.8         20
      1          0               0     45.600    366.100      9.889           1.000                 30.0         30
      1          0               0     44.000    557.900     23.595           1.000                 40.0         40
      1          0               0     40.900    608.400     46.720           1.000                 50.0         50
      1          0               0     34.900    606.300     72.346           1.000                 60.0         60
      1          0               0     66.800    217.700      0.471           1.476                 8.67         10
      1          0               0     50.100    328.800      2.981           1.036                 19.6         20
      1          0               0     40.200    353.900      9.044           1.000                 30.0         30
      1          0               0     42.000    472.900     22.679           1.000                 40.0         40
      1          0               0     39.100    645.000     43.709           1.000                 50.0         50
      1          0               0     43.400    716.700     89.654           1.000                 60.0         60
      1          0               0     60.400    350.600      0.326           1.886                 5.87         10
      1          0               0     40.500    247.200      2.407           1.000                 20.0         20
      1          0               0     44.500    362.100      9.046           1.587                 21.2         30
      1          0               0     45.000    581.300     23.725           1.000                 40.0         40
      1          0               0     47.400    601.500     52.872           1.259                 43.5         50
      1          0               0     42.500    665.300     94.874           1.000                 60.0         60
      1          0               0     46.300    190.300      0.207           2.922                 3.97         10
      1          0               0     47.400    300.000      2.403           1.359                 17.0         20
      1          0               0     38.300    281.200      8.619           1.000                 30.0         30
      1          0               0     28.500    332.700     15.397           1.000                 40.0         40
      1          0               0     35.500    483.700     38.624           1.000                 50.0         50
      1          0               0     23.300    413.800     45.999           1.000                 60.0         60
      1          0               0     53.900    191.900      0.371           1.234                 8.86         10
      1          0               0     52.500    280.800      3.268           1.088                 19.1         20
      1          0               0     40.400    288.600      9.206           1.000                 30.0         30
      1          0               0     52.400    461.900     29.121           1.000                 40.0         40
      1          0               0     22.700    436.100     24.988           1.000                 50.0         50
      1          0               0     23.700    474.700     46.432           1.000                 60.0         60
      1          0               0     37.400    185.600      0.129           2.717                 4.52         10
      1          0               0     62.200    562.400      2.894           1.563                 15.1         20
      1          0               0     46.100    647.100      9.714           1.000                 30.0         30
      1          0               0     46.000    682.000     25.656           1.000                 40.0         40
      1          0               0     42.800    619.600     50.637           1.000                 50.0         50
      1          0               0     43.100    762.500     93.669           1.000                 60.0         60
      1          0               0     72.400    330.700      0.299           2.436                 5.04         10
      1          0               0     69.600    381.900      4.263           1.032                 19.7         20
      1          0               0     74.100    858.800     16.319           1.028                 29.6         30
      1          0               0     66.200    768.000     35.406           1.000                 40.0         40
      1          0               0     63.200    901.900     73.314           1.000                 50.0         50
      1          0               0     61.300   1069.300    135.817           1.000                 60.0         60
      1          0               0     59.800    237.600      0.410           1.191                 9.05         10
      1          0               0     45.700    414.800      2.485           1.083                 19.2         20
      1          0               0     49.100    452.500     10.542           1.000                 30.0         30
      1          0               0     42.100    554.600     22.500           1.000                 40.0         40
      1          0               0     46.500    646.000     52.938           1.000                 50.0         50
      1          0               0     42.800    733.700     89.465           1.000                 60.0         60
      1          0               0     79.700    313.300      0.248           3.981                 2.65         10
      1          0               0     47.100    330.800      2.768           1.028                 19.7         20
      1          0               0     40.300    335.000      8.804           1.000                 30.0         30
      1          0               0     47.300    456.200     26.668           1.000                 40.0         40
      1          0               0     24.400    356.000     27.555           1.000                 50.0         50
      1          0               0     42.900    588.000     90.401           1.000                 60.0         60
      1          0               0     41.800    197.600      0.175           2.450                 4.98         10
      1          0               0     41.000    242.700      2.427           1.259                 17.4         20
      1          0               0     32.900    332.300      7.000           1.036                 29.5         30
      1          0               0     33.600    346.900     18.003           1.000                 40.0         40
      1          0               0     32.700    383.000     38.853           1.000                 50.0         50
      1          0               0     33.500    438.500     70.384           1.000                 60.0         60
      1          0               0     57.500    126.600      0.200           2.569                 4.07         10
      1          0               0     35.800    253.300      2.108           1.003                 20.0         20
      1          0               0     57.600    530.000     12.388           1.000                 30.0         30
      1          0               0     53.800    431.800     29.218           1.000                 40.0         40
      1          0               0     35.700    575.400     40.060           1.000                 50.0         50
      1          0               0     28.200    596.300     60.060           1.000                 60.0         60
      1          0               0     55.400    216.700      0.236           2.305                 4.73         10
      1          0               0     33.600    349.200      1.869           1.054                 19.5         20
      1          0               0     30.900    305.100      6.243           1.589                 21.2         30
      1          0               0     30.000    390.800     16.330           1.000                 40.0         40
      1          0               0     32.600    497.500     39.220           1.000                 50.0         50
      1          0               0     21.700    492.300     42.732           1.000                 60.0         60
      1          0               0     62.200    355.500      0.356           1.580                 7.58         10
      1          0               0     72.200    410.600      4.608           1.000                 20.0         20
      1          0               0     62.700    411.300     14.280           1.000                 30.0         30
      1          0               0     49.800    517.200     26.474           1.000                 40.0         40
      1          0               0     37.900    511.100     42.921           1.000                 50.0         50
      1          0               0     41.100    698.200     86.815           1.000                 60.0         60
      1          0               0     82.400    341.800      0.568           1.252                 8.84         10
      1          0               0     80.000    396.200      5.092           1.064                 19.4         20
      1          0               0     57.100    493.900     12.715           1.000                 30.0         30
      1          0               0     61.000    626.300     33.084           1.000                 40.0         40
      1          0               0     44.900    553.000     53.462           1.000                 50.0         50
      1          0               0     28.900    459.700     59.743           1.000                 60.0         60
      1          0               0     44.800    185.700      0.228           2.156                 5.19         10
      1          0               0     40.600    288.900      2.426           1.069                 19.3         20
      1          0               0     45.100    385.300      9.835           1.000                 30.0         30
      1          0               0     37.200    450.500     20.012           1.000                 40.0         40
      1          0               0     33.900    373.100     38.512           1.000                 50.0         50
      1          0               0     37.400    442.600     81.385           1.000                 60.0         60
      1          0               0     74.400    289.900      0.377           2.167                  5.3         10
      1          0               0     44.500    422.200      2.616           1.045                 19.6         20
      1          0               0     57.900    536.600     11.982           1.000                 30.0         30
      1          0               0     42.800    635.500     22.714           1.000                 40.0         40
      1          0               0     38.100    647.600     45.136           1.000                 50.0         50
      1          0               0     48.400    861.700    105.480           1.000                 60.0         60
      1          0               0     66.600    162.400      0.271           2.474                 4.26         10
      1          0               0     56.000    227.100      3.521           1.029                 19.7         20
      1          0               0     17.500    222.500      3.413           1.000                 30.0         30
      1          0               0     44.200    459.100     24.810           1.000                 40.0         40
      1          0               0     35.700    639.000     41.423           1.000                 50.0         50
      1          0               0     35.500    591.200     76.004           1.000                 60.0         60
      1          0               0     50.900    244.000      0.257           1.921                 5.67         10
      1          0               0     35.900    248.100      1.970           1.228                 17.7         20
      1          0               0     52.900    379.500     12.010           1.225                 26.6         30
      1          0               0     29.100    354.100     15.614           1.000                 40.0         40
      1          0               0     52.500    611.500     62.071           1.000                 50.0         50
      1          0               0     41.500    603.800     88.820           1.000                 60.0         60
      1          0               0     37.600    164.400      0.163           2.904                 3.55         10
      1          0               0     43.300    366.600      2.249           1.379                 16.2         20
      1          0               0     49.300    440.200     10.319           1.108                 28.4         30
      1          0               0     51.900    612.200     28.295           1.000                 40.0         40
      1          0               0     33.500    460.000     39.950           1.000                 50.0         50
      1          0               0     31.100    396.300     65.709           1.000                 60.0         60
      1          0               0     61.900    262.600      0.351           1.656                 6.89         10
      1          0               0     54.100    435.600      3.232           1.026                 19.7         20
      1          0               0     51.900    399.300     11.240           1.000                 30.0         30
      1          0               0     37.300    349.000     20.377           1.000                 40.0         40
      1          0               0     38.800    515.300     45.106           1.000                 50.0         50
      1          0               0     53.200    844.400    112.161           1.000                 60.0         60
      1          0               0     67.500    221.100      0.426           1.496                 7.92         10
      1          0               0     59.100    469.000      2.766           1.963                 10.9         20
      1          0               0     45.000    700.000      9.121           1.000                 30.0         30
      1          0               0     44.700    696.600     24.563           1.000                 40.0         40
      1          0               0     45.000    808.700     51.702           1.000                 50.0         50
      1          0               0     34.700    748.900     73.714           1.000                 60.0         60
      1          0               0     68.700    217.700      0.413           1.911                 6.03         10
      1          0               0     44.300    318.000      1.622           2.002                 10.4         20
      1          0               0     42.300    354.200      9.403           1.000                 30.0         30
      1          0               0     29.400    319.600     15.368           1.000                 40.0         40
      1          0               0     28.200    357.700     33.023           1.000                 50.0         50
      1          0               0     28.100    478.100     61.527           1.000                 60.0         60
      1          0               0     61.200    183.800      0.224           3.047                  3.4         10
      1          0               0     39.500    336.000      1.414           1.673                 13.3         20
      1          0               0     48.300    500.300     10.394           1.000                 30.0         30
      1          0               0     46.500    482.900     26.211           1.000                 40.0         40
      1          0               0     48.100    663.200     58.762           1.000                 50.0         50
      1          0               0     50.100    643.000    111.424           1.000                 60.0         60
      1          0               0     61.000    201.500      0.327           2.297                 4.78         10
      1          0               0     29.900    243.500      1.509           1.749                 12.5         20
      1          0               0     27.800    331.000      5.706           1.000                 30.0         30
      1          0               0     31.500    459.300     16.212           1.000                 40.0         40
      1          0               0     33.300    554.400     38.660           1.000                 50.0         50
      1          0               0     33.900    668.100     68.647           1.000                 60.0         60
      1          0               0     35.900    169.900      0.201           2.142                 5.37         10
      1          0               0     35.000    227.900      1.938           1.600                 14.0         20
      1          0               0     37.000    286.300      8.077           1.000                 30.0         30
      1          0               0     41.100    358.200     22.173           1.000                 40.0         40
      1          0               0     48.400    553.100     56.172           1.000                 50.0         50
      1          0               0     68.900    825.500    155.112           1.000                 60.0         60
      1          0               0     71.900    247.100      0.440           1.914                  5.7         10
      1          0               0     58.200    490.100      2.888           1.997                 10.2         20
      1          0               0     71.000    540.800     15.080           1.185                 27.2         30
      1          0               0     37.400    429.300     18.631           1.561                 28.8         40
      1          0               0     31.100    437.000     34.816           1.457                 38.6         50
      1          0               0     31.900    543.800     63.533           1.000                 60.0         60
      1          0               0     44.000    222.100      0.191           2.607                 4.32         10
      1          0               0     31.100    192.900      1.843           1.000                 20.0         20
      1          0               0     37.300    297.500      8.025           1.000                 30.0         30
      1          0               0     32.500    448.300     17.572           1.049                 39.0         40
      1          0               0     30.600    472.300     34.533           1.000                 50.0         50
      1          0               0     34.800    594.800     71.753           1.000                 60.0         60
      1          0               0     30.200    128.200      0.103           2.589                 4.25         10
      1          0               0     45.800    303.000      2.478           1.692                 13.3         20
      1          0               0     66.200    407.400     14.972           1.000                 30.0         30
      1          0               0     52.500    615.400     28.411           1.000                 40.0         40
      1          0               0     63.400    810.700     70.982           1.000                 50.0         50
      1          0               0     78.100   1126.800    175.841           1.000                 60.0         60
      1          0               0     63.200    298.200      0.329           1.976                 5.83         10
      1          0               0     60.500    282.800      3.056           1.686                 13.4         20
      1          0               0     64.100    571.600     14.521           1.000                 30.0         30
      1          0               0     70.600    812.700     40.069           1.000                 40.0         40
      1          0               0     66.700   1013.000     75.431           1.000                 50.0         50
      1          0               0     89.300   1424.700    198.875           1.000                 60.0         60
      1          0               0     56.600    133.200      0.234           2.834                 3.62         10
      1          0               0     34.700    239.300      1.771           1.395                 16.1         20
      1          0               0     56.600    378.300     12.347           1.000                 30.0         30
      1          0               0     54.900    482.200     30.756           1.000                 40.0         40
      1          0               0     54.900    642.400     66.151           1.000                 50.0         50
      1          0               0     59.500    762.500    129.652           1.000                 60.0         60
      1          0               0     65.100    252.700      0.267           2.866                 3.65         10
      1          0               0     45.300    317.900      2.142           1.945                 11.9         20
      1          0               0     48.300    322.400     10.899           1.000                 30.0         30
      1          0               0     40.700    333.600     22.698           1.000                 40.0         40
      1          0               0     38.600    432.400     45.759           1.000                 50.0         50
      1          0               0     31.500    448.800     65.382           1.000                 60.0         60
      1          0               0     53.700    205.100      0.321           1.816                 6.03         10
      1          0               0     28.200    209.600      1.551           1.571                 15.4         20
      1          0               0     48.000    314.700     10.879           1.058                 29.1         30
      1          0               0     52.300    405.800     28.167           1.000                 40.0         40
      1          0               0     54.100    527.900     66.434           1.000                 50.0         50
      1          0               0     49.800    594.300    113.496           1.000                 60.0         60
      1          0               0     45.900    140.400      0.200           2.545                  4.6         10
      1          0               0     70.900    374.300      3.084           2.547                 8.81         20
      1          0               0     57.900    474.500     11.077           1.881                 19.8         30
      1          0               0     53.100    474.300     30.664           1.000                 40.0         40
      1          0               0     60.900    720.000     72.000           1.000                 50.0         50
      1          0               0     46.600    724.600    101.986           1.000                 60.0         60
      1          0               0     55.200    187.400      0.196           2.469                  4.4         10
      1          0               0     67.600    422.400      3.808           1.166                 18.3         20
      1          0               0     72.700    621.000     15.557           1.000                 30.0         30
      1          0               0     54.000    662.900     30.493           1.000                 40.0         40
      1          0               0     50.500    722.900     59.820           1.000                 50.0         50
      1          0               0     42.400    691.300     90.855           1.000                 60.0         60
      1          0               0     88.300    412.800      0.509           1.797                 6.87         10
      1          0               0     61.100    322.800      3.678           1.154                 18.5         20
      1          0               0     53.300    490.800     11.688           1.000                 30.0         30
      1          0               0     42.400    442.000     23.596           1.000                 40.0         40
      1          0               0     35.000    504.000     41.025           1.000                 50.0         50
      1          0               0     33.800    620.000     68.268           1.000                 60.0         60
      1          0               0     58.700    245.400      0.187           3.378                  3.2         10
      1          0               0     39.800    339.600      2.245           1.020                 19.8         20
      1          0               0     48.500    352.800     10.763           1.000                 30.0         30
      1          0               0     41.700    445.400     21.294           1.000                 40.0         40
      1          0               0     28.200    474.800     33.037           1.000                 50.0         50
      1          0               0     28.100    447.700     58.259           1.000                 60.0         60
      1          0               0     37.800    143.100      0.204           2.153                 5.64         10
      1          0               0     49.300    319.200      2.761           1.333                 16.7         20
      1          0               0     45.600    403.800     10.069           1.000                 30.0         30
      1          0               0     51.000    511.900     26.812           1.000                 40.0         40
      1          0               0     46.900    513.000     54.934           1.000                 50.0         50
      1          0               0     41.900    925.600     88.171           1.000                 60.0         60
      1          0               0     68.600    206.100      0.306           2.354                 5.03         10
      1          0               0     33.500    229.400      1.870           1.266                 17.3         20
      1          0               0     42.500    377.900      8.748           1.431                 23.8         30
      1          0               0     58.200    619.100     32.251           1.058                 39.1         40
      1          0               0     63.700    788.100     75.617           1.000                 50.0         50
      1          0               0     58.500    742.100    128.611           1.000                 60.0         60
      1          0               0     44.100    189.100      0.220           1.909                  5.9         10
      1          0               0     54.300    333.400      3.186           1.157                 18.5         20
      1          0               0     48.700    509.800     10.445           1.000                 30.0         30
      1          0               0     51.500    650.900     27.282           1.000                 40.0         40
      1          0               0     51.600    697.600     59.528           1.000                 50.0         50
      1          0               0     55.800    824.800    112.216           1.000                 60.0         60
      1          0               0     33.100    127.700      0.120           2.949                 4.18         10
      1          0               0     39.400    338.200      2.085           1.444                 15.6         20
      1          0               0     39.400    362.800      8.447           1.000                 30.0         30
      1          0               0     33.500    541.600     17.675           1.003                 39.9         40
      1          0               0     29.100    492.700     31.006           1.021                 49.5         50
      1          0               0     44.900    906.900     98.094           1.000                 60.0         60
      1          0               0     78.200    214.600      0.468           1.978                 5.68         10
      1          0               0     36.100    191.300      2.069           1.540                 14.7         20
      1          0               0     39.100    405.800      8.263           1.000                 30.0         30
      1          0               0     37.100    495.400     19.960           1.000                 40.0         40
      1          0               0     41.400    641.100     46.059           1.000                 50.0         50
      1          0               0     67.500   1036.900    149.341           1.000                 60.0         60
      1          0               0     39.200    158.700      0.185           2.176                 5.53         10
      1          0               0     44.500    250.900      2.463           1.103                 19.0         20
      1          0               0     32.200    326.500      6.841           1.000                 30.0         30
      1          0               0     32.400    406.300     16.963           1.000                 40.0         40
      1          0               0     30.700    456.400     34.779           1.000                 50.0         50
      1          0               0     37.300    598.100     79.337           1.000                 60.0         60
      1          0               0     68.600    168.700      0.286           2.813                 4.43         10
      1          0               0     20.100    154.400      1.194           1.000                 20.0         20
      1          0               0     55.300    340.000     11.944           1.000                 30.0         30
      1          0               0     27.600    310.100     14.405           1.000                 40.0         40
      1          0               0     39.800    383.000     44.979           1.000                 50.0         50
      1          0               0     29.000    419.900     58.699           1.000                 60.0         60
      1          0               0     41.200    153.300      0.184           2.138                 6.05         10
      1          0               0     47.000    204.400      2.760           1.370                 16.3         20
      1          0               0     47.000    279.900     10.171           1.379                 24.3         30
      1          0               0     28.800    268.100     15.300           1.000                 40.0         40
      1          0               0     62.300    502.700     74.087           1.000                 50.0         50
      1          0               0     36.500    512.300     77.257           1.000                 60.0         60
      1          0               0     61.700    225.300      0.195           3.924                 2.67         10
      1          0               0     71.700    441.600      2.182           2.618                  8.4         20
      1          0               0     58.200    559.400     12.831           1.010                 29.8         30
      1          0               0     59.000    463.500     33.673           1.000                 40.0         40
      1          0               0     60.700    712.800     71.182           1.000                 50.0         50
      1          0               0     76.800    918.100    166.652           1.000                 60.0         60
      1          0               0     32.000    112.100      0.144           1.872                 5.91         10
      1          0               0     40.000    214.400      2.308           1.075                 19.2         20
      1          0               0     35.500    329.500      7.544           1.000                 30.0         30
      1          0               0     30.900    456.500     15.791           1.000                 40.0         40
      1          0               0     31.400    464.900     35.405           1.000                 50.0         50
      1          0               0     44.900    630.500     98.755           1.000                 60.0         60
      1          0               0     72.200    341.800      0.360           2.292                 4.51         10
      1          0               0     67.500    455.400      3.733           1.243                 17.6         20
      1          0               0     58.800    498.100     13.005           1.000                 30.0         30
      1          0               0     44.200    411.100     24.540           1.000                 40.0         40
      1          0               0     33.900    442.600     37.937           1.000                 50.0         50
      1          0               0     43.700    554.100     95.352           1.000                 60.0         60
      1          0               0     37.000    167.500      0.103           3.911                 2.57         10
      1          0               0     30.000    223.700      1.364           1.627                 13.7         20
      1          0               0     42.800    397.600      9.391           1.000                 30.0         30
      1          0               0     28.800    440.400     15.438           1.000                 40.0         40
      1          0               0     34.400    490.600     39.761           1.000                 50.0         50
      1          0               0     28.100    446.400     59.568           1.000                 60.0         60
      1          0               0     65.300    227.000      0.427           1.740                 6.39         10
      1          0               0     52.300    245.700      2.960           1.281                 17.2         20
      1          0               0     56.400    376.000     12.520           1.000                 30.0         30
      1          0               0     46.400    400.400     24.908           1.000                 40.0         40
      1          0               0     43.800    498.200     50.017           1.000                 50.0         50
      1          0               0     40.300    509.700     86.465           1.000                 60.0         60
      1          0               0     48.400    152.600      0.341           1.351                 8.27         10
      1          0               0     26.600    220.500      1.518           1.000                 20.0         20
      1          0               0     42.800    513.700      9.064           1.000                 30.0         30
      1          0               0     45.100    666.100     23.445           1.000                 40.0         40
      1          0               0     50.100    806.500     56.569           1.000                 50.0         50
      1          0               0     44.700    904.100     96.011           1.000                 60.0         60
      1          0               0     57.700    227.800      0.208           2.504                  4.5         10
      1          0               0     29.900    219.200      1.571           1.157                 18.4         20
      1          0               0     55.100    453.300     12.053           1.000                 30.0         30
      1          0               0     55.900    495.900     31.148           1.000                 40.0         40
      1          0               0     47.200    583.500     57.003           1.000                 50.0         50
      1          0               0     42.600    765.300     89.348           1.000                 60.0         60
      1          0               0     54.400    222.500      0.183           3.647                 2.82         10
      1          0               0     46.800    272.800      2.390           1.447                 16.6         20
      1          0               0     28.600    346.000      5.932           1.108                 28.4         30
      1          0               0     28.100    418.000     15.592           1.139                 37.2         40
      1          0               0     28.100    418.400     32.817           1.000                 50.0         50
      1          0               0     44.300    600.600    100.061           1.000                 60.0         60
      1          0               0     75.900    235.700      0.220           4.046                 2.58         10
      1          0               0     47.100    259.800      2.835           1.000                 20.0         20
      1          0               0     40.800    388.600      8.624           1.000                 30.0         30
      1          0               0     32.800    370.100     17.954           1.000                 40.0         40
      1          0               0     30.900    381.400     34.424           1.000                 50.0         50
      1          0               0     42.000    521.300     91.081           1.000                 60.0         60
      1          0               0     39.700    166.600      0.270           1.408                 8.02         10
      1          0               0     47.400    425.600      2.334           2.030                 12.7         20
      1          0               0     38.600    450.900      8.479           1.000                 30.0         30
      1          0               0     36.500    678.500     19.283           1.000                 40.0         40
      1          0               0     39.300    577.500     46.299           1.000                 50.0         50
      1          0               0     41.900    662.000     91.415           1.000                 60.0         60
      1          0               0     43.400    176.400      0.236           2.272                 5.42         10
      1          0               0     21.600    155.900      1.219           1.097                 19.0         20
      1          0               0     34.600    355.800      7.388           1.000                 30.0         30
      1          0               0     32.100    431.600     17.119           1.000                 40.0         40
      1          0               0     53.400    557.800     64.435           1.000                 50.0         50
      1          0               0     45.400    677.700     95.984           1.000                 60.0         60
      1          0               0     38.700    138.600      0.164           1.974                  5.5         10
      1          0               0     64.800    253.400      2.404           2.471                 8.84         20
      1          0               0     53.800    488.300     10.453           1.751                 18.7         30
      1          0               0     55.500    380.200     30.347           1.000                 40.0         40
      1          0               0     37.200    484.700     43.430           1.000                 50.0         50
      1          0               0     41.900    670.200     91.075           1.000                 60.0         60
      1          0               0     35.600    188.800      0.120           2.559                 4.24         10
      1          0               0     29.600    162.100      1.747           1.020                 19.8         20
      1          0               0     37.800    386.200      8.097           1.000                 30.0         30
      1          0               0     31.200    365.900     16.233           1.000                 40.0         40
      1          0               0     36.000    438.300     42.647           1.000                 50.0         50
      1          0               0     38.800    518.200     80.170           1.000                 60.0         60
      1          0               0     56.800    268.400      0.245           2.051                 5.34         10
      1          0               0     51.700    381.600      2.849           1.132                 18.7         20
      1          0               0     46.700    499.500      9.955           1.000                 30.0         30
      1          0               0     31.900    571.100     16.057           1.000                 40.0         40
      1          0               0     38.100    688.900     44.524           1.000                 50.0         50
      1          0               0     33.500    776.100     66.674           1.000                 60.0         60
      1          0               0     40.600    181.300      0.238           2.032                 4.95         10
      1          0               0     39.300    155.200      2.415           1.000                 20.0         20
      1          0               0     47.800    342.900     10.296           1.000                 30.0         30
      1          0               0     35.200    367.700     19.148           1.000                 40.0         40
      1          0               0     42.600    515.600     52.059           1.000                 50.0         50
      1          0               0     42.400    556.600     93.720           1.000                 60.0         60
      1          0               0     44.400    170.700      0.303           1.538                 7.43         10
      1          0               0     52.300    483.700      2.761           1.212                 17.9         20
      1          0               0     60.600    690.800     13.268           1.050                 29.3         30
      1          0               0     62.000   1018.400     32.660           1.152                 37.0         40
      1          0               0     53.100   1032.400     60.087           1.000                 50.0         50
      1          0               0     54.000   1126.500    115.463           1.000                 60.0         60
      1          0               0     51.400    250.800      0.295           2.142                 5.85         10
      1          0               0     51.700    271.100      3.060           1.025                 19.7         20
      1          0               0     48.100    385.600     10.807           1.000                 30.0         30
      1          0               0     77.600    795.100     43.640           1.000                 40.0         40
      1          0               0     53.700    730.600     61.247           1.000                 50.0         50
      1          0               0     47.900    846.400     99.730           1.000                 60.0         60
      1          0               0     65.700    259.100      0.306           1.963                 5.95         10
      1          0               0     48.100    390.800      2.898           1.143                 18.6         20
      1          0               0     43.400    500.200      9.132           1.000                 30.0         30
      1          0               0     36.100    455.000     20.278           1.000                 40.0         40
      1          0               0     37.500    620.700     43.778           1.000                 50.0         50
      1          0               0     30.900    558.600     61.855           1.000                 60.0         60
      1          0               0     65.100    240.300      0.285           2.633                 4.05         10
      1          0               0     37.600    342.600      2.133           1.045                 19.5         20
      1          0               0     31.800    306.700      6.520           1.000                 30.0         30
      1          0               0     29.700    373.300     14.715           1.000                 40.0         40
      1          0               0     41.200    589.500     45.861           1.000                 50.0         50
      1          0               0     33.900    632.100     66.734           1.000                 60.0         60
      1          0               0     42.900    151.700      0.138           2.774                 3.74         10
      1          0               0     36.300    276.600      2.150           1.000                 20.0         20
      1          0               0     42.800    472.700      8.960           1.000                 30.0         30
      1          0               0     47.900    571.600     24.667           1.000                 40.0         40
      1          0               0     45.600    665.600     52.943           1.000                 50.0         50
      1          0               0     47.600    747.400    101.926           1.000                 60.0         60
      1          0               0     45.900    186.300      0.128           3.643                 3.34         10
      1          0               0     37.900    270.000      1.758           1.546                 14.5         20
      1          0               0     48.500    492.400     10.523           1.000                 30.0         30
      1          0               0     50.900    620.500     27.937           1.000                 40.0         40
      1          0               0     32.800    441.400     37.177           1.000                 50.0         50
      1          0               0     28.600    505.500     62.356           1.000                 60.0         60
      1          0               0     29.400    123.500      0.097           2.626                 4.01         10
      1          0               0     53.700    366.200      2.914           1.378                 16.2         20
      1          0               0     33.800    308.300      7.324           1.050                 29.2         30
      1          0               0     29.600    349.300     14.896           1.000                 40.0         40
      1          0               0     30.400    497.600     35.878           1.000                 50.0         50
      1          0               0     33.800    592.600     69.119           1.000                 60.0         60
      1          0               0     86.700    234.700      0.347           3.143                 3.43         10
      1          0               0     44.500    294.900      2.131           1.865                 11.8         20
      1          0               0     26.400    337.100      5.631           1.000                 30.0         30
      1          0               0     22.200    384.000     11.766           1.000                 40.0         40
      1          0               0     28.800    476.200     31.930           1.000                 50.0         50
      1          0               0     32.000    564.200     69.265           1.000                 60.0         60
      1          0               0     26.900    142.800      0.136           1.963                 6.87         10
      1          0               0     32.100    174.600      1.623           1.639                 13.6         20
      1          0               0     55.500    403.900     12.435           1.000                 30.0         30
      1          0               0     55.500    572.700     31.808           1.000                 40.0         40
      1          0               0     48.400    627.500     56.866           1.000                 50.0         50
      1          0               0     51.700    905.100    109.207           1.000                 60.0         60
      1          0               0     40.100    220.900      0.189           2.202                 5.28         10
      1          0               0     37.700    299.300      2.101           1.095                 19.0         20
      1          0               0     35.300    324.600      7.372           1.000                 30.0         30
      1          0               0     42.700    560.600     22.382           1.000                 40.0         40
      1          0               0     50.200    712.200     59.967           1.000                 50.0         50
      1          0               0     40.500    743.500     88.269           1.000                 60.0         60
      1          0               0     61.700    249.300      0.441           1.280                 8.71         10
      1          0               0     52.200    313.200      2.811           1.759                 12.4         20
      1          0               0     37.900    455.100      6.981           1.654                 20.2         30
      1          0               0     26.800    503.400     13.052           1.000                 40.0         40
      1          0               0     52.400    744.800     62.960           1.000                 50.0         50
      1          0               0     34.900    769.000     73.726           1.000                 60.0         60
      1          0               0     67.200    223.600      0.262           2.682                 4.04         10
      1          0               0     66.100    462.600      3.900           1.153                 18.7         20
      1          0               0     47.100    438.300     10.281           1.000                 30.0         30
      1          0               0     50.400    490.000     27.930           1.000                 40.0         40
      1          0               0     50.100    675.800     61.623           1.000                 50.0         50
      1          0               0     53.200    851.800    116.576           1.000                 60.0         60
      1          0               0     52.400    174.000      0.399           1.294                 8.53         10
      1          0               0     54.300    292.900      3.338           1.114                 19.2         20
      1          0               0     69.100    486.000     15.060           1.000                 30.0         30
      1          0               0     82.400   1052.400     44.341           1.000                 40.0         40
      1          0               0     74.600   1132.500     89.355           1.000                 50.0         50
      1          0               0     85.100   1250.900    187.023           1.000                 60.0         60
      1          0               0     34.400    128.400      0.146           2.154                 5.43         10
      1          0               0     60.100    293.600      3.147           1.230                 17.7         20
      1          0               0     62.300    418.200     13.942           1.000                 30.0         30
      1          0               0     50.400    531.700     26.912           1.000                 40.0         40
      1          0               0     54.700    528.400     66.147           1.000                 50.0         50
      1          0               0     58.900    633.600    125.739           1.000                 60.0         60
      1          0               0     73.400    215.900      0.238           3.935                 2.99         10
      1          0               0     46.300    315.900      2.637           1.009                 19.9         20
      1          0               0     40.100    492.900      8.810           1.000                 30.0         30
      1          0               0     43.500    454.600     22.998           1.000                 40.0         40
      1          0               0     51.900    748.900     61.278           1.000                 50.0         50
      1          0               0     53.700    903.300    113.208           1.000                 60.0         60
      1          0               0     35.300    188.700      0.161           2.008                  5.1         10
      1          0               0     35.400    265.200      1.879           1.133                 18.7         20
      1          0               0     35.400    397.100      7.304           1.000                 30.0         30
      1          0               0     35.300    475.700     18.001           1.000                 40.0         40
      1          0               0     35.800    464.800     38.561           1.000                 50.0         50
      1          0               0     40.300    642.400     84.370           1.000                 60.0         60
      1          0               0     76.800    383.500      0.369           2.624                 4.17         10
      1          0               0     33.900    283.000      1.842           1.059                 19.4         20
      1          0               0     50.300    568.300     10.927           1.038                 29.4         30
      1          0               0     61.000    731.200     34.206           1.000                 40.0         40
      1          0               0     43.900    707.100     51.032           1.000                 50.0         50
      1          0               0     40.600    705.800     84.734           1.000                 60.0         60
      1          0               0     45.300    174.800      0.167           2.854                 3.63         10
      1          0               0     42.500    313.200      1.970           1.821                 11.9         20
      1          0               0     29.200    254.500      6.195           1.000                 30.0         30
      1          0               0     22.100    316.600     11.783           1.000                 40.0         40
      1          0               0     28.400    458.300     32.094           1.000                 50.0         50
      1          0               0     25.600    586.000     49.826           1.000                 60.0         60
      1          0               0     83.600    291.700      0.364           2.330                 4.65         10
      1          0               0     76.400    337.000      4.468           1.051                 19.5         20
      1          0               0     49.400    574.900     10.644           1.000                 30.0         30
      1          0               0     42.900    546.500     22.827           1.000                 40.0         40
      1          0               0     51.900    544.600     59.874           1.000                 50.0         50
      1          0               0     32.500    558.500     69.265           1.000                 60.0         60
      1          0               0     67.100    268.800      0.424           1.496                 7.93         10
      1          0               0     74.200    402.100      4.432           1.102                 19.0         20
      1          0               0     47.500    373.800     10.615           1.004                 29.9         30
      1          0               0     51.000    572.200     28.606           1.000                 40.0         40
      1          0               0     52.100    570.400     64.411           1.000                 50.0         50
      1          0               0     50.700    696.700    113.988           1.000                 60.0         60
      1          0               0     70.300    178.000      0.552           1.154                 9.28         10
      1          0               0     23.400    159.400      1.354           1.038                 19.6         20
      1          0               0     48.300    278.900     11.056           1.017                 29.8         30
      1          0               0     47.900    490.200     26.694           1.000                 40.0         40
      1          0               0     19.600    341.100     20.846           1.000                 50.0         50
      1          0               0     45.900    503.800     95.129           1.000                 60.0         60
      1          0               0     33.500    158.000      0.150           2.185                  5.0         10
      1          0               0     37.800    184.200      2.215           1.008                 19.9         20
      1          0               0     29.500    265.600      6.233           1.000                 30.0         30
      1          0               0     32.800    310.600     17.740           1.000                 40.0         40
      1          0               0     27.100    357.100     30.442           1.000                 50.0         50
      1          0               0     22.700    323.300     47.548           1.000                 60.0         60
      1          0               0     94.600    236.700      0.435           2.914                 3.58         10
      1          0               0     39.200    189.600      1.700           2.102                 10.8         20
      1          0               0     45.100    299.500     10.018           1.000                 30.0         30
      1          0               0     33.500    301.700     17.755           1.000                 40.0         40
      1          0               0     71.300    647.200     83.470           1.000                 50.0         50
      1          0               0     40.900    623.500     82.636           1.000                 60.0         60
      1          0               0     59.900    209.800      0.217           2.671                 3.98         10
      1          0               0     36.900    173.700      2.284           1.000                 20.0         20
      1          0               0     50.000    303.600     11.522           1.000                 30.0         30
      1          0               0     52.900    459.300     29.098           1.000                 40.0         40
      1          0               0     52.400    482.900     62.918           1.000                 50.0         50
      1          0               0     38.300    487.000     83.819           1.000                 60.0         60
      1          0               0     68.700    303.700      0.344           2.108                 5.56         10
      1          0               0     51.200    203.800      3.128           1.029                 19.7         20
      1          0               0     51.700    480.900     11.174           1.029                 29.6         30
      1          0               0     45.600    531.500     25.064           1.031                 39.4         40
      1          0               0     46.500    625.000     56.766           1.000                 50.0         50
      1          0               0     58.500    929.400    122.494           1.000                 60.0         60
      1          0               0     44.500    198.000      0.327           1.047                 9.76         10
      1          0               0     41.900    321.900      2.338           1.038                 19.6         20
      1          0               0     42.300    390.800      9.367           1.050                 29.3         30
      1          0               0     45.700    475.800     24.330           1.000                 40.0         40
      1          0               0     40.300    486.900     48.215           1.000                 50.0         50
      1          0               0     44.900    666.200     98.408           1.000                 60.0         60
      1          0               0     64.800    308.200      0.165           4.887                 2.17         10
      1          0               0     49.100    336.000      2.837           1.000                 20.0         20
      1          0               0     55.500    368.900     11.911           1.000                 30.0         30
      1          0               0     49.600    439.700     26.159           1.000                 40.0         40
      1          0               0     32.300    408.800     36.145           1.000                 50.0         50
      1          0               0     28.700    520.600     61.367           1.000                 60.0         60
      1          0               0     48.500    253.200      0.251           1.940                 6.33         10
      1          0               0     33.400    194.800      1.718           1.638                 13.9         20
      1          0               0     25.700    250.800      5.120           1.198                 27.0         30
      1          0               0     36.900    536.700     19.845           1.000                 40.0         40
      1          0               0     33.900    408.700     37.791           1.000                 50.0         50
      1          0               0     23.400    428.700     49.092           1.000                 60.0         60
      1          0               0     62.500    255.100      0.191           4.184                 3.34         10
      1          0               0     44.100    264.700      1.507           2.050                 12.2         20
      1          0               0     37.700    356.200      7.729           1.231                 26.5         30
      1          0               0     23.200    353.600     11.699           1.000                 40.0         40
      1          0               0     26.300    376.100     29.881           1.000                 50.0         50
      1          0               0     24.400    490.200     50.478           1.000                 60.0         60
      1          0               0     36.200    189.400      0.172           2.773                 3.91         10
      1          0               0     44.300    212.000      2.633           1.316                 16.8         20
      1          0               0     42.700    431.900      8.964           1.000                 30.0         30
      1          0               0     30.200    388.200     16.110           1.000                 40.0         40
      1          0               0     37.700    639.600     41.067           1.000                 50.0         50
      1          0               0     38.700    905.400     82.909           1.000                 60.0         60
      1          0               0     65.700    155.300      0.204           2.709                 3.83         10
      1          0               0     69.000    488.000      3.782           1.158                 18.5         20
      1          0               0     46.600    490.600     10.163           1.000                 30.0         30
      1          0               0     44.000    484.500     25.202           1.000                 40.0         40
      1          0               0     41.300    588.400     46.738           1.000                 50.0         50
      1          0               0     43.000    649.100     94.840           1.000                 60.0         60
      1          0               0     56.400    189.400      0.219           2.745                 4.21         10
      1          0               0     38.000    183.400      2.343           1.058                 19.4         20
      1          0               0     29.600    294.700      6.160           1.000                 30.0         30
      1          0               0     54.000    500.300     30.575           1.000                 40.0         40
      1          0               0     35.900    445.800     41.053           1.000                 50.0         50
      1          0               0     39.500    559.600     86.200           1.000                 60.0         60
      1          0               0     40.600    149.900      0.150           3.126                 3.46         10
      1          0               0     47.700    450.700      2.130           1.673                 13.3         20
      1          0               0     70.200    566.500     14.218           1.224                 26.6         30
      1          0               0     35.300    405.900     18.514           1.000                 40.0         40
      1          0               0     59.900    658.700     69.462           1.000                 50.0         50
      1          0               0     41.200    583.800     90.920           1.000                 60.0         60
      1          0               0     68.400    243.400      0.347           2.409                 5.08         10
      1          0               0     59.400    322.600      3.437           1.106                 18.9         20
      1          0               0     58.500    524.500     12.841           1.060                 29.1         30
      1          0               0     76.500    695.700     42.480           1.000                 40.0         40
      1          0               0     42.400    535.500     51.498           1.000                 50.0         50
      1          0               0     42.400    498.200     91.358           1.000                 60.0         60
      1          0               0     58.000    176.500      0.182           4.195                 2.49         10
      1          0               0     50.000    221.100      2.708           1.966                 10.3         20
      1          0               0     33.100    313.000      6.626           1.094                 28.6         30
      1          0               0     34.800    414.300     18.602           1.000                 40.0         40
      1          0               0     37.500    594.100     41.755           1.000                 50.0         50
      1          0               0     36.200    602.800     78.383           1.000                 60.0         60
      1          0               0     44.200    113.700      0.174           2.674                 3.96         10
      1          0               0     47.700    356.000      2.491           1.308                 17.1         20
      1          0               0     75.300    663.100     16.042           1.000                 30.0         30
      1          0               0     51.400    578.300     27.823           1.000                 40.0         40
      1          0               0     44.400    659.700     52.967           1.000                 50.0         50
      1          0               0     60.100   1091.500    131.991           1.000                 60.0         60
      1          0               0     62.600    216.900      0.244           2.492                 4.33         10
      1          0               0     44.600    299.500      2.705           1.126                 18.7         20
      1          0               0     48.100    463.600     10.550           1.000                 30.0         30
      1          0               0     50.500    633.100     26.501           1.000                 40.0         40
      1          0               0     51.000    751.600     59.886           1.000                 50.0         50
      1          0               0     45.100    840.700     95.120           1.000                 60.0         60
      1          0               0     40.200    183.200      0.134           3.284                 3.42         10
      1          0               0     40.200    282.800      2.391           1.226                 17.8         20
      1          0               0     76.200    456.200     16.924           1.000                 30.0         30
      1          0               0     74.000    624.300     40.327           1.000                 40.0         40
      1          0               0     40.100    487.800     48.873           1.000                 50.0         50
      1          0               0     33.000    561.400     66.564           1.000                 60.0         60
      1          0               0     44.800    209.100      0.177           2.853                 3.83         10
      1          0               0     50.800    368.400      2.664           1.181                 18.2         20
      1          0               0     50.300    410.600     10.457           1.155                 27.7         30
      1          0               0     40.500    541.400     21.616           1.000                 40.0         40
      1          0               0     42.100    696.700     49.803           1.000                 50.0         50
      1          0               0     42.400    890.900     91.959           1.000                 60.0         60
      1          0               0     82.600    284.300      0.405           2.361                 5.05         10
      1          0               0     36.000    235.300      1.881           1.936                 11.9         20
      1          0               0     41.700    345.200      8.754           1.077                 28.8         30
      1          0               0     23.400    276.000     11.973           1.000                 40.0         40
      1          0               0     29.500    356.400     33.531           1.000                 50.0         50
      1          0               0     26.600    489.600     52.802           1.000                 60.0         60
      1          0               0     76.000    167.300      0.333           2.629                 4.33         10
      1          0               0     51.100    266.100      3.005           1.045                 19.5         20
      1          0               0     50.600    361.400     11.002           1.000                 30.0         30
      1          0               0     46.400    345.600     25.349           1.000                 40.0         40
      1          0               0     39.000    461.300     43.981           1.000                 50.0         50
      1          0               0     33.200    527.300     71.387           1.000                 60.0         60
      1          0               0     58.900    200.900      0.319           1.935                 6.54         10
      1          0               0     45.300    340.600      2.432           1.174                 18.6         20
      1          0               0     39.200    324.200      8.194           1.000                 30.0         30
      1          0               0     44.800    349.600     23.682           1.000                 40.0         40
      1          0               0     19.000    326.900     20.398           1.000                 50.0         50
      1          0               0     28.800    435.800     60.322           1.000                 60.0         60
      1          0               0     31.500     85.900      0.180           1.813                 6.26         10
      1          0               0     26.400    157.400      1.578           1.011                 19.9         20
      1          0               0     49.800    334.700     10.853           1.000                 30.0         30
      1          0               0     47.700    307.600     25.554           1.000                 40.0         40
      1          0               0     22.600    269.600     24.964           1.000                 50.0         50
      1          0               0     23.200    375.900     48.200           1.000                 60.0         60
      1          0               0     39.400    150.200      0.167           2.343                 5.03         10
      1          0               0     29.400    214.100      1.644           1.000                 20.0         20
      1          0               0     19.100    216.200      3.873           1.000                 30.0         30
      1          0               0     38.800    450.500     19.990           1.000                 40.0         40
      1          0               0     40.100    593.300     47.105           1.000                 50.0         50
      1          0               0     32.600    530.800     66.155           1.000                 60.0         60
      1          0               0     48.000    262.100      0.204           2.435                 4.62         10
      1          0               0     28.900    206.900      1.700           1.000                 20.0         20
      1          0               0     43.800    409.300      9.130           1.000                 30.0         30
      1          0               0     37.200    451.600     19.397           1.000                 40.0         40
      1          0               0     46.700    667.600     55.147           1.000                 50.0         50
      1          0               0     36.000    679.400     73.543           1.000                 60.0         60
      1          0               0     25.100    119.400      0.074           2.908                 3.83         10
      1          0               0     36.100    192.800      1.327           2.294                 9.52         20
      1          0               0     32.800    257.900      6.947           1.000                 30.0         30
      1          0               0     30.800    329.400     16.118           1.000                 40.0         40
      1          0               0     33.800    538.500     37.365           1.000                 50.0         50
      1          0               0     32.700    498.300     68.617           1.000                 60.0         60
      1          0               0     78.700    314.400      0.304           2.616                 4.12         10
      1          0               0     76.200    412.600      2.406           2.583                 9.14         20
      1          0               0     72.000    537.800     15.450           1.056                 29.2         30
      1          0               0     48.000    450.600     25.692           1.000                 40.0         40
      1          0               0     31.000    516.500     34.723           1.000                 50.0         50
      1          0               0     37.000    549.200     80.499           1.000                 60.0         60
      1          0               0     59.100    309.600      0.226           2.391                 4.48         10
      1          0               0     74.700    468.300      4.098           1.137                 18.6         20
      1          0               0     60.200    507.700     10.456           1.382                 24.3         30
      1          0               0     55.100    643.600     28.863           1.000                 40.0         40
      1          0               0     33.800    477.700     37.380           1.000                 50.0         50
      1          0               0     41.600    624.800     87.782           1.000                 60.0         60
      1          0               0     72.100    271.900      0.223           2.868                 3.75         10
      1          0               0     36.200    215.400      2.163           1.008                 19.9         20
      1          0               0     40.700    318.200      8.838           1.039                 29.4         30
      1          0               0     29.500    381.600     15.462           1.119                 37.6         40
      1          0               0     37.400    499.500     41.263           1.000                 50.0         50
      1          0               0     52.900    862.600    108.796           1.000                 60.0         60
      1          0               0     31.400    101.900      0.128           2.812                 3.75         10
      1          0               0     47.900    233.300      2.625           1.002                 20.0         20
      1          0               0     53.100    448.800     11.426           1.000                 30.0         30
      1          0               0     47.700    552.000     24.978           1.000                 40.0         40
      1          0               0     46.600    568.700     53.455           1.000                 50.0         50
      1          0               0     58.000    791.800    124.707           1.000                 60.0         60
      1          0               0     41.900    161.200      0.247           1.601                 7.57         10
      1          0               0     34.100    275.600      1.994           1.000                 20.0         20
      1          0               0     28.200    376.900      5.801           1.007                 29.9         30
      1          0               0     26.600    393.300     13.781           1.008                 39.8         40
      1          0               0     24.500    477.200     26.692           1.000                 50.0         50
      1          0               0     25.000    498.600     48.369           1.000                 60.0         60
      1          0               0     49.500    116.100      0.259           2.370                 4.41         10
      1          0               0     31.500    190.900      1.726           1.352                 16.5         20
      1          0               0     45.000    358.900      9.545           1.000                 30.0         30
      1          0               0     28.100    425.700     15.032           1.000                 40.0         40
      1          0               0     31.500    464.900     35.549           1.000                 50.0         50
      1          0               0     32.100    444.200     69.001           1.000                 60.0         60
      1          0               0     62.100    205.100      0.339           1.857                 7.02         10
      1          0               0     27.600    209.400      1.469           1.159                 18.4         20
      1          0               0     29.800    279.600      6.056           1.000                 30.0         30
      1          0               0     36.400    474.600     18.300           1.000                 40.0         40
      1          0               0     48.500    623.500     57.258           1.000                 50.0         50
      1          0               0     38.700    835.400     80.979           1.000                 60.0         60
      1          0               0     54.200    288.500      0.314           1.666                 6.98         10
      1          0               0     48.400    306.500      2.905           1.000                 20.0         20
      1          0               0     37.700    321.900      8.009           1.000                 30.0         30
      1          0               0     40.200    421.900     22.008           1.000                 40.0         40
      1          0               0     46.300    589.600     52.866           1.000                 50.0         50
      1          0               0     46.700    677.500     94.456           1.000                 60.0         60
      1          0               0     75.000    200.700      0.539           1.135                 9.38         10
      1          0               0     18.300    149.300      0.929           1.148                 18.6         20
      1          0               0     40.300    266.400      8.682           1.000                 30.0         30
      1          0               0     36.300    347.700     20.231           1.000                 40.0         40
      1          0               0     32.200    370.400     39.310           1.000                 50.0         50
      1          0               0     21.900    417.800     40.972           1.000                 60.0         60
      1          0               0     37.200    143.200      0.130           3.409                 3.01         10
      1          0               0     49.300    286.900      2.729           1.436                 15.6         20
      1          0               0     38.600    356.300      8.258           1.000                 30.0         30
      1          0               0     55.400    547.600     28.609           1.000                 40.0         40
      1          0               0     52.700    678.400     61.810           1.000                 50.0         50
      1          0               0     60.100    753.500    132.645           1.000                 60.0         60
      1          0               0     75.700    292.000      0.238           2.988                 3.77         10
      1          0               0     34.400    251.300      1.996           1.047                 19.5         20
      1          0               0     70.700    507.600     15.217           1.000                 30.0         30
      1          0               0     46.000    681.100     24.960           1.000                 40.0         40
      1          0               0     66.100    887.500     74.672           1.000                 50.0         50
      1          0               0     59.900    902.500    123.436           1.000                 60.0         60
      1          0               0     45.600    151.000      0.178           3.169                 3.34         10
      1          0               0     45.100    275.000      2.608           1.000                 20.0         20
      1          0               0     38.800    378.700      8.251           1.000                 30.0         30
      1          0               0     65.300    649.900     34.130           1.000                 40.0         40
      1          0               0     59.900    524.300     68.331           1.000                 50.0         50
      1          0               0     32.400    433.100     70.810           1.000                 60.0         60
      1          0               0     44.300    234.900      0.219           1.661                 6.69         10
      1          0               0     52.900    340.000      2.960           1.142                 18.9         20
      1          0               0     65.300    604.000     13.558           1.000                 30.0         30
      1          0               0     40.300    517.600     21.893           1.000                 40.0         40
      1          0               0     49.400    699.000     58.438           1.000                 50.0         50
      1          0               0     43.500    633.900     92.564           1.000                 60.0         60
      1          0               0     66.800    200.100      0.289           2.570                 4.27         10
      1          0               0     31.500    197.900      1.782           1.000                 20.0         20
      1          0               0     60.400    497.800     12.826           1.000                 30.0         30
      1          0               0     76.100    723.500     42.063           1.000                 40.0         40
      1          0               0     55.700    469.500     63.325           1.000                 50.0         50
      1          0               0     43.400    477.500     87.410           1.000                 60.0         60
      1          0               0     46.900    190.700      0.152           3.375                 3.64         10
      1          0               0     67.400    351.600      3.595           1.260                 17.4         20
      1          0               0     43.800    370.600      9.471           1.000                 30.0         30
      1          0               0     33.800    428.300     17.694           1.000                 40.0         40
      1          0               0     44.700    487.800     52.702           1.000                 50.0         50
      1          0               0     44.400    706.000     90.739           1.000                 60.0         60
      1          0               0     75.800    242.800      0.491           1.677                  6.8         10
      1          0               0     37.200    188.000      1.693           1.524                 14.8         20
      1          0               0     61.900    362.600     13.352           1.000                 30.0         30
      1          0               0     39.800    377.400     20.955           1.000                 40.0         40
      1          0               0     48.500    481.200     58.426           1.000                 50.0         50
      1          0               0     27.600    466.600     55.963           1.000                 60.0         60
      1          0               0     33.500    110.300      0.236           1.290                 8.55         10
      1          0               0     27.400    147.600      1.476           1.029                 19.7         20
      1          0               0     28.800    272.600      6.013           1.000                 30.0         30
      1          0               0     36.900    399.900     18.947           1.000                 40.0         40
      1          0               0     53.200    647.200     62.929           1.000                 50.0         50
      1          0               0     56.700    917.000    122.035           1.000                 60.0         60
      1          0               0     63.300    214.800      0.303           2.662                 4.18         10
      1          0               0     48.300    292.900      2.429           1.986                 11.1         20
      1          0               0     40.200    496.400      8.436           1.000                 30.0         30
      1          0               0     42.500    592.200     22.996           1.000                 40.0         40
      1          0               0     48.700    567.600     56.150           1.000                 50.0         50
      1          0               0     42.000    683.000     92.951           1.000                 60.0         60
      1          0               0     70.500    286.200      0.294           2.838                 3.85         10
      1          0               0     72.600    445.100      3.289           1.787                 12.1         20
      1          0               0     66.200    661.800     13.293           1.705                 19.4         30
      1          0               0     60.900    637.900     33.421           1.000                 40.0         40
      1          0               0     38.900    684.800     44.793           1.000                 50.0         50
      1          0               0     27.300    533.400     53.392           1.000                 60.0         60
      1          0               0     56.200    158.900      0.288           2.363                 5.04         10
      1          0               0     31.100    188.100      1.673           1.441                 15.6         20
      1          0               0     28.900    316.100      6.017           1.000                 30.0         30
      1          0               0     37.900    482.100     19.421           1.000                 40.0         40
      1          0               0     50.500    819.000     59.162           1.000                 50.0         50
      1          0               0     43.400    915.500     89.539           1.000                 60.0         60
      1          0               0     39.500    166.100      0.269           1.299                 8.82         10
      1          0               0     53.400    401.400      3.053           1.000                 20.0         20
      1          0               0     40.200    327.100      9.032           1.000                 30.0         30
      1          0               0     48.100    542.300     27.691           1.000                 40.0         40
      1          0               0     41.600    516.100     48.531           1.000                 50.0         50
      1          0               0     47.000    590.800     98.666           1.000                 60.0         60
      1          0               0     29.500    122.000      0.156           2.024                 4.96         10
      1          0               0     50.000    365.700      2.819           1.104                 19.1         20
      1          0               0     48.200    320.500     10.234           1.589                 21.2         30
      1          0               0     44.800    426.400     23.988           1.000                 40.0         40
      1          0               0     49.100    566.000     58.550           1.000                 50.0         50
      1          0               0     50.100    745.100    107.294           1.000                 60.0         60
      1          0               0     84.300    375.100      0.307           3.292                 3.31         10
      1          0               0     90.500    655.600      4.355           1.950                 12.3         20
      1          0               0     84.400    818.000     18.185           1.000                 30.0         30
      1          0               0     76.800    751.000     42.482           1.000                 40.0         40
      1          0               0     98.000   1106.700    118.950           1.000                 50.0         50
      1          0               0     93.300   1125.300    205.141           1.000                 60.0         60
      1          0               0     54.500    175.000      0.205           3.235                 3.28         10
      1          0               0     33.300    237.700      1.758           1.459                 15.4         20
      1          0               0     46.500    331.500      9.891           1.054                 29.2         30
      1          0               0     47.700    411.200     25.187           1.000                 40.0         40
      1          0               0     41.200    499.600     48.485           1.000                 50.0         50
      1          0               0     43.200    506.500     91.081           1.000                 60.0         60
      1          0               0     65.900    174.600      0.368           2.266                 4.93         10
      1          0               0     46.000    263.400      2.155           1.696                 13.0         20
      1          0               0     22.900    241.000      4.845           1.000                 30.0         30
      1          0               0     38.900    441.100     20.214           1.000                 40.0         40
      1          0               0     28.600    458.600     33.269           1.000                 50.0         50
      1          0               0     35.700    572.700     73.084           1.000                 60.0         60
      1          0               0     60.100    190.500      0.382           1.634                 8.04         10
      1          0               0     62.400    497.700      3.012           1.562                 15.1         20
      1          0               0     58.100    480.700     12.567           1.000                 30.0         30
      1          0               0     42.100    504.100     22.360           1.000                 40.0         40
      1          0               0     29.600    486.900     31.267           1.000                 50.0         50
      1          0               0     23.200    475.300     46.081           1.000                 60.0         60
      1          0               0     52.900    157.900      0.211           2.429                 4.54         10
      1          0               0     53.400    289.300      2.734           1.502                 15.0         20
      1          0               0     42.200    296.800      9.403           1.000                 30.0         30
      1          0               0     48.300    351.000     26.009           1.000                 40.0         40
      1          0               0     38.500    498.100     43.765           1.000                 50.0         50
      1          0               0     38.800    627.800     80.125           1.000                 60.0         60
      1          0               0     51.200    210.500      0.372           1.240                  8.8         10
      1          0               0     74.000    471.300      4.208           1.095                 19.1         20
      1          0               0     56.500    546.300     10.785           1.119                 28.2         30
      1          0               0     41.500    514.600     21.276           1.000                 40.0         40
      1          0               0     53.400    815.700     63.703           1.000                 50.0         50
      1          0               0     39.400    604.800     85.159           1.000                 60.0         60
      1          0               0     42.700    190.600      0.261           1.824                 6.86         10
      1          0               0     53.300    363.400      2.961           1.182                 18.3         20
      1          0               0     31.900    405.000      5.902           1.038                 29.4         30
      1          0               0     27.000    410.400     12.986           1.000                 40.0         40
      1          0               0     26.700    434.800     30.280           1.000                 50.0         50
      1          0               0     34.100    487.100     69.766           1.000                 60.0         60
      1          0               0     50.700    194.900      0.303           1.757                 6.36         10
      1          0               0     49.100    230.700      2.906           1.157                 18.4         20
      1          0               0     53.200    348.300     11.719           1.000                 30.0         30
      1          0               0     44.500    458.200     23.618           1.000                 40.0         40
      1          0               0     42.600    521.800     47.504           1.000                 50.0         50
      1          0               0     42.300    762.400     87.831           1.000                 60.0         60
      1          0               0     58.200    161.500      0.295           2.459                 4.57         10
      1          0               0     27.400    174.000      1.089           1.434                 15.7         20
      1          0               0     35.700    263.000      7.418           1.000                 30.0         30
      1          0               0     24.200    286.900     12.505           1.000                 40.0         40
      1          0               0     24.500    372.700     27.182           1.000                 50.0         50
      1          0               0     36.000    507.100     74.192           1.000                 60.0         60
      1          0               0     35.500    164.100      0.131           3.138                 3.49         10
      1          0               0     52.500    372.900      2.201           1.985                 11.8         20
      1          0               0     32.700    429.100      6.208           1.125                 28.1         30
      1          0               0     40.700    545.100     21.781           1.000                 40.0         40
      1          0               0     33.500    636.000     36.448           1.000                 50.0         50
      1          0               0     41.500    657.200     86.283           1.000                 60.0         60
      1          0               0     51.200    235.300      0.169           2.457                 4.56         10
      1          0               0     43.000    321.600      2.434           1.000                 20.0         20
      1          0               0     34.200    421.100      6.953           1.000                 30.0         30
      1          0               0     37.800    440.400     20.185           1.000                 40.0         40
      1          0               0     33.300    513.000     37.961           1.000                 50.0         50
      1          0               0     40.600    716.300     87.869           1.000                 60.0         60
      1          0               0     37.800    177.400      0.257           1.362                 8.19         10
      1          0               0     28.700    220.600      1.665           1.000                 20.0         20
      1          0               0     51.900    385.800     11.268           1.000                 30.0         30
      1          0               0     47.900    457.400     25.242           1.000                 40.0         40
      1          0               0     35.900    548.300     40.164           1.000                 50.0         50
      1          0               0     34.800    567.200     70.263           1.000                 60.0         60
      1          0               0     70.500    342.400      0.222           2.515                 4.25         10
      1          0               0     44.900    306.900      2.194           1.786                 12.1         20
      1          0               0     64.400    540.500     13.857           1.000                 30.0         30
      1          0               0     44.600    611.500     23.646           1.000                 40.0         40
      1          0               0     43.200    580.400     50.032           1.000                 50.0         50
      1          0               0     45.200    644.600     95.674           1.000                 60.0         60
      1          0               0     72.900    249.200      0.270           3.214                  3.3         10
      1          0               0     60.700    333.700      3.648           1.160                 18.4         20
      1          0               0     69.100    515.900     15.024           1.030                 29.5         30
      1          0               0     40.300    431.700     22.486           1.000                 40.0         40
      1          0               0     33.400    496.900     37.882           1.000                 50.0         50
      1          0               0     55.300    723.400    119.194           1.000                 60.0         60
      1          0               0     70.800    284.200      0.326           1.763                 6.25         10
      1          0               0     48.200    322.400      2.605           1.701                 13.1         20
      1          0               0     73.200    486.900     16.150           1.153                 27.7         30
      1          0               0     66.500    480.700     37.477           1.000                 40.0         40
      1          0               0     60.900    526.700     70.048           1.000                 50.0         50
      1          0               0     44.900    432.500     99.481           1.000                 60.0         60
      1          0               0     71.900    237.800      0.223           2.904                 3.82         10
      1          0               0     57.200    306.200      3.398           1.061                 19.4         20
      1          0               0     34.500    261.200      7.452           1.000                 30.0         30
      1          0               0     46.600    465.600     25.769           1.000                 40.0         40
      1          0               0     35.800    532.200     39.591           1.000                 50.0         50
      1          0               0     31.400    587.100     63.042           1.000                 60.0         60
      1          0               0     38.100    163.100      0.198           2.299                  4.9         10
      1          0               0     41.800    258.700      2.440           1.000                 20.0         20
      1          0               0     37.800    328.200      7.978           1.000                 30.0         30
      1          0               0     31.100    305.300     16.311           1.000                 40.0         40
      1          0               0     40.200    397.500     48.581           1.000                 50.0         50
      1          0               0     38.200    527.400     84.223           1.000                 60.0         60
      1          0               0     40.000    181.900      0.179           2.400                 4.53         10
      1          0               0     46.600    284.900      2.728           1.000                 20.0         20
      1          0               0     49.200    331.900     10.685           1.000                 30.0         30
      1          0               0     37.000    473.400     18.872           1.000                 40.0         40
      1          0               0     31.700    500.900     34.254           1.000                 50.0         50
      1          0               0     32.500    468.900     70.734           1.000                 60.0         60
      1          0               0     34.200    129.200      0.236           1.573                 7.37         10
      1          0               0     39.100    270.600      2.222           1.000                 20.0         20
      1          0               0     59.700    535.900     12.714           1.000                 30.0         30
      1          0               0     61.800    572.000     32.616           1.000                 40.0         40
      1          0               0     36.200    704.100     39.011           1.000                 50.0         50
      1          0               0     42.200    763.700     87.929           1.000                 60.0         60
      1          0               0     45.100    145.200      0.218           2.275                 4.82         10
      1          0               0     55.900    297.500      3.055           1.061                 19.4         20
      1          0               0     42.900    380.900      8.907           1.000                 30.0         30
      1          0               0     42.900    357.600     22.584           1.000                 40.0         40
      1          0               0     30.300    438.700     34.733           1.000                 50.0         50
      1          0               0     22.700    361.700     45.314           1.000                 60.0         60
      1          0               0     70.900    212.500      0.420           1.406                 8.05         10
      1          0               0     72.700    319.600      4.478           1.000                 20.0         20
      1          0               0     58.100    314.400     13.016           1.000                 30.0         30
      1          0               0     47.100    522.300     25.815           1.000                 40.0         40
      1          0               0     50.900    750.100     59.154           1.000                 50.0         50
      1          0               0     54.100    934.600    116.453           1.000                 60.0         60
      1          0               0     41.300    150.500      0.286           1.199                 9.01         10
      1          0               0     38.200    231.800      2.315           1.079                 19.2         20
      1          0               0     40.000    436.900      8.531           1.000                 30.0         30
      1          0               0     40.500    545.200     22.045           1.000                 40.0         40
      1          0               0     45.200    652.600     52.312           1.000                 50.0         50
      1          0               0     33.500    701.200     70.385           1.000                 60.0         60
      1          0               0     45.400    139.700      0.164           2.976                 4.08         10
      1          0               0     46.400    292.200      2.692           1.246                 17.5         20
      1          0               0     42.200    409.700      9.024           1.000                 30.0         30
      1          0               0     39.600    381.700     20.619           1.000                 40.0         40
      1          0               0     30.800    312.000     36.170           1.000                 50.0         50
      1          0               0     24.300    327.800     51.020           1.000                 60.0         60
      1          0               0     74.900    207.300      0.354           2.025                 5.35         10
      1          0               0     72.900    408.400      4.006           1.257                 17.7         20
      1          0               0     43.100    394.500      9.066           1.000                 30.0         30
      1          0               0     39.200    461.000     20.114           1.000                 40.0         40
      1          0               0     36.400    388.300     42.057           1.000                 50.0         50
      1          0               0     27.000    557.400     56.201           1.000                 60.0         60
      1          0               0     62.500    173.500      0.364           2.091                 7.07         10
      1          0               0     21.100    143.000      1.221           1.000                 20.0         20
      1          0               0     40.300    287.800      9.234           1.000                 30.0         30
      1          0               0     41.700    413.200     22.436           1.000                 40.0         40
      1          0               0     43.900    595.800     49.193           1.000                 50.0         50
      1          0               0     43.900    772.800     89.103           1.000                 60.0         60
