success  collision  collision_obst   makespan   flowtime    runtime     mean_groups     mean_groups_size     number
      1          0               0     54.900    186.100      0.065           7.876                  1.3         10
      1          0               0     31.700    150.900      0.080           9.748                 2.08         20
      1          0               0     60.300    339.100      0.297           8.842                 3.42         30
      1          0               0     38.100    225.100      0.293           7.827                 5.24         40
      1          0               0     40.900    505.200      0.554           7.142                 7.33         50
      1          0               0     56.100    480.800      1.897           6.221                 9.93         60
      1          0               0     44.700    197.800      0.057           6.852                 1.56         10
      1          0               0     44.500    245.400      0.113          10.892                 1.88         20
      1          0               0     42.000    262.000      0.174          12.764                 2.54         30
      1          0               0     33.900    311.600      0.214          12.864                  3.3         40
      1          0               0     28.500    355.000      0.270          11.305                 4.57         50
      1          0               0     27.900    345.900      0.414          10.229                 6.46         60
      1          0               0     13.100     70.900      0.017           5.725                 1.76         10
      1          0               0     33.500    255.100      0.097           6.752                  3.0         20
      1          0               0     39.900    340.900      0.182           7.732                 3.91         30
      1          0               0     46.600    555.300      0.482           4.487                 9.37         40
      0          0               0   2000.000 100000.000     32.318           4.992                 10.0         50
      1          0               0     52.500    557.200      1.764           5.448                 11.2         60
      1          0               0     46.400    184.100      0.098           7.179                 1.42         10
      1          0               0     39.300    215.900      0.141          11.679                 1.73         20
      1          0               0     43.200    276.800      0.260          11.468                 2.68         30
      1          0               0     24.100    221.200      0.195           9.627                 4.22         40
      1          0               0     32.500    261.400      0.561           6.582                  8.1         50
      1          0               0     26.300    352.800      0.663           6.304                 10.2         60
      1          0               0     20.200     87.300      0.026           7.233                  1.4         10
      1          0               0     26.800    134.700      0.071           9.649                 2.09         20
      1          0               0     70.300    410.300      0.331          10.720                 2.81         30
      1          0               0     30.000    214.800      0.240           9.707                 4.16         40
      1          0               0     65.600    648.400      0.872           9.480                 5.36         50
      1          0               0     42.500    762.800      1.176           8.402                 7.39         60
      1          0               0     46.800    198.200      0.059           5.936                 1.72         10
      1          0               0     59.200    321.400      0.151          11.422                 1.79         20
      1          0               0     21.600    154.500      0.110           9.671                 3.14         30
      1          0               0     40.200    306.300      0.312          10.938                 3.73         40
      1          0               0     26.300    209.600      0.369          10.171                 5.21         50
      1          0               0     44.200    460.000      0.881           8.900                 6.92         60
      1          0               0     64.000    243.500      0.094           6.062                 1.67         10
      1          0               0     27.700    172.600      0.079           9.274                 2.18         20
      1          0               0     66.700    415.300      0.368          10.616                 2.91         30
      1          0               0     95.200    627.700      0.750           9.233                 4.43         40
      1          0               0     14.700    289.400      0.288           6.803                 7.64         50
      1          0               0     58.100    592.800      2.696           5.943                 10.2         60
      1          0               0     41.300    106.400      0.051           7.906                 1.29         10
      1          0               0     38.100    211.300      0.102           9.370                 2.18         20
      1          0               0     39.200    349.200      0.186           9.814                  3.1         30
      1          0               0     42.500    355.500      0.292          10.701                 3.81         40
      1          0               0     76.100    581.300      0.973          11.198                 4.55         50
      1          0               0     48.300    410.100      1.481          10.068                 6.06         60
      1          0               0     42.900    196.800      0.059           6.450                 1.58         10
      1          0               0     74.100    219.200      0.197          10.684                  1.9         20
      1          0               0     30.000    181.800      0.135          11.860                 2.63         30
      1          0               0     50.000    301.100      0.423          10.116                 4.01         40
      1          0               0     23.700    273.200      0.532           4.966                 11.1         50
      1          0               0     38.400    351.800      1.471           4.792                 13.1         60
      1          0               0     33.900    166.300      0.075           6.578                 1.55         10
      1          0               0     41.700    142.400      0.177          11.746                 1.72         20
      1          0               0     46.100    308.500      0.291          11.323                  2.7         30
      1          0               0     43.700    218.400      0.390          10.741                 3.76         40
      1          0               0     46.000    541.100      0.699           9.493                 5.34         50
      1          0               0     35.400    422.100      1.637           5.071                 12.2         60
      1          0               0     45.800    126.200      0.102           8.035                 1.27         10
      1          0               0     59.300    223.400      0.260          12.440                 1.66         20
      1          0               0    949.500   2463.000      6.652          14.899                 2.02         30
      1          0               0    121.700    750.400      1.273          16.197                 2.51         40
      1          0               0     52.000    727.000      1.156          10.829                  4.7         50
      0          0               0   2000.000 120000.000     38.144          10.947                 5.49         60
      1          0               0     26.300     75.600      0.032           7.281                  1.4         10
      1          0               0     54.300    274.100      0.138           9.969                 2.05         20
      1          0               0     62.400    397.100      0.280          11.889                 2.57         30
      1          0               0     56.400    419.600      0.410          12.603                 3.43         40
      0          0               0   2000.000 100000.000     20.268          12.929                 3.88         50
      1          0               0     25.100    381.100      0.697           6.944                 9.17         60
      1          0               0     16.400     77.700      0.021           7.274                 1.42         10
      1          0               0     49.100    323.800      0.121          10.022                 2.03         20
      1          0               0     51.200    377.900      0.217          12.438                 2.48         30
      1          0               0     39.000    529.800      0.340          12.174                 3.42         40
      0          0               0   2000.000 100000.000     42.244          11.627                 4.32         50
      0          0               0   2000.000 120000.000     73.677           8.641                 6.99         60
      1          0               0     23.200     82.000      0.045           8.254                 1.21         10
      1          0               0     32.800    233.000      0.136          10.933                 1.84         20
      1          0               0     27.700    300.900      0.199          10.329                 2.95         30
      1          0               0     51.900    490.700      0.734          11.561                 3.48         40
      1          0               0     34.200    297.200      0.863          10.383                  4.9         50
      1          0               0     26.400    369.000      2.385           6.508                 9.46         60
      1          0               0   1301.100   2620.900      1.661           7.008                 1.43         10
      1          0               0     25.900    166.200      0.066           9.873                 2.05         20
      1          0               0     26.200    215.900      0.114          11.511                 2.64         30
      1          0               0     26.300    215.400      0.203           8.331                 4.93         40
      1          0               0    143.900    653.800      1.440          12.433                  4.1         50
      0          0               0   2000.000 120000.000     67.202           8.976                 6.69         60
      1          0               0     44.400    205.900      0.056           5.894                 1.74         10
      1          0               0     70.700    462.800      0.176          10.795                 1.86         20
      0          0               0   2000.000  60000.000      7.716          12.961                 2.32         30
      1          0               0     59.500    655.000      0.425          12.808                 3.18         40
      1          0               0     44.900    543.900      0.602          10.739                  4.7         50
      1          0               0     67.000    683.600      1.486           8.043                 7.62         60
      1          0               0     11.400     42.200      0.014           6.886                 1.48         10
      1          0               0     39.300    202.800      0.100          11.313                 1.83         20
      1          0               0     47.300    335.200      0.208          12.148                 2.57         30
      1          0               0     55.000    411.700      0.456          10.362                 3.93         40
      1          0               0     54.000    516.800      1.077          10.178                 5.17         50
      1          0               0     50.500    386.700      1.443           9.610                 6.42         60
      1          0               0     44.000    174.200      0.054           7.902                  1.3         10
      1          0               0     34.300    189.000      0.095          11.417                 1.77         20
      1          0               0     61.900    465.200      0.242          11.939                 2.55         30
      1          0               0     62.800    491.200      0.404          11.323                 3.66         40
      1          0               0     48.300    451.400      0.567           8.286                  6.3         50
      1          0               0     45.400    475.500      1.016           7.211                 9.56         60
      1          0               0    100.200    309.800      0.122           7.230                 1.39         10
      1          0               0     68.000    504.200      0.170          10.804                 1.87         20
      0          0               0   2000.000  60000.000      7.318          13.976                 2.15         30
      1          0               0     37.700    326.400      0.238          12.618                 3.23         40
      0          0               0   2000.000 100000.000     18.381          11.993                 4.17         50
      1          0               0    435.700   1415.200      6.329           9.882                 6.09         60
      1          0               0     31.600    135.700      0.037           7.946                 1.27         10
      1          0               0     21.400    153.400      0.050          11.696                 1.73         20
      1          0               0     22.000    213.900      0.084          13.759                  2.2         30
      0          0               0   2000.000  80000.000     13.169          10.994                 3.64         40
      0          0               0   2000.000 100000.000     25.631          10.980                 4.56         50
      1          0               0     54.700    584.300      1.410           9.835                 6.44         60
      1          0               0     50.800    141.500      0.073           8.022                 1.28         10
      1          0               0     72.300    307.500      0.190          12.661                 1.59         20
      1          0               0     48.800    257.500      0.194          11.873                 2.57         30
      1          0               0     45.200    296.500      0.282          10.982                 3.72         40
      1          0               0     42.400    462.100      0.590           8.094                 6.67         50
      0          0               0   2000.000 120000.000     33.237           7.992                 7.52         60
      1          0               0     26.600     87.200      0.032           7.820                 1.29         10
      1          0               0     46.500    242.800      0.112          11.963                 1.73         20
      1          0               0     52.300    284.600      0.211          13.941                 2.25         30
      1          0               0     58.100    567.700      0.442          13.590                  3.0         40
      1          0               0     53.200    283.600      0.617          10.962                 4.68         50
      1          0               0     46.900    522.100      1.224           8.486                 7.31         60
      1          0               0     58.400    109.600      0.079           6.324                  1.6         10
      1          0               0     22.500    121.300      0.063          10.396                 1.95         20
      1          0               0     23.900    175.400      0.118          11.339                 2.68         30
      1          0               0    267.400    698.900      1.883          10.918                 3.67         40
      1          0               0     45.800    456.100      0.791           9.083                  5.8         50
      0          0               0   2000.000 120000.000     69.388           6.990                 8.59         60
      1          0               0     59.100    133.500      0.074           9.195                  1.1         10
      1          0               0     51.700    253.600      0.124          14.286                 1.43         20
      1          0               0     57.500    349.800      0.211          14.812                 2.08         30
      1          0               0     51.200    375.700      0.281          17.012                 2.42         40
      1          0               0     49.400    470.800      0.510          12.196                 4.23         50
      0          0               0   2000.000 120000.000     24.191          11.918                 5.06         60
      1          0               0     30.900    114.500      0.037           8.181                 1.23         10
      1          0               0     25.000    168.600      0.062           9.784                 2.09         20
      1          0               0     28.500    301.100      0.118          11.526                 2.76         30
      0          0               0   2000.000  80000.000     10.498          14.952                 2.68         40
      1          0               0     42.800    423.400      0.506           7.407                 7.21         50
      1          0               0     35.200    513.000      0.866           5.554                 11.7         60
      1          0               0     58.500    170.100      0.069           7.918                 1.28         10
      1          0               0     43.900    269.900      0.105          10.957                 1.84         20
      1          0               0     64.200    352.700      0.292          10.291                 2.94         30
      1          0               0     38.700    354.900      0.293          11.000                 3.81         40
      1          0               0     34.300    331.400      0.493           9.484                 5.73         50
      1          0               0     37.300    617.300      1.234           8.011                 8.29         60
      1          0               0     45.600    170.800      0.054           7.287                  1.4         10
      1          0               0     36.200    193.200      0.087          10.920                 1.88         20
      1          0               0     56.300    314.600      0.218          12.195                 2.49         30
      1          0               0     63.200    522.400      0.397          12.837                 3.16         40
      1          0               0     69.500    645.800      0.792          10.940                  4.6         50
      0          0               0   2000.000 120000.000     34.348           9.986                 6.01         60
      1          0               0      9.200     43.400      0.011           7.880                 1.28         10
      1          0               0     13.800     91.700      0.036           9.290                 2.18         20
      1          0               0     47.300    222.900      0.194          11.797                 2.66         30
      0          0               0   2000.000  80000.000     17.911           9.973                 4.01         40
      0          0               0   2000.000 100000.000     34.130           8.965                 5.59         50
      0          0               0   2000.000 120000.000     63.615           7.967                 7.55         60
      1          0               0     17.700     63.300      0.022           6.215                 1.73         10
      1          0               0     65.000    508.100      0.164           8.789                 2.35         20
      1          0               0     56.900    342.500      0.222          11.501                 2.63         30
      1          0               0     60.900    366.700      0.404           8.979                 4.52         40
      1          0               0     53.100    426.500      0.555           9.290                 5.56         50
      1          0               0     45.100    573.500      1.068           7.947                 7.75         60
      1          0               0     46.800     93.000      0.057           6.972                 1.46         10
      1          0               0     49.900    404.400      0.125          10.263                 2.04         20
      1          0               0     58.000    243.000      0.221          12.645                 2.45         30
      0          0               0   2000.000  80000.000     12.698          14.944                 2.68         40
      1          0               0     49.800    471.900      0.871           7.064                 7.24         50
      0          0               0   2000.000 120000.000     52.158           7.986                 7.52         60
      1          0               0     48.300    193.500      0.064           7.497                 1.35         10
      1          0               0     23.800    165.300      0.059          11.433                 1.91         20
      1          0               0     32.700    230.300      0.180          14.462                 2.25         30
      1          0               0     64.700    277.500      0.406          12.697                 3.24         40
      1          0               0     47.800    711.100      0.453          11.115                 4.59         50
      1          0               0     44.600    581.600      1.080           8.794                 7.01         60
      1          0               0     47.600    208.400      0.064           5.277                 1.95         10
      1          0               0     53.000    372.600      0.141          10.713                  1.9         20
      1          0               0     47.600    364.000      0.220          10.525                 2.91         30
      1          0               0     42.800    506.800      0.413           9.269                  4.5         40
      1          0               0    821.600   3009.100      9.807           9.865                 5.11         50
      1          0               0     40.500    538.200      1.342           4.879                 12.6         60
      1          0               0     48.600    113.000      0.057           8.193                 1.23         10
      1          0               0     53.000    171.700      0.127          10.191                 1.98         20
      1          0               0     53.700    338.300      0.217          11.797                 2.55         30
      1          0               0     53.900    368.600      0.345          12.017                 3.35         40
      1          0               0     32.700    428.700      0.426           8.945                 5.73         50
      1          0               0     48.100    716.600      1.377           6.975                 8.78         60
      1          0               0     14.200     67.500      0.017           6.042                  1.7         10
      1          0               0     52.000    396.300      0.134          10.073                 2.04         20
      1          0               0     50.000    376.900      0.219          12.408                 2.55         30
      1          0               0   1016.000   2454.000      7.886          11.905                 3.37         40
      1          0               0     53.000    568.000      0.912           8.340                  6.2         50
      1          0               0     48.900    540.100      1.701           5.583                 11.0         60
      1          0               0     33.700    140.200      0.043           6.629                 1.55         10
      1          0               0     32.400    222.100      0.099           8.235                 2.47         20
      1          0               0     30.700    175.200      0.152          11.072                 2.75         30
      1          0               0     27.300    324.600      0.292          10.700                 3.79         40
      1          0               0     40.400    335.700      0.659          10.837                 4.74         50
      1          0               0     17.200    292.100      0.481           7.616                 8.39         60
      1          0               0     33.500    114.900      0.041           7.531                  1.4         10
      1          0               0     49.800    219.200      0.118          12.785                 1.64         20
      1          0               0     42.500    183.700      0.202          11.336                 2.75         30
      1          0               0     40.000    230.700      0.343          11.355                 3.57         40
      1          0               0     52.300    360.400      0.889           8.673                  5.8         50
      1          0               0     23.800    296.300      0.702           5.773                 11.2         60
      1          0               0     52.000    187.900      0.069           7.919                 1.31         10
      1          0               0     50.100    267.700      0.146          11.032                  1.9         20
      1          0               0     47.500    360.700      0.214          14.135                 2.18         30
      1          0               0     42.100    381.500      0.347          13.074                 3.28         40
      1          0               0     50.400    348.900      0.745          10.683                  4.8         50
      1          0               0     40.000    295.300      0.916           6.713                 9.45         60
      1          0               0     50.400    197.100      0.090           6.837                 1.51         10
      1          0               0    621.500   1381.600      1.600           8.947                 2.24         20
      1          0               0    176.400   1013.300      0.680          10.839                 2.78         30
      1          0               0     49.400    658.600      0.344           9.466                 4.39         40
      1          0               0     58.500    801.000      1.007           6.422                 8.13         50
      1          0               0     36.300    568.800      1.145           5.333                 11.9         60
      1          0               0     34.000    100.800      0.042           8.426                 1.21         10
      1          0               0     23.900    136.500      0.065          10.519                 1.94         20
      1          0               0     40.300    470.400      0.185          10.898                 2.78         30
      1          0               0     52.400    557.600      0.379          10.086                 4.01         40
      1          0               0     65.900    598.200      0.861           7.663                 6.68         50
      1          0               0     36.900    472.500      0.894           6.740                 9.15         60
      1          0               0     37.900     99.600      0.045           7.670                 1.32         10
      1          0               0     15.600    106.800      0.036           9.750                 2.07         20
      1          0               0     55.600    253.100      0.203          11.734                 2.57         30
      1          0               0     49.300    337.700      0.291          12.069                 3.35         40
      1          0               0     51.200    386.600      0.512           8.578                 5.92         50
      0          0               0   2000.000 120000.000     26.026          11.945                 5.04         60
      1          0               0     55.200    244.900      0.079           7.734                 1.31         10
      1          0               0     47.700    349.900      0.145          10.811                 1.89         20
      1          0               0    781.900   3314.400      3.122          16.865                 1.78         30
      0          0               0   2000.000  80000.000     12.134          14.965                 2.68         40
      1          0               0     38.100    391.700      0.435          11.478                 4.47         50
      1          0               0     37.800    524.800      1.094           6.667                 9.22         60
      1          0               0     41.800    136.600      0.051           7.222                 1.42         10
      1          0               0     43.400    340.700      0.128           9.783                 2.12         20
      1          0               0     35.600    366.100      0.177          10.421                 2.91         30
      1          0               0     36.900    387.200      0.305          10.217                 3.96         40
      1          0               0     30.000    340.800      0.482           8.723                 5.76         50
      1          0               0     34.000    466.700      1.102           6.894                 8.85         60
      1          0               0     49.400    165.400      0.059           7.783                  1.3         10
      1          0               0     47.000    286.000      0.114          10.898                 1.86         20
      1          0               0     62.600    416.900      0.241          12.780                 2.38         30
      1          0               0     45.400    484.500      0.288          12.791                 3.32         40
      1          0               0     39.400    560.800      0.498          10.102                 5.31         50
      1          0               0    858.300   2399.600     14.878           9.601                 6.33         60
      1          0               0     25.500     70.100      0.029           7.533                 1.33         10
      1          0               0     44.100    151.700      0.103          10.621                 1.89         20
      1          0               0     62.200    499.300      0.290           8.413                 3.64         30
      1          0               0     49.900    378.200      0.314           9.758                 4.14         40
      1          0               0     15.500    230.200      0.191           8.406                 6.16         50
      1          0               0     24.300    306.700      0.441           7.502                 8.06         60
      1          0               0     45.100    175.500      0.055           6.991                 1.46         10
      1          0               0     37.300    187.800      0.094           8.909                 2.26         20
      1          0               0    205.200    640.600      0.884           9.801                 3.08         30
      1          0               0     41.200    313.600      0.336          10.085                 4.16         40
      1          0               0    541.300   1584.300      8.671           7.972                  6.3         50
      1          0               0    121.700    891.900      3.886           8.333                 7.27         60
      1          0               0     27.500     98.500      0.035           7.178                 1.41         10
      1          0               0     25.300    134.100      0.064          11.186                 1.82         20
      1          0               0     52.100    424.100      0.215          12.910                 2.36         30
      1          0               0     52.000    478.700      0.405          10.604                 3.83         40
      1          0               0     65.100    562.600      0.856           8.209                 6.18         50
      1          0               0     54.700    520.200      1.288           7.389                 8.36         60
      1          0               0     32.300    122.600      0.038           7.567                 1.36         10
      1          0               0     52.300    359.700      0.140           8.983                 2.26         20
      1          0               0     34.400    306.900      0.152           9.910                 3.14         30
      1          0               0     41.000    493.700      0.477           8.627                 4.82         40
      1          0               0     31.000    401.200      0.656           6.916                 7.49         50
      1          0               0     32.000    445.600      1.323           5.581                 11.2         60
      1          0               0     45.900    169.000      0.056           7.889                  1.3         10
      1          0               0     30.600    253.300      0.083           9.539                 2.12         20
      1          0               0     44.700    365.200      0.206           9.966                 3.04         30
      1          0               0     36.600    274.700      0.235          10.598                 3.87         40
      1          0               0     35.300    288.200      0.393           9.507                 5.55         50
      1          0               0     29.800    390.200      0.886           5.701                 12.4         60
      1          0               0     26.700     87.500      0.034           7.734                 1.31         10
      1          0               0     40.500    209.600      0.105          11.210                 1.81         20
      1          0               0     31.300    239.700      0.139          12.102                 2.52         30
      1          0               0     58.800    443.000      0.382          11.327                 3.58         40
      1          0               0     52.500    498.300      0.604           8.928                  5.7         50
      1          0               0     49.600    515.700      1.020           7.534                 8.25         60
      0          0               0   2000.000  20000.000      2.634           6.006                 1.67         10
      0          0               0   2000.000  40000.000      5.247          12.979                 1.54         20
      1          0               0     49.700    373.400      0.214          12.064                 2.56         30
      1          0               0     39.000    414.200      0.345           8.746                 4.69         40
      1          0               0     37.900    533.800      0.598           8.678                 5.96         50
      1          0               0     35.000    534.500      0.886           7.949                  7.8         60
      1          0               0     61.400    165.000      0.081           7.969                 1.27         10
      1          0               0     71.300    242.700      0.180          12.724                 1.58         20
      1          0               0     25.300    222.500      0.114          10.901                 2.78         30
      1          0               0     30.200    350.800      0.215          11.937                  3.4         40
      1          0               0     31.900    472.600      0.353          10.292                 4.88         50
      1          0               0     34.900    631.500      0.753           8.037                 7.69         60
      1          0               0     72.100    214.400      0.108           8.222                 1.24         10
      1          0               0     60.000    249.800      0.151          12.717                 1.62         20
      1          0               0     67.300    269.600      0.271          13.802                 2.22         30
      1          0               0     47.100    359.200      0.330          12.820                 3.17         40
      1          0               0     50.200    519.600      0.529          10.544                 4.95         50
      1          0               0     67.800    678.900      2.023           8.013                 7.58         60
      1          0               0     41.700    163.400      0.052           6.504                 1.59         10
      1          0               0     52.600    300.100      0.135          11.913                 1.72         20
      1          0               0     35.000    292.800      0.139          13.566                 2.28         30
      1          0               0     41.200    471.900      0.306          10.648                 3.83         40
      1          0               0     38.600    447.300      0.440           9.992                  5.1         50
      1          0               0     44.600    504.300      0.864           9.583                 6.74         60
      1          0               0     57.400    123.900      0.071           6.354                 1.59         10
      1          0               0     49.200    428.200      0.133           9.791                 2.13         20
      1          0               0     70.000    453.800      0.328          10.861                  2.8         30
      1          0               0     59.600    504.200      0.458          10.116                 3.98         40
      1          0               0     49.900    543.300      0.811           7.864                 6.58         50
      1          0               0     63.700    645.900      1.808           7.821                 7.93         60
      1          0               0     42.800    180.700      0.051           7.652                 1.32         10
      1          0               0     25.700    147.300      0.063          10.965                 1.83         20
      1          0               0     70.000    401.400      0.259          16.103                  1.9         30
      1          0               0     42.000    305.300      0.299          11.612                 3.51         40
      1          0               0     38.800    309.400      0.542          10.719                 5.09         50
      1          0               0     16.500    242.400      0.458           5.691                 11.0         60
      1          0               0     60.200    156.200      0.077           7.050                 1.43         10
      1          0               0     49.300    260.400      0.130          10.266                 1.98         20
      1          0               0     38.500    399.000      0.170          10.743                 2.85         30
      1          0               0     51.200    317.800      0.336          11.207                 3.61         40
      0          0               0   2000.000 100000.000     16.878          11.973                 4.18         50
      1          0               0     47.400    676.200      0.630           9.848                 6.25         60
      1          0               0     38.800    154.800      0.048           6.237                 1.63         10
      1          0               0     42.500    246.600      0.113           8.056                 2.52         20
      1          0               0     40.100    318.600      0.171          10.070                 3.05         30
      1          0               0     40.900    579.100      0.351           9.729                 4.28         40
      1          0               0     46.800   1027.600      1.048           7.118                 7.25         50
      1          0               0     87.500   1220.700      4.538           5.822                 10.4         60
      1          0               0     26.000     81.200      0.031           7.562                 1.36         10
      1          0               0     60.200    296.500      0.148          11.859                  1.7         20
      1          0               0     60.200    332.800      0.230          13.980                 2.15         30
      1          0               0     51.300    577.900      0.312          14.310                 2.81         40
      1          0               0     55.300    645.800      0.778           7.995                 6.39         50
      1          0               0     51.800    848.500      1.634           5.446                 11.6         60
      1          0               0     42.500    203.000      0.053           6.122                 1.73         10
      1          0               0     65.600    326.600      0.162           9.668                 2.13         20
      1          0               0     73.800    491.800      0.299          11.485                 2.64         30
      1          0               0     52.500    337.400      0.347          11.417                 3.72         40
      1          0               0     47.400    436.800      0.472          10.635                 4.98         50
      1          0               0     53.000    697.500      1.001           9.685                 6.68         60
      1          0               0     45.800    171.800      0.054           7.664                 1.34         10
      1          0               0   1281.900   2841.100      3.150          10.940                 1.83         20
      1          0               0     49.100    433.200      0.212          12.782                 2.43         30
      1          0               0     45.000    526.000      0.342          11.602                 3.54         40
      1          0               0     54.000    642.200      0.674          10.428                 5.02         50
      1          0               0     41.500    636.900      0.792           9.520                 6.64         60
      1          0               0     22.800     91.000      0.029           5.667                  1.8         10
      1          0               0     39.900    172.100      0.098          11.917                 1.71         20
      1          0               0     33.000    246.300      0.125          13.836                 2.23         30
      1          0               0     41.400    370.600      0.290          12.657                 3.27         40
      1          0               0     30.000    311.900      0.349           8.587                  5.9         50
      1          0               0     31.300    314.800      0.672           7.834                 8.31         60
      1          0               0     60.200    175.200      0.077           6.528                 1.56         10
      1          0               0     62.400    237.400      0.185          11.308                 1.81         20
      1          0               0     72.300    346.300      0.333          12.936                 2.39         30
      1          0               0     73.400    411.000      0.546          11.711                 3.52         40
      1          0               0     52.800    471.700      0.895           8.347                 6.09         50
      1          0               0     72.700    710.900      1.961           7.260                 8.39         60
      1          0               0     54.400    126.500      0.066           8.961                 1.13         10
      1          0               0     30.400    215.900      0.077          12.625                 1.62         20
      1          0               0     32.600    331.800      0.136          13.531                 2.27         30
      1          0               0     41.100    458.300      0.259          12.054                 3.42         40
      1          0               0     39.700    389.300      0.495          11.786                 4.46         50
      0          0               0   2000.000 120000.000     46.758          12.938                 4.66         60
      1          0               0     14.000     64.500      0.016           7.814                 1.29         10
      1          0               0     42.900    217.800      0.103          11.622                 1.74         20
      1          0               0     37.000    273.100      0.158          11.608                 2.61         30
      1          0               0     26.700    219.300      0.183          10.708                  3.8         40
      1          0               0    471.400   1751.000      6.294          10.914                  4.6         50
      1          0               0     43.700    281.600      1.072           8.224                 7.57         60
      1          0               0     44.800    201.600      0.053           7.638                 1.32         10
      1          0               0     30.700    134.100      0.073          10.993                 1.84         20
      1          0               0     31.200    267.500      0.123          12.304                 2.48         30
      1          0               0     39.100    324.100      0.240          13.645                  3.0         40
      1          0               0     41.800    538.400      0.431          11.711                 4.37         50
      1          0               0     43.800    573.700      0.680          10.941                 5.67         60
      1          0               0     67.300    200.900      0.083           7.545                 1.41         10
      1          0               0     74.100    322.900      0.177          12.808                  1.6         20
      1          0               0     59.000    508.400      0.247          13.068                 2.32         30
      0          0               0   2000.000  80000.000     11.395          16.902                 2.37         40
      1          0               0     49.500    537.300      0.449          13.855                  3.8         50
      0          0               0   2000.000 120000.000     28.873          12.944                 4.65         60
      1          0               0     52.100    152.700      0.064           7.664                 1.39         10
      1          0               0     49.900    242.600      0.126          12.551                 1.61         20
      1          0               0     35.000    309.500      0.159          12.683                 2.43         30
      1          0               0     28.900    251.500      0.240          10.301                 4.16         40
      1          0               0     40.500    393.300      0.624           8.911                  5.7         50
      1          0               0     18.600    317.000      0.484           7.446                 8.57         60
      1          0               0     22.000     90.000      0.027           6.136                 1.67         10
      1          0               0     50.800    254.200      0.133           8.311                 2.46         20
      1          0               0     45.600    234.100      0.200          10.397                 2.92         30
      1          0               0     18.600    184.100      0.135           8.527                 4.74         40
      1          0               0     30.300    264.700      0.340           8.677                 5.93         50
      1          0               0     23.100    289.800      0.437           8.437                 7.23         60
      1          0               0     41.100    133.900      0.053           7.616                 1.35         10
      1          0               0     52.900    219.100      0.134           9.509                 2.13         20
      1          0               0     52.100    384.300      0.253           9.413                 3.21         30
      1          0               0     51.100    550.500      0.497           8.661                 4.69         40
      1          0               0     54.600    469.600      0.779           8.989                 5.65         50
      1          0               0     48.900    462.300      0.973           7.861                 8.12         60
      1          0               0     59.000    159.000      0.083           6.063                 1.69         10
      1          0               0     19.400    137.200      0.052           9.010                 2.25         20
      1          0               0     58.400    247.400      0.248          14.291                 2.12         30
      1          0               0     76.300    513.400      0.510          13.730                 2.94         40
      1          0               0     79.400    673.000      0.806          10.744                 4.67         50
      0          0               0   2000.000 120000.000     32.072          10.994                 5.46         60
      1          0               0     12.800     69.600      0.015           7.992                 1.28         10
      1          0               0     22.800    155.700      0.058          11.860                 1.75         20
      1          0               0     45.000    337.500      0.219           8.244                 3.71         30
      1          0               0     49.100    412.000      0.401           9.024                  4.5         40
      1          0               0     37.600    463.600      0.671           7.601                 6.77         50
      1          0               0     40.400    527.600      1.444           6.193                 10.3         60
      1          0               0     57.400    134.500      0.070           7.969                 1.29         10
      1          0               0     31.300    212.000      0.079          10.179                 2.04         20
      1          0               0     27.600    268.300      0.139           8.134                 3.96         30
      1          0               0     28.500    320.500      0.208          10.702                 3.81         40
      0          0               0   2000.000 100000.000     16.626          11.956                 4.19         50
      1          0               0     28.600    342.900      0.561           8.458                 7.41         60
      1          0               0     57.600    205.300      0.071           6.811                  1.5         10
      1          0               0     39.000    203.700      0.106           7.923                 2.62         20
      1          0               0     39.300    240.800      0.165          11.860                 2.62         30
      1          0               0     57.300    472.700      0.373          12.295                 3.35         40
      1          0               0     62.800    553.100      0.699          11.772                 4.27         50
      1          0               0     49.000    519.700      1.381           9.522                 6.49         60
      1          0               0     46.800    107.100      0.057           8.423                 1.21         10
      1          0               0     21.100    138.900      0.053          11.573                 1.78         20
      1          0               0     36.600    217.200      0.147          12.549                 2.52         30
      1          0               0     18.300    230.800      0.129          11.732                 3.66         40
      1          0               0     25.300    274.000      0.286           9.478                 5.45         50
      1          0               0     35.500    332.500      0.866           7.161                 8.59         60
      1          0               0     31.000    105.900      0.039           7.300                 1.39         10
      1          0               0     54.300    383.500      0.130          12.659                  1.6         20
      1          0               0    964.700   2180.200      3.524          16.875                 1.78         30
      1          0               0    346.200   2271.100      1.969          13.670                 2.94         40
      1          0               0     45.700    430.400      0.529          11.639                 4.37         50
      0          0               0   2000.000 120000.000     34.856          10.966                 5.48         60
      1          0               0     60.100    246.800      0.089           6.082                 1.69         10
      1          0               0     49.300    378.100      0.144           8.442                 2.47         20
      1          0               0     51.700    443.000      0.241          10.667                 2.88         30
      1          0               0     52.600    455.500      0.363          10.683                 3.79         40
      1          0               0     49.900    592.500      0.826           8.816                 5.78         50
      1          0               0   1765.400   4234.800     36.513           6.978                 8.61         60
      1          0               0     61.900    298.100      0.086           7.257                 1.41         10
      1          0               0     63.300    390.200      0.179          10.273                  2.0         20
      1          0               0     73.900    753.300      0.343          10.359                 2.99         30
      1          0               0     59.600    832.000      0.855           8.773                 4.64         40
      0          0               0   2000.000 100000.000     47.286           7.003                 7.14         50
      1          0               0     55.900    957.500      2.991           6.905                 8.79         60
      1          0               0     20.300     94.000      0.026           5.970                 1.73         10
      1          0               0     65.500    342.400      0.183           8.324                 2.44         20
      1          0               0     55.800    387.200      0.256          10.545                 2.96         30
      1          0               0     55.700    464.600      0.570           9.063                 4.55         40
      1          0               0     56.000    536.000      0.972           9.159                 5.79         50
      0          0               0   2000.000 120000.000     41.519           9.958                 6.04         60
      1          0               0     23.800     95.500      0.028           8.504                 1.18         10
      1          0               0     23.200    186.800      0.066           9.862                 2.18         20
      1          0               0     26.200    274.800      0.115          10.698                 2.91         30
      1          0               0     18.400    265.500      0.139           8.663                 4.79         40
      1          0               0     35.900    370.800      0.358          11.156                 5.05         50
      1          0               0     24.100    328.100      0.436           8.299                 7.74         60
      1          0               0     25.900    105.000      0.031           6.525                 1.57         10
      1          0               0     68.400    306.200      0.165          10.855                 1.85         20
      1          0               0     47.000    323.100      0.191          11.364                 2.66         30
      1          0               0     35.800    343.500      0.354           8.419                 4.83         40
      1          0               0     22.700    341.100      0.456           7.207                 7.23         50
      0          0               0   2000.000 120000.000     79.505           6.991                 8.59         60
      1          0               0     54.600    232.500      0.068           5.927                 1.73         10
      1          0               0     49.500    353.500      0.132           8.386                 2.43         20
      1          0               0     47.200    286.700      0.190          10.922                 2.76         30
      1          0               0     51.500    435.300      0.383           9.526                 4.27         40
      1          0               0     47.800    556.300      0.617           7.799                 6.51         50
      1          0               0     36.600    405.600      0.936           5.492                 11.5         60
      1          0               0     19.500     82.400      0.024           6.703                 1.55         10
      1          0               0     38.200    186.600      0.097          11.513                 1.78         20
      1          0               0     37.300    285.100      0.155          14.909                 2.06         30
      1          0               0     35.000    403.700      0.240          12.897                 3.17         40
      0          0               0   2000.000 100000.000     17.736          13.952                 3.59         50
      1          0               0     33.200    557.700      0.881           7.907                  8.1         60
      1          0               0     53.400    110.300      0.064           8.028                 1.26         10
      1          0               0     31.700    154.700      0.075          11.530                 1.76         20
      1          0               0     31.300    234.200      0.132          13.080                 2.31         30
      1          0               0     33.400    258.200      0.343          10.677                 3.76         40
      1          0               0     60.400    473.200      1.101          11.258                 4.49         50
      0          0               0   2000.000 120000.000     63.862          11.978                 5.01         60
      1          0               0     18.900     57.700      0.023           7.540                 1.33         10
      1          0               0    104.000    539.200      0.278          12.466                 1.68         20
      0          0               0   2000.000  60000.000      8.648          12.922                 2.33         30
      1          0               0     46.500    625.600      0.454          11.546                 3.68         40
      1          0               0     41.800    736.000      0.696          10.768                 4.94         50
      0          0               0   2000.000 120000.000     47.665          10.942                 5.51         60
      1          0               0     55.100    138.000      0.069           6.339                 1.64         10
      1          0               0     43.700    207.100      0.104          12.906                 1.56         20
      1          0               0     39.300    345.200      0.153          13.728                 2.23         30
      1          0               0     50.700    410.200      0.341          11.710                 3.53         40
      1          0               0     48.000    390.500      0.488          10.531                 4.85         50
      1          0               0     42.800    493.200      1.090           7.720                 8.15         60
      1          0               0     52.000    171.200      0.066           6.119                 1.67         10
      1          0               0     17.200    106.200      0.053           6.779                 3.23         20
      1          0               0     53.100    404.700      0.263           9.695                 3.14         30
      1          0               0     44.200    457.200      0.444           6.932                 5.92         40
      1          0               0     50.200    550.700      1.003           6.301                  8.3         50
      1          0               0     37.300    595.600      1.138           5.584                 11.3         60
      1          0               0     26.000     76.400      0.030           8.096                 1.24         10
      1          0               0     74.500    319.800      0.173          11.984                 1.71         20
      1          0               0     76.000    408.300      0.290          15.417                 1.99         30
      1          0               0     75.600    605.300      0.683          12.776                 3.25         40
      1          0               0     46.000    426.100      0.783          11.252                 4.83         50
      1          0               0     37.200    390.000      0.867          10.995                 6.19         60
      1          0               0     47.000    179.700      0.058           6.879                 1.48         10
      1          0               0     54.200    267.000      0.142          10.293                 1.96         20
      1          0               0     52.200    290.700      0.212          13.820                  2.2         30
      1          0               0     45.300    273.000      0.279          13.393                 3.07         40
      1          0               0     32.400    256.400      0.400          10.324                 4.93         50
      1          0               0     80.900    716.100      1.917           8.876                 6.98         60
      1          0               0     36.200    121.000      0.044           7.309                 1.38         10
      1          0               0     44.400    243.600      0.104          13.212                 1.53         20
      1          0               0     41.300    377.200      0.180          13.489                 2.26         30
      1          0               0     32.600    428.100      0.223          13.098                 3.18         40
      1          0               0     37.300    394.800      0.744           9.847                 5.53         50
      1          0               0    434.400   1164.100     13.384           8.819                 6.91         60
      1          0               0     51.700    135.000      0.061           8.586                 1.18         10
      1          0               0     38.200    187.500      0.095          10.254                 2.04         20
      1          0               0     64.300    364.400      0.265          12.728                 2.45         30
      0          0               0   2000.000  80000.000     13.764          13.936                 2.88         40
      0          0               0   2000.000 100000.000     26.792           8.947                 5.62         50
      1          0               0     22.900    348.000      0.790           5.328                 12.2         60
      1          0               0     48.400    189.300      0.058           7.124                 1.43         10
      1          0               0     18.200    113.000      0.070          10.863                 1.87         20
      1          0               0     44.900    384.900      0.203          11.795                  2.6         30
      1          0               0     48.700    475.500      0.313          13.386                 3.06         40
      1          0               0     38.700    579.600      0.448          11.610                 4.45         50
      1          0               0     57.200    865.400      1.734           7.979                 7.68         60
      0          0               0   2000.000  20000.000      2.372           8.986                 1.11         10
      1          0               0     54.500    246.700      0.141          10.514                 1.97         20
      0          0               0   2000.000  60000.000      8.125          12.939                 2.32         30
      0          0               0   2000.000  80000.000     11.840          13.954                 2.87         40
      0          0               0   2000.000 100000.000     23.784          11.937                  4.2         50
      1          0               0     41.200    329.100      0.989           6.451                 9.74         60
      1          0               0     21.200     61.100      0.026           5.344                 1.89         10
      1          0               0     55.600    155.100      0.135           9.903                 2.03         20
      1          0               0     38.100    184.600      0.154          11.115                 2.71         30
      1          0               0     47.300    345.400      0.363          12.063                 3.48         40
      1          0               0     47.500    320.200      0.762          10.069                 5.11         50
      1          0               0     32.600    430.200      1.251           7.834                 8.78         60
      1          0               0     50.700    151.500      0.061           7.907                 1.27         10
      0          0               0   2000.000  40000.000      4.725          11.988                 1.67         20
      1          0               0     23.400    198.400      0.094          12.115                 2.51         30
      1          0               0     47.200    441.700      0.360          10.403                 3.88         40
      1          0               0     41.900    483.000      0.624           9.427                 5.39         50
      1          0               0     39.800    705.500      1.277           9.229                 6.73         60
      1          0               0     49.300    166.800      0.059           7.337                 1.38         10
      1          0               0     51.200    329.600      0.125          12.547                 1.62         20
      1          0               0     60.900    436.500      0.252          12.356                 2.45         30
      1          0               0     37.700    336.700      0.251          12.332                 3.27         40
      1          0               0     61.800    283.900      0.785          10.243                 4.97         50
      1          0               0     25.200    391.500      0.619           8.294                 7.33         60
      1          0               0     14.900     67.600      0.019           6.557                 1.57         10
      1          0               0     43.700    196.600      0.103          10.773                 1.87         20
      1          0               0     59.400    334.800      0.230          12.928                 2.35         30
      1          0               0     29.300    228.600      0.239          10.109                 4.09         40
      1          0               0    972.900   2202.200      9.769          10.927                 4.59         50
      1          0               0     27.500    402.100      0.910           5.735                 10.9         60
      1          0               0     26.600     93.400      0.033           7.402                 1.42         10
      1          0               0    975.600   2185.200      2.329          11.940                 1.68         20
      1          0               0     44.000    325.600      0.190           8.989                 3.36         30
      1          0               0     32.400    400.100      0.237          10.401                 3.91         40
      1          0               0     61.600    487.400      0.720          11.388                 4.68         50
      1          0               0     27.100    375.300      0.697           7.339                 9.31         60
      1          0               0     22.900    105.800      0.030           6.969                 1.65         10
      1          0               0     28.900    205.000      0.076          10.654                  1.9         20
      1          0               0     44.600    324.500      0.222          10.188                 2.99         30
      1          0               0     36.400    591.200      0.328          10.019                 4.03         40
      1          0               0     42.200    515.800      0.706           7.156                 7.15         50
      1          0               0     32.100    471.400      0.965           7.333                  8.3         60
      1          0               0     56.100    214.600      0.068           7.392                 1.39         10
      1          0               0     54.800    343.800      0.144          10.573                 2.02         20
      1          0               0     59.600    562.000      0.300          11.262                 2.76         30
      1          0               0     46.500    563.600      0.358          12.191                 3.33         40
      0          0               0   2000.000 100000.000     21.741           9.995                 5.01         50
      1          0               0     34.400    611.900      1.205           5.209                 11.8         60
      1          0               0     51.000    155.800      0.062           6.265                 1.62         10
      1          0               0     53.100    241.900      0.131          10.239                 1.97         20
      1          0               0     47.700    322.500      0.205           7.975                 3.86         30
      1          0               0     55.900    470.700      0.424           9.419                 4.56         40
      1          0               0    116.500   1136.900      1.420           9.167                 5.53         50
      1          0               0     55.100    708.000      1.138           8.407                 7.27         60
      1          0               0     44.600    181.600      0.057           5.948                  1.8         10
      1          0               0     47.400    324.200      0.122          10.241                  2.0         20
      1          0               0     52.200    403.300      0.241          11.123                 2.72         30
      1          0               0     35.900    296.300      0.228          11.370                 3.58         40
      1          0               0     29.700    320.000      0.387           7.623                  6.7         50
      1          0               0    537.400   1359.200     12.586           6.009                 9.99         60
      1          0               0     54.100    194.900      0.064           7.867                 1.28         10
      1          0               0     60.100    229.500      0.141          11.842                  1.7         20
      1          0               0     52.300    357.900      0.194          15.136                 2.03         30
      1          0               0     54.700    413.600      0.332          13.122                 3.13         40
      1          0               0     49.000    453.000      0.461          12.663                 4.11         50
      1          0               0     40.600    562.000      0.685           8.983                 6.86         60
      1          0               0     46.700    139.300      0.057           8.516                 1.19         10
      1          0               0     62.100    326.100      0.165           9.908                 2.05         20
      1          0               0     54.000    471.800      0.226          11.520                 2.64         30
      1          0               0     54.000    466.000      0.369          10.728                 3.78         40
      1          0               0     40.200    625.800      0.484          10.400                  4.9         50
      1          0               0    649.500   3718.500     14.325           8.963                 6.72         60
      1          0               0     16.900     82.700      0.021           6.207                 1.68         10
      1          0               0     47.000    176.700      0.119          10.040                 2.04         20
      1          0               0     49.100    299.300      0.249           9.273                 3.35         30
      1          0               0     64.000    576.300      0.556          10.983                 3.78         40
      1          0               0     47.400    630.000      0.636           9.000                 5.75         50
      1          0               0     46.900    757.800      0.933           9.708                 6.39         60
      1          0               0     47.300    285.400      0.057           6.366                 1.64         10
      1          0               0     49.600    312.900      0.118          11.022                 1.82         20
      1          0               0     36.400    214.100      0.139          14.272                 2.18         30
      0          0               0   2000.000  80000.000     12.772          13.951                 2.87         40
      1          0               0     52.300    512.400      0.490          12.839                 3.96         50
      1          0               0     94.900    683.700      1.645          11.375                 5.37         60
      1          0               0     20.600     82.100      0.025           6.461                 1.56         10
      1          0               0     49.100    215.000      0.113          12.316                 1.63         20
      1          0               0     44.900    408.900      0.190          10.993                 2.76         30
      1          0               0     37.600    388.200      0.269           9.691                 4.19         40
      1          0               0     42.300    478.200      0.501          10.033                 5.05         50
      0          0               0   2000.000 120000.000     87.791           8.001                  7.5         60
      1          0               0     20.500     68.900      0.024           7.171                 1.41         10
      1          0               0     62.500    433.100      0.155           9.152                 2.21         20
      1          0               0     67.200    632.500      0.286           8.781                 3.55         30
      1          0               0     47.400    429.600      0.288           9.772                 4.15         40
      1          0               0     16.900    240.300      0.196           8.154                 6.42         50
      1          0               0     34.700    354.000      0.720           6.337                 10.4         60
      1          0               0     16.500     60.900      0.020           6.012                 1.68         10
      1          0               0     60.500    176.200      0.157          10.276                 1.98         20
      1          0               0     64.300    317.300      0.267          11.314                 2.67         30
      1          0               0     51.200    613.000      0.359          11.037                  3.7         40
      1          0               0     32.300    517.200      0.516           8.678                 6.15         50
      1          0               0     45.200    638.600      0.984           8.892                 7.47         60
      1          0               0     31.100    149.000      0.037           6.791                  1.5         10
      1          0               0     29.000    203.300      0.074          10.738                 1.91         20
      1          0               0     42.500    240.100      0.163          13.854                 2.23         30
      1          0               0     36.900    293.500      0.220          13.179                 3.13         40
      1          0               0    136.100   1532.100      1.418          12.076                 4.25         50
      1          0               0    135.400    952.500      2.252          10.678                 5.83         60
      1          0               0     38.800    114.500      0.046           7.729                  1.3         10
      1          0               0     43.000    171.400      0.100          12.800                 1.57         20
      1          0               0     19.800    227.000      0.079          13.879                 2.19         30
      1          0               0     23.900    274.600      0.152          13.017                 3.15         40
      1          0               0     20.400    298.800      0.273          10.319                  5.0         50
      1          0               0     49.900    607.900      1.079           9.816                 6.73         60
      1          0               0     21.300     96.400      0.026           6.864                 1.51         10
      1          0               0     28.200    158.000      0.070           9.681                 2.09         20
      0          0               0   2000.000  60000.000      7.422          12.037                 2.49         30
      1          0               0     14.300    169.600      0.094          10.147                 4.02         40
      1          0               0     43.400    483.500      0.528           7.829                 6.47         50
      1          0               0     44.100    525.200      0.965           6.744                 8.96         60
      1          0               0      8.200     45.100      0.010           8.293                 1.22         10
      1          0               0     18.500     92.200      0.045           9.724                 2.09         20
      1          0               0     48.600    399.000      0.227           9.286                  3.3         30
      1          0               0     64.100    330.700      0.450          10.222                 3.98         40
      1          0               0     47.300    541.600      0.608           7.214                 7.81         50
      1          0               0     41.700    716.600      0.760           6.511                 9.55         60
      1          0               0     26.600    109.600      0.031           7.605                 1.32         10
      1          0               0     54.500    329.900      0.143           8.628                 2.38         20
      1          0               0     61.100    356.700      0.240          11.047                 2.75         30
      1          0               0     59.600    600.700      0.496           8.527                 4.86         40
      1          0               0     79.200    667.000      1.216           7.063                 7.19         50
      1          0               0    106.700    900.600      2.980           6.822                  8.9         60
      1          0               0     57.600    161.800      0.073           5.672                 1.93         10
      1          0               0     77.600    393.200      0.197           9.226                 2.21         20
      1          0               0     51.900    410.200      0.244          10.590                 2.87         30
      1          0               0     43.200    521.800      0.307          11.604                  3.5         40
      1          0               0     65.200    697.300      1.074           8.874                 5.72         50
      1          0               0     44.100    718.200      1.327           7.222                 8.45         60
      1          0               0     24.100     52.700      0.029           6.743                 1.51         10
      1          0               0     40.000    233.300      0.103           9.443                 2.17         20
      1          0               0     41.000    354.100      0.179           9.137                 3.36         30
      1          0               0     31.200    346.200      0.262           9.580                 4.32         40
      1          0               0     27.800    534.600      0.450           6.849                 7.57         50
      1          0               0     28.300    492.500      0.929           6.714                 9.13         60
      1          0               0     53.600    173.700      0.066           7.565                 1.34         10
      1          0               0     41.800    151.000      0.100          14.139                 1.43         20
      1          0               0     90.500    357.800      0.361          15.459                 1.96         30
      1          0               0     90.400    640.300      0.523          14.259                 2.84         40
      1          0               0     66.700    500.600      0.714          13.874                 3.67         50
      1          0               0     57.000    504.900      1.023          12.544                 4.86         60
      1          0               0     29.900    105.900      0.035           7.431                 1.36         10
      1          0               0     47.900    196.300      0.123          10.633                 1.91         20
      1          0               0     56.100    419.300      0.243          12.458                 2.45         30
      1          0               0     47.200    388.600      0.301          10.915                 3.84         40
      1          0               0     41.900    523.000      0.417          12.360                 4.29         50
      1          0               0     48.400    686.200      1.505           8.184                 8.22         60
      1          0               0     26.600    101.200      0.033           7.105                 1.42         10
      1          0               0     24.300    206.700      0.062          10.683                 1.89         20
      1          0               0     42.300    187.300      0.157          12.558                 2.42         30
      1          0               0     52.000    382.300      0.304          11.042                  3.7         40
      1          0               0     31.900    315.100      0.304           9.621                 5.27         50
      1          0               0     49.700    428.700      0.829           8.227                 7.38         60
      1          0               0     23.500    129.800      0.031           5.174                 2.23         10
      1          0               0     21.500    145.500      0.064           6.209                 3.33         20
      1          0               0     36.900    308.700      0.175           9.420                 3.25         30
      1          0               0     25.000    327.900      0.243           8.036                 5.31         40
      1          0               0     24.000    330.600      0.366           9.046                 5.66         50
      1          0               0     26.000    401.500      0.580           8.246                 7.61         60
      1          0               0     36.800    101.200      0.044           7.310                 1.39         10
      1          0               0     39.400    237.900      0.099           9.657                 2.09         20
      1          0               0     30.300    310.500      0.160           7.782                 3.91         30
      1          0               0     35.400    430.300      0.343           6.802                 6.03         40
      1          0               0    386.800   1447.800      6.189           6.041                 8.32         50
      1          0               0     39.400    767.400      1.208           6.731                 9.58         60
      1          0               0     27.500     69.800      0.033           7.076                 1.43         10
      1          0               0     64.600    234.800      0.157          12.116                 1.67         20
      1          0               0     52.200    350.300      0.203          12.996                 2.36         30
      1          0               0     39.100    407.000      0.259          12.118                 3.38         40
      1          0               0     37.700    489.000      0.632           8.798                 5.88         50
      1          0               0     30.900    457.600      0.879           7.421                 8.74         60
      1          0               0     45.100    104.800      0.054           8.051                 1.26         10
      1          0               0     33.800    213.300      0.088          11.015                 1.88         20
      1          0               0     35.400    261.900      0.154          12.816                 2.37         30
      1          0               0     33.200    223.500      0.258          10.491                 3.92         40
      1          0               0     46.000    337.100      0.617           9.893                 5.25         50
      1          0               0     53.200    423.100      1.381           7.237                 8.78         60
      1          0               0     40.900    134.100      0.047           8.516                 1.19         10
      1          0               0     48.400    291.600      0.119          10.048                 2.02         20
      1          0               0     43.000    374.500      0.173          11.467                 2.65         30
      1          0               0    390.300   1050.600      2.204          13.874                  2.9         40
      1          0               0     40.100    509.500      0.487           9.783                 5.22         50
      1          0               0     38.900    505.700      0.907           7.422                 8.59         60
      1          0               0     42.900    201.800      0.053           5.779                 1.79         10
      1          0               0     22.200    162.600      0.059           8.288                 2.45         20
      1          0               0     35.900    224.700      0.148          11.864                 2.57         30
      1          0               0     73.900    540.900      0.547          10.035                 4.08         40
      1          0               0     38.500    567.200      0.507           9.462                 5.37         50
      1          0               0     37.600    529.100      0.817           9.072                 6.71         60
      1          0               0     30.600    104.900      0.037           8.660                 1.18         10
      1          0               0     39.700    237.400      0.095          11.569                 1.74         20
      1          0               0     52.300    405.200      0.200          14.388                 2.11         30
      1          0               0     42.600    429.800      0.264          13.075                 3.09         40
      1          0               0     58.400    719.600      0.609          12.192                 4.12         50
      1          0               0     33.900    580.200      0.767          11.454                 5.49         60
      1          0               0     40.000    185.300      0.051           6.890                 1.49         10
      1          0               0     46.700    186.800      0.117           9.912                 2.04         20
      1          0               0     46.300    368.000      0.186          12.477                 2.43         30
      1          0               0     52.200    315.900      0.324          12.266                 3.34         40
      1          0               0    463.800   1376.600      5.879           9.859                 5.09         50
      1          0               0     43.400    442.300      1.411           4.910                 12.5         60
      1          0               0     54.100    215.600      0.065           7.414                 1.36         10
      1          0               0     55.500    325.600      0.141          10.279                 1.96         20
      1          0               0    477.300   1145.000      2.362          13.058                  2.3         30
      1          0               0     38.100    286.500      0.290          11.241                  3.6         40
      1          0               0     31.600    342.600      0.331          10.785                 4.84         50
      1          0               0     40.500    430.400      0.748           8.916                 7.26         60
      1          0               0     29.800     70.800      0.037           7.117                 1.42         10
      1          0               0     42.300    233.200      0.107           8.986                 2.26         20
      1          0               0     56.600    390.200      0.244           9.325                 3.24         30
      1          0               0     25.000    221.200      0.232           7.124                 5.74         40
      1          0               0     44.500    447.500      0.858           6.074                 8.53         50
      1          0               0     31.600    355.600      0.992           4.187                 14.9         60
      1          0               0     47.700    222.700      0.059           5.887                 1.74         10
      1          0               0     52.600    204.600      0.131           8.960                 2.28         20
      1          0               0     82.100    381.500      0.338          11.882                 2.53         30
      1          0               0     55.000    419.800      0.514          10.555                 3.83         40
      1          0               0     51.800    437.800      0.857           9.508                 5.38         50
      1          0               0     56.800    483.200      2.277           7.650                 8.17         60
      1          0               0     51.500    224.900      0.062           7.192                 1.44         10
      1          0               0     51.200    337.700      0.132           8.994                 2.25         20
      0          0               0   2000.000  60000.000      7.622          10.004                  3.0         30
      0          0               0   2000.000  80000.000     11.707          11.984                 3.34         40
      1          0               0     52.800    589.500      0.585          10.252                 4.92         50
      1          0               0     40.700    403.600      0.639           9.462                 6.43         60
      1          0               0     43.800     91.100      0.052           8.027                 1.26         10
      1          0               0     38.500    259.700      0.096          11.849                 1.73         20
      1          0               0     33.100    199.900      0.126          14.109                 2.19         30
      1          0               0     48.100    247.900      0.365          11.133                 3.66         40
      1          0               0     36.000    281.600      0.515           9.336                 5.64         50
      1          0               0     21.100    326.600      0.612           6.853                 8.95         60
      1          0               0     42.100    156.600      0.054           5.634                 1.82         10
      1          0               0     48.400    293.400      0.121          10.587                 1.96         20
      1          0               0     44.700    326.600      0.196          12.365                  2.5         30
      1          0               0     63.400    446.300      0.434          11.519                 3.52         40
      1          0               0     48.100    700.000      1.068          10.410                 4.95         50
      1          0               0     51.600    897.300      2.603          10.260                 5.96         60
      1          0               0     43.600    138.500      0.054           6.018                 1.72         10
      1          0               0     44.900    288.200      0.118           8.682                 2.33         20
      1          0               0     46.600    338.600      0.200          11.161                 2.73         30
      1          0               0     24.300    293.900      0.187           9.811                  4.2         40
      1          0               0     47.200    457.200      0.496          10.288                 4.94         50
      1          0               0     68.100    498.400      1.433           8.427                 7.22         60
      1          0               0     48.400    150.900      0.058           7.483                 1.36         10
      1          0               0     58.800    246.800      0.142          13.287                 1.56         20
      1          0               0     50.400    512.800      0.231          10.617                 2.87         30
      1          0               0     57.100    604.300      0.531           8.121                 4.99         40
      1          0               0     56.300    696.300      0.954           6.318                 8.35         50
      1          0               0     49.300    655.100      1.515           5.807                 11.2         60
      1          0               0     41.500    136.200      0.049           7.542                 1.34         10
      1          0               0     34.900    172.200      0.085          10.794                 1.89         20
      1          0               0     24.400    198.500      0.100          11.414                 2.65         30
      1          0               0     42.200    301.600      0.279          11.692                 3.44         40
      1          0               0     18.000    255.600      0.201          10.233                 4.99         50
      1          0               0     15.100    266.400      0.408           7.384                 8.35         60
      1          0               0     44.200    236.000      0.060           7.301                  1.4         10
      1          0               0     43.500    435.200      0.115           8.048                 2.52         20
      0          0               0   2000.000  60000.000      9.023          11.009                 2.73         30
      1          0               0     41.500    700.600      0.336          12.188                 3.32         40
      1          0               0     32.100    684.700      0.503          12.586                 4.15         50
      1          0               0     44.900    605.400      1.137           8.739                 7.79         60
      1          0               0     51.700    197.500      0.063           6.565                 1.55         10
      1          0               0     44.800    150.400      0.136           6.879                 2.95         20
      1          0               0     40.300    228.800      0.224           9.084                 3.33         30
      1          0               0     49.600    372.500      0.388          12.185                 3.32         40
      1          0               0     60.200    605.300      0.896          10.244                 4.97         50
      0          0               0   2000.000 120000.000     40.414          10.005                  6.0         60
      1          0               0     39.500    160.300      0.049           6.666                 1.52         10
      1          0               0     34.500    140.000      0.081          12.023                 1.67         20
      1          0               0     39.600    286.600      0.166          11.533                 2.62         30
      1          0               0     54.100    515.300      0.402          10.037                 4.03         40
      1          0               0     49.300    669.600      0.775           8.675                 6.13         50
      1          0               0     58.000    841.700      2.610           7.626                  8.5         60
      1          0               0     55.100    194.700      0.070           6.848                 1.49         10
      1          0               0     38.500    202.200      0.097          12.268                 1.64         20
      1          0               0     32.300    223.000      0.153          12.288                 2.46         30
      1          0               0    801.200   4143.600      4.772          13.896                 2.88         40
      1          0               0     43.900    583.200      0.621           8.995                 5.67         50
      1          0               0     88.600    821.000      1.700           9.450                 6.42         60
      1          0               0     37.300     94.400      0.044           8.544                 1.19         10
      1          0               0     47.100    185.100      0.112          11.633                 1.75         20
      1          0               0    724.800   1693.600      2.593          14.887                 2.02         30
      1          0               0     23.400    261.500      0.131          13.004                 3.18         40
      1          0               0     25.700    351.100      0.285           9.732                 5.37         50
      0          0               0   2000.000 120000.000     26.554          12.946                 4.65         60
      1          0               0     40.000    150.100      0.054           5.543                 1.85         10
      1          0               0     47.600    320.700      0.142           7.555                 2.67         20
      1          0               0     44.400    494.600      0.250           9.622                 3.34         30
      1          0               0     28.900    380.700      0.210          12.464                 3.44         40
      1          0               0     53.000    538.900      0.629          13.692                 3.76         50
      1          0               0     33.500    419.500      0.992           8.543                 7.74         60
      1          0               0     20.800     77.600      0.026           5.885                 1.76         10
      1          0               0     48.700    265.000      0.132           7.862                  2.6         20
      1          0               0     37.000    256.700      0.168           8.249                 3.68         30
      1          0               0     55.600    351.200      0.432           7.246                 5.71         40
      1          0               0     45.800    439.300      0.656           6.461                 7.88         50
      1          0               0     52.100    740.600      0.969           8.115                  7.5         60
      1          0               0     43.600    156.200      0.057           7.099                 1.44         10
      1          0               0     37.100    253.600      0.093          10.970                 1.87         20
      1          0               0     43.300    262.600      0.172          11.806                 2.64         30
      1          0               0     30.300    199.900      0.190          12.690                  3.5         40
      1          0               0     38.100    352.600      0.376          13.391                 4.07         50
      1          0               0     57.500    506.200      0.904          12.414                 5.06         60
      1          0               0     32.100    144.700      0.039           5.720                  1.8         10
      1          0               0     59.400    263.400      0.160           9.108                 2.21         20
      1          0               0     65.700    468.100      0.297          11.253                 2.72         30
      1          0               0     64.100    440.100      0.426          11.746                 3.63         40
      1          0               0     63.900    554.900      1.202           7.433                 6.98         50
      1          0               0     55.200    552.200      1.758           5.917                 10.7         60
      1          0               0     24.000    115.600      0.031           6.354                 1.75         10
      1          0               0     43.100    264.000      0.108          11.552                 1.78         20
      1          0               0     44.400    405.500      0.193          11.865                 2.56         30
      1          0               0     41.900    427.700      0.299          11.074                 3.67         40
      1          0               0     36.500    443.600      0.356          10.608                 4.76         50
      1          0               0     30.700    421.000      0.591           8.176                 8.03         60
      1          0               0     46.200    224.200      0.058           6.429                  1.6         10
      1          0               0     56.300    253.400      0.147          10.256                 2.01         20
      1          0               0     55.300    403.300      0.242          11.454                 2.69         30
      1          0               0     47.900    415.600      0.460           8.808                 4.64         40
      1          0               0     42.200    373.400      0.592           9.559                 5.32         50
      1          0               0     27.100    282.300      0.668           7.192                 8.84         60
      1          0               0     53.100    127.000      0.064           6.814                 1.51         10
      1          0               0     48.900    342.200      0.133           8.192                 2.54         20
      1          0               0     63.800    348.300      0.279           9.005                  3.4         30
      1          0               0     56.900    524.800      0.381           9.100                 4.51         40
      1          0               0     53.800    498.800      0.586           8.072                 6.39         50
      1          0               0     50.200    701.000      1.418           6.606                 9.99         60
      1          0               0     51.600    115.100      0.063           6.921                 1.46         10
      1          0               0     32.200    220.600      0.081          11.087                 1.83         20
      1          0               0     89.200    409.000      0.386           9.972                 3.02         30
      1          0               0     38.400    375.100      0.297           9.003                 4.53         40
      1          0               0     50.300    689.200      0.914           7.553                 6.73         50
      1          0               0    309.900   1280.000     14.485           6.875                 8.77         60
      1          0               0     41.100     90.600      0.051           7.192                 1.41         10
      1          0               0     31.800    219.900      0.080           9.934                 2.05         20
      1          0               0     24.200    236.000      0.109          10.202                 2.99         30
      1          0               0     21.100    216.600      0.169           6.948                 5.93         40
      1          0               0     44.000    344.400      0.705           6.864                 7.34         50
      1          0               0    110.100    686.400      2.440           6.649                 9.18         60
      1          0               0     28.200     91.800      0.033           8.167                 1.27         10
      1          0               0     70.100    358.200      0.171          12.379                 1.66         20
      1          0               0     24.200    220.300      0.112          10.785                 2.95         30
      1          0               0     63.100    435.800      0.445          12.303                 3.34         40
      1          0               0     46.800    363.000      0.656          10.190                 5.13         50
      1          0               0     28.300    409.300      0.816           6.936                  9.5         60
      1          0               0     39.500    224.600      0.054           5.390                 1.95         10
      1          0               0     44.500    313.400      0.118          10.679                 1.88         20
      1          0               0     34.000    418.700      0.167           9.312                 3.29         30
      1          0               0     33.900    321.700      0.270           9.938                 4.15         40
      1          0               0     46.400    600.700      0.788           8.804                 6.03         50
      1          0               0     42.200    608.400      1.456           6.557                 10.0         60
      1          0               0     39.800    164.300      0.050           8.319                 1.24         10
      1          0               0     50.200    258.700      0.131          10.972                 1.91         20
      1          0               0     56.000    461.200      0.247          10.371                 2.95         30
      1          0               0     57.300    550.200      0.418          11.426                 3.62         40
      1          0               0     60.400    692.800      0.731          11.669                 4.47         50
      1          0               0     43.400    678.400      0.878           9.219                 6.78         60
      1          0               0     29.200    101.800      0.035           7.247                  1.4         10
      1          0               0     42.800    260.500      0.107           9.804                 2.07         20
      1          0               0     27.300    236.300      0.105          11.604                 2.63         30
      1          0               0     28.600    320.400      0.197          10.713                 3.85         40
      1          0               0     37.500    327.300      0.479           8.901                  5.7         50
      1          0               0     46.200    587.200      1.398           6.641                 9.48         60
      1          0               0     17.200     81.800      0.021           6.413                 1.59         10
      1          0               0     63.500    339.700      0.155          11.767                  1.7         20
      1          0               0     52.400    437.900      0.226          11.067                 2.75         30
      1          0               0     46.700    320.500      0.389           9.242                 4.38         40
      1          0               0     39.600    346.100      0.437           9.139                 5.51         50
      1          0               0     37.300    459.000      1.160           6.651                 9.31         60
      1          0               0     57.400    221.300      0.071           7.328                  1.4         10
      1          0               0     51.100    208.900      0.125          10.487                 1.97         20
      1          0               0     53.200    261.300      0.214          11.367                 2.68         30
      1          0               0     49.300    381.800      0.305          13.199                  3.1         40
      0          0               0   2000.000 100000.000     16.772          12.941                 3.87         50
      1          0               0     52.100    709.700      1.058           7.758                 8.38         60
      1          0               0     28.400     70.000      0.034           6.384                 1.58         10
      1          0               0     49.400    260.200      0.130           8.860                 2.28         20
      1          0               0     51.800    361.900      0.215          12.212                  2.5         30
      1          0               0     42.800    318.300      0.256          14.486                  2.8         40
      1          0               0    750.900   1754.900      6.047          16.903                 2.96         50
      1          0               0     36.700    554.600      0.718          12.499                 4.87         60
      1          0               0     36.900     98.400      0.045           7.444                 1.35         10
      1          0               0     23.700    183.800      0.057          12.051                 1.67         20
      1          0               0     44.600    317.500      0.184          11.704                 2.57         30
      1          0               0     55.700    379.800      0.368          10.797                 3.77         40
      1          0               0     45.100    569.800      0.521           9.497                  5.5         50
      1          0               0     42.200    642.200      0.934           8.581                 7.17         60
      1          0               0     11.700     46.800      0.014           7.128                 1.41         10
      1          0               0     42.600    145.300      0.108           9.646                  2.1         20
      1          0               0     37.600    218.500      0.182           9.931                 3.07         30
      1          0               0     49.300    362.700      0.449           9.373                 4.32         40
      1          0               0     62.400    460.900      1.219           8.404                 6.07         50
      1          0               0     52.800    778.900      1.977           6.765                 9.56         60
      1          0               0     36.200    137.900      0.044           7.655                 1.33         10
      1          0               0     32.400    212.800      0.078          12.602                 1.61         20
      1          0               0     26.900    265.300      0.112           9.684                 3.13         30
      1          0               0     36.800    313.200      0.279           7.690                 5.27         40
      1          0               0     44.600    405.800      0.560           7.247                 7.18         50
      1          0               0     95.500    675.300      3.151           5.311                 11.7         60
      1          0               0     74.500    229.600      0.092           6.980                 1.46         10
      1          0               0     53.100    207.600      0.134          11.322                 1.81         20
      1          0               0     26.000    217.700      0.116          11.723                  2.6         30
      1          0               0     50.900    380.700      0.383          11.654                 3.56         40
      1          0               0     49.500    642.600      0.561          12.139                 4.34         50
      1          0               0     50.200    505.500      0.872           9.293                  6.8         60
      1          0               0     35.600    136.200      0.055           7.059                 1.44         10
      1          0               0     36.300    216.200      0.094          11.493                 1.75         20
      1          0               0     31.900    313.100      0.150           9.113                 3.42         30
      0          0               0   2000.000  80000.000     14.370          10.980                 3.64         40
      0          0               0   2000.000 100000.000     21.646          11.978                 4.18         50
      0          0               0   2000.000 120000.000     59.104           8.975                 6.69         60
      1          0               0     54.400    200.600      0.069           7.901                 1.29         10
      1          0               0     55.400    431.400      0.145          11.424                 1.81         20
      1          0               0     52.200    463.200      0.246          12.479                 2.44         30
      1          0               0     48.000    465.600      0.396           9.310                 4.38         40
      1          0               0     52.700    685.800      0.684           8.962                 5.74         50
      1          0               0     31.700    461.600      0.838           8.962                 6.85         60
      1          0               0     44.900    113.600      0.063           5.098                 2.06         10
      1          0               0     18.100    121.800      0.048          10.818                 1.86         20
      1          0               0     50.700    315.500      0.259           9.623                 3.17         30
      1          0               0     40.900    305.300      0.464          10.066                 4.03         40
      1          0               0     40.700    321.200      1.104           7.430                 7.15         50
      0          0               0   2000.000 120000.000    156.417           6.982                 8.61         60
      1          0               0     48.100    186.000      0.059           5.852                 1.77         10
      1          0               0     46.200    410.500      0.125          10.952                 1.95         20
      1          0               0     34.700    430.000      0.157          12.369                 2.49         30
      1          0               0     50.400    437.300      0.455          12.060                 3.34         40
      1          0               0     38.600    526.600      0.649           7.811                 6.47         50
      0          0               0   2000.000 120000.000     65.421           7.004                 8.57         60
      1          0               0     39.000     89.800      0.047           7.695                 1.32         10
      1          0               0     36.700    230.500      0.093          10.076                 2.03         20
      1          0               0     39.100    262.700      0.178           8.703                 3.54         30
      1          0               0     26.600    353.100      0.220           9.959                 4.09         40
      0          0               0   2000.000 100000.000     28.027           6.994                 7.15         50
      1          0               0     23.700    450.500      0.800           5.650                 11.0         60
      1          0               0     45.000    160.200      0.055           7.544                 1.34         10
      1          0               0     30.100    139.400      0.072          12.724                 1.59         20
      1          0               0     36.500    255.200      0.143          13.447                 2.27         30
      1          0               0     57.000    466.200      0.359          12.770                 3.23         40
      1          0               0     82.500    465.600      0.731          13.204                 3.96         50
      1          0               0     71.100    440.700      1.379          10.281                 7.22         60
      1          0               0     35.300    149.900      0.043           7.683                 1.32         10
      1          0               0     29.400    194.200      0.081           8.796                 2.31         20
      1          0               0     37.400    278.800      0.153          12.420                 2.46         30
      1          0               0     40.700    346.700      0.255          13.007                 3.11         40
      1          0               0     47.300    482.000      0.484          13.459                 3.78         50
      1          0               0     33.800    613.600      0.949          11.775                  5.3         60
      1          0               0     34.400     97.500      0.042           8.047                 1.27         10
      1          0               0     56.800    348.600      0.143          11.643                 1.75         20
      1          0               0     59.700    352.300      0.225          14.477                 2.12         30
      1          0               0     44.700    511.100      0.291          12.257                  3.3         40
      1          0               0     44.600    505.900      0.444          10.944                  4.7         50
      0          0               0   2000.000 120000.000     36.144           8.975                 6.69         60
      1          0               0     33.500    117.200      0.040           9.006                 1.13         10
      1          0               0     32.100    203.700      0.079          12.679                 1.61         20
      1          0               0     22.800    152.600      0.095          11.596                 2.66         30
      1          0               0     79.800    417.400      0.512          13.132                  3.1         40
      1          0               0     45.700    386.600      0.595           9.779                 5.26         50
      1          0               0     43.900    479.700      1.314           8.310                 8.06         60
      1          0               0     58.900    163.200      0.075           7.944                 1.27         10
      1          0               0     59.400    287.100      0.163          10.672                 1.89         20
      1          0               0     43.300    396.700      0.213          14.508                 2.09         30
      1          0               0     46.600    458.600      0.403          10.058                 4.14         40
      1          0               0     37.700    480.400      0.431          12.592                 4.05         50
      1          0               0     22.900    329.400      0.403          10.380                 5.84         60
      1          0               0     74.500    288.300      0.095           7.467                 1.36         10
      1          0               0     68.600    327.100      0.176          12.844                 1.59         20
      1          0               0     70.200    549.300      0.289          15.118                 2.01         30
      1          0               0     85.000    562.300      0.654          14.540                  2.8         40
      1          0               0     57.200    616.000      0.842          10.832                 4.89         50
      1          0               0     30.100    402.500      0.921           7.126                 8.97         60
      1          0               0     46.900    216.200      0.057           8.580                 1.19         10
      1          0               0     29.800    172.500      0.073          13.544                 1.52         20
      1          0               0     33.100    206.400      0.124          14.483                  2.1         30
      1          0               0     46.800    283.600      0.275          15.677                 2.62         40
      1          0               0    276.800   1098.500      2.245          16.413                 3.08         50
      1          0               0     51.800    593.600      0.934          10.745                 5.99         60
      1          0               0     16.300     64.300      0.021           5.644                  1.9         10
      1          0               0     94.900    344.500      0.259           8.667                 2.34         20
      1          0               0     77.100    259.800      0.335          10.994                 2.73         30
      1          0               0     64.600    426.700      0.408          11.472                 3.55         40
      0          0               0   2000.000 100000.000     21.954          10.967                 4.57         50
      1          0               0    102.500    517.300      1.982           9.402                 6.47         60
      1          0               0     48.800    205.400      0.067           6.254                 1.66         10
      1          0               0     41.700    285.200      0.124           9.381                 2.19         20
      1          0               0     42.300    435.000      0.246          10.149                 2.98         30
      1          0               0     38.100    432.100      0.351           9.543                 4.38         40
      1          0               0     50.900    537.500      0.679           9.253                 5.48         50
      1          0               0     65.500    528.400      1.333           8.281                 7.46         60
      1          0               0     59.400    173.800      0.075           6.805                  1.5         10
      1          0               0     60.900    259.800      0.149          10.985                 1.87         20
      1          0               0     45.500    243.300      0.172          14.297                 2.11         30
      1          0               0     52.700    261.300      0.410          12.017                 3.35         40
      0          0               0   2000.000 100000.000     23.928          10.966                 4.56         50
      1          0               0     39.600    414.400      0.779           9.384                  6.5         60
      1          0               0     45.100    153.500      0.057           6.266                 1.62         10
      1          0               0     35.800    250.400      0.090          11.039                 1.83         20
      0          0               0   2000.000  60000.000      8.077          10.995                 2.73         30
      1          0               0     43.500    299.900      0.294          10.090                 4.02         40
      1          0               0     32.900    320.400      0.433           6.334                 8.34         50
      1          0               0     33.400    582.500      1.129           4.638                 14.2         60
      1          0               0     48.500    112.400      0.061           7.643                 1.32         10
      1          0               0     41.900    326.600      0.129           9.294                  2.2         20
      1          0               0     58.200    421.000      0.297          10.670                 2.87         30
      1          0               0     18.000    210.600      0.164           9.822                  4.2         40
      1          0               0     45.600    433.000      0.654           8.864                 5.85         50
      1          0               0     36.900    325.300      0.829           7.621                 8.36         60
      1          0               0     42.600    107.300      0.052           6.650                 1.52         10
      1          0               0     59.100    368.200      0.158           9.103                 2.27         20
      1          0               0     26.300    250.300      0.125          11.065                 2.77         30
      1          0               0     31.500    355.300      0.245           9.600                  4.3         40
      1          0               0     57.300    541.100      0.634           9.902                 5.17         50
      1          0               0     57.600    571.100      1.060           8.903                  6.9         60
      1          0               0     39.300    128.500      0.051           5.318                 1.97         10
      1          0               0     46.500    290.000      0.134           8.241                 2.47         20
      1          0               0     60.500    490.100      0.323           9.580                 3.19         30
      1          0               0     40.500    350.100      0.484           7.872                 5.23         40
      1          0               0     35.100    373.100      0.793           6.826                 8.91         50
      1          0               0     53.000    567.000      2.196           7.492                 9.15         60
      1          0               0     34.700     97.600      0.043           7.089                 1.49         10
      1          0               0     37.100    194.200      0.100           9.531                 2.16         20
      1          0               0     42.800    243.400      0.192          11.687                 2.79         30
      1          0               0     47.100    383.600      0.454          10.263                 4.29         40
      1          0               0     42.500    458.000      0.622          11.866                 4.41         50
      1          0               0     34.800    346.800      0.785           9.954                 6.55         60
      1          0               0     48.000    103.300      0.056           8.021                 1.26         10
      1          0               0     29.600    161.200      0.071          12.182                 1.66         20
      1          0               0     47.400    297.400      0.207          13.152                 2.32         30
      1          0               0     46.300    349.300      0.370          10.350                 3.94         40
      1          0               0     47.400    456.800      0.569          10.517                 4.87         50
      1          0               0     33.500    371.800      0.872           7.967                 7.84         60
      1          0               0     20.700     97.700      0.028           5.845                 1.83         10
      1          0               0     28.900    115.900      0.104           9.983                 2.02         20
      1          0               0     36.300    228.500      0.151          11.342                 2.71         30
      1          0               0    150.100    627.500      1.134          14.192                 2.84         40
      0          0               0   2000.000 100000.000     28.274          10.977                 4.56         50
      0          0               0   2000.000 120000.000     54.670           9.982                 6.01         60
      1          0               0     49.400    136.700      0.060           7.445                 1.36         10
      1          0               0     46.300    254.100      0.124           7.965                 2.55         20
      1          0               0     48.500    417.000      0.224          11.889                 2.54         30
      1          0               0     50.600    485.600      0.367          12.654                 3.26         40
      1          0               0     44.500    494.800      0.551          10.870                 4.72         50
      1          0               0     38.200    313.500      0.782          10.086                 6.33         60
      1          0               0     29.800     85.500      0.036           7.510                 1.37         10
      1          0               0     42.300    269.600      0.106          10.943                 1.84         20
      1          0               0     32.600    178.800      0.141          11.632                 2.59         30
      1          0               0     24.100    243.700      0.172          11.801                 3.41         40
      1          0               0     19.300    213.000      0.184          11.451                 4.39         50
      1          0               0     43.600    552.000      0.915          10.060                 6.02         60
      1          0               0     31.900    153.300      0.039           7.179                 1.42         10
      1          0               0     34.200    167.200      0.085          10.816                 1.89         20
      1          0               0     17.100    140.800      0.072          10.474                 2.94         30
      1          0               0     21.900    233.600      0.192           7.388                 6.19         40
      1          0               0     53.000    408.500      1.066           7.928                 6.85         50
      0          0               0   2000.000 120000.000     65.171           9.934                 6.08         60
      1          0               0    443.100   1372.400      0.536           7.061                 1.42         10
      1          0               0     31.900    128.000      0.076          12.696                 1.61         20
      1          0               0     41.200    298.600      0.157          15.376                 2.01         30
      1          0               0    483.400   1431.200      2.764          14.863                  2.7         40
      1          0               0     56.500    561.400      0.598          11.706                 4.33         50
      1          0               0    220.600   1242.400      3.723           8.835                 6.84         60
      1          0               0     48.800    135.600      0.060           8.234                 1.23         10
      1          0               0     64.500    317.300      0.160          12.361                 1.65         20
      1          0               0     45.900    305.900      0.176          14.118                 2.15         30
      1          0               0     60.000    604.300      0.361          12.002                 3.37         40
      1          0               0     49.600    629.600      0.648           8.802                 5.74         50
      1          0               0     44.800    526.900      0.902           9.290                 6.68         60
      1          0               0     45.300    167.800      0.055           6.640                 1.52         10
      1          0               0     34.600    151.300      0.094           8.592                 2.44         20
      1          0               0     64.000    347.300      0.310          10.602                 2.88         30
      1          0               0     34.900    277.300      0.237          12.562                 3.28         40
      1          0               0     23.900    271.200      0.277          10.661                 4.79         50
      0          0               0   2000.000 120000.000     29.561          11.949                 5.04         60
      1          0               0     62.800    261.300      0.080           7.803                 1.34         10
      1          0               0     74.000    403.900      0.190          12.034                 1.72         20
      1          0               0     60.000    489.200      0.234          16.245                 1.87         30
      1          0               0   1423.900   3246.900      8.389          11.969                 3.34         40
      1          0               0     61.200    542.100      0.611          11.090                 4.58         50
      1          0               0     53.200    694.200      0.945          10.425                 5.92         60
      1          0               0     55.600    140.400      0.072           7.180                  1.4         10
      1          0               0     33.400    199.200      0.085          11.374                 1.78         20
      1          0               0     40.400    309.400      0.181          11.475                 2.66         30
      1          0               0     57.500    421.200      0.444           8.609                 4.89         40
      0          0               0   2000.000 100000.000     20.388          10.920                  4.6         50
      1          0               0     49.300    522.700      1.311           7.231                 8.88         60
      1          0               0     12.000     43.700      0.015           8.217                 1.23         10
      1          0               0     74.800    314.700      0.192          12.005                 1.68         20
      0          0               0   2000.000  60000.000     10.384          13.969                 2.15         30
      0          0               0   2000.000  80000.000     14.301          11.003                 3.64         40
      1          0               0     55.500    540.000      1.127           9.366                 5.58         50
      1          0               0     49.600    352.700      1.719           8.008                 8.77         60
      1          0               0     42.200    173.900      0.050           9.009                 1.12         10
      1          0               0     22.300    157.700      0.054          12.377                 1.63         20
      1          0               0     26.600    224.300      0.118          10.124                 3.02         30
      1          0               0     65.000    501.400      0.443           9.948                 4.06         40
      1          0               0     36.800    374.300      0.403           9.446                 5.48         50
      1          0               0     58.300    414.700      0.897           9.360                 6.75         60
      1          0               0     34.200    135.300      0.042           7.269                  1.4         10
      1          0               0     49.600    278.300      0.120          11.425                 1.77         20
      1          0               0     47.600    350.100      0.206          12.277                  2.5         30
      1          0               0     73.400    508.400      0.452          16.373                 2.52         40
      1          0               0     73.400    548.100      1.048          10.305                  5.1         50
      1          0               0     73.400    526.800      2.288           7.591                 8.02         60
      1          0               0     41.500    215.600      0.058           6.166                 1.66         10
      1          0               0     45.900    235.000      0.120           9.301                 2.17         20
      1          0               0     42.100    259.400      0.188           9.905                 3.07         30
      1          0               0     17.600    246.800      0.139           9.312                 4.46         40
      1          0               0     39.100    408.200      0.468           9.977                 5.04         50
      1          0               0     23.200    429.600      0.441           8.815                 6.95         60
      1          0               0     49.300    210.100      0.063           7.209                 1.41         10
      1          0               0     45.100    397.600      0.147           7.388                 2.76         20
      1          0               0     40.600    440.200      0.189          10.916                  2.8         30
      0          0               0   2000.000  80000.000     14.964           8.982                 4.46         40
      0          0               0   2000.000 100000.000     33.049           7.985                 6.27         50
      0          0               0   2000.000 120000.000     57.550           7.974                 7.54         60
      1          0               0     50.100    108.700      0.059           7.232                 1.39         10
      1          0               0     42.600    228.400      0.102          11.979                 1.73         20
      1          0               0     44.300    229.100      0.176          14.246                 2.19         30
      1          0               0     34.600    380.300      0.284          11.737                 3.56         40
      1          0               0     27.400    372.100      0.374          10.328                 4.99         50
      1          0               0     27.900    472.300      0.604          10.161                 6.01         60
      1          0               0     38.000    193.200      0.051           5.561                 1.86         10
      1          0               0     58.700    462.200      0.158          11.489                 1.78         20
      0          0               0   2000.000  60000.000     10.370          11.922                 2.53         30
      0          0               0   2000.000  80000.000     18.836           7.994                 5.01         40
      1          0               0     92.600    554.700      1.368           8.226                 6.21         50
      1          0               0    707.300   2159.200     16.284           8.873                 6.81         60
      1          0               0     34.100    100.400      0.044           5.490                 1.84         10
      1          0               0     35.900    231.100      0.109           7.343                  2.8         20
      1          0               0     48.000    246.300      0.252           9.162                 3.33         30
      1          0               0     31.400    367.100      0.304           9.293                 4.42         40
      1          0               0     27.200    419.100      0.542           7.298                 7.14         50
      1          0               0     40.600    544.100      1.807           6.030                 10.2         60
      1          0               0     19.900     80.700      0.025           7.176                 1.43         10
      1          0               0     34.300    154.600      0.078          13.840                 1.49         20
      1          0               0     39.000    282.000      0.155          14.287                 2.22         30
      1          0               0     37.500    215.300      0.238          12.672                 3.26         40
      1          0               0     35.800    313.300      0.340          10.849                 4.67         50
      0          0               0   2000.000 120000.000     36.986           8.992                 6.67         60
      1          0               0     30.200    104.800      0.036           7.725                 1.31         10
      1          0               0     41.700    261.600      0.102          10.185                 1.98         20
      1          0               0     48.200    356.700      0.200          11.017                 2.75         30
      1          0               0     37.600    458.700      0.256           9.548                 4.26         40
      1          0               0     38.400    571.300      0.653           8.711                 6.04         50
      0          0               0   2000.000 120000.000     41.924          11.946                 5.03         60
      1          0               0     25.300     86.300      0.033           5.518                 1.88         10
      1          0               0     42.800    224.000      0.136           7.570                 2.71         20
      1          0               0     34.300    289.400      0.210           6.096                 5.09         30
      1          0               0     29.100    272.200      0.311           5.409                 7.58         40
      1          0               0     24.900    308.200      0.683           5.855                 9.57         50
      1          0               0     32.800    334.900      1.795           6.412                 10.2         60
      1          0               0     18.200     74.800      0.026           7.451                 1.38         10
      1          0               0     24.000    200.400      0.075          10.796                 1.87         20
      1          0               0     25.200    234.200      0.114          11.778                 2.58         30
      1          0               0     54.600    372.500      0.397          10.549                 3.82         40
      1          0               0     30.900    274.000      0.385          10.476                 5.04         50
      1          0               0     54.400    422.300      1.355           9.250                 6.99         60
      1          0               0     43.200    117.900      0.058           6.600                 1.53         10
      1          0               0     53.100    259.500      0.151           9.793                 2.08         20
      1          0               0     34.000    375.800      0.154          11.506                 2.69         30
      0          0               0   2000.000  80000.000     16.805          14.949                 2.68         40
      1          0               0     62.100    425.600      0.631          13.311                  3.9         50
      0          0               0   2000.000 120000.000     39.987          10.967                 5.48         60
      1          0               0     33.200     87.600      0.040           9.178                  1.1         10
      1          0               0     17.200    114.100      0.042          11.878                  1.7         20
      1          0               0     58.300    348.000      0.273          13.276                 2.28         30
      1          0               0     29.500    264.000      0.210          13.631                 2.98         40
      1          0               0     34.300    309.200      0.357          10.187                 4.99         50
      1          0               0     26.900    440.400      0.457           7.305                 8.38         60
      1          0               0     41.900    109.100      0.051           6.924                 1.47         10
      1          0               0     31.000    178.200      0.080           9.981                 2.07         20
      1          0               0     28.500    245.800      0.133          11.456                  2.7         30
      1          0               0     51.700    323.700      0.361          12.820                 3.25         40
      1          0               0     45.200    418.500      0.859           9.799                 5.26         50
      1          0               0     48.900    462.400      1.564           8.039                 7.73         60
      1          0               0     45.000    127.600      0.056           6.449                 1.57         10
      1          0               0     68.900    315.500      0.161          13.290                 1.52         20
      1          0               0    264.800    796.400      1.010          12.969                 2.32         30
      1          0               0     39.300    429.200      0.252          12.929                 3.17         40
      1          0               0     50.900    438.200      0.544          11.446                 4.63         50
      1          0               0     40.700    553.200      0.921           9.418                 6.95         60
      1          0               0     14.700     84.600      0.020           5.537                 1.85         10
      1          0               0     34.100    198.100      0.093          10.839                 1.91         20
      1          0               0     17.900    164.600      0.082          12.017                 2.51         30
      1          0               0     29.200    235.200      0.204          14.144                 2.92         40
      1          0               0     17.800    266.600      0.226           8.882                 6.19         50
      1          0               0     36.500    581.300      0.736           9.501                  6.5         60
      1          0               0     39.800    141.700      0.049           7.279                 1.52         10
      1          0               0     44.000    313.000      0.123          11.200                 1.89         20
      1          0               0     51.000    316.000      0.208          15.106                 2.07         30
      1          0               0     42.000    376.000      0.264          13.986                 2.94         40
      1          0               0     32.800    433.100      0.498          11.244                 4.67         50
      1          0               0     57.100    607.600      1.273          11.342                 5.37         60
      1          0               0     51.800    151.300      0.064           7.454                 1.35         10
      1          0               0     47.100    372.800      0.126          10.312                 1.98         20
      1          0               0     38.300    387.000      0.167          11.217                 2.74         30
      0          0               0   2000.000  80000.000     13.614          12.962                 3.09         40
      0          0               0   2000.000 100000.000     22.293           9.972                 5.02         50
      1          0               0     32.900    572.300      0.707           8.277                 7.47         60
      1          0               0     16.200     77.500      0.021           5.704                  1.8         10
      1          0               0     58.000    252.300      0.143          10.571                  1.9         20
      1          0               0     77.600    317.400      0.303          12.884                 2.35         30
      1          0               0     59.400    391.800      0.384          10.604                 3.82         40
      1          0               0     41.500    365.700      0.453          11.229                 4.48         50
      1          0               0     50.600    538.400      1.122           9.540                 6.37         60
      1          0               0     47.500    100.100      0.058           7.389                 1.37         10
      1          0               0     46.800    273.800      0.122           9.177                 2.21         20
      1          0               0     45.200    271.700      0.200           9.896                 3.07         30
      1          0               0     22.000    281.700      0.166           9.409                 4.41         40
      1          0               0   1375.600   3032.700     14.539          10.943                 4.59         50
      0          0               0   2000.000 120000.000     30.159          10.945                 5.51         60
      1          0               0     59.700    215.300      0.076           5.496                 1.86         10
      1          0               0     59.000    299.100      0.144          11.427                 1.76         20
      1          0               0     57.200    312.200      0.231          12.040                 2.51         30
      1          0               0     49.000    545.500      0.327          11.720                 3.46         40
      1          0               0     62.800    520.900      0.738          11.205                 4.51         50
      1          0               0     43.800    589.300      1.308           8.505                 7.43         60
      1          0               0     36.000    104.200      0.042           8.203                 1.23         10
      1          0               0     55.100    222.500      0.138          11.906                 1.72         20
      1          0               0     45.600    456.400      0.189          10.840                  2.8         30
      1          0               0     49.100    511.000      0.353          11.193                 3.65         40
      1          0               0     42.400    558.000      0.695           6.844                  7.6         50
      1          0               0     49.600    691.200      1.492           5.417                 11.6         60
      1          0               0     46.300    131.800      0.054           8.942                 1.13         10
      1          0               0     36.100    189.100      0.088          10.391                 1.94         20
      1          0               0     45.100    227.900      0.183          10.778                 2.81         30
      1          0               0     40.400    319.000      0.284           9.963                 4.08         40
      1          0               0     35.500    250.100      0.378          10.808                 4.67         50
      1          0               0     40.600    329.600      1.187           6.680                 9.16         60
      1          0               0     28.900    100.800      0.036           5.986                 1.72         10
      1          0               0     72.700    466.300      0.186           9.259                 2.18         20
      1          0               0     28.300    209.000      0.121          10.735                 2.88         30
      1          0               0     54.600    330.800      0.441           8.672                 4.64         40
      1          0               0     36.100    320.500      0.432           9.230                 5.55         50
      1          0               0     31.400    340.000      0.821           8.102                 7.59         60
      1          0               0     63.800    179.800      0.077           8.467                 1.25         10
      1          0               0     62.200    284.300      0.156          11.807                 1.75         20
      1          0               0     64.100    491.900      0.282          12.652                 2.43         30
      1          0               0     52.200    504.200      0.379          13.525                 3.07         40
      1          0               0     50.500    617.300      0.765          11.259                 4.52         50
      1          0               0     61.200    660.000      1.590           9.431                  6.5         60
      1          0               0     38.800    174.600      0.052           4.861                  2.1         10
      1          0               0     36.300    380.100      0.119           5.110                 4.01         20
      1          0               0     47.400    470.300      0.256           8.745                 3.48         30
      1          0               0     49.300    701.500      0.503           7.625                 5.33         40
      1          0               0     33.700    529.400      0.493           9.205                 5.62         50
      1          0               0     38.200    736.000      0.884           8.751                 7.17         60
      1          0               0     31.200    103.800      0.038           8.474                 1.19         10
      1          0               0     42.400    228.900      0.100          13.913                 1.45         20
      1          0               0     62.100    559.500      0.238          14.575                 2.07         30
      1          0               0     61.400    546.300      0.381          15.581                 2.65         40
      1          0               0     63.000    724.300      0.550          12.756                 4.02         50
      0          0               0   2000.000 120000.000     23.057          12.911                 4.67         60
      1          0               0     40.700    146.200      0.049           7.897                  1.3         10
      1          0               0     30.200    151.400      0.074          10.762                 1.88         20
      1          0               0     38.200    282.600      0.153          11.704                  2.6         30
      1          0               0     31.000    259.200      0.194          10.094                 4.03         40
      1          0               0     29.700    317.200      0.298           9.818                 5.22         50
      1          0               0     44.800    495.300      1.029           7.277                 8.35         60
      1          0               0     47.900    191.600      0.058           7.342                 1.38         10
      1          0               0     51.300    238.700      0.128          11.111                 1.82         20
      1          0               0     21.900    132.400      0.103          11.210                 2.73         30
      1          0               0     40.000    292.700      0.245          12.485                  3.3         40
      1          0               0     45.500    477.700      0.630           8.745                 5.83         50
      1          0               0     34.600    431.800      1.148           7.321                  8.8         60
      1          0               0     54.800    225.400      0.076           7.232                 1.42         10
      1          0               0     63.300    299.900      0.191           8.638                 2.37         20
      1          0               0     56.200    387.200      0.247          11.625                  2.6         30
      1          0               0     56.600    534.700      0.385          11.484                  3.5         40
      1          0               0     55.200    667.700      0.637           9.438                 5.43         50
      1          0               0    637.300   1925.600     14.257           5.914                 10.2         60
      1          0               0     16.700     75.400      0.020           7.545                 1.34         10
      1          0               0     37.000    243.600      0.093           9.484                 2.13         20
      1          0               0     68.000    326.600      0.264          13.566                 2.24         30
      1          0               0     34.800    417.500      0.249          12.313                 3.38         40
      0          0               0   2000.000 100000.000     16.688          13.966                 3.58         50
      1          0               0     48.200    500.300      0.870           9.320                 6.83         60
      1          0               0     36.500    133.500      0.045           6.784                 1.53         10
      1          0               0     36.800    259.300      0.095           8.312                 2.45         20
      1          0               0     36.400    264.800      0.157           9.843                 3.08         30
      1          0               0     42.200    316.400      0.293          11.441                 3.54         40
      1          0               0     51.800    511.500      0.575          10.739                 4.76         50
      1          0               0    112.500    821.000      2.053           9.703                  6.3         60
      1          0               0     29.700    135.900      0.037           7.407                 1.37         10
      1          0               0     36.400    190.900      0.094          11.451                 1.78         20
      1          0               0     32.600    304.400      0.143          12.089                 2.56         30
      1          0               0     80.800    415.600      0.555          12.103                 3.34         40
      1          0               0     38.700    425.700      0.519           9.961                  5.4         50
      0          0               0   2000.000 120000.000     43.309          10.955                 5.51         60
      1          0               0     62.900    134.200      0.079           9.215                 1.09         10
      1          0               0     44.600    247.500      0.119          11.769                 1.75         20
      1          0               0    346.000    924.700      2.109          13.863                 2.18         30
      1          0               0     55.300    308.600      0.623          13.526                 3.04         40
      1          0               0     58.700    428.400      1.066          11.862                 4.45         50
      1          0               0     55.500    445.200      1.662          11.870                 5.78         60
      1          0               0     17.800     65.000      0.021           7.736                 1.31         10
      1          0               0     52.100    267.200      0.139          11.117                 1.85         20
      1          0               0     19.900    221.800      0.096          10.744                 2.89         30
      1          0               0     28.400    290.000      0.209          11.746                 3.51         40
      1          0               0     47.600    533.500      0.599          13.296                 3.86         50
      1          0               0     56.300    500.700      1.137           9.773                  6.3         60
      1          0               0     28.100    146.500      0.037           6.391                 1.62         10
      1          0               0     29.000    145.200      0.076          11.510                 1.75         20
      1          0               0     31.100    219.500      0.125          12.810                 2.36         30
      1          0               0     49.000    328.100      0.338          13.661                 2.97         40
      1          0               0     41.400    516.300      0.604           9.657                 5.29         50
      1          0               0     44.700    663.300      0.983           8.644                  7.2         60
      1          0               0     58.300    214.300      0.077           8.434                 1.27         10
      1          0               0     56.300    281.500      0.153          11.146                 1.96         20
      1          0               0     54.700    424.200      0.259          12.490                 2.57         30
      0          0               0   2000.000  80000.000     13.796          12.919                 3.13         40
      1          0               0     43.900    561.900      0.673          10.271                 5.31         50
      1          0               0     41.100    519.100      1.549           7.606                 8.79         60
      1          0               0     41.700    210.900      0.057           5.173                  2.0         10
      1          0               0     50.100    259.400      0.131           9.553                  2.1         20
      0          0               0   2000.000  60000.000      8.460          12.990                 2.31         30
      1          0               0     31.300    269.100      0.189          13.620                 2.97         40
      1          0               0     24.100    304.700      0.272          10.274                 4.97         50
      0          0               0   2000.000 120000.000     37.537           8.985                 6.68         60
      1          0               0     26.000    118.700      0.033           7.269                 1.42         10
      1          0               0     35.200    181.100      0.085          12.344                 1.65         20
      1          0               0     49.000    344.700      0.209          13.343                 2.27         30
      1          0               0     74.000    402.900      0.477          12.491                 3.27         40
      1          0               0     43.600    325.700      0.447          12.128                  4.3         50
      1          0               0     60.900    734.000      0.908          12.621                 4.96         60
      1          0               0     29.900     70.000      0.036           8.883                 1.13         10
      1          0               0     37.100    259.800      0.104           8.515                 2.43         20
      1          0               0     40.300    223.000      0.187           9.452                 3.29         30
      1          0               0     28.100    292.900      0.247           8.139                 5.21         40
      1          0               0     40.000    380.500      0.613           7.758                 6.65         50
      1          0               0     28.000    353.400      0.714           6.543                 9.42         60
      1          0               0     34.700    105.400      0.042           7.706                 1.34         10
      1          0               0     56.800    281.500      0.145           8.570                 2.36         20
      1          0               0     51.400    337.000      0.225           9.685                 3.13         30
      1          0               0     36.400    411.200      0.271           9.288                 4.35         40
      1          0               0     52.900    512.600      0.709          10.304                 4.92         50
      1          0               0     49.400    699.400      1.220           7.520                 8.14         60
      1          0               0     21.300     62.300      0.026           6.624                 1.52         10
      1          0               0     40.900    204.500      0.112           6.506                 3.15         20
      1          0               0     54.500    300.600      0.276           9.424                 3.21         30
      1          0               0     48.100    403.300      0.416          11.520                 3.61         40
      1          0               0     42.500    391.400      0.526          11.026                 4.82         50
      1          0               0     34.600    485.000      0.798           8.529                 7.49         60
      1          0               0     36.900    170.800      0.047           6.913                 1.49         10
      1          0               0     27.000    188.500      0.069          11.270                 1.86         20
      1          0               0     49.000    368.800      0.183          16.784                 1.81         30
      1          0               0     47.500    460.100      0.321          10.543                 3.86         40
      1          0               0     17.400    279.500      0.255           8.144                  6.3         50
      1          0               0     28.400    363.500      0.648           7.954                 8.02         60
      1          0               0     52.000    141.100      0.066           6.190                 1.64         10
      1          0               0     36.200    170.900      0.095           8.917                 2.27         20
      1          0               0     41.500    266.100      0.196           8.725                 3.49         30
      1          0               0     26.700    285.400      0.333           6.858                 6.16         40
      1          0               0     20.300    334.200      0.571           5.498                 9.51         50
      1          0               0     24.500    432.000      1.155           6.192                 10.0         60
      1          0               0     50.800    242.900      0.068           7.461                 1.37         10
      1          0               0     60.000    219.100      0.151          13.102                 1.54         20
      1          0               0     39.000    227.100      0.162          11.818                 2.58         30
      1          0               0     52.900    372.000      0.412          10.147                 4.06         40
      1          0               0     41.900    229.500      0.592           9.384                 5.47         50
      0          0               0   2000.000 120000.000     70.254           7.000                 8.57         60
      1          0               0     41.400    149.100      0.051           7.162                 1.52         10
      1          0               0     48.000    239.400      0.121          10.456                 1.95         20
      1          0               0     48.500    323.900      0.201          11.895                 2.56         30
      1          0               0     26.900    316.300      0.183          10.680                 3.79         40
      1          0               0     26.600    456.000      0.348           9.579                 5.29         50
      1          0               0     48.400    527.600      0.969          10.240                 6.11         60
      1          0               0     34.500    177.100      0.055           6.359                 1.61         10
      1          0               0     33.200    288.200      0.094          10.690                 1.91         20
      1          0               0     38.800    297.200      0.166          14.376                 2.15         30
      1          0               0     36.300    356.000      0.289          15.311                 2.66         40
      1          0               0     49.600    474.500      0.731          10.700                 4.77         50
      1          0               0     29.900    358.600      0.596          12.140                 5.67         60
      1          0               0     13.700     68.600      0.018           6.234                 1.64         10
      1          0               0     43.700    245.800      0.139           8.343                 2.42         20
      1          0               0     33.900    311.500      0.184           7.510                 4.05         30
      1          0               0     48.700    485.700      0.515           8.374                  4.9         40
      1          0               0     43.000    436.500      0.644           9.781                 5.24         50
      1          0               0     20.500    361.000      0.450           7.512                  8.1         60
      1          0               0     42.800    119.900      0.056           6.339                 1.63         10
      1          0               0     51.200    269.900      0.147           8.941                 2.29         20
      1          0               0     58.900    358.600      0.280          10.978                 2.77         30
      1          0               0     47.900    498.400      0.469           9.296                 4.34         40
      1          0               0     50.800    612.500      0.858          11.939                 4.28         50
      1          0               0     35.700    493.100      1.204           9.566                 6.74         60
      1          0               0     37.000    107.000      0.046           7.062                 1.43         10
      1          0               0     44.600    271.700      0.114           9.004                 2.24         20
      1          0               0     39.800    283.200      0.169           9.688                 3.15         30
      1          0               0     62.000    300.000      0.414          10.424                 3.88         40
      1          0               0     38.300    290.900      0.526           8.509                 5.98         50
      1          0               0     30.600    368.200      0.689           8.951                 6.75         60
      1          0               0     43.100    159.600      0.054           6.914                 1.49         10
      1          0               0     38.700    269.700      0.112           6.760                 2.99         20
      1          0               0     60.100    306.800      0.266          10.772                 2.82         30
      0          0               0   2000.000  80000.000     17.743           8.002                  5.0         40
      0          0               0   2000.000 100000.000     36.677           6.991                 7.16         50
      0          0               0   2000.000 120000.000     60.894           6.985                  8.6         60
      1          0               0     36.200     99.000      0.044           7.691                 1.31         10
      1          0               0     40.500    240.000      0.117           9.921                 2.05         20
      1          0               0     43.300    351.200      0.254          10.402                 2.96         30
      1          0               0     30.000    399.600      0.377           9.087                  4.5         40
      1          0               0     31.500    368.100      0.539           9.473                 5.35         50
      1          0               0     32.700    487.900      0.992           7.462                 8.59         60
      1          0               0    157.200    486.800      0.190           6.198                 1.62         10
      1          0               0    157.300    577.400      0.436          11.964                 1.68         20
      1          0               0    154.900    794.500      0.638          11.586                 2.61         30
      1          0               0    120.400    602.400      0.791          10.694                 3.78         40
      0          0               0   2000.000 100000.000     17.642           9.994                  5.0         50
      1          0               0     21.600    379.600      0.331           7.907                 7.77         60
      1          0               0     34.200    114.100      0.041           7.871                 1.29         10
      1          0               0     36.300    198.600      0.092          11.309                 1.79         20
      1          0               0     37.700    263.900      0.154          12.422                 2.45         30
      1          0               0     28.900    269.600      0.220           9.609                 4.39         40
      1          0               0     22.000    287.900      0.394           6.782                 7.54         50
      1          0               0     28.000    289.200      1.003           5.932                 10.5         60
      1          0               0     34.500    137.600      0.043           6.757                 1.51         10
      1          0               0     38.900    186.600      0.095          12.779                 1.58         20
      1          0               0     60.700    455.900      0.234          15.784                 1.91         30
      1          0               0     40.600    321.100      0.292          10.729                 3.77         40
      1          0               0     40.300    525.000      0.461           8.732                 5.92         50
      0          0               0   2000.000 120000.000     33.936           9.960                 6.04         60
      1          0               0     67.200    177.500      0.085           7.286                 1.39         10
      1          0               0     63.100    267.000      0.150          12.136                 1.68         20
      1          0               0     21.300    202.100      0.084          10.254                 2.97         30
      1          0               0     37.100    329.600      0.281           8.984                 4.53         40
      1          0               0     28.400    328.200      0.544           5.486                 10.3         50
      1          0               0     32.300    417.900      0.758           6.424                 10.3         60
      1          0               0     34.200    133.800      0.042           6.974                 1.44         10
      1          0               0     33.200    203.200      0.080          11.545                 1.76         20
      1          0               0     39.500    226.400      0.165          10.927                 2.82         30
      1          0               0     46.200    273.900      0.337          10.528                 3.96         40
      1          0               0     41.900    403.900      0.457           9.267                 5.47         50
      1          0               0     45.900    501.400      0.959           7.948                 8.01         60
      1          0               0     58.600    220.100      0.075           6.850                 1.48         10
      1          0               0     64.600    336.200      0.168          11.534                 1.76         20
      1          0               0     61.200    401.700      0.256          15.489                 1.96         30
      1          0               0     58.400    682.300      0.474          13.873                 3.01         40
      1          0               0     77.000   1001.700      0.851          14.205                 3.71         50
      1          0               0    136.500   1052.700      2.938           8.423                 7.35         60
      1          0               0     38.800    141.100      0.047           7.407                 1.43         10
      1          0               0     34.900    146.100      0.087           9.590                 2.12         20
      1          0               0     50.400    398.300      0.219          10.931                  2.8         30
      1          0               0     45.300    289.500      0.296          12.137                 3.35         40
      1          0               0     55.400    541.500      0.835           9.233                 5.47         50
      1          0               0     20.000    303.700      0.552           7.665                 8.15         60
