success  collision  collision_obst   makespan   flowtime    runtime     mean_groups     mean_groups_size     number
      1          0               0     47.000    194.800      0.097           7.740                 1.33         10
      1          0               0     38.300    194.400      0.252          10.355                 1.96         20
      1          0               0     72.900    430.700      1.882           9.082                 3.35         30
      1          0               0     47.000    411.100      2.795           7.734                 5.37         40
      1          0               0     37.300    505.600      9.169           6.214                 8.85         50
      1          0               0     35.600    409.800     28.339           5.879                 10.9         60
      1          0               0     43.800    201.800      0.102           6.826                 1.53         10
      1          0               0     50.200    303.300      0.319          10.875                 1.89         20
      1          0               0     47.400    322.000      0.826          12.146                 2.61         30
      1          0               0     45.000    360.600      1.528          12.971                 3.31         40
      1          0               0     27.900    403.600      2.019          10.566                 4.96         50
      1          0               0     40.500    486.100      4.953          10.373                 6.65         60
      1          0               0     18.100     76.500      0.042           5.796                 1.73         10
      1          0               0     30.200    283.700      0.269           6.738                 3.04         20
      1          0               0     31.200    315.800      0.795           7.192                 4.26         30
      1          0               0     64.300    780.900      6.930           4.412                 9.47         40
      1          0               0     53.000    708.200     12.906           4.883                 10.5         50
      1          0               0     55.000    811.200     34.429           5.511                 11.1         60
      1          0               0     50.500    171.100      0.107           7.446                 1.37         10
      1          0               0     21.600    188.400      0.114          11.653                 1.73         20
      1          0               0     38.400    352.300      0.482          12.273                 2.54         30
      1          0               0     21.800    262.700      0.745           8.587                 4.81         40
      1          0               0     35.200    289.400      5.930           6.963                 7.41         50
      1          0               0     35.800    450.100     10.672           6.972                 8.81         60
      1          0               0     21.400    106.500      0.048           7.285                 1.39         10
      1          0               0     24.200    152.400      0.155           9.715                 2.08         20
      1          0               0     70.200    480.400      1.215          11.382                 2.67         30
      1          0               0     23.500    271.100      1.096           9.323                 4.37         40
      1          0               0     56.500    679.500      6.336           9.450                 5.41         50
      1          0               0     45.900    974.000     17.356           8.035                 7.74         60
      1          0               0     54.900    215.400      0.128           6.002                  1.7         10
      1          0               0     53.800    267.100      0.352          11.390                 1.82         20
      1          0               0     23.900    189.800      0.643           9.619                 3.17         30
      1          0               0     48.200    560.600      3.146          10.977                 3.72         40
      1          0               0     18.600    291.600      4.247           7.581                 7.65         50
      1          0               0     17.000    379.800      6.568           6.182                  9.9         60
      1          0               0     49.900    210.600      0.122           5.872                 1.74         10
      1          0               0     38.400    212.000      0.229           9.909                 2.03         20
      1          0               0     30.900    255.400      0.472          10.142                 3.07         30
      1          0               0     69.900    595.300      2.752           8.844                 4.62         40
      1          0               0     23.400    369.500      5.915           6.244                 8.41         50
      1          0               0     44.100    566.400     44.189           5.798                 10.6         60
      1          0               0     41.900    135.000      0.091           7.869                 1.29         10
      1          0               0     43.100    258.000      0.289           9.445                 2.15         20
      1          0               0     46.100    464.500      1.144           9.970                 3.06         30
      1          0               0     50.800    368.900      1.813          10.923                 3.73         40
      1          0               0     45.100    510.900      7.522          10.594                 4.93         50
      1          0               0     49.100    558.200     28.607           9.927                 6.17         60
      1          0               0     44.100    194.400      0.102           6.537                 1.57         10
      1          0               0     89.400    253.000      0.557          10.773                 1.89         20
      1          0               0     37.400    202.900      0.511          11.866                 2.69         30
      1          0               0     38.400    323.500      2.503           9.500                  4.3         40
      1          0               0     37.400    316.300     10.691           5.000                 11.2         50
      1          0               0     42.800    466.800     23.103           4.671                 13.6         60
      1          0               0     35.000    150.800      0.085           6.569                 1.56         10
      1          0               0     43.200    173.400      0.220          11.403                 1.78         20
      1          0               0     49.100    273.800      0.658          11.401                  2.7         30
      1          0               0     37.600    369.200      0.965           9.984                 4.05         40
      1          0               0     33.900    582.200      3.775           8.791                 5.79         50
      1          0               0     25.200    525.600      6.307           6.020                 10.3         60
      1          0               0     48.700    159.000      0.100           8.203                 1.24         10
      1          0               0     60.300    343.700      0.311          12.226                 1.69         20
      1          0               0     77.600    658.300      0.954          13.341                 2.33         30
      1          0               0     54.700    747.600      1.620          14.819                 2.79         40
      1          0               0     51.700    929.600      8.111          10.489                 4.88         50
      1          0               0     41.100    929.600     17.295           8.985                 6.92         60
      1          0               0     27.200     79.700      0.062           7.305                  1.4         10
      1          0               0     58.800    335.100      0.311          10.412                 1.95         20
      1          0               0     57.700    404.200      0.952          11.769                 2.59         30
      1          0               0     54.300    412.300      2.403          12.615                 3.55         40
      0          0               0   2000.000 100000.000    118.454          12.939                 3.87         50
      0          0               0   2000.000 120000.000    229.671           8.973                  6.7         60
      1          0               0     17.800     87.500      0.039           7.354                  1.4         10
      1          0               0     60.000    334.900      0.321          10.188                 1.99         20
      1          0               0     48.000    338.200      0.799          12.646                 2.44         30
      1          0               0     63.700    687.300      5.374          12.074                 3.39         40
      0          0               0   2000.000 100000.000    470.070          11.966                 4.19         50
      0          0               0   2000.000 120000.000    933.553           9.830                 6.12         60
      1          0               0     22.000     87.000      0.044           8.555                 1.17         10
      1          0               0     33.600    242.900      0.176          11.491                 1.76         20
      1          0               0     33.200    375.300      0.518          10.422                 2.91         30
      1          0               0     49.600    515.000      3.288          11.466                 3.52         40
      1          0               0     42.900    407.300      7.843          10.331                 4.94         50
      1          0               0     43.000    455.500     54.135           6.709                  9.2         60
      1          0               0     34.900     90.800      0.075           7.327                 1.37         10
      1          0               0     28.600    214.500      0.164          10.465                 1.95         20
      1          0               0     36.300    295.000      0.547          11.028                 2.75         30
      1          0               0     27.900    273.100      1.054           8.409                 4.83         40
      1          0               0     29.400    396.300      3.201           9.490                 5.53         50
      1          0               0     22.300    421.500     14.540           6.395                 9.53         60
      1          0               0     47.900    224.100      0.136           5.628                 1.85         10
      1          0               0     56.100    400.500      0.311          11.321                 1.78         20
      0          0               0   2000.000  60000.000     17.142          12.950                 2.32         30
      0          0               0   2000.000  80000.000     70.265          12.980                 3.08         40
      1          0               0     56.000    837.900      9.498          10.523                  4.8         50
      1          0               0     59.500    724.900     21.149           7.953                 7.91         60
      1          0               0     13.300     46.300      0.032           6.977                 1.46         10
      1          0               0     43.300    225.800      0.256          11.524                 1.79         20
      1          0               0     52.600    486.200      1.042          12.317                 2.51         30
      1          0               0     59.400    567.500      4.186          10.369                 3.95         40
      1          0               0     45.500    508.600     12.749          10.165                 5.14         50
      1          0               0     47.000    491.600     28.000           8.945                 7.13         60
      1          0               0     33.700    177.500      0.071           7.638                 1.35         10
      1          0               0     59.300    414.100      0.288          11.914                 1.72         20
      1          0               0     45.900    368.200      0.603          10.983                 2.77         30
      1          0               0     52.100    541.900      1.754          10.514                 4.02         40
      1          0               0     32.100    445.800      3.500           7.551                 6.94         50
      1          0               0     41.800    640.600     10.284           7.060                 9.59         60
      1          0               0     72.200    261.300      0.150           7.359                 1.37         10
      0          0               0   2000.000  40000.000     10.984          10.995                 1.82         20
      0          0               0   2000.000  60000.000     17.894          13.946                 2.15         30
      0          0               0   2000.000  80000.000     69.939          13.969                 2.87         40
      0          0               0   2000.000 100000.000    116.429          11.974                 4.18         50
      0          0               0   2000.000 120000.000    224.987           9.941                 6.05         60
      1          0               0     33.600    144.400      0.070           7.875                 1.29         10
      1          0               0     24.400    170.700      0.117          11.971                 1.69         20
      1          0               0     70.300    436.200      0.692          14.330                  2.1         30
      1          0               0     47.300    482.700      2.321          10.474                 3.92         40
      1          0               0     48.900    522.000      6.653          10.012                 5.22         50
      0          0               0   2000.000 120000.000    514.560          10.971                 5.48         60
      1          0               0     48.800    180.100      0.104           7.205                 1.44         10
      1          0               0     58.300    507.900      0.284          12.314                 1.64         20
      1          0               0     59.500    342.000      0.862          12.069                 2.52         30
      1          0               0     80.500    501.100      2.516          11.452                 3.59         40
      1          0               0     57.500    570.100      6.263           8.944                 5.91         50
      1          0               0     50.600    596.900     15.363           6.765                 9.55         60
      1          0               0     30.200    121.100      0.064           7.791                  1.3         10
      1          0               0     69.500    317.400      0.354          12.285                 1.67         20
      1          0               0     55.700    381.600      0.699          13.758                 2.31         30
      1          0               0     48.900    551.200      2.653          12.933                 3.17         40
      1          0               0     40.100    489.600      4.753          10.633                 4.85         50
      1          0               0     61.000    616.100     25.389           8.607                 7.28         60
      1          0               0     62.700    123.600      0.169           6.268                 1.62         10
      1          0               0     24.000    163.800      0.187          10.492                 1.92         20
      1          0               0     23.300    193.400      0.597          11.515                 2.72         30
      1          0               0     19.200    245.700      1.009           9.526                 4.28         40
      1          0               0     29.000    561.900      5.637           8.103                  6.4         50
      1          0               0     31.000    478.200     14.749           6.235                 9.93         60
      1          0               0     71.200    160.400      0.137           9.376                 1.08         10
      1          0               0     49.000    283.500      0.223          14.653                 1.39         20
      1          0               0     45.400    340.000      0.436          13.744                 2.27         30
      1          0               0     49.700    428.900      0.959          16.853                 2.56         40
      0          0               0   2000.000 100000.000     96.974          15.893                 3.16         50
      0          0               0   2000.000 120000.000    156.521          11.917                 5.07         60
      1          0               0     26.800    130.600      0.053           8.026                 1.26         10
      1          0               0     22.800    202.300      0.142           9.680                 2.12         20
      1          0               0     27.900    313.600      0.428          10.473                 2.99         30
      1          0               0     27.200    297.400      0.822          11.298                 3.83         40
      1          0               0     38.200    535.200      3.958           7.034                 7.38         50
      1          0               0     47.400    501.200     18.262           5.665                 11.5         60
      1          0               0     62.200    256.300      0.129           8.019                 1.26         10
      1          0               0     48.100    302.600      0.273          10.601                  1.9         20
      1          0               0     59.700    450.400      1.471          10.350                 2.93         30
      1          0               0     43.000    400.700      2.936          10.921                  3.8         40
      1          0               0     33.100    442.900      5.985           9.057                 5.84         50
      1          0               0    698.800   2016.400    491.729           9.890                 6.12         60
      1          0               0     47.400    210.100      0.101           7.283                  1.4         10
      1          0               0     19.300    146.900      0.113           9.166                 2.22         20
      1          0               0     40.200    312.600      0.516          11.609                 2.64         30
      1          0               0     45.800    548.200      1.466          12.090                 3.38         40
      1          0               0     35.700    641.900      4.405          10.504                 4.84         50
      1          0               0     35.800    493.300     10.253           8.885                 6.98         60
      1          0               0     13.300     48.000      0.028           7.842                 1.29         10
      1          0               0     22.000    124.300      0.150           9.036                 2.24         20
      1          0               0     44.700    272.200      0.811          11.251                 2.83         30
      0          0               0   2000.000  80000.000    172.539           9.960                 4.02         40
      0          0               0   2000.000 100000.000    523.754           7.950                 6.31         50
      0          0               0   2000.000 120000.000   1085.751           7.963                 7.55         60
      1          0               0     26.800     80.400      0.060           6.373                 1.66         10
      1          0               0     59.700    585.600      0.382           8.772                 2.38         20
      1          0               0     55.800    468.100      0.777          10.366                 2.95         30
      1          0               0     60.600    449.500      2.281           9.041                 4.57         40
      1          0               0     55.000    608.100      4.307           9.815                 5.23         50
      1          0               0     43.800    620.800     14.416           7.703                 8.13         60
      1          0               0     51.400    165.000      0.110           7.037                 1.45         10
      1          0               0     47.900    435.200      0.313          10.021                 2.11         20
      1          0               0     62.800    327.500      0.724          12.694                 2.45         30
      1          0               0     37.500    306.100      2.014          11.440                 3.66         40
      1          0               0     49.000    654.900     11.900           7.471                 6.81         50
      1          0               0     41.200    531.700     20.603           7.265                 8.38         60
      1          0               0     48.700    178.400      0.113           7.616                 1.32         10
      1          0               0     29.800    193.200      0.175          11.785                 1.83         20
      1          0               0     33.400    275.800      0.367          14.410                 2.28         30
      1          0               0     41.800    409.000      1.036          12.770                  3.3         40
      1          0               0     48.700    645.500      3.090          10.756                 4.76         50
      1          0               0     43.200    670.400     18.025           8.289                 7.42         60
      1          0               0     51.000    250.600      0.136           5.655                  1.8         10
      1          0               0     50.100    380.800      0.336          10.661                 1.91         20
      1          0               0     54.300    558.100      1.091          11.015                 2.78         30
      1          0               0     41.300    545.100      2.987           9.138                 4.55         40
      1          0               0     37.700    648.400      9.524           6.984                 7.65         50
      1          0               0     42.100    674.700     33.580           4.708                 13.2         60
      1          0               0     54.300    152.500      0.106           8.348                  1.2         10
      1          0               0     62.000    243.200      0.337          10.237                 1.96         20
      1          0               0     45.900    392.700      0.659          11.682                 2.58         30
      1          0               0     57.400    610.400      1.776          11.840                  3.4         40
      1          0               0     36.500    512.800      4.971           8.655                 5.87         50
      1          0               0     47.500    830.800     22.986           6.421                 9.48         60
      1          0               0     19.100     84.200      0.041           6.780                  1.5         10
      1          0               0     56.900    391.900      0.355          10.040                 2.04         20
      1          0               0     47.400    428.000      0.773          12.359                 2.55         30
      1          0               0     45.400    457.900      3.142          10.573                 3.82         40
      1          0               0     43.700    632.000     10.441           8.465                 6.11         50
      1          0               0     37.100    722.900     23.914           5.523                 11.2         60
      1          0               0     39.400    159.800      0.090           7.185                 1.45         10
      1          0               0     40.700    254.900      0.385           8.312                 2.45         20
      1          0               0     38.000    246.200      0.982          10.955                 2.78         30
      1          0               0     32.900    344.800      3.693          10.857                 3.74         40
      1          0               0     26.800    412.300      5.730          10.049                 5.14         50
      1          0               0     45.400    404.500     19.638           9.267                 6.94         60
      1          0               0     38.800    133.000      0.086           7.322                 1.43         10
      1          0               0     56.500    215.700      0.282          12.920                 1.63         20
      1          0               0     28.100    212.700      0.697          10.765                 2.94         30
      1          0               0     55.700    327.900      3.974          11.589                  3.5         40
      1          0               0     50.700    413.000     11.833           8.842                 5.69         50
      1          0               0     27.000    390.900     12.212           6.393                 9.72         60
      1          0               0     57.000    207.400      0.130           7.396                  1.4         10
      1          0               0     57.600    295.800      0.382          11.193                 1.88         20
      1          0               0     40.900    374.300      0.612          13.636                 2.26         30
      1          0               0     43.200    481.000      2.156          13.093                 3.28         40
      1          0               0     48.900    409.000      8.547          10.078                 5.07         50
      1          0               0     28.600    429.800      8.872           6.689                 9.27         60
      1          0               0     46.600    232.000      0.105           6.865                 1.51         10
      1          0               0     46.500    266.100      0.379           8.368                 2.42         20
      1          0               0     78.700    603.500      1.061          10.010                 3.07         30
      1          0               0     52.600    678.400      2.054           9.348                 4.59         40
      1          0               0     40.100    644.000     11.353           5.686                 9.99         50
      1          0               0     38.300    630.800     21.479           5.363                 12.1         60
      1          0               0     32.700    114.400      0.066           8.492                 1.21         10
      1          0               0     24.100    137.000      0.117          11.398                 1.78         20
      1          0               0     36.900    374.300      0.622          10.791                 2.82         30
      1          0               0     49.800    574.900      2.055          10.295                 3.93         40
      1          0               0     53.000    654.700      7.350           7.692                 6.64         50
      1          0               0     27.100    594.100     14.778           6.166                 10.3         60
      1          0               0     37.200    107.900      0.075           7.618                 1.34         10
      1          0               0     17.200    137.300      0.085           9.814                 2.05         20
      1          0               0     69.600    266.300      0.659          11.851                 2.55         30
      1          0               0     48.800    401.100      1.308          11.641                  3.5         40
      1          0               0     54.200    470.500      4.591           9.351                 5.52         50
      1          0               0     52.400    563.600      9.771           9.351                 6.64         60
      1          0               0     53.300    257.600      0.105           7.889                 1.29         10
      1          0               0     55.400    412.500      0.357          10.937                 1.85         20
      1          0               0     55.200    399.300      0.565          14.935                 2.07         30
      1          0               0     28.500    304.100      0.781          12.930                 3.25         40
      1          0               0     32.200    490.200      3.320          10.724                 4.75         50
      1          0               0     31.200    565.800     18.271           6.410                  9.7         60
      1          0               0     36.000    143.800      0.084           6.878                 1.51         10
      1          0               0     40.800    307.200      0.357          10.086                 2.05         20
      1          0               0     38.800    403.000      1.202          10.518                 2.92         30
      1          0               0     33.400    481.300      2.258          10.494                 3.86         40
      1          0               0     26.400    417.500      4.330           8.667                 5.81         50
      1          0               0     36.800    493.400     20.656           6.674                 9.09         60
      1          0               0     61.000    184.800      0.122           7.918                 1.28         10
      1          0               0     53.000    287.400      0.280          10.721                 1.88         20
      1          0               0     50.700    400.500      0.517          12.580                 2.45         30
      1          0               0     42.100    467.200      1.881          12.021                 3.69         40
      1          0               0     44.000    657.800      4.066           9.739                 5.69         50
      1          0               0     40.100    861.900     11.254           7.496                 9.48         60
      1          0               0     14.000     71.100      0.028           7.329                 1.37         10
      1          0               0     49.800    181.100      0.247          10.486                 1.92         20
      1          0               0     61.600    591.800      1.434           8.156                 3.75         30
      1          0               0     49.900    434.400      1.295           9.743                 4.15         40
      1          0               0     42.300    304.200      3.985           7.827                 6.47         50
      1          0               0     28.700    404.000      6.777           7.516                 8.19         60
      1          0               0     38.800    192.900      0.084           7.023                 1.44         10
      1          0               0     33.400    202.400      0.199           8.982                 2.26         20
      1          0               0     38.700    330.000      0.763           8.899                  3.5         30
      1          0               0     40.000    355.200      3.479           8.940                 4.65         40
      1          0               0     41.100    540.300     14.303           7.275                 7.03         50
      1          0               0    259.400   1381.400    161.573           8.447                 7.15         60
      1          0               0     32.200    133.400      0.066           7.388                 1.37         10
      1          0               0     31.900    139.000      0.162          11.520                 1.77         20
      1          0               0     68.100    476.200      0.734          13.021                 2.33         30
      1          0               0     63.700    526.900      1.774          10.088                  4.0         40
      1          0               0     58.100    551.000      6.655           8.532                 5.92         50
      1          0               0     35.900    535.700     10.676           7.201                 8.89         60
      1          0               0     33.800    134.200      0.071           7.272                 1.43         10
      1          0               0     41.200    375.700      0.321           8.951                 2.26         20
      1          0               0     38.900    317.300      0.725          10.147                 3.02         30
      1          0               0     38.900    530.300      5.418           8.175                 5.16         40
      1          0               0     34.900    586.100     10.106           6.785                 7.59         50
      1          0               0     25.400    470.100     22.812           4.945                 13.3         60
      1          0               0     49.400    241.700      0.100           8.281                 1.23         10
      1          0               0     32.100    308.800      0.227           9.916                 2.04         20
      1          0               0     37.400    452.900      0.653           9.832                 3.08         30
      1          0               0     36.800    316.100      1.119          10.497                  3.9         40
      1          0               0     39.600    391.100      3.217           9.301                 5.65         50
      1          0               0     52.000    478.000     13.104           6.702                 10.0         60
      1          0               0     25.900    107.200      0.055           7.722                 1.31         10
      1          0               0     40.900    257.600      0.229          11.149                 1.83         20
      1          0               0     42.400    293.800      0.480          13.278                 2.28         30
      1          0               0     60.300    541.200      1.783          10.922                 3.76         40
      1          0               0     56.200    562.400      4.116           9.384                 5.46         50
      1          0               0     45.500    804.700      7.201           7.712                 7.99         60
      1          0               0     31.900    102.900      0.074           7.003                 1.44         10
      1          0               0     54.200    246.800      0.298          11.531                 1.78         20
      1          0               0     36.000    383.900      0.530          11.072                 2.79         30
      1          0               0     30.500    459.300      1.918           7.928                 5.19         40
      1          0               0     32.500    577.400      4.605           8.603                 6.01         50
      1          0               0     32.400    498.800      9.905           7.272                 8.67         60
      1          0               0     63.500    187.000      0.129           7.989                 1.27         10
      1          0               0     67.600    331.300      0.341          12.472                 1.62         20
      1          0               0     25.300    304.600      0.436          11.514                 2.63         30
      1          0               0     47.500    561.200      1.213          12.423                 3.27         40
      1          0               0     40.100    726.700      4.129           9.120                 5.57         50
      1          0               0     42.500    766.800      7.498           7.052                 8.75         60
      1          0               0     53.500    168.800      0.106           8.297                 1.24         10
      1          0               0     76.900    277.400      0.372          13.437                 1.53         20
      1          0               0     74.500    335.900      0.898          13.705                 2.24         30
      1          0               0     56.300    436.700      2.388          12.803                 3.24         40
      1          0               0     56.400    614.500      4.113          10.826                  4.8         50
      1          0               0     62.700    592.200     36.048           7.244                 8.59         60
      1          0               0     49.300    211.800      0.105           7.079                 1.48         10
      1          0               0     51.900    346.600      0.280          11.963                 1.71         20
      1          0               0     30.100    243.700      0.326          14.080                 2.21         30
      1          0               0     47.800    531.900      2.098          10.921                 3.78         40
      1          0               0     30.000    603.200      3.370           8.943                 5.69         50
      1          0               0     36.700    592.700      7.433          10.027                 6.22         60
      1          0               0     60.300    119.800      0.137           6.386                 1.59         10
      1          0               0     64.100    367.500      0.422           9.655                 2.14         20
      1          0               0     82.200    725.500      1.467          11.241                  2.7         30
      1          0               0     76.500    963.300      3.856          10.167                  4.0         40
      1          0               0     69.700   1042.100     13.269           7.683                 6.74         50
      1          0               0     65.000   1177.600     23.704           8.097                 7.55         60
      1          0               0     47.500    195.500      0.098           7.682                 1.32         10
      1          0               0     24.100    218.300      0.124          10.979                 1.83         20
      1          0               0     45.000    299.900      0.429          15.984                 1.92         30
      1          0               0     28.700    283.600      1.253          11.010                 3.74         40
      1          0               0     43.600    343.700      7.898          10.649                 5.07         50
      1          0               0     25.200    286.800      8.329           6.778                 9.47         60
      1          0               0     65.600    218.500      0.136           7.155                 1.41         10
      1          0               0     43.000    285.800      0.277          10.495                 1.93         20
      1          0               0     36.900    432.900      0.609          10.881                 2.83         30
      1          0               0     44.700    464.100      1.598          11.110                 3.65         40
      1          0               0     28.400    417.800      2.026           9.803                 5.25         50
      1          0               0     58.000    740.300      6.265          10.124                 6.14         60
      1          0               0     42.700    153.600      0.107           6.166                 1.65         10
      1          0               0     39.900    282.200      0.285           7.917                 2.57         20
      1          0               0     41.400    350.100      0.592          10.106                 3.05         30
      1          0               0     41.500    691.400      2.519           9.766                 4.28         40
      1          0               0     74.200   1018.100     28.274           6.584                 7.77         50
      1          0               0     68.200   1080.600     76.545           5.109                 12.0         60
      1          0               0     37.500    106.600      0.077           7.933                 1.29         10
      0          0               0   2000.000  40000.000      8.974          12.966                 1.54         20
      1          0               0     59.100    436.400      0.607          13.956                 2.16         30
      0          0               0   2000.000  80000.000     45.025          15.958                 2.51         40
      0          0               0   2000.000 100000.000    259.220           7.993                 6.26         50
      0          0               0   2000.000 120000.000    532.492           6.974                 8.63         60
      1          0               0     48.000    184.700      0.104           6.185                  1.7         10
      1          0               0     69.400    351.600      0.400           9.624                 2.13         20
      1          0               0     87.700    489.200      1.118          11.617                 2.65         30
      1          0               0     44.100    372.000      1.516          10.950                 3.95         40
      1          0               0     38.200    466.700      2.832           9.924                  5.4         50
      1          0               0     41.600    603.600      8.414           9.123                 7.04         60
      1          0               0     47.900    266.400      0.096           7.428                 1.39         10
      0          0               0   2000.000  40000.000     10.169          10.957                 1.83         20
      1          0               0     53.700    538.900      0.735          12.715                 2.42         30
      1          0               0     80.400    856.800      2.512          12.323                 3.38         40
      1          0               0     54.300    702.300      7.533          10.101                 5.36         50
      1          0               0     51.300    859.100      8.529           9.949                 6.49         60
      1          0               0     27.200    101.600      0.064           5.801                 1.77         10
      1          0               0     39.800    217.100      0.193          11.925                 1.71         20
      1          0               0     36.000    281.300      0.388          13.658                 2.27         30
      1          0               0     29.400    408.900      0.963          13.184                 3.17         40
      1          0               0     29.600    424.600      3.053           9.257                 5.62         50
      1          0               0     32.200    480.300      7.893           8.351                 7.74         60
      1          0               0     68.700    199.500      0.149           6.590                 1.54         10
      1          0               0     82.200    304.400      0.456          11.746                 1.72         20
      1          0               0     74.100    511.300      1.125          12.556                 2.45         30
      1          0               0     85.500    516.800      3.124          12.326                 3.32         40
      1          0               0     58.400    624.100     12.708           8.538                 5.96         50
      1          0               0     70.500    740.000     30.648           7.098                 8.65         60
      1          0               0     53.300    103.300      0.104           8.998                 1.13         10
      1          0               0     39.800    295.800      0.192          13.583                 1.51         20
      1          0               0     37.000    417.100      0.543          14.027                 2.19         30
      1          0               0     48.200    574.300      1.402          12.295                 3.33         40
      1          0               0     32.400    460.400      6.035          10.154                 5.23         50
      0          0               0   2000.000 120000.000    714.820          12.932                 4.66         60
      1          0               0     14.100     70.000      0.029           7.794                 1.29         10
      1          0               0     42.200    246.100      0.207          11.654                 1.73         20
      1          0               0     34.100    279.300      0.576          11.015                 2.77         30
      1          0               0     25.700    264.000      0.975          10.654                 3.81         40
      1          0               0     26.300    341.600      3.363           9.513                 5.36         50
      1          0               0    459.300    860.800    137.936           9.801                 6.21         60
      1          0               0     48.100    223.400      0.099           7.906                 1.28         10
      1          0               0     30.200    193.500      0.156          10.841                  1.9         20
      1          0               0     31.600    307.600      0.314          12.984                 2.36         30
      1          0               0     34.400    439.500      0.796          13.797                 2.95         40
      1          0               0     44.300    611.900      3.224          12.325                 4.11         50
      1          0               0     37.200    583.000      6.178          10.403                  6.0         60
      1          0               0     88.400    203.200      0.207           7.966                 1.33         10
      1          0               0     97.600    349.300      0.441          12.899                 1.58         20
      1          0               0     73.600    560.900      1.101          13.110                 2.33         30
      1          0               0     73.100    812.500      2.944          13.897                 3.02         40
      1          0               0     65.700    698.500      3.340          14.012                 3.85         50
      1          0               0     52.100    806.200     10.545          10.607                 6.43         60
      1          0               0     67.300    179.000      0.135           7.617                 1.42         10
      1          0               0     49.800    340.000      0.257          11.908                 1.69         20
      1          0               0     31.100    388.300      0.579          12.183                 2.56         30
      1          0               0     27.600    319.500      1.380          10.210                 4.23         40
      1          0               0     43.800    573.500      7.046           8.365                 6.15         50
      1          0               0     34.000    442.700     10.922           7.726                 7.99         60
      1          0               0     22.000    102.800      0.050           6.136                 1.66         10
      1          0               0     58.800    317.700      0.419           8.034                 2.57         20
      1          0               0     46.600    228.800      0.712          10.341                 2.97         30
      1          0               0     18.700    263.200      0.731           8.668                 4.66         40
      1          0               0     42.000    400.700      3.875           8.614                 5.93         50
      1          0               0     26.900    379.200      6.033           8.071                 7.53         60
      1          0               0     34.300    144.600      0.073           8.239                 1.25         10
      1          0               0     51.500    316.000      0.315           9.697                 2.09         20
      1          0               0     54.300    427.600      1.468           9.366                 3.25         30
      1          0               0     45.200    542.500      3.612           8.100                 5.07         40
      1          0               0     47.600    555.200      4.580           8.620                 5.88         50
      1          0               0     50.600    603.700     11.093           7.810                 8.36         60
      1          0               0     68.400    174.800      0.141           6.241                 1.63         10
      1          0               0     21.100    156.500      0.111           9.118                 2.23         20
      1          0               0     59.000    288.400      0.671          14.102                 2.15         30
      1          0               0     43.900    355.300      0.987          13.588                  3.0         40
      1          0               0     64.900    565.800      3.781          10.345                  4.9         50
      1          0               0     49.200    538.700      6.283          10.203                 6.05         60
      1          0               0     39.600    110.600      0.078           8.518                 1.21         10
      1          0               0     24.600    145.900      0.119          11.671                 1.76         20
      1          0               0     44.400    413.100      0.902           8.698                 3.51         30
      1          0               0     39.300    497.900      3.066           8.127                  5.2         40
      1          0               0     34.200    475.500      9.617           6.898                 7.93         50
      1          0               0     44.400    572.500     26.296           6.074                 11.0         60
      1          0               0     71.100    159.500      0.138           8.107                 1.27         10
      1          0               0     35.200    256.000      0.214          10.153                 2.04         20
      1          0               0     26.500    294.100      0.613           7.672                 4.28         30
      1          0               0     30.600    329.700      0.993          11.137                 3.69         40
      1          0               0     25.000    403.700      2.117           9.724                 5.47         50
      1          0               0     27.600    483.900      9.532           8.043                 7.66         60
      1          0               0     63.200    282.500      0.136           6.584                 1.56         10
      1          0               0     27.000    204.100      0.195           8.019                 2.61         20
      1          0               0     41.600    319.500      0.605          10.632                 2.91         30
      1          0               0     92.000    649.700      2.186          13.326                 3.07         40
      1          0               0     68.800    569.100      5.875          12.051                 4.18         50
      0          0               0   2000.000 120000.000    324.841          10.959                 5.49         60
      1          0               0     47.200    128.200      0.092           8.422                 1.21         10
      1          0               0     52.200    208.200      0.356          12.406                 1.65         20
      1          0               0     35.200    234.900      0.455          12.315                 2.55         30
      1          0               0     22.700    245.200      0.849          11.916                 3.71         40
      1          0               0     28.900    330.200      2.356          10.228                 5.06         50
      1          0               0     25.200    395.000      8.831           6.952                  8.9         60
      1          0               0     31.500    123.100      0.064           7.340                 1.39         10
      1          0               0     59.200    440.400      0.274          12.390                 1.63         20
      1          0               0     48.300    367.800      0.577          14.097                 2.18         30
      1          0               0     37.500    347.100      1.007          11.976                 3.39         40
      1          0               0     48.200    601.300      5.152          12.027                 4.19         50
      1          0               0     35.700    573.600     10.945           8.964                 7.03         60
      1          0               0     70.100    281.900      0.174           6.000                 1.69         10
      1          0               0     60.300    484.600      0.544           8.685                 2.39         20
      1          0               0     58.800    554.700      0.787          11.248                 2.73         30
      1          0               0     59.600    625.700      1.768          10.381                 3.91         40
      1          0               0     44.700    806.400      6.694           8.148                 6.23         50
      1          0               0   1396.100   3633.300    321.225           6.966                 8.63         60
      1          0               0     79.300    331.400      0.167           7.641                 1.34         10
      1          0               0     76.600    520.100      0.401          11.321                 1.82         20
      1          0               0     70.200    793.200      1.321          10.192                 3.06         30
      0          0               0   2000.000  80000.000    220.191           9.956                 4.02         40
      0          0               0   2000.000 100000.000    763.628           7.005                 7.14         50
      0          0               0   2000.000 120000.000   1439.299           6.993                 8.58         60
      1          0               0     20.400     96.400      0.047           5.882                 1.75         10
      1          0               0     69.500    363.300      0.593           7.977                 2.57         20
      1          0               0     78.300    559.500      1.401          10.925                 2.87         30
      1          0               0     70.300    571.700      7.019           9.314                 4.42         40
      1          0               0     60.100    581.000     11.948           9.429                 5.57         50
      1          0               0     62.300    580.800     25.030           8.685                 7.41         60
      1          0               0     25.700    104.100      0.050           8.634                 1.17         10
      1          0               0     26.500    235.400      0.210          10.279                 1.99         20
      1          0               0     37.400    327.100      0.601          12.358                 2.49         30
      1          0               0     32.500    413.700      1.511           9.800                 4.37         40
      1          0               0     21.300    419.400      2.294           8.507                  7.2         50
      1          0               0     26.200    394.800      6.494           7.550                  9.2         60
      1          0               0     30.900    121.000      0.067           6.586                 1.55         10
      1          0               0     67.000    368.900      0.374          10.669                 1.89         20
      1          0               0     72.600    388.900      1.002          11.737                 2.57         30
      0          0               0   2000.000  80000.000    216.681           8.985                 4.45         40
      0          0               0   2000.000 100000.000    768.001           6.999                 7.15         50
      0          0               0   2000.000 120000.000   1576.097           6.991                 8.59         60
      1          0               0     56.200    224.100      0.123           6.130                 1.67         10
      1          0               0     56.500    427.300      0.435           8.370                 2.43         20
      1          0               0     49.800    322.700      0.710          10.753                  2.8         30
      1          0               0     37.000    468.300      1.737           9.443                 4.29         40
      1          0               0     44.600    686.300      6.166           7.397                  6.9         50
      1          0               0     46.500    605.300     16.450           5.873                 10.4         60
      1          0               0     27.400     89.100      0.056           7.193                 1.44         10
      1          0               0     41.900    235.200      0.206          11.814                 1.72         20
      1          0               0     30.300    323.700      0.413          13.360                 2.31         30
      1          0               0     58.100    413.700      1.574          12.978                  3.2         40
      1          0               0     43.800    592.500      3.265          11.434                 4.54         50
      1          0               0     36.800    673.000     11.678           8.030                 7.78         60
      1          0               0     64.900    189.500      0.129           8.206                 1.23         10
      1          0               0     54.500    203.500      0.262          12.090                 1.68         20
      1          0               0    175.700    742.600      2.247          14.643                 2.06         30
      1          0               0     46.500    381.800      5.526          10.849                  3.7         40
      1          0               0     66.600    698.900     16.495          11.159                 4.53         50
      1          0               0     47.000    750.700     26.277          11.051                  5.6         60
      1          0               0     20.400     74.300      0.042           6.672                 1.52         10
      1          0               0     44.600    387.000      0.336          10.148                 2.03         20
      1          0               0     40.800    602.900      2.166           8.787                 3.62         30
      1          0               0     43.400    675.500      3.478          10.788                 3.98         40
      1          0               0     45.900    737.900     13.383          10.096                  5.5         50
      1          0               0     46.400    802.800     27.948           7.713                 9.61         60
      1          0               0     60.000    150.700      0.137           6.185                 1.63         10
      1          0               0     42.200    217.700      0.213          12.957                 1.55         20
      1          0               0     32.000    361.600      0.402          13.800                 2.24         30
      1          0               0     59.000    500.000      1.852          11.947                 3.48         40
      1          0               0     46.700    355.400      4.032          10.373                 4.94         50
      1          0               0     56.600    750.700     22.290           6.205                 10.8         60
      1          0               0     48.200    148.100      0.117           6.243                 1.64         10
      1          0               0     16.700    141.800      0.175           7.377                 2.94         20
      1          0               0     45.000    463.300      1.179           9.591                 3.19         30
      1          0               0     50.500    682.300      4.291           7.220                 5.71         40
      1          0               0     49.700    763.100     12.262           6.324                 8.25         50
      1          0               0     46.800    757.600     24.824           5.737                 11.2         60
      1          0               0     26.000     85.500      0.051           8.100                 1.24         10
      1          0               0     90.100    383.500      0.396          12.204                 1.68         20
      1          0               0    101.400    481.400      1.026          15.674                 1.95         30
      1          0               0     85.500    823.200      8.499          12.613                 3.27         40
      1          0               0     59.900    476.700     11.316          12.095                  4.4         50
      1          0               0     39.000    527.000     13.510          10.036                 7.29         60
      1          0               0     53.300    170.000      0.109           6.925                 1.47         10
      1          0               0     44.800    368.800      0.281          10.540                 1.92         20
      1          0               0     44.900    298.100      0.662          13.463                 2.28         30
      1          0               0     41.500    297.500      0.957          13.325                 3.05         40
      1          0               0     29.900    325.800      3.398           9.983                 5.08         50
      1          0               0     54.500    628.300     18.718           8.650                 7.17         60
      1          0               0     38.800    142.000      0.082           7.191                 1.43         10
      1          0               0     47.300    255.700      0.217          13.666                 1.49         20
      1          0               0     47.600    381.300      0.728          13.679                 2.24         30
      1          0               0     34.500    424.600      1.535          13.041                 3.13         40
      1          0               0     40.500    421.500     13.602          10.183                 5.13         50
      1          0               0     34.300    440.300     17.894           6.822                 9.57         60
      1          0               0     52.100    133.900      0.103           8.349                 1.22         10
      1          0               0     67.400    232.500      0.371          11.318                 1.83         20
      1          0               0     43.400    419.100      0.641          11.620                 2.67         30
      1          0               0     34.200    286.300      2.458           9.781                 4.43         40
      1          0               0     36.400    440.100      5.783           7.429                 7.37         50
      1          0               0     20.100    393.900     13.964           4.697                 14.1         60
      1          0               0     51.400    201.400      0.106           7.230                 1.41         10
      1          0               0     18.900    122.800      0.117          11.026                 1.85         20
      1          0               0     49.400    394.300      0.655          12.002                 2.56         30
      1          0               0     37.900    413.800      1.155          12.639                 3.25         40
      1          0               0     44.600    577.600      4.215          11.435                 4.48         50
      1          0               0     40.900    625.900     16.170           7.306                 8.43         60
      1          0               0     82.400    324.200      0.156           8.569                 1.22         10
      1          0               0     84.700    349.100      0.511          11.429                 1.79         20
      1          0               0     78.700    369.000      1.252          11.142                 2.74         30
      1          0               0     31.800    342.300      1.202          10.484                 3.92         40
      1          0               0     48.100    458.600      8.564           9.154                 5.78         50
      0          0               0   2000.000 120000.000    479.417           7.964                 7.55         60
      1          0               0     20.500     73.900      0.044           5.341                 1.89         10
      1          0               0     44.700    154.600      0.227           9.834                 2.05         20
      1          0               0     31.900    208.500      0.419          10.978                 2.75         30
      1          0               0     53.600    470.400      2.911          12.019                 3.46         40
      1          0               0     36.300    376.900      9.238           9.606                 5.32         50
      1          0               0     40.700    476.900     21.011           8.686                 8.06         60
      1          0               0     42.200    164.800      0.081           7.953                 1.27         10
      1          0               0     25.300    163.000      0.129          10.771                 1.89         20
      1          0               0     29.600    250.200      0.348          12.030                 2.52         30
      1          0               0     56.000    398.900      2.502          11.114                 3.62         40
      1          0               0     46.200    463.000      6.263           9.576                 5.35         50
      1          0               0     36.900    766.200     16.652           8.775                 7.26         60
      1          0               0     43.100    233.300      0.089           7.374                 1.37         10
      1          0               0     59.600    436.400      0.306          12.898                 1.57         20
      1          0               0     49.600    360.400      0.578          13.038                 2.32         30
      1          0               0     40.900    481.400      1.474          11.597                 3.48         40
      1          0               0     70.200    332.800     10.244          10.373                  4.9         50
      1          0               0     19.900    431.300      6.488           8.000                 7.58         60
      1          0               0     10.400     61.600      0.024           7.327                 1.39         10
      1          0               0     44.500    173.000      0.231          10.551                 1.91         20
      1          0               0     64.900    320.900      0.730          12.784                 2.39         30
      1          0               0     62.600    395.900      3.918          10.248                 3.99         40
      1          0               0     41.500    349.200      6.026           8.853                 5.85         50
      1          0               0     38.400    446.300     21.346           5.094                 12.3         60
      1          0               0     26.900    110.800      0.055           7.130                 1.51         10
      1          0               0     44.700    302.900      0.259          10.808                 1.88         20
      1          0               0     46.100    355.300      0.832           8.861                 3.42         30
      1          0               0     40.800    436.100      1.975           9.387                 4.33         40
      1          0               0     44.200    529.900      4.826          10.710                 5.06         50
      1          0               0     38.200    588.300      9.615           7.906                 8.29         60
      1          0               0     27.600    131.600      0.066           7.199                 1.59         10
      1          0               0     33.900    206.400      0.189          10.864                 1.86         20
      1          0               0     45.300    390.500      1.122          10.170                 3.01         30
      1          0               0     39.900    622.200      3.729           9.607                 4.24         40
      1          0               0     38.600    519.300      9.430           6.842                 7.51         50
      1          0               0     40.300    579.900     16.643           7.839                 7.76         60
      1          0               0     67.300    271.900      0.138           7.143                 1.41         10
      1          0               0     58.000    365.700      0.367          12.095                 1.73         20
      1          0               0     48.500    568.700      1.440          10.173                 3.08         30
      1          0               0     61.500    754.700      2.950          12.390                  3.3         40
      1          0               0     47.400    685.000      9.523           8.736                 5.91         50
      1          0               0     33.900    726.700     20.200           5.540                 11.2         60
      1          0               0     42.600    143.900      0.092           6.404                  1.6         10
      1          0               0     53.500    311.400      0.310          10.075                 2.01         20
      1          0               0     48.800    417.200      0.850           7.916                 3.93         30
      1          0               0     56.800    570.800      2.721           9.056                 4.75         40
      1          0               0     50.600   1041.700      4.986           9.047                 5.69         50
      1          0               0    151.000   1230.000     32.452           8.127                 7.45         60
      1          0               0     47.000    207.300      0.108           6.419                 1.68         10
      1          0               0     56.000    366.100      0.349          10.664                 1.94         20
      1          0               0     67.800    482.700      1.393          11.106                 2.73         30
      1          0               0     40.100    363.700      1.351          11.429                 3.55         40
      1          0               0     28.100    374.200      4.474           7.520                 6.71         50
      1          0               0     21.000    338.500      7.371           6.171                 10.0         60
      1          0               0     54.000    230.000      0.110           7.331                 1.38         10
      1          0               0     58.600    298.400      0.271          11.773                 1.72         20
      1          0               0     58.800    422.000      0.515          14.837                  2.1         30
      1          0               0     56.800    481.400      1.356          13.394                 3.07         40
      1          0               0     40.600    539.300      2.333          12.589                 4.24         50
      1          0               0     37.100    551.100      7.684           8.108                 7.95         60
      1          0               0     52.300    155.100      0.101           8.440                  1.2         10
      1          0               0     66.500    424.300      0.389          10.024                 2.04         20
      1          0               0     51.300    518.400      0.865          11.076                 2.75         30
      0          0               0   2000.000  80000.000     44.792          12.936                  3.1         40
      0          0               0   2000.000 100000.000    127.241          11.956                 4.19         50
      0          0               0   2000.000 120000.000    550.724           8.974                 6.71         60
      1          0               0     21.600     86.600      0.046           6.194                 1.67         10
      1          0               0     57.200    197.900      0.336          10.175                 2.01         20
      1          0               0     67.000    386.200      1.847           9.242                 3.38         30
      1          0               0     66.100    722.500      4.843          10.352                  4.0         40
      1          0               0     71.300    800.400      6.676          10.992                 4.63         50
      1          0               0     51.100    822.600     16.332           9.497                 6.56         60
      1          0               0     51.600    272.200      0.108           6.256                 1.65         10
      1          0               0     57.200    395.100      0.278          11.187                  1.8         20
      1          0               0     40.000    250.600      0.436          14.600                 2.14         30
      1          0               0     52.900    413.800      1.789          12.701                 3.28         40
      0          0               0   2000.000 100000.000    119.816          13.967                 3.58         50
      1          0               0     58.500    707.900     11.191          11.101                 5.52         60
      1          0               0     31.100    103.700      0.066           6.437                 1.57         10
      1          0               0     44.400    279.200      0.200          12.252                 1.64         20
      1          0               0     42.700    461.000      0.664          11.035                 2.74         30
      1          0               0     36.600    510.200      1.456           9.721                 4.18         40
      1          0               0     33.200    525.500      3.879           9.623                 5.34         50
      1          0               0     37.400    595.800     22.960           7.650                 8.06         60
      1          0               0     21.500     79.600      0.044           7.498                 1.35         10
      1          0               0     68.800    452.200      0.390           9.839                 2.05         20
      1          0               0     57.300    706.900      0.888           8.845                 3.45         30
      1          0               0     49.600    514.100      1.319           9.986                 4.05         40
      1          0               0     19.800    296.000      1.730           8.778                  6.1         50
      1          0               0     40.000    470.700     11.399           6.625                 9.74         60
      1          0               0     16.800     67.500      0.036           5.875                 1.72         10
      1          0               0     71.000    242.500      0.534          10.217                 1.99         20
      1          0               0     81.700    642.600      1.086          11.622                  2.6         30
      1          0               0     47.300    570.700      1.848          11.093                 3.68         40
      1          0               0     35.500    623.600      4.820           8.530                 6.45         50
      1          0               0     39.500    706.600     12.937           7.765                 8.66         60
      1          0               0     34.600    149.100      0.074           6.208                 1.69         10
      1          0               0     28.500    237.100      0.158          10.653                 1.92         20
      1          0               0     38.100    321.100      0.416          13.144                 2.39         30
      1          0               0     44.300    342.900      1.021          13.309                 3.08         40
      1          0               0    254.300   1018.500     18.924          12.413                 4.14         50
      1          0               0    257.000   1286.500     39.206          12.252                 5.13         60
      1          0               0     46.800    130.200      0.094           7.639                 1.32         10
      1          0               0     47.600    234.000      0.216          12.742                 1.58         20
      1          0               0     20.800    268.800      0.275          13.591                 2.23         30
      1          0               0     31.900    327.800      0.828          12.978                 3.19         40
      1          0               0     24.900    386.400      2.552          10.871                 4.77         50
      1          0               0     46.700    570.100     12.193           9.929                 6.57         60
      1          0               0     23.500    109.700      0.052           6.923                 1.49         10
      1          0               0     28.500    202.000      0.156           9.754                 2.07         20
      1          0               0     69.000    513.200      0.677          12.694                 2.38         30
      1          0               0     19.400    214.800      0.731          10.273                 3.93         40
      1          0               0     42.600    500.600      5.254           7.561                 6.76         50
      1          0               0     40.700    546.700     12.956           6.587                 9.27         60
      1          0               0     11.000     51.700      0.022           8.191                 1.23         10
      1          0               0     18.600    104.300      0.102           9.758                 2.08         20
      1          0               0     26.200    231.000      0.714           8.939                 3.44         30
      1          0               0     24.800    287.800      1.478           8.230                 5.23         40
      1          0               0     45.300    597.400      4.781           7.249                 7.64         50
      1          0               0     40.700    817.700     14.147           5.803                 11.3         60
      1          0               0     30.900    153.400      0.063           7.430                 1.36         10
      1          0               0     62.500    410.800      0.398           9.062                 2.24         20
      1          0               0     56.400    400.600      0.807          10.135                 3.02         30
      1          0               0     56.000    672.700      3.902           7.754                 5.33         40
      1          0               0     68.400    806.500     11.581           7.076                 7.15         50
      1          0               0     47.400    810.900     20.481           6.414                 9.85         60
      1          0               0     69.200    281.000      0.152           5.965                 1.78         10
      1          0               0     76.300    503.200      0.443           9.418                 2.17         20
      1          0               0     60.700    501.900      1.238          10.792                 2.82         30
      1          0               0     49.300    630.700      2.182          11.572                 3.52         40
      1          0               0     42.200    571.900     10.524           8.687                 5.88         50
      1          0               0     49.300    785.400     23.371           7.140                 8.58         60
      1          0               0     26.000     47.400      0.053           6.523                 1.55         10
      1          0               0     36.900    231.800      0.230           9.640                 2.13         20
      1          0               0     39.400    456.200      0.719           9.503                 3.25         30
      1          0               0     35.200    376.800      2.837           8.707                 4.76         40
      1          0               0     35.400    590.000     10.564           6.912                 7.55         50
      1          0               0     33.400    621.400     21.770           7.063                 8.73         60
      1          0               0     35.300    187.500      0.074           7.289                 1.39         10
      1          0               0     46.400    240.700      0.224          13.817                 1.46         20
      1          0               0    106.400    443.900      1.292          15.457                 1.96         30
      1          0               0     80.400    713.200      1.851          14.143                 2.88         40
      1          0               0     18.400    326.000      2.288          12.418                  4.1         50
      1          0               0     46.500    641.000     11.584          11.888                 5.15         60
      1          0               0     40.600    139.700      0.081           7.665                 1.32         10
      1          0               0     53.500    270.900      0.349          10.179                 2.01         20
      1          0               0     50.100    488.800      0.879          12.206                 2.51         30
      1          0               0     40.800    379.500      1.229          10.586                 4.02         40
      1          0               0     44.100    500.200      3.434          11.889                 4.51         50
      1          0               0     45.600    707.900     20.082           8.270                 8.18         60
      1          0               0     26.800    133.300      0.057           7.037                 1.44         10
      1          0               0     29.700    263.900      0.180          10.697                 1.89         20
      1          0               0     44.600    271.500      0.431          12.222                 2.48         30
      1          0               0     48.900    420.100      1.416          10.407                 4.01         40
      1          0               0     26.900    410.800      1.701           9.502                  5.4         50
      1          0               0     44.900    484.000      8.281           8.203                 7.43         60
      1          0               0     29.800    138.800      0.075           5.547                 2.06         10
      1          0               0     27.400    168.500      0.310           6.369                 3.24         20
      1          0               0     30.900    334.000      0.869           8.803                 3.54         30
      1          0               0     32.100    364.000      2.750           8.402                 4.96         40
      1          0               0     29.500    412.300      4.884           9.169                  5.6         50
      1          0               0     24.700    448.200      8.355           7.053                 8.97         60
      1          0               0     40.300    115.100      0.082           7.045                 1.44         10
      1          0               0     40.500    217.000      0.240           9.479                 2.13         20
      1          0               0     32.100    323.900      0.887           7.745                 3.94         30
      1          0               0     32.200    456.500      2.819           6.823                 6.04         40
      1          0               0     30.900    623.000      6.296           7.091                 7.23         50
      1          0               0     29.000    800.400     13.566           6.169                 10.3         60
      1          0               0     28.400     83.300      0.058           7.387                 1.36         10
      1          0               0     72.600    508.100      0.355          12.449                 1.63         20
      1          0               0     41.800    367.900      0.542          12.589                  2.5         30
      1          0               0     37.000    464.300      1.297          11.743                 3.48         40
      1          0               0     28.400    398.000      4.864           8.718                 5.82         50
      1          0               0     35.100    543.700     16.083           6.977                 8.98         60
      1          0               0     46.100    115.800      0.093           7.965                 1.28         10
      1          0               0     36.700    262.600      0.256          10.657                 1.94         20
      1          0               0     35.600    365.800      0.783          12.152                 2.51         30
      1          0               0     34.200    293.300      2.238          10.015                 4.14         40
      1          0               0     47.500    482.300      6.667           9.265                 5.61         50
      1          0               0     51.800    560.100     16.290           7.361                 8.72         60
      1          0               0     41.700    157.500      0.081           8.595                 1.18         10
      1          0               0     54.000    350.800      0.295          10.820                 1.87         20
      1          0               0     48.600    400.100      0.616          11.621                  2.6         30
      1          0               0     49.600    398.500      1.236          13.097                 3.17         40
      1          0               0     44.900    620.700      6.700           9.163                 5.62         50
      1          0               0     39.900    555.900     11.765           7.226                 8.64         60
      1          0               0     45.700    212.600      0.107           5.818                  1.8         10
      1          0               0     27.900    173.100      0.180           8.982                 2.26         20
      1          0               0     26.600    279.200      0.406          11.477                 2.67         30
      1          0               0     54.700    713.000      3.019           9.223                  4.5         40
      1          0               0     45.500    679.800      4.845           9.673                 5.26         50
      1          0               0     43.800    604.500     10.447           8.842                 6.86         60
      1          0               0     39.100    129.000      0.075           8.627                 1.18         10
      1          0               0     47.300    269.800      0.217          11.594                 1.74         20
      1          0               0     51.500    425.600      0.530          14.371                 2.12         30
      1          0               0     40.200    417.500      1.293          12.520                 3.22         40
      1          0               0     41.300    666.900      3.462          11.588                 4.37         50
      1          0               0     50.400    639.900     14.300          12.304                 5.12         60
      1          0               0     42.900    190.100      0.096           7.042                 1.45         10
      1          0               0     46.300    227.200      0.287           9.896                 2.05         20
      1          0               0     41.800    407.000      0.577          12.153                  2.5         30
      1          0               0     55.500    372.700      1.668          12.274                 3.33         40
      1          0               0     51.100    463.900      6.648           8.389                 6.18         50
      1          0               0     42.100    609.400     24.989           4.808                 13.0         60
      1          0               0     61.100    240.900      0.127           7.291                 1.38         10
      1          0               0     53.700    354.400      0.349          10.097                  2.0         20
      1          0               0     44.300    368.800      0.870          13.605                 2.23         30
      1          0               0     48.600    433.500      2.837          11.420                 3.53         40
      1          0               0     42.900    540.800      3.183          11.119                 4.67         50
      1          0               0     43.500    644.600      9.005           8.441                 7.61         60
      1          0               0     30.100     77.600      0.066           7.203                 1.41         10
      1          0               0     40.200    250.600      0.256           8.896                  2.3         20
      1          0               0     19.000    174.700      0.391           8.247                 3.74         30
      1          0               0     12.900    213.800      1.109           7.349                  5.7         40
      1          0               0     33.100    471.900      8.908           5.776                 8.94         50
      1          0               0     34.000    461.200     20.837           4.059                 15.5         60
      1          0               0     56.200    244.900      0.131           5.749                 1.78         10
      1          0               0     65.900    268.300      0.396           9.243                 2.18         20
      1          0               0     69.700    508.500      1.204          11.845                 2.55         30
      1          0               0     53.900    578.100      4.815          10.518                 3.83         40
      1          0               0     41.600    467.400      9.152           9.413                 5.42         50
      1          0               0     43.500    637.900     33.999           7.343                 8.56         60
      1          0               0     67.700    241.800      0.140           7.235                 1.44         10
      1          0               0     77.400    469.600      0.459           9.050                 2.24         20
      1          0               0     73.100    383.700      0.813          10.116                 2.98         30
      0          0               0   2000.000  80000.000     48.518          11.982                 3.34         40
      1          0               0     55.100    609.500      4.857           9.652                 5.23         50
      1          0               0     50.400    638.300      7.965           9.222                  6.6         60
      1          0               0     48.200    100.300      0.094           8.116                 1.25         10
      1          0               0     49.500    318.800      0.246          11.879                 1.72         20
      1          0               0     24.700    261.200      0.283          13.194                 2.38         30
      1          0               0     41.400    345.400      2.122          11.019                 3.71         40
      1          0               0     31.900    421.300      5.540           8.661                 6.14         50
      1          0               0     27.100    443.400     11.801           6.565                 9.67         60
      1          0               0     47.900    170.200      0.117           5.833                 1.76         10
      1          0               0     48.100    300.100      0.294          10.549                 1.99         20
      1          0               0     45.800    376.500      0.764          12.349                 2.49         30
      1          0               0     53.900    679.100      1.990          11.096                 3.66         40
      1          0               0     56.200    940.700     14.836          11.071                  4.6         50
      1          0               0     51.200    927.300     48.933           9.568                 6.32         60
      1          0               0     43.500    153.000      0.107           6.094                 1.69         10
      1          0               0     48.200    328.100      0.325           8.703                 2.34         20
      1          0               0     49.200    417.600      0.868          11.012                 2.77         30
      1          0               0     43.300    391.000      1.945          10.453                 4.02         40
      1          0               0     50.800    458.000      4.236          10.886                 4.67         50
      1          0               0     27.100    520.100      9.499           7.443                 8.23         60
      1          0               0     52.500    153.400      0.107           7.585                 1.36         10
      1          0               0     55.200    294.900      0.284          12.460                 1.67         20
      1          0               0     50.600    581.100      0.833          10.700                 2.87         30
      1          0               0     58.800    745.500      4.739           7.983                 5.09         40
      1          0               0     60.600    892.200     10.882           6.284                  8.4         50
      1          0               0     53.400   1030.800     23.037           5.461                 11.7         60
      1          0               0     42.700     85.100      0.082           7.553                 1.33         10
      1          0               0     35.000    205.800      0.191          11.214                 1.82         20
      1          0               0     43.300    291.600      0.584          11.564                 2.61         30
      1          0               0     25.800    297.600      0.948          11.833                 3.41         40
      1          0               0     63.500    553.000      6.184           9.661                 5.22         50
      1          0               0     21.800    356.200      9.161           7.211                 8.58         60
      1          0               0     45.900    263.400      0.102           6.364                 1.62         10
      1          0               0     43.200    531.400      0.417           8.007                 2.55         20
      1          0               0     47.300    612.800      0.725          11.541                 2.64         30
      1          0               0     45.100    741.600      2.111          11.539                 3.51         40
      1          0               0     33.900    788.600      6.837          11.959                 4.47         50
      1          0               0     35.000    719.700     11.293           7.406                 9.54         60
      1          0               0     48.200    193.600      0.104           6.593                 1.55         10
      1          0               0     45.800    239.600      0.703           6.889                 2.96         20
      1          0               0     42.100    272.800      1.810           9.135                 3.31         30
      1          0               0     54.900    436.800      3.690          11.641                 3.52         40
      1          0               0     61.800    656.400     10.282          10.144                  5.0         50
      1          0               0     41.200    604.800     14.045           9.325                 6.62         60
      1          0               0     35.300    172.400      0.076           6.703                 1.51         10
      1          0               0     37.000    156.800      0.173          11.711                 1.72         20
      1          0               0     39.800    278.800      0.594          11.251                 2.69         30
      1          0               0     55.600    670.200      2.776           9.439                 4.37         40
      1          0               0     60.500    857.000     10.612           8.334                 6.53         50
      1          0               0     64.700    884.200     35.038           7.889                 7.99         60
      1          0               0     59.900    257.100      0.124           6.861                 1.49         10
      1          0               0     36.600    231.200      0.173          12.347                 1.63         20
      1          0               0     63.100    363.600      1.351          12.338                 2.44         30
      1          0               0     55.600    631.200      1.744          13.099                 3.08         40
      1          0               0     43.300    674.800      6.074           9.945                 5.07         50
      1          0               0     53.300    717.000     16.102           9.525                 6.55         60
      1          0               0     44.000    131.100      0.085           8.720                 1.17         10
      1          0               0     48.800    261.200      0.226          11.834                 1.72         20
      1          0               0     52.100    370.800      0.520          13.639                 2.23         30
      1          0               0     36.100    339.800      0.632          14.127                 2.91         40
      1          0               0     48.700    437.800      3.857          11.491                 4.63         50
      1          0               0     28.700    449.200      5.355           8.557                 7.65         60
      1          0               0     41.300    180.700      0.105           5.421                 1.88         10
      1          0               0     53.600    442.200      0.504           7.944                 2.56         20
      1          0               0     38.200    442.500      1.046           9.911                 3.19         30
      1          0               0     31.900    404.400      2.102          12.179                 3.59         40
      1          0               0     39.500    591.400      4.688          13.516                 3.78         50
      1          0               0     36.400    475.400     20.121           8.297                 8.05         60
      1          0               0     25.100     90.600      0.056           5.900                 1.75         10
      1          0               0     58.700    300.100      0.440           7.455                 2.79         20
      1          0               0     45.700    320.800      0.831           8.433                 3.61         30
      1          0               0     51.700    396.000      3.095           7.255                 5.68         40
      1          0               0     42.200    630.500      6.300           6.299                 8.09         50
      1          0               0     44.200    842.900     11.315           7.785                 7.86         60
      1          0               0     50.200    163.300      0.118           6.954                 1.48         10
      1          0               0     36.100    253.900      0.218          10.643                 1.95         20
      1          0               0     45.200    273.800      0.524          11.511                 2.68         30
      1          0               0     42.300    249.800      1.139          13.409                 3.24         40
      1          0               0     43.500    437.800      2.916          13.607                 4.07         50
      1          0               0     45.200    637.300      6.918          11.181                 5.65         60
      1          0               0     41.400    145.800      0.091           5.841                 1.75         10
      1          0               0     74.200    394.800      0.591           9.495                 2.12         20
      1          0               0     69.600    472.600      1.189          11.330                 2.68         30
      1          0               0     76.500    629.500      2.228          11.682                 3.52         40
      1          0               0     73.000    725.600     19.035           7.244                 7.21         50
      1          0               0     78.400    779.500     60.512           5.721                 11.0         60
      1          0               0     26.600    128.400      0.058           6.609                 1.65         10
      1          0               0     38.200    287.400      0.233          11.639                 1.76         20
      1          0               0     51.500    406.800      0.918          11.623                 2.61         30
      1          0               0     45.500    480.500      2.103          11.143                 3.65         40
      1          0               0     46.500    602.200      3.404          10.649                  4.8         50
      1          0               0     44.700    483.800      7.168           9.358                  6.7         60
      1          0               0     51.500    211.600      0.114           6.705                 1.56         10
      0          0               0   2000.000  40000.000      9.238          10.975                 1.82         20
      1          0               0     60.800    547.900      1.062          11.479                 2.67         30
      1          0               0     56.500    590.500      5.258           8.952                 4.61         40
      1          0               0     46.000    467.700      7.201           9.861                 5.16         50
      1          0               0     19.600    362.700      6.621           6.133                 10.1         60
      1          0               0     61.200    172.200      0.129           6.763                 1.51         10
      1          0               0     59.900    419.000      0.398           8.449                 2.46         20
      1          0               0     57.300    456.000      0.828           9.216                  3.3         30
      1          0               0     52.900    523.400      1.875           9.376                  4.4         40
      1          0               0     50.700    664.400      4.294           7.609                 7.16         50
      1          0               0     52.600    642.300     17.261           6.646                 10.0         60
      1          0               0     49.900    118.000      0.102           6.966                 1.45         10
      1          0               0     32.300    211.200      0.220          11.430                 1.78         20
      1          0               0     57.700    342.700      1.150           9.759                  3.1         30
      1          0               0     44.500    372.000      2.460           9.101                 4.48         40
      1          0               0     54.500    720.700     11.573           8.127                 6.29         50
      1          0               0     64.000    741.800     65.203           6.406                 9.66         60
      1          0               0     40.600    147.700      0.087           7.256                 1.39         10
      1          0               0     29.100    264.200      0.165           9.973                 2.04         20
      1          0               0     24.500    233.700      0.323          10.473                  2.9         30
      1          0               0     21.600    230.900      1.121           6.912                 5.98         40
      1          0               0     40.400    398.800      7.096           6.775                 7.43         50
      1          0               0     44.400    564.600     20.626           5.682                 10.7         60
      1          0               0     33.200    115.900      0.063           8.614                 1.19         10
      1          0               0     55.700    362.300      0.273          11.417                 1.81         20
      1          0               0     26.000    271.500      0.501          10.762                 2.97         30
      1          0               0     50.100    417.000      2.399          11.575                 3.61         40
      1          0               0     46.100    560.100      7.507           9.679                  5.5         50
      1          0               0     40.200    487.100     19.111           6.881                 9.46         60
      1          0               0     44.000    270.900      0.121           5.466                 1.91         10
      1          0               0     47.900    462.300      0.314          10.349                 1.95         20
      1          0               0     42.500    365.300      0.899           9.647                 3.17         30
      1          0               0     44.400    563.700      2.079           9.912                 4.22         40
      1          0               0     69.000    644.000     11.703           9.449                 5.63         50
      1          0               0     34.600    711.500     23.304           6.656                 9.69         60
      1          0               0     49.000    155.900      0.096           8.322                 1.24         10
      1          0               0     44.600    232.100      0.281          10.594                 1.98         20
      1          0               0     60.200    624.600      1.049          10.510                 2.89         30
      1          0               0     51.100    554.600      2.173          11.072                 3.74         40
      1          0               0     45.700    615.000      4.351          11.473                 4.72         50
      1          0               0     42.600    672.900     10.036           9.094                 7.05         60
      1          0               0     35.700    116.200      0.073           7.112                 1.43         10
      1          0               0     36.200    241.200      0.188           9.588                 2.11         20
      1          0               0     30.200    272.000      0.316          11.732                 2.59         30
      1          0               0     31.800    380.500      1.152          10.418                  3.9         40
      1          0               0     29.300    496.500      4.041           7.969                 6.42         50
      1          0               0     30.200    617.800     19.571           5.728                 10.7         60
      1          0               0     20.100     93.500      0.044           6.498                 1.56         10
      1          0               0     66.200    381.800      0.296          11.982                 1.68         20
      1          0               0     54.400    538.200      0.597          11.110                 2.73         30
      1          0               0     52.500    319.600      3.243           9.364                 4.31         40
      1          0               0     43.100    375.900      5.054           8.657                 5.85         50
      1          0               0     35.900    563.100     16.328           7.109                 8.55         60
      1          0               0     51.600    201.200      0.110           7.147                 1.42         10
      1          0               0     55.600    262.200      0.285          10.592                 1.96         20
      1          0               0     55.800    336.100      0.653          11.432                 2.66         30
      1          0               0     36.100    245.400      0.672          14.006                 2.89         40
      1          0               0     47.900    405.500      2.559          12.186                 4.14         50
      1          0               0     80.700   1174.300     13.847           7.903                 7.86         60
      1          0               0     24.500    108.400      0.049           6.588                 1.53         10
      1          0               0     34.900    299.700      0.259           9.539                 2.12         20
      1          0               0     55.000    397.500      0.851          11.815                 2.59         30
      1          0               0     37.600    387.200      1.027          14.226                  2.9         40
      1          0               0     30.700    375.000      1.844          14.691                 3.52         50
      1          0               0     37.900    583.800      9.720          11.955                 5.12         60
      1          0               0     44.500    131.600      0.090           7.413                 1.36         10
      1          0               0     33.600    217.900      0.158          12.185                 1.65         20
      1          0               0     43.400    304.900      0.528          11.456                 2.64         30
      1          0               0     67.900    538.400      1.894          10.476                 3.87         40
      1          0               0     41.400    659.500      5.839           8.785                 5.79         50
      1          0               0     42.400    821.500     15.447           8.071                 7.66         60
      1          0               0     15.900     64.000      0.032           7.088                 1.41         10
      1          0               0     38.300    161.800      0.227           8.757                 2.32         20
      1          0               0     52.600    259.500      1.038           9.939                 3.09         30
      1          0               0     39.600    337.700      3.157           9.323                 4.35         40
      1          0               0     64.500    577.100     17.380           8.276                 6.18         50
      1          0               0     74.300    802.700     52.625           6.927                 9.62         60
      1          0               0     52.500    142.000      0.103           8.093                 1.25         10
      1          0               0     49.700    317.600      0.227          12.553                 1.61         20
      1          0               0     34.300    368.900      0.525           9.866                 3.07         30
      1          0               0     50.200    553.400      2.078           8.675                 4.76         40
      1          0               0     36.700    453.100      4.084           6.632                 8.27         50
      1          0               0     38.500    574.900     23.661           5.896                 10.7         60
      1          0               0     83.600    244.500      0.174           7.011                 1.46         10
      1          0               0     55.600    197.400      0.274          11.286                 1.81         20
      1          0               0     23.500    252.500      0.347          10.962                 2.77         30
      1          0               0     37.500    370.600      1.674          11.029                 3.83         40
      1          0               0     40.600    654.200      4.382          10.554                 4.94         50
      1          0               0     53.600    601.500     10.600           8.869                 7.22         60
      1          0               0     43.700    164.600      0.093           7.119                 1.43         10
      1          0               0     48.900    253.000      0.237          11.677                 1.73         20
      1          0               0     35.200    364.200      0.752           8.906                 3.46         30
      1          0               0     40.800    382.300      1.828           9.662                 4.23         40
      1          0               0     26.800    348.000      2.807           9.698                 5.27         50
      1          0               0     25.300    430.700     14.613           6.921                  9.0         60
      1          0               0     67.800    238.000      0.139           8.062                 1.26         10
      1          0               0     65.900    490.000      0.329          11.739                 1.75         20
      1          0               0     66.800    596.000      1.380          12.409                 2.46         30
      1          0               0     54.800    548.700      2.933           9.566                 4.28         40
      1          0               0     49.500    631.800      8.820           8.861                 5.82         50
      1          0               0     33.200    499.200      7.681           9.003                 6.76         60
      1          0               0     53.700    117.200      0.157           5.259                  2.0         10
      1          0               0     18.900    112.900      0.134          11.005                 1.84         20
      1          0               0     53.400    319.100      1.651           9.397                 3.25         30
      1          0               0     43.400    354.300      4.335           9.565                 4.24         40
      1          0               0     27.500    377.500     10.089           7.033                  7.6         50
      1          0               0     25.500    499.800     31.515           6.012                 10.4         60
      1          0               0     53.400    189.700      0.118           5.927                 1.75         10
      1          0               0     49.500    379.500      0.338          11.277                 1.86         20
      1          0               0     49.200    474.400      0.903          12.750                 2.41         30
      1          0               0     72.300    592.800      5.749          12.024                 3.37         40
      1          0               0     50.500    767.500     10.206           7.606                 6.66         50
      0          0               0   2000.000 120000.000   1055.664           7.006                 8.57         60
      1          0               0     42.900    117.800      0.086           7.732                 1.32         10
      1          0               0     28.900    286.500      0.215           9.588                 2.23         20
      1          0               0     53.400    398.900      0.991           8.734                 3.52         30
      1          0               0     27.000    335.500      1.696          10.215                 4.03         40
      1          0               0     44.300    719.200      7.668           7.686                 6.62         50
      1          0               0     27.000    570.200     13.161           6.819                 9.09         60
      1          0               0     39.300    128.100      0.077           7.796                  1.3         10
      1          0               0     31.700    156.300      0.151          12.672                  1.6         20
      1          0               0     46.000    275.000      0.510          12.937                 2.37         30
      1          0               0     73.000    498.900      2.101          13.267                 3.09         40
      1          0               0     84.400    431.900      4.137          13.364                 3.88         50
      1          0               0     76.400    536.400     12.313          10.436                 6.59         60
      1          0               0     35.100    188.300      0.073           7.442                 1.38         10
      1          0               0     28.700    217.600      0.221           8.697                 2.34         20
      1          0               0     46.400    302.500      0.606          12.403                 2.47         30
      1          0               0     27.900    382.600      0.973          13.638                 2.98         40
      1          0               0     44.300    571.600      4.500          11.767                 4.31         50
      1          0               0     40.700    830.600     14.554          10.998                 5.65         60
      1          0               0     36.700    105.400      0.074           8.095                 1.27         10
      1          0               0     44.200    314.000      0.215          11.597                 1.74         20
      1          0               0     62.100    419.300      0.541          14.470                 2.12         30
      1          0               0     50.100    567.100      1.423          12.170                 3.34         40
      0          0               0   2000.000 100000.000    140.140          11.980                 4.18         50
      0          0               0   2000.000 120000.000    357.355           8.971                  6.7         60
      1          0               0     36.100    139.300      0.070           8.922                 1.14         10
      1          0               0     33.200    209.000      0.173          12.434                 1.65         20
      1          0               0     35.300    198.800      0.488          11.669                 2.66         30
      1          0               0     69.000    468.000      2.043          12.748                 3.23         40
      1          0               0     57.000    557.400      6.955          10.107                 5.24         50
      1          0               0     41.800    576.200     18.745           7.299                 9.65         60
      1          0               0     76.800    211.200      0.147           8.121                 1.24         10
      1          0               0     73.800    331.100      0.563          10.878                 1.85         20
      1          0               0     41.100    457.200      1.055          13.676                 2.22         30
      1          0               0     39.200    449.800      2.796           9.730                 4.37         40
      1          0               0     39.400    637.100      4.177          12.305                 4.19         50
      1          0               0     27.500    365.900      5.708          10.065                  6.1         60
      1          0               0     71.700    360.900      0.148           6.979                 1.45         10
      1          0               0     66.500    405.600      0.313          12.629                 1.63         20
      1          0               0     64.800    509.600      0.716          14.532                 2.09         30
      1          0               0     46.800    409.100      1.541          13.579                 3.02         40
      1          0               0     35.700    556.000      5.434           9.459                 5.69         50
      1          0               0     38.800    460.100     17.165           7.129                 8.71         60
      1          0               0     50.100    144.400      0.098           7.806                 1.31         10
      1          0               0     33.100    197.100      0.141          13.526                 1.52         20
      1          0               0     27.700    228.800      0.253          13.758                 2.21         30
      1          0               0     42.800    426.500      0.874          15.556                 2.68         40
      1          0               0     42.300    558.400      2.287          13.733                 3.82         50
      1          0               0     50.400    766.500     10.248          11.377                 5.69         60
      1          0               0     18.500     76.400      0.047           5.492                 1.96         10
      1          0               0     54.200    292.200      0.410           8.517                 2.42         20
      1          0               0     40.300    200.800      0.727          10.878                 2.77         30
      1          0               0     54.300    394.300      1.557          11.331                 3.65         40
      1          0               0     34.300    372.500      3.071           8.985                 5.84         50
      1          0               0     44.300    512.600      9.846           8.449                 7.33         60
      1          0               0     48.800    205.200      0.119           5.795                 1.78         10
      1          0               0     42.900    347.600      0.344           9.583                 2.14         20
      1          0               0     44.500    508.600      1.365           9.537                  3.2         30
      1          0               0     43.700    528.400      2.444           9.590                  4.3         40
      1          0               0     31.800    610.500      5.380           8.223                 6.26         50
      1          0               0     47.100    654.700     12.225           7.722                 8.21         60
      1          0               0     63.300    187.500      0.128           7.006                 1.45         10
      1          0               0     59.300    299.500      0.287          10.585                 1.93         20
      1          0               0     60.800    532.900      0.586          14.155                 2.14         30
      1          0               0     58.000    401.600      3.043          12.262                 3.28         40
      1          0               0     58.100    426.500      5.749          10.157                 4.98         50
      1          0               0     45.800    566.400     12.704           8.814                 6.94         60
      1          0               0     47.800    167.400      0.107           6.347                  1.6         10
      1          0               0     40.400    288.100      0.214          11.200                  1.8         20
      1          0               0     50.000    422.600      0.672          11.176                 2.74         30
      1          0               0     44.600    354.900      1.363          10.168                  4.0         40
      1          0               0     33.400    399.600      4.806           5.802                 9.09         50
      1          0               0     28.400    583.400     11.081           4.894                 13.0         60
      1          0               0     47.300    116.500      0.095           7.641                 1.32         10
      1          0               0     51.900    456.100      0.526           9.906                 2.04         20
      1          0               0     60.600    571.600      1.630          10.274                 2.98         30
      1          0               0     19.000    231.800      1.182           9.958                 4.13         40
      1          0               0     27.700    410.200      4.281           7.650                 7.06         50
      1          0               0     41.800    464.900     12.696           7.677                 8.25         60
      1          0               0     38.400    108.000      0.079           6.544                 1.55         10
      1          0               0     42.600    195.800      0.271           9.176                 2.28         20
      1          0               0     38.100    327.600      0.818          10.388                 2.92         30
      1          0               0     37.100    473.200      1.959           9.388                 4.35         40
      1          0               0     32.200    519.600      3.508           8.696                 5.85         50
      1          0               0     57.400    683.800     12.734           8.181                 7.56         60
      1          0               0     43.500    148.000      0.115           5.331                 1.96         10
      1          0               0     48.000    257.400      0.497           8.260                 2.47         20
      1          0               0     54.400    581.100      1.669          10.072                 3.02         30
      1          0               0     41.000    498.000      5.795           7.232                 5.82         40
      1          0               0     38.900    399.900     13.725           7.661                 7.37         50
      1          0               0     48.900    608.700     37.642           7.387                  8.7         60
      1          0               0     40.700    126.500      0.079           7.027                  1.5         10
      1          0               0     46.700    256.500      0.318           9.951                 2.07         20
      1          0               0     45.100    285.900      0.776          11.326                 2.96         30
      1          0               0     54.300    429.600      4.440          10.343                 4.37         40
      1          0               0     35.800    533.200      6.116          10.883                 4.98         50
      1          0               0     38.000    408.100     11.277           9.963                 6.78         60
      1          0               0     50.100    131.800      0.100           7.996                 1.26         10
      1          0               0     33.700    252.600      0.167          12.525                 1.61         20
      1          0               0     46.300    312.800      0.880          13.162                 2.32         30
      1          0               0     45.000    447.900      2.389          10.202                 4.03         40
      1          0               0     45.900    464.700      5.733          10.379                 5.02         50
      1          0               0     51.400    627.900     19.463           8.202                  7.6         60
      1          0               0     23.600    105.700      0.052           5.831                 1.81         10
      1          0               0     31.800    143.200      0.177           9.893                 2.04         20
      1          0               0     36.800    298.300      0.576          11.489                 2.68         30
      1          0               0    291.200   1042.500     15.815          14.572                 2.76         40
      0          0               0   2000.000 100000.000    356.418          10.977                 4.56         50
      0          0               0   2000.000 120000.000    920.663           8.999                 6.67         60
      1          0               0     46.100    166.800      0.096           7.341                 1.39         10
      1          0               0     44.600    287.800      0.345           7.942                 2.59         20
      1          0               0     43.200    512.100      0.717          11.153                  2.7         30
      1          0               0     40.600    559.500      1.688          12.392                 3.28         40
      1          0               0     53.100    527.700      7.118          10.855                 4.74         50
      1          0               0     34.100    449.600      7.816           9.566                 6.62         60
      1          0               0     29.400    101.000      0.059           7.473                 1.38         10
      1          0               0     42.700    263.000      0.272          11.190                 1.81         20
      1          0               0     39.100    167.700      0.713          11.685                 2.58         30
      1          0               0     41.100    347.100      1.918          12.100                 3.32         40
      1          0               0     39.300    368.900      2.586          11.092                 4.55         50
      1          0               0     62.000    637.300     16.856          10.121                 5.99         60
      1          0               0     31.100    145.700      0.068           7.206                 1.41         10
      1          0               0     21.200    116.000      0.116          11.151                 1.85         20
      1          0               0     14.200    154.000      0.190          10.275                 2.97         30
      1          0               0     43.200    244.500      2.713           8.826                 5.06         40
      1          0               0     58.600    432.700     14.991           8.319                  6.6         50
      1          0               0     62.700    592.300     50.969           7.016                  9.8         60
      1          0               0     35.400    114.800      0.072           7.393                 1.37         10
      1          0               0     25.300    168.700      0.120          12.253                 1.68         20
      1          0               0     35.300    336.700      0.379          14.810                 2.12         30
      1          0               0     46.400    493.700      1.102          13.487                 3.12         40
      1          0               0     64.700    676.000      5.589          11.113                 4.61         50
      1          0               0     54.200    765.200     16.542           8.236                 7.81         60
      1          0               0     61.600    172.900      0.119           8.055                 1.26         10
      1          0               0     66.400    386.000      0.294          12.979                 1.58         20
      1          0               0     44.200    324.400      0.439          13.968                 2.18         30
      1          0               0     77.700    708.300      1.657          12.457                 3.25         40
      1          0               0     49.000    632.700      6.535           8.696                 5.86         50
      1          0               0     33.000    583.200     11.047           8.445                 7.76         60
      1          0               0     48.200    184.100      0.096           6.662                 1.52         10
      1          0               0     94.900    392.600      0.556           8.650                 2.36         20
      1          0               0     86.900    483.900      2.030          10.572                 2.94         30
      1          0               0    100.900    581.200      3.491          13.285                 3.08         40
      1          0               0     37.900    337.900      3.050          11.235                 4.53         50
      1          0               0     70.900    622.300     14.311          10.203                  6.3         60
      1          0               0     69.600    357.100      0.136           8.369                 1.23         10
      1          0               0     64.100    576.600      0.350          11.769                 1.76         20
      1          0               0     75.700    667.200      0.753          15.086                 2.01         30
      1          0               0     48.400    495.100      1.455          11.163                 3.63         40
      1          0               0     59.600    572.100      3.205          11.045                 4.62         50
      1          0               0     49.600    676.900      9.097          10.248                 6.04         60
      1          0               0     60.200    160.100      0.129           7.181                  1.4         10
      1          0               0     33.800    145.100      0.159          11.077                 1.81         20
      1          0               0     54.700    322.700      0.871          11.380                 2.73         30
      1          0               0     73.400    516.100      3.118           9.154                 4.68         40
      1          0               0     72.400    584.100      8.467           8.581                 6.24         50
      1          0               0     64.200    676.600     18.724           7.740                 8.04         60
      1          0               0     20.100     58.900      0.040           8.393                 1.21         10
      1          0               0     79.700    410.900      0.406          12.156                 1.66         20
      1          0               0     64.700    401.200      0.675          13.133                 2.32         30
      1          0               0     65.000    630.300      3.108          10.603                 3.88         40
      1          0               0     56.200    565.500     18.759           9.109                 5.87         50
      1          0               0     60.300    515.100     41.249           8.416                 8.36         60
      1          0               0     42.500    153.300      0.080           8.878                 1.14         10
      1          0               0     23.600    176.300      0.125          12.644                  1.6         20
      1          0               0     36.100    264.600      0.641          10.296                 2.97         30
      1          0               0     48.300    498.300      1.686           9.979                 4.07         40
      1          0               0     46.100    495.300      4.057           9.798                  5.3         50
      1          0               0     66.200    490.000      8.484           9.272                 7.08         60
      1          0               0     43.200    197.300      0.086           7.498                 1.37         10
      1          0               0     51.000    288.500      0.287          11.273                 1.82         20
      1          0               0     53.000    428.300      0.944          12.038                 2.56         30
      1          0               0     39.500    504.800      1.510          13.532                 3.07         40
      1          0               0     52.900    485.800      8.796           9.546                 5.43         50
      1          0               0     42.300    570.000     22.435           7.040                 8.67         60
      1          0               0     40.000    221.500      0.097           6.010                  1.7         10
      1          0               0     49.200    279.400      0.273           9.246                 2.18         20
      1          0               0     37.000    363.000      0.748           9.651                  3.2         30
      1          0               0     22.000    320.200      1.300           9.091                 4.53         40
      1          0               0     20.500    386.300      2.563           9.610                 5.28         50
      1          0               0     26.500    496.300      4.536           9.521                 6.48         60
      1          0               0     51.400    239.700      0.113           7.206                 1.41         10
      1          0               0     45.900    424.300      0.674           7.135                 2.87         20
      1          0               0     46.700    490.600      0.931          10.593                 2.86         30
      1          0               0     81.000    709.200      4.652           8.411                 4.83         40
      1          0               0     51.300    656.300     11.459           6.908                 7.53         50
      1          0               0     36.200    691.600     20.648           5.276                 13.7         60
      1          0               0     53.300    133.200      0.107           7.347                 1.37         10
      1          0               0     54.100    262.900      0.261          12.227                 1.72         20
      1          0               0     43.800    279.100      0.514          13.406                 2.34         30
      1          0               0     34.200    449.600      1.745          11.936                 3.53         40
      1          0               0     23.100    439.200      2.505           9.701                 5.32         50
      1          0               0     23.100    543.600      6.601           9.139                 6.74         60
      1          0               0     48.000    258.800      0.111           5.458                 1.89         10
      1          0               0     81.000    421.900      0.451          11.886                 1.72         20
      1          0               0     63.900    646.100      1.504           9.241                 3.37         30
      0          0               0   2000.000  80000.000    107.464          10.920                 3.68         40
      1          0               0     49.100    520.300      7.838           7.825                  6.6         50
      1          0               0     54.200    832.900     19.698           7.424                 8.65         60
      1          0               0     40.000    112.800      0.095           5.125                 1.97         10
      1          0               0     47.700    262.200      0.443           7.736                 2.66         20
      1          0               0     37.500    326.100      0.976           8.763                 3.48         30
      1          0               0     33.000    424.200      2.835           9.476                 4.33         40
      1          0               0     26.600    471.100      6.634           6.662                 7.82         50
      1          0               0     28.600    500.100     23.096           4.874                 13.2         60
      1          0               0     20.100    108.000      0.043           7.393                 1.39         10
      1          0               0     46.000    244.800      0.204          13.739                  1.5         20
      1          0               0     40.700    291.500      0.514          13.614                  2.3         30
      1          0               0     20.900    224.600      0.707          10.904                 3.82         40
      0          0               0   2000.000 100000.000     73.372          12.961                 3.86         50
      0          0               0   2000.000 120000.000    435.139           8.980                 6.69         60
      1          0               0     48.700    134.000      0.099           7.791                  1.3         10
      1          0               0     47.000    273.400      0.264          10.181                 1.98         20
      1          0               0     45.500    514.800      0.576          10.947                  2.8         30
      1          0               0     40.500    488.900      1.434          10.126                 3.99         40
      1          0               0     36.200    598.400      5.933           8.707                 6.05         50
      0          0               0   2000.000 120000.000    458.428          11.932                 5.04         60
      1          0               0     27.500     85.900      0.067           5.396                 1.92         10
      1          0               0     36.200    209.800      0.345           7.818                 2.63         20
      1          0               0    200.100    817.500      5.106           6.832                 4.43         30
      1          0               0     21.700    320.000      3.054           5.429                 7.66         40
      1          0               0     24.500    329.200     10.530           5.922                 9.17         50
      1          0               0     25.800    367.500     25.565           5.849                 11.1         60
      1          0               0     21.200     97.100      0.047           7.156                 1.43         10
      1          0               0     23.500    212.800      0.188          10.434                 1.93         20
      1          0               0     25.700    270.200      0.395          11.798                 2.57         30
      1          0               0     57.600    449.300      2.368          10.217                 3.98         40
      1          0               0     35.200    397.100      3.290          10.511                 5.03         50
      1          0               0     55.600    474.300     14.301           9.414                 6.75         60
      1          0               0     49.200    117.900      0.114           6.654                 1.52         10
      1          0               0     63.600    280.200      0.406          10.384                 1.96         20
      0          0               0   2000.000  60000.000     24.779          13.970                 2.15         30
      0          0               0   2000.000  80000.000     53.976          14.950                 2.68         40
      1          0               0     22.300    363.900      1.927          10.498                 4.97         50
      1          0               0     24.100    444.100      4.431           8.573                 7.28         60
      1          0               0     17.900     76.400      0.034           8.804                 1.14         10
      1          0               0     22.000    134.100      0.106          11.964                 1.69         20
      1          0               0     49.400    418.000      0.521          13.093                 2.33         30
      1          0               0     36.000    342.000      0.743          13.806                 2.95         40
      1          0               0     26.400    376.400      1.973           9.580                  5.3         50
      1          0               0     18.400    422.300      5.192           6.690                 9.85         60
      1          0               0     49.700    127.200      0.101           6.976                 1.46         10
      1          0               0     50.300    203.700      0.284          10.521                 2.01         20
      1          0               0     31.700    247.800      0.488          11.445                 2.71         30
      1          0               0     50.000    386.000      1.850          12.758                  3.3         40
      1          0               0     57.100    455.000     16.648           9.583                  5.4         50
      1          0               0     24.800    363.400     13.069           7.222                 8.64         60
      1          0               0     47.700    137.100      0.102           6.562                 1.54         10
      1          0               0     45.200    322.500      0.197          13.460                  1.5         20
      1          0               0     92.600    885.300      0.913          12.741                 2.37         30
      1          0               0     40.600    463.000      1.168          12.623                 3.27         40
      1          0               0     53.600    510.500      3.096          11.334                 4.68         50
      1          0               0     59.700    779.800     15.238          10.188                 6.28         60
      1          0               0     57.300    202.400      0.142           6.028                 1.68         10
      1          0               0     36.900    211.100      0.268          11.087                 1.89         20
      1          0               0     19.700    208.000      0.377          12.269                 2.48         30
      1          0               0     23.500    257.700      1.256          12.332                 3.41         40
      1          0               0     28.400    327.100      3.032          10.507                 5.62         50
      1          0               0     35.400    525.900     10.183           8.723                 7.35         60
      1          0               0     43.800    161.400      0.099           7.502                 1.49         10
      1          0               0     44.100    361.000      0.372          10.905                 1.94         20
      1          0               0     45.800    323.400      0.632          14.998                 2.12         30
      1          0               0     40.600    432.400      1.510          13.254                 3.12         40
      1          0               0     36.100    500.900      6.316          11.127                 4.64         50
      1          0               0     41.300    632.600     11.218          10.889                 5.58         60
      1          0               0     53.300    162.100      0.106           7.741                 1.31         10
      1          0               0     45.100    382.500      0.294          10.282                  2.0         20
      1          0               0     44.700    386.500      0.693          10.743                 2.88         30
      1          0               0     36.800    442.100      1.703          10.424                 3.95         40
      1          0               0     34.200    521.400      4.402           7.924                 6.55         50
      1          0               0     32.400    608.800      8.303           8.151                 7.53         60
      1          0               0     18.400     83.500      0.043           5.908                 1.74         10
      1          0               0     25.900    142.100      0.151          10.575                  1.9         20
      1          0               0     64.500    328.000      0.733          12.716                  2.4         30
      1          0               0     52.500    492.200      2.354          10.112                 4.01         40
      1          0               0     39.600    452.800      4.960          10.232                 4.94         50
      1          0               0     46.100    549.000     17.057           9.085                  6.8         60
      1          0               0     48.100    114.400      0.098           7.437                 1.36         10
      1          0               0     44.100    250.200      0.293           8.909                 2.29         20
      1          0               0     39.500    347.900      0.764           9.881                 3.07         30
      1          0               0     33.500    359.900      1.781           9.866                 4.21         40
      1          0               0     46.300    435.300      4.338           9.663                 5.76         50
      1          0               0     27.900    459.500      6.424           7.000                 9.83         60
      1          0               0     58.700    254.800      0.127           5.523                 1.86         10
      1          0               0     71.200    361.300      0.348          11.796                 1.71         20
      1          0               0     56.900    458.000      0.768          11.367                 2.66         30
      1          0               0     56.100    523.100      1.825          11.419                 3.54         40
      1          0               0     41.100    697.800      4.828          10.599                  4.8         50
      1          0               0     45.600    763.600     15.891           8.463                 7.18         60
      1          0               0     46.400    136.700      0.089           8.250                 1.22         10
      1          0               0     69.400    353.200      0.344          12.267                 1.66         20
      1          0               0     48.200    445.200      0.629          11.058                 2.74         30
      1          0               0     42.400    484.300      1.376          11.118                 3.65         40
      1          0               0     38.800    704.900      8.854           6.113                 8.54         50
      1          0               0     39.600    656.800     17.165           5.210                 12.8         60
      1          0               0     51.500    151.800      0.097           9.047                 1.12         10
      1          0               0     38.700    177.800      0.192          10.532                 1.92         20
      1          0               0     39.900    263.200      0.553          10.792                 2.81         30
      1          0               0     38.700    332.300      1.625           9.656                 4.22         40
      1          0               0     30.300    309.700      2.571           9.634                 5.25         50
      1          0               0     37.700    341.300     17.251           6.727                 9.06         60
      1          0               0     33.700    129.900      0.076           6.045                  1.7         10
      1          0               0     71.800    346.700      0.417           9.244                 2.18         20
      1          0               0     26.900    227.000      0.462          10.104                 3.12         30
      1          0               0     34.100    325.400      1.786           8.721                 4.71         40
      1          0               0     32.100    325.100      3.309           8.745                 5.85         50
      1          0               0     25.100    390.900     11.915           6.932                  9.0         60
      1          0               0     39.300    174.500      0.082           7.410                 1.42         10
      1          0               0     77.200    289.700      0.401          12.308                 1.68         20
      1          0               0     79.500    493.200      1.411          13.113                 2.36         30
      1          0               0     72.400    587.500      3.016          14.040                 2.95         40
      1          0               0     64.300    731.300     13.164          11.451                 4.46         50
      1          0               0     39.700    675.800     16.704           9.191                 6.79         60
      1          0               0     38.200    239.100      0.103           4.801                 2.14         10
      1          0               0     37.300    401.200      0.523           5.115                 4.01         20
      1          0               0     46.400    570.300      1.586           8.341                 3.68         30
      1          0               0     54.700    710.600      4.362           7.519                 5.45         40
      1          0               0     39.400    654.100      8.467           8.264                 6.15         50
      1          0               0     35.300    801.700     13.780           7.711                 8.21         60
      1          0               0     34.300    127.200      0.065           8.554                 1.18         10
      1          0               0     61.000    197.600      0.257          14.028                 1.44         20
      1          0               0     76.900    586.200      0.740          14.918                 2.02         30
      1          0               0     67.400    627.800      1.587          15.835                 2.59         40
      1          0               0   1467.600   2275.300     39.257          15.873                 3.16         50
      1          0               0     78.800    929.200      8.142          10.529                 6.05         60
      1          0               0     41.000    173.500      0.083           7.895                  1.3         10
      1          0               0     66.800    256.500      0.359          10.859                 1.85         20
      1          0               0     66.000    506.100      0.784          12.023                 2.54         30
      1          0               0     78.100    502.000      1.880          10.665                 3.83         40
      1          0               0     32.600    379.200      2.931           9.169                 5.63         50
      1          0               0     30.100    542.800     11.506           6.385                  9.6         60
      1          0               0     49.400    196.100      0.108           7.085                 1.43         10
      1          0               0     49.500    261.300      0.248          11.590                 1.75         20
      1          0               0     22.100    172.400      0.304          10.747                 2.85         30
      1          0               0     28.600    314.300      0.926          11.119                 3.81         40
      1          0               0     25.200    419.700      3.897           8.456                 6.08         50
      1          0               0     43.400    569.300     32.644           6.758                  9.7         60
      1          0               0     63.000    195.800      0.125           7.770                 1.31         10
      1          0               0     49.100    354.000      0.317           8.574                 2.39         20
      1          0               0     57.700    557.200      0.894          11.504                 2.63         30
      1          0               0     56.500    627.400      1.977          11.515                 3.51         40
      1          0               0     48.800    806.600      4.277           9.379                 5.45         50
      1          0               0     48.100    851.600     17.977           5.927                 10.5         60
      1          0               0     28.200     96.000      0.056           7.745                  1.3         10
      1          0               0     44.200    283.900      0.251          10.043                 2.03         20
      1          0               0     54.500    387.200      0.539          13.758                 2.22         30
      1          0               0     45.300    436.100      1.335          13.289                 3.09         40
      1          0               0     40.900    343.600      3.833          11.474                 4.51         50
      1          0               0     16.700    364.500      6.571           6.246                 10.3         60
      1          0               0     33.500    142.600      0.073           6.806                 1.52         10
      1          0               0     31.000    240.800      0.202           8.239                 2.46         20
      1          0               0     38.500    299.100      0.570           9.971                 3.03         30
      1          0               0     46.500    441.800      1.745          11.458                 3.54         40
      1          0               0     37.600    471.800      3.274          10.457                 4.89         50
      1          0               0     48.100    585.400     14.775           8.950                 6.84         60
      1          0               0     31.000    175.600      0.064           7.352                 1.37         10
      1          0               0     39.600    247.700      0.206          11.432                  1.8         20
      1          0               0     64.200    525.900      0.647          13.419                 2.33         30
      1          0               0     29.300    346.200      1.127          11.096                  3.7         40
      1          0               0     65.000    709.600      5.831          11.554                 4.81         50
      1          0               0     23.700    476.400     10.288           7.920                  9.3         60
      1          0               0     64.400    192.400      0.121           9.141                  1.1         10
      1          0               0     59.800    319.200      0.288          12.344                 1.68         20
      1          0               0     84.900    356.900      0.807          12.934                 2.38         30
      1          0               0     73.600    432.800      2.006          13.995                 2.94         40
      1          0               0     71.100    543.500      5.776          12.214                 4.48         50
      1          0               0     62.700    570.500      8.503          12.553                  5.6         60
      1          0               0     19.300     72.100      0.038           7.762                 1.31         10
      1          0               0     62.400    327.600      0.378          11.019                 1.86         20
      1          0               0     21.100    248.200      0.395          11.844                 2.56         30
      1          0               0     31.900    383.500      1.149          12.389                 3.27         40
      1          0               0     48.000    652.900      4.964          12.465                 4.15         50
      1          0               0     54.600    560.000     15.090           9.284                 6.94         60
      1          0               0     28.700    162.200      0.067           6.091                  1.7         10
      1          0               0     36.000    203.100      0.206          11.631                 1.73         20
      1          0               0     29.300    227.400      0.323          12.805                 2.37         30
      1          0               0     24.900    318.000      1.023          11.036                 3.68         40
      1          0               0     45.600    545.100      5.803           9.518                 5.32         50
      1          0               0     45.100    693.200     11.364           8.302                 7.74         60
      1          0               0     70.800    173.000      0.137           8.191                 1.27         10
      1          0               0     59.200    325.000      0.315          11.037                 1.96         20
      1          0               0     48.300    419.500      0.571          11.290                 2.84         30
      1          0               0     55.300    504.200      2.703          10.226                 4.54         40
      1          0               0     57.800    665.500      6.878          10.092                 5.43         50
      1          0               0     62.100    802.000     31.978           8.047                 8.13         60
      1          0               0     38.100    221.400      0.106           5.131                 2.01         10
      1          0               0     61.600    270.100      0.424           9.732                 2.07         20
      1          0               0     52.200    464.000      0.741          12.513                 2.42         30
      1          0               0     48.000    310.100      1.355          13.358                 3.01         40
      1          0               0    535.300    889.800     25.411          11.896                 4.21         50
      1          0               0    195.500    598.100     41.226           8.903                 6.78         60
      1          0               0     29.600    127.800      0.067           7.230                 1.43         10
      1          0               0     33.600    204.500      0.184          12.310                 1.66         20
      1          0               0     53.600    402.400      0.733          13.222                  2.3         30
      1          0               0     55.400    432.300      1.886          12.744                 3.28         40
      1          0               0     39.600    371.900      2.879          12.412                 4.22         50
      1          0               0     50.500    841.100      7.832          12.034                 5.26         60
      1          0               0     24.800     85.000      0.049           8.948                 1.12         10
      1          0               0     54.400    269.000      0.435           8.906                 2.28         20
      1          0               0     52.100    388.800      1.274           8.875                 3.49         30
      1          0               0     34.200    379.500      2.709           8.047                 5.18         40
      1          0               0     40.100    492.000      6.833           7.985                 6.41         50
      1          0               0     38.300    496.600     12.553           6.755                 9.06         60
      1          0               0     31.100    101.900      0.068           7.736                 1.34         10
      1          0               0     61.600    309.900      0.384           8.760                 2.33         20
      1          0               0     64.500    416.400      1.109           9.822                 3.08         30
      1          0               0     32.400    419.300      1.570          10.022                 4.04         40
      1          0               0     53.300    516.300      8.026          10.396                 4.85         50
      1          0               0     57.100    769.800     20.669           7.403                  8.3         60
      1          0               0     25.800     75.300      0.057           6.698                  1.5         10
      1          0               0     50.000    304.700      0.337           6.880                 2.96         20
      1          0               0     36.100    323.000      1.112           8.864                 3.41         30
      1          0               0     60.300    492.000      3.820          10.766                 3.83         40
      1          0               0     34.900    428.500      5.113           9.593                 5.62         50
      1          0               0     32.000    530.800      9.881           8.109                  7.8         60
      1          0               0     36.700    189.700      0.078           6.826                 1.51         10
      1          0               0     39.800    242.500      0.213          11.920                 1.78         20
      1          0               0     66.900    406.800      0.584          17.475                 1.74         30
      1          0               0     54.500    582.800      1.725          11.007                 3.75         40
      1          0               0     23.700    344.000      2.833           8.937                 5.92         50
      1          0               0     23.700    423.300     12.534           6.173                 10.8         60
      1          0               0     52.000    151.000      0.111           6.615                 1.54         10
      1          0               0     27.400    210.600      0.167           9.084                 2.23         20
      1          0               0     28.400    226.100      0.496           8.799                 3.51         30
      1          0               0     29.000    377.800      3.750           7.083                 5.88         40
      1          0               0     21.600    362.900     10.176           5.352                 9.88         50
      1          0               0     25.300    576.200     26.327           5.759                 11.8         60
      1          0               0     54.400    225.800      0.111           7.599                 1.34         10
      1          0               0     30.200    169.000      0.138          12.381                 1.64         20
      1          0               0     47.300    317.600      0.565          11.888                 2.59         30
      1          0               0     49.500    488.800      2.121          11.111                 3.69         40
      1          0               0     40.300    322.300      7.394           9.700                 5.26         50
      1          0               0     60.300    711.700     40.678           6.778                 9.05         60
      1          0               0     42.100    132.000      0.089           7.290                 1.47         10
      1          0               0     58.000    229.900      0.307          10.757                 1.89         20
      1          0               0     29.300    252.500      0.380          11.570                 2.62         30
      1          0               0     21.500    358.000      0.794          10.279                 3.98         40
      1          0               0     28.500    493.200      3.479           9.393                 5.74         50
      1          0               0     51.000    625.200     13.398          10.382                 6.11         60
      1          0               0     32.400    191.200      0.075           5.920                 1.72         10
      1          0               0     37.900    346.800      0.283          10.839                 1.89         20
      1          0               0     55.500    467.500      0.695          14.652                 2.11         30
      1          0               0     39.900    414.900      1.646          15.283                 2.68         40
      1          0               0     43.600    576.700      6.360          10.700                 4.74         50
      1          0               0     32.100    537.400      8.181          11.785                 5.89         60
      1          0               0     13.700     77.200      0.036           6.328                 1.63         10
      1          0               0     43.100    228.200      0.433           8.146                 2.52         20
      1          0               0     35.300    364.900      0.790           7.547                 4.05         30
      1          0               0     66.200    642.700      3.868           7.832                  5.2         40
      1          0               0     31.400    513.000      3.279           8.637                 5.88         50
      1          0               0     27.900    418.500      6.478           7.523                 8.09         60
      1          0               0     39.400    175.700      0.085           6.320                 1.63         10
      1          0               0     46.100    310.900      0.354           8.863                 2.34         20
      1          0               0     67.600    523.700      0.964          10.948                 2.76         30
      1          0               0     58.100    642.400      4.049           9.119                 4.43         40
      1          0               0     58.500    675.100     10.151          11.503                 4.44         50
      1          0               0     40.700    630.700     16.178           9.646                 6.64         60
      1          0               0     41.800    116.900      0.084           7.053                 1.43         10
      1          0               0     37.900    244.900      0.220           9.058                 2.22         20
      1          0               0     42.400    314.100      0.591           9.450                 3.25         30
      1          0               0     67.100    386.000      2.137          10.557                 3.82         40
      1          0               0     36.000    341.200      4.796           8.400                 6.11         50
      1          0               0     26.700    410.900      6.977           8.401                  7.2         60
      1          0               0     48.600    164.400      0.103           6.835                 1.51         10
      1          0               0     49.000    305.000      0.419           6.867                 2.96         20
      1          0               0     54.800    330.300      0.783          10.892                 2.79         30
      1          0               0     26.800    372.100      2.597           7.026                 6.14         40
      1          0               0     23.600    411.500      8.599           6.415                 8.05         50
      1          0               0     34.800    540.600     21.921           6.414                 9.55         60
      1          0               0     35.800    103.800      0.069           7.969                 1.27         10
      1          0               0     52.400    252.400      0.456          10.303                 1.98         20
      1          0               0     51.200    377.600      2.004          10.996                 2.78         30
      1          0               0     32.300    442.100      4.848           9.542                 4.25         40
      1          0               0     38.800    504.900     10.127           9.678                 5.23         50
      1          0               0     40.000    705.000     26.107           7.330                 8.59         60
      1          0               0    300.800    916.600      0.615           6.128                 1.64         10
      1          0               0    289.000    771.300      1.602          11.894                 1.68         20
      1          0               0    293.200   2138.000      3.533          11.785                 2.56         30
      1          0               0    264.000    803.200      5.844          10.873                  3.7         40
      0          0               0   2000.000 100000.000     82.683          10.989                 4.55         50
      1          0               0     40.000    525.200      4.601           8.352                 7.47         60
      1          0               0     36.400     84.900      0.075           7.978                 1.27         10
      1          0               0     37.400    220.800      0.237          11.217                 1.79         20
      1          0               0     30.100    302.900      0.440          12.372                 2.46         30
      1          0               0     38.200    295.800      1.927          10.110                 4.17         40
      1          0               0     22.600    272.100      5.309           6.726                 8.04         50
      1          0               0     29.800    373.300     17.963           5.258                 12.2         60
      1          0               0     35.500    133.500      0.081           6.721                 1.53         10
      1          0               0     38.700    198.900      0.192          12.744                 1.59         20
      1          0               0     49.500    634.600      0.484          15.671                 1.92         30
      1          0               0     40.900    445.700      1.625          10.560                 3.84         40
      1          0               0     45.000    604.200      4.100           9.549                 5.28         50
      0          0               0   2000.000 120000.000    319.103           9.963                 6.03         60
      1          0               0     73.000    241.900      0.151           7.177                  1.4         10
      1          0               0     28.100    205.700      0.147          10.705                 1.92         20
      1          0               0     25.300    277.000      0.298          10.051                 3.03         30
      1          0               0     40.800    401.600      1.516           9.426                  4.3         40
      1          0               0     38.800    484.900      6.110           5.814                 9.13         50
      1          0               0     20.900    342.000      8.459           4.813                 13.7         60
      1          0               0     51.200    128.400      0.104           6.998                 1.45         10
      1          0               0     39.300    206.400      0.192          11.272                 1.81         20
      1          0               0     37.700    294.900      0.516          10.936                 2.87         30
      1          0               0     38.500    374.800      2.170           9.670                 4.26         40
      1          0               0     33.900    455.700      3.812           7.879                 6.47         50
      1          0               0     29.400    646.300      8.725           7.051                 9.27         60
      1          0               0     66.100    262.900      0.135           6.363                  1.6         10
      1          0               0     87.900    416.700      0.413          12.274                 1.64         20
      1          0               0     59.100    634.200      0.709          15.349                 1.99         30
      1          0               0     46.500    601.900      1.840          14.092                 3.02         40
      1          0               0     64.500    833.000      4.952          13.340                 4.18         50
      1          0               0     59.800   1029.100     13.713           7.844                 7.93         60
      1          0               0     40.100    159.100      0.084           7.379                 1.45         10
      1          0               0     32.300    143.600      0.213           9.570                 2.14         20
      1          0               0     43.600    454.700      0.706          10.803                 2.84         30
      1          0               0     42.200    326.300      1.599          11.486                 3.55         40
      1          0               0     38.000    488.600      8.766           8.563                 6.07         50
      1          0               0     27.200    396.800     11.268           8.305                 7.46         60
