success  collision  collision_obst   makespan   flowtime    runtime     mean_groups     mean_groups_size     number
      1          0               0     51.000    194.000      0.071           7.816                 1.32         10
      1          0               0     34.100    175.800      0.114           9.871                 2.05         20
      1          0               0     75.800    485.100      0.578           8.831                 3.44         30
      1          0               0     41.100    354.800      0.488           8.394                 4.91         40
      1          0               0     39.400    481.400      0.964           6.414                 8.21         50
      1          0               0     52.700    473.000      2.478           6.245                  9.9         60
      1          0               0     51.600    213.500      0.074           7.050                 1.51         10
      1          0               0     51.400    311.100      0.165          11.232                 1.84         20
      1          0               0     41.300    295.500      0.252          11.923                 2.69         30
      1          0               0     40.200    365.700      0.397          12.886                 3.31         40
      1          0               0     25.200    372.800      0.474           9.897                 5.39         50
      1          0               0     31.800    375.400      0.741          10.764                  6.2         60
      1          0               0     26.000     91.000      0.036           5.977                 1.69         10
      1          0               0     39.000    362.200      0.157           6.790                  3.0         20
      1          0               0     42.600    344.100      0.311           7.500                 4.07         30
      1          0               0     72.700    662.400      1.327           4.380                 9.52         40
      1          0               0     50.200    582.900      1.606           4.598                 11.4         50
      1          0               0     51.800    597.000      2.390           5.770                 10.6         60
      1          0               0     40.500    125.100      0.056           7.123                 1.44         10
      1          0               0     40.100    238.300      0.120          11.698                 1.73         20
      1          0               0     44.700    347.300      0.302          11.358                  2.7         30
      1          0               0     30.200    285.900      0.363           9.566                 4.26         40
      1          0               0     35.300    278.000      0.834           6.805                 7.82         50
      1          0               0     29.800    338.600      1.033           6.211                 10.2         60
      1          0               0     21.900    108.200      0.038           7.251                 1.39         10
      1          0               0     26.800    129.900      0.087           9.780                 2.06         20
      1          0               0     69.300    417.000      0.431          11.414                 2.65         30
      1          0               0     30.900    271.200      0.358           9.822                 4.13         40
      1          0               0     44.800    590.900      0.901           9.266                 5.53         50
      1          0               0     45.800    858.700      1.803           8.539                 7.25         60
      1          0               0     56.300    216.100      0.094           6.249                 1.65         10
      1          0               0     48.400    272.500      0.159          11.798                 1.75         20
      1          0               0     27.300    180.400      0.245           9.722                 3.15         30
      1          0               0     55.200    319.900      0.685          11.083                 3.67         40
      1          0               0     20.300    233.600      0.551           9.537                 5.61         50
      1          0               0     20.800    370.700      0.805           7.755                 7.95         60
      1          0               0     58.100    235.200      0.080           6.157                 1.65         10
      1          0               0     39.300    210.000      0.127           9.992                 2.02         20
      1          0               0     64.000    477.300      0.365          10.877                  2.8         30
      1          0               0     63.900    607.800      0.822           8.421                 4.93         40
      1          0               0     15.500    333.400      0.562           5.677                 9.31         50
      1          0               0     42.800    509.700      2.612           6.301                 9.74         60
      1          0               0     46.400    137.900      0.061           7.845                  1.3         10
      1          0               0     46.300    247.900      0.161           9.302                 2.18         20
      1          0               0     42.800    334.000      0.302          10.692                 2.84         30
      1          0               0     45.100    330.100      0.487          10.561                 3.88         40
      1          0               0     67.900    602.400      1.356          11.175                 4.57         50
      1          0               0     50.000    446.800      1.949          10.042                 6.07         60
      1          0               0     46.900    197.500      0.063           6.864                  1.5         10
      1          0               0     92.000    243.200      0.289          10.860                 1.87         20
      1          0               0     30.900    193.100      0.174          12.042                 2.59         30
      1          0               0     67.600    325.100      0.867           9.857                 4.12         40
      1          0               0     31.200    285.800      0.981           5.173                 10.1         50
      1          0               0     33.700    370.400      1.732           4.205                 15.1         60
      1          0               0     40.800    152.600      0.056           7.049                 1.44         10
      1          0               0     51.100    180.600      0.149          11.710                 1.72         20
      1          0               0     52.800    272.200      0.290          11.519                 2.64         30
      1          0               0     43.900    352.600      0.399          10.916                 3.69         40
      1          0               0     35.800    584.000      0.656           9.296                 5.48         50
      1          0               0     35.500    430.200      1.089           5.873                 10.4         60
      1          0               0     50.300    159.200      0.069           7.988                 1.27         10
      1          0               0     67.600    235.600      0.201          12.589                 1.64         20
      1          0               0     61.000    468.700      0.336          13.444                 2.33         30
      1          0               0     66.600    558.800      0.622          15.489                 2.65         40
      1          0               0     70.400    845.000      1.643          10.984                 4.62         50
      1          0               0     62.100   1076.400      2.462           9.477                 6.58         60
      1          0               0     30.800     80.300      0.042           7.240                  1.4         10
      1          0               0     76.700    477.600      0.235          10.220                 2.01         20
      1          0               0     73.400    443.400      0.470          12.104                 2.54         30
      1          0               0     50.000    403.200      0.605          12.298                 3.55         40
      1          0               0     48.500    498.600      1.017          10.672                 4.91         50
      1          0               0     36.300    485.700      1.369           6.835                 9.18         60
      1          0               0     16.500     72.400      0.022           6.830                 1.49         10
      1          0               0     70.400    405.600      0.214          10.332                 1.97         20
      1          0               0     59.800    367.900      0.351          12.881                  2.4         30
      1          0               0     56.400    651.700      0.900          11.752                 3.53         40
      1          0               0     37.700    717.200      1.075           9.435                 5.72         50
      1          0               0     40.800    513.400      1.704           7.645                 8.03         60
      1          0               0     17.900     74.500      0.023           8.402                 1.19         10
      1          0               0     29.600    238.400      0.129          11.412                 1.77         20
      1          0               0     33.700    348.000      0.222          10.291                 2.97         30
      1          0               0     44.900    521.700      0.575          11.570                 3.49         40
      1          0               0     38.200    313.000      1.004          10.427                 4.86         50
      1          0               0     36.300    427.400      2.703           6.691                 9.28         60
      1          0               0     33.700     88.700      0.046           7.344                 1.37         10
      1          0               0     24.600    168.800      0.079          10.289                 1.99         20
      1          0               0     24.500    304.200      0.141          10.906                  2.8         30
      1          0               0     20.600    250.500      0.227           8.786                 4.63         40
      1          0               0     30.100    362.900      0.576           9.831                 5.33         50
      1          0               0     21.600    377.900      0.995           6.412                 9.55         60
      1          0               0     53.900    242.800      0.086           5.939                 1.76         10
      1          0               0     57.900    465.100      0.188          10.971                 1.84         20
      1          0               0     62.100    407.600      0.367          11.808                 2.61         30
      1          0               0     62.000    801.900      0.632          12.871                 3.16         40
      1          0               0     49.400    634.600      0.988          11.018                 4.59         50
      1          0               0     76.200    733.400      2.514           8.329                 7.35         60
      1          0               0     11.400     42.200      0.016           6.886                 1.48         10
      1          0               0     34.800    231.700      0.111          10.833                 1.89         20
      1          0               0     55.500    364.300      0.358          12.465                 2.47         30
      1          0               0     54.200    431.900      0.738          11.055                 3.65         40
      1          0               0     46.100    481.100      1.410          10.065                 5.27         50
      1          0               0     51.000    470.800      2.276           8.898                 7.07         60
      1          0               0     40.100    164.100      0.055           7.716                 1.32         10
      1          0               0     39.100    239.700      0.122          11.494                 1.76         20
      1          0               0     51.300    305.900      0.277          11.573                 2.64         30
      1          0               0     52.800    433.000      0.545          10.407                 3.98         40
      1          0               0     47.600    486.900      0.953           8.092                 6.48         50
      1          0               0     38.300    560.900      1.376           6.867                 10.4         60
      1          0               0     73.200    260.500      0.101           7.381                 1.37         10
      0          0               0   2000.000  40000.000      6.975          10.997                 1.82         20
      1          0               0     82.600    551.400      0.570          13.242                 2.29         30
      0          0               0   2000.000  80000.000     23.166          13.959                 2.87         40
      1          0               0     59.100    608.900      1.177          11.902                 4.25         50
      0          0               0   2000.000 120000.000     50.804           9.957                 6.04         60
      1          0               0     33.900    157.100      0.046           7.950                 1.27         10
      1          0               0     25.800    141.500      0.075          11.682                 1.73         20
      1          0               0     22.800    193.700      0.124          13.781                 2.19         30
      1          0               0     49.700    339.200      0.510          10.889                 3.71         40
      0          0               0   2000.000 100000.000     42.352          10.982                 4.56         50
      1          0               0     62.800    609.300      2.281          10.029                 6.28         60
      1          0               0     61.000    245.100      0.116           7.815                  1.3         10
      1          0               0     81.000    434.400      0.252          12.590                  1.6         20
      1          0               0     55.200    356.500      0.320          11.937                 2.55         30
      1          0               0     50.000    333.000      0.520          10.940                 3.77         40
      1          0               0     48.400    521.900      1.222           8.184                 6.69         50
      1          0               0     52.300    515.000      1.559           7.751                  8.0         60
      1          0               0     30.600     89.300      0.041           7.833                 1.29         10
      1          0               0     52.100    213.100      0.159          12.342                 1.67         20
      1          0               0     49.800    367.000      0.303          13.653                 2.29         30
      1          0               0     50.400    612.300      0.738          13.440                 3.04         40
      1          0               0     29.500    376.700      0.717           9.963                 5.21         50
      1          0               0     46.000    563.200      2.052           8.263                 7.55         60
      1          0               0     63.500    120.200      0.102           6.372                 1.59         10
      1          0               0     18.600    151.500      0.066          10.844                 1.86         20
      1          0               0     23.800    175.900      0.163          11.429                 2.69         30
      1          0               0     17.100    213.500      0.209           9.743                 4.19         40
      1          0               0     33.700    599.300      0.997           8.463                 6.21         50
      1          0               0     30.200    539.600      1.318           6.066                 10.3         60
      1          0               0     71.800    152.900      0.095           9.213                  1.1         10
      1          0               0     57.500    286.700      0.169          14.697                 1.39         20
      1          0               0     35.500    261.000      0.180          13.746                 2.23         30
      1          0               0     57.400    445.200      0.449          17.127                 2.41         40
      1          0               0     47.400    582.200      0.797          12.388                 4.17         50
      1          0               0     41.200    594.000      1.199           8.325                 7.81         60
      1          0               0     27.100    122.700      0.037           8.207                 1.23         10
      1          0               0     26.400    184.300      0.089          10.061                 2.04         20
      1          0               0     26.700    284.300      0.171          11.064                 2.84         30
      1          0               0     25.300    304.900      0.354          10.905                 3.95         40
      1          0               0     32.800    417.800      0.904           6.552                 7.97         50
      1          0               0     39.200    451.600      1.971           5.010                 13.5         60
      1          0               0     64.700    255.000      0.094           8.076                 1.25         10
      1          0               0     41.800    293.900      0.139          11.120                 1.81         20
      1          0               0     70.900    528.300      0.495          10.422                 2.91         30
      1          0               0     38.900    411.400      0.482          10.951                 3.76         40
      1          0               0     40.100    393.200      1.030           9.676                 5.47         50
      1          0               0     40.800    636.100      1.955           8.326                 8.54         60
      1          0               0     50.600    226.300      0.069           7.281                  1.4         10
      1          0               0     32.000    175.800      0.098          11.344                 1.82         20
      1          0               0     46.300    267.600      0.255          12.071                 2.52         30
      1          0               0     40.700    407.300      0.415          12.002                  3.4         40
      1          0               0     52.900    714.500      1.071          10.323                  4.9         50
      1          0               0     25.100    407.700      1.108           8.522                 7.54         60
      1          0               0      9.800     44.800      0.013           7.837                 1.29         10
      1          0               0     13.800    100.400      0.048           9.210                  2.2         20
      1          0               0     43.100    254.900      0.252          11.645                 2.66         30
      1          0               0     41.900    214.500      0.683           8.551                  4.8         40
      1          0               0     58.000    428.500      1.641           7.093                  7.4         50
      1          0               0     40.800    368.300      1.861           6.110                 10.4         60
      1          0               0     20.800     66.400      0.032           6.332                 1.69         10
      1          0               0     59.500    357.800      0.217           8.876                 2.38         20
      1          0               0     64.100    599.400      0.381          11.466                 2.64         30
      1          0               0     59.700    446.900      0.730           8.958                 4.56         40
      1          0               0     53.200    469.700      1.197           9.688                 5.26         50
      1          0               0     40.800    614.700      1.528           7.926                 7.79         60
      1          0               0     49.600    162.100      0.071           6.929                 1.47         10
      1          0               0     65.400    463.600      0.220          11.024                 1.92         20
      1          0               0     72.000    364.900      0.382          13.149                 2.35         30
      1          0               0     24.600    244.800      0.307          11.256                 3.71         40
      1          0               0     59.400    640.600      1.779           7.266                 7.06         50
      1          0               0     47.900    436.200      2.097           7.061                 8.72         60
      1          0               0     57.200    205.100      0.078           7.505                 1.35         10
      1          0               0     25.800    189.200      0.084          11.593                 1.87         20
      1          0               0     30.600    287.600      0.164          14.173                 2.33         30
      1          0               0     56.300    352.300      0.492          12.723                 3.29         40
      1          0               0     43.900    665.000      0.713          11.021                 4.61         50
      1          0               0     36.500    672.200      1.399           8.148                 7.48         60
      1          0               0     54.000    250.200      0.088           5.735                 1.79         10
      1          0               0     59.800    400.500      0.219          11.159                 1.82         20
      0          0               0   2000.000  60000.000     12.299          12.937                 2.32         30
      1          0               0     42.300    463.100      0.712           9.667                 4.26         40
      1          0               0     42.500    678.100      1.544           7.313                 7.41         50
      1          0               0     42.300    612.100      2.744           4.390                 14.5         60
      1          0               0     57.400    146.600      0.077           8.401                  1.2         10
      1          0               0     62.700    203.500      0.202          10.443                 1.92         20
      1          0               0     45.400    350.800      0.277          11.987                 2.51         30
      1          0               0     69.600    553.600      0.704          12.063                 3.33         40
      1          0               0     42.000    503.000      0.914           9.162                 5.55         50
      1          0               0     42.700    783.800      1.833           7.063                 8.65         60
      1          0               0     16.200     83.600      0.023           6.346                 1.61         10
      1          0               0     52.500    404.100      0.193           9.566                 2.14         20
      1          0               0     46.800    456.400      0.333          11.833                 2.65         30
      1          0               0     45.000    525.600      0.656          10.542                 3.85         40
      1          0               0     49.000    755.100      1.528           8.292                 6.22         50
      1          0               0     34.200    557.800      1.880           5.626                 11.3         60
      1          0               0     36.500    149.500      0.055           6.940                 1.49         10
      1          0               0     44.100    259.200      0.180           8.574                 2.39         20
      1          0               0     35.900    208.600      0.259          11.095                 2.74         30
      1          0               0     30.900    333.500      0.556          10.728                 3.77         40
      1          0               0     34.300    380.400      0.960          10.551                 4.88         50
      1          0               0     21.600    320.100      0.830           8.940                 7.05         60
      1          0               0     41.600    127.500      0.060           7.423                 1.41         10
      1          0               0     52.600    209.400      0.162          12.922                 1.62         20
      1          0               0     35.800    189.000      0.267          11.427                 2.74         30
      1          0               0     50.500    289.500      0.706          11.608                  3.5         40
      1          0               0     51.500    458.400      1.482           8.709                 5.79         50
      1          0               0     28.600    327.300      1.207           6.252                 10.1         60
      1          0               0     66.700    228.400      0.095           7.982                  1.3         10
      1          0               0     53.500    263.600      0.204          10.884                 1.98         20
      1          0               0     53.400    373.500      0.320          14.419                 2.12         30
      1          0               0     42.200    476.300      0.584          13.019                 3.27         40
      1          0               0     44.200    477.400      1.082           9.747                 5.25         50
      1          0               0     39.700    373.100      1.338           6.846                 9.13         60
      1          0               0     56.600    274.900      0.083           7.019                 1.48         10
      1          0               0     47.400    253.000      0.174           8.635                 2.34         20
      1          0               0     75.500    597.600      0.440          10.397                 2.91         30
      1          0               0     49.100    632.600      0.714           9.637                 4.29         40
      1          0               0     72.500    800.600      2.068           6.575                 7.98         50
      1          0               0     41.500    558.700      2.028           5.214                 12.2         60
      1          0               0     31.900    126.600      0.044           8.398                 1.21         10
      1          0               0     22.400    145.500      0.071          10.558                 1.94         20
      1          0               0     46.300    506.200      0.326          10.616                 2.87         30
      1          0               0     50.600    547.600      0.597          10.042                 4.02         40
      1          0               0     40.200    564.900      0.946           7.480                 6.84         50
      1          0               0     25.800    496.600      0.986           6.457                 9.61         60
      1          0               0     37.900    102.300      0.052           7.538                 1.35         10
      1          0               0     15.600    109.200      0.048          10.167                 1.99         20
      1          0               0     39.200    292.800      0.207          12.531                 2.42         30
      1          0               0     50.300    434.600      0.471          11.694                 3.46         40
      1          0               0     47.500    409.200      0.834           8.781                 5.85         50
      1          0               0     49.300    566.500      1.402           8.929                 6.96         60
      1          0               0     59.100    264.800      0.084           7.959                 1.27         10
      1          0               0     55.300    443.300      0.199          11.302                 1.81         20
      1          0               0     50.700    433.100      0.283          15.600                 1.98         30
      1          0               0     31.800    248.600      0.396          12.915                 3.19         40
      1          0               0     45.400    412.900      1.118          11.659                 4.41         50
      1          0               0     43.400    594.700      2.247           6.866                  9.1         60
      1          0               0     43.600    148.400      0.062           7.264                 1.42         10
      1          0               0     37.000    319.400      0.163           9.670                 2.14         20
      1          0               0     43.500    387.900      0.386          10.853                 2.82         30
      1          0               0     39.000    438.600      0.632          10.203                 3.97         40
      1          0               0     32.400    370.000      0.965           8.849                  5.7         50
      1          0               0     31.000    439.400      1.793           7.042                  8.7         60
      1          0               0     66.400    215.200      0.090           8.071                 1.25         10
      1          0               0     46.900    300.700      0.145          10.757                 1.88         20
      1          0               0     51.700    443.100      0.277          12.723                 2.41         30
      1          0               0     43.700    486.700      0.457          12.064                 3.52         40
      1          0               0     44.800    659.300      0.884          10.275                 5.13         50
      1          0               0     53.500    899.800      2.023           8.045                 8.14         60
      1          0               0     30.000     85.000      0.042           7.500                 1.34         10
      1          0               0     51.800    247.000      0.162          10.197                 1.98         20
      1          0               0     49.900    541.300      0.335           8.477                 3.59         30
      1          0               0     50.600    416.200      0.511           9.630                  4.2         40
      1          0               0     15.600    238.300      0.328           8.160                 6.31         50
      1          0               0     36.200    399.500      1.055           7.641                 7.91         60
      1          0               0     59.200    249.800      0.084           7.032                 1.44         10
      1          0               0     43.700    203.500      0.146           9.268                 2.18         20
      1          0               0     41.700    257.500      0.293           9.254                 3.32         30
      1          0               0     42.300    412.700      0.611           9.551                 4.32         40
      1          0               0     38.600    511.500      1.169           7.111                 7.22         50
      1          0               0     36.800    683.000      1.477           8.514                 7.28         60
      1          0               0     31.500    108.500      0.043           7.384                 1.37         10
      1          0               0     29.200    147.400      0.087          11.524                 1.76         20
      1          0               0     58.700    472.500      0.341          12.739                 2.38         30
      1          0               0     59.000    476.200      0.730           9.875                 4.11         40
      1          0               0     54.800    548.100      1.297           8.436                 6.01         50
      1          0               0     34.400    525.700      1.370           7.003                 8.82         60
      1          0               0     35.900    128.900      0.049           7.348                 1.41         10
      1          0               0     52.400    363.000      0.207           8.975                 2.26         20
      1          0               0     49.100    371.100      0.357          10.397                 2.98         30
      1          0               0     39.800    566.300      0.739           8.513                 4.95         40
      1          0               0     35.100    501.300      1.366           6.521                  7.9         50
      1          0               0     33.100    479.700      1.887           5.532                 11.5         60
      1          0               0     56.200    196.200      0.079           7.902                 1.29         10
      1          0               0     31.200    246.700      0.112          10.038                 2.02         20
      1          0               0     46.400    422.200      0.312          10.078                  3.0         30
      1          0               0     38.600    246.200      0.423          10.769                 3.79         40
      1          0               0     30.500    385.200      0.595           8.961                  5.8         50
      1          0               0     41.200    447.500      1.628           6.454                 10.4         60
      1          0               0     32.000    103.200      0.045           7.897                 1.28         10
      1          0               0     43.800    302.100      0.141          11.119                 1.82         20
      1          0               0     35.700    255.100      0.194          12.221                  2.5         30
      1          0               0     63.700    514.400      0.604          11.531                 3.51         40
      1          0               0     48.500    505.000      0.923           8.596                 5.97         50
      1          0               0     35.000    729.500      1.124           7.189                  8.6         60
      1          0               0     42.300    113.600      0.065           7.007                 1.44         10
      1          0               0     47.300    216.700      0.147          12.224                 1.68         20
      1          0               0     48.500    454.300      0.290          11.984                 2.59         30
      1          0               0     50.200    452.700      0.625           9.016                 4.58         40
      1          0               0     42.400    515.900      1.015           8.785                 5.88         50
      1          0               0     45.000    540.500      1.811           7.720                 8.01         60
      1          0               0     63.700    177.100      0.089           8.122                 1.25         10
      1          0               0     74.900    276.600      0.240          12.669                 1.59         20
      1          0               0     22.900    264.100      0.157          11.218                  2.7         30
      1          0               0     27.500    403.300      0.285          11.836                 3.42         40
      1          0               0     43.900    681.300      0.774           9.875                 5.13         50
      1          0               0     44.100    689.800      1.161           7.664                 8.02         60
      1          0               0     88.100    248.100      0.118           8.268                 1.23         10
      1          0               0     73.500    262.300      0.226          13.125                 1.57         20
      1          0               0     79.800    319.700      0.453          13.852                 2.21         30
      1          0               0     44.900    393.700      0.547          12.474                 3.26         40
      1          0               0     54.300    540.800      1.008          10.703                 4.95         50
      1          0               0     56.000    597.100      2.293           7.730                 7.87         60
      1          0               0     54.200    234.300      0.081           7.339                 1.42         10
      1          0               0     53.200    341.500      0.179          11.867                 1.72         20
      1          0               0     32.900    298.400      0.206          13.653                 2.28         30
      1          0               0     47.500    522.300      0.612          11.371                 3.59         40
      1          0               0     37.600    501.900      0.720           9.854                 5.16         50
      1          0               0     35.800    541.200      1.079           9.919                 6.39         60
      1          0               0     55.400    113.300      0.080           6.442                 1.57         10
      1          0               0     61.700    458.300      0.238           9.399                 2.18         20
      1          0               0     70.600    720.600      0.473          11.339                 2.68         30
      1          0               0     58.500    658.800      0.722          10.484                 3.87         40
      1          0               0     66.800    910.400      1.821           8.063                  6.4         50
      1          0               0     72.900    835.900      3.015           8.465                 7.21         60
      1          0               0     44.800    193.000      0.062           7.636                 1.33         10
      1          0               0     72.300    266.400      0.213          11.833                  1.7         20
      1          0               0     75.000    483.800      0.373          16.227                 1.88         30
      1          0               0     48.700    400.500      0.519          12.107                 3.36         40
      1          0               0     42.900    321.600      1.117          10.564                 5.12         50
      1          0               0     19.100    248.200      0.791           5.618                 11.2         60
      1          0               0     68.000    176.900      0.098           7.093                 1.42         10
      1          0               0     59.200    317.500      0.207          10.775                 1.88         20
      1          0               0     38.700    403.200      0.302          10.687                 2.86         30
      1          0               0     53.400    349.400      0.590          11.227                 3.61         40
      1          0               0     28.100    436.200      0.468           9.658                 5.35         50
      1          0               0     43.900    598.400      1.034           9.793                 6.32         60
      1          0               0     44.800    170.100      0.068           6.772                  1.5         10
      1          0               0     45.200    307.700      0.180           8.100                 2.51         20
      1          0               0     48.200    400.500      0.350          10.305                  3.0         30
      1          0               0     41.100    669.800      0.574           9.978                 4.17         40
      1          0               0     50.100    982.300      1.844           6.405                 7.98         50
      1          0               0     39.700   1015.700      2.274           5.451                 11.5         60
      1          0               0     30.100     91.400      0.042           7.551                 1.36         10
      1          0               0     64.400    332.300      0.202          12.064                 1.68         20
      1          0               0     67.100    413.500      0.360          13.975                 2.16         30
      1          0               0     73.000    664.800      0.653          14.975                  2.7         40
      1          0               0     51.700    812.500      1.356           7.805                  6.6         50
      1          0               0    136.300   1245.000      5.342           6.298                 9.91         60
      1          0               0     46.900    217.900      0.071           5.962                  1.8         10
      1          0               0     52.600    309.000      0.184           9.158                 2.26         20
      1          0               0     94.300    530.500      0.540          11.964                 2.54         30
      1          0               0     49.100    370.800      0.543          11.395                 3.75         40
      1          0               0     56.300    570.100      0.933          11.124                  4.8         50
      1          0               0     40.500    540.500      1.289           9.222                 6.82         60
      1          0               0     45.900    190.300      0.066           7.344                  1.4         10
      1          0               0    422.800   1143.000      1.373          10.840                 1.85         20
      1          0               0     51.600    542.000      0.321          13.231                 2.34         30
      1          0               0     49.400    539.500      0.587          12.146                  3.4         40
      1          0               0     38.400    721.900      0.996           9.471                 5.43         50
      1          0               0    158.000    910.000      4.049          10.346                 5.96         60
      1          0               0     24.500     92.800      0.038           5.669                  1.8         10
      1          0               0     44.700    220.800      0.140          12.022                 1.69         20
      1          0               0     44.100    303.300      0.253          14.376                 2.16         30
      1          0               0     38.600    437.700      0.521          12.363                 3.32         40
      1          0               0     35.400    419.900      0.747           9.195                 5.55         50
      1          0               0     29.900    352.200      1.017           8.381                 8.11         60
      1          0               0     70.400    141.200      0.099           6.553                 1.55         10
      1          0               0     81.000    305.300      0.271          11.472                 1.77         20
      1          0               0     84.300    499.100      0.515          12.910                 2.38         30
      1          0               0     99.200    457.800      1.051          12.493                 3.25         40
      1          0               0     60.600    524.900      1.568           8.602                 5.88         50
      1          0               0     67.200    647.000      2.784           7.409                 8.21         60
      1          0               0     57.300    102.700      0.078           8.984                 1.13         10
      1          0               0     32.400    219.100      0.102          12.836                 1.59         20
      1          0               0     34.800    296.200      0.209          13.483                 2.27         30
      1          0               0     37.200    483.600      0.354          11.785                 3.46         40
      1          0               0     39.500    453.300      0.868          11.185                 4.73         50
      1          0               0     28.000    522.000      1.354           7.936                  8.5         60
      1          0               0     14.000     69.100      0.019           7.814                 1.29         10
      1          0               0     53.000    236.200      0.160          11.947                 1.69         20
      1          0               0     32.800    246.800      0.208          11.805                 2.57         30
      1          0               0     27.900    230.300      0.329          10.638                 3.84         40
      1          0               0     20.600    285.100      0.434          10.277                 4.99         50
      1          0               0     39.200    487.900      1.474           7.760                 8.11         60
      1          0               0     56.200    171.500      0.080           8.018                 1.26         10
      1          0               0     33.700    147.600      0.108          10.700                 1.89         20
      1          0               0     38.500    326.000      0.208          12.831                 2.37         30
      1          0               0     34.100    385.500      0.309          14.346                 2.82         40
      1          0               0     54.600    598.300      0.930          12.436                 4.07         50
      1          0               0     42.600    565.500      1.070          10.951                 5.62         60
      1          0               0     79.700    190.300      0.113           7.700                 1.38         10
      1          0               0     88.900    329.500      0.259          12.963                 1.57         20
      1          0               0     74.100    644.700      0.442          12.920                 2.34         30
      1          0               0     78.100    678.500      0.756          14.374                 2.88         40
      1          0               0     65.900    518.800      0.943          13.848                  3.8         50
      1          0               0     71.100    930.600      1.881          11.131                 5.81         60
      1          0               0     72.700    185.800      0.103           7.959                 1.31         10
      1          0               0     58.400    249.600      0.176          12.680                 1.59         20
      1          0               0     37.600    417.400      0.249          12.508                 2.49         30
      1          0               0     25.800    268.900      0.344           9.942                 4.26         40
      1          0               0     41.200    532.900      1.110           8.743                 5.79         50
      1          0               0     33.700    408.500      1.200           8.136                 7.64         60
      1          0               0     24.400     94.600      0.035           6.123                 1.68         10
      1          0               0     67.100    291.300      0.250           8.262                 2.46         20
      1          0               0     52.100    229.300      0.329          10.488                 2.91         30
      1          0               0     14.000    211.500      0.181           8.329                 4.94         40
      1          0               0     32.300    325.100      0.653           8.176                  6.4         50
      1          0               0     20.800    349.400      0.655           7.933                 7.67         60
      1          0               0     44.900    145.000      0.066           7.739                 1.33         10
      1          0               0     56.700    320.100      0.201           9.466                 2.14         20
      1          0               0     52.500    392.900      0.401           9.754                 3.12         30
      1          0               0     49.200    636.700      0.750           8.821                 4.61         40
      1          0               0     69.700    530.400      1.498           8.786                 5.75         50
      1          0               0     36.600    481.600      1.139           7.598                  8.6         60
      1          0               0     67.900    132.400      0.093           6.186                 1.65         10
      1          0               0     19.400    143.900      0.061           9.077                 2.23         20
      1          0               0     58.400    237.000      0.324          14.146                 2.14         30
      1          0               0     38.200    305.000      0.381          13.924                 2.92         40
      1          0               0     26.700    317.200      0.505          11.146                 4.51         50
      1          0               0     52.700    526.100      1.476          10.922                 5.62         60
      1          0               0     41.600    109.200      0.056           8.438                 1.22         10
      1          0               0     36.200    173.200      0.106          12.152                 1.68         20
      1          0               0     51.600    437.500      0.370           8.758                 3.48         30
      1          0               0     47.600    590.600      0.704           8.282                 5.06         40
      1          0               0     44.600    498.100      1.447           7.466                  6.9         50
      1          0               0     36.800    577.200      2.460           6.220                 10.9         60
      1          0               0     64.400    147.300      0.088           8.101                 1.27         10
      1          0               0     32.100    221.500      0.107           9.688                 2.17         20
      1          0               0     28.200    283.800      0.212           8.649                 3.61         30
      1          0               0     25.800    327.700      0.286          10.760                 3.81         40
      1          0               0     48.200    396.000      0.785          10.191                 5.25         50
      1          0               0     30.700    455.900      1.006           8.277                 7.39         60
      1          0               0     57.500    266.100      0.082           6.369                 1.61         10
      1          0               0     28.200    210.000      0.105           8.525                 2.44         20
      1          0               0     33.500    232.100      0.196          11.782                 2.64         30
      1          0               0     53.400    397.100      0.532          12.772                  3.2         40
      1          0               0     53.400    609.700      1.087          11.773                 4.29         50
      1          0               0     48.800    573.800      2.113           9.607                 6.52         60
      1          0               0     53.400    122.100      0.071           8.500                  1.2         10
      1          0               0     43.700    183.300      0.147          12.618                 1.62         20
      1          0               0     36.300    223.100      0.202          12.617                 2.48         30
      1          0               0     19.700    226.400      0.225          11.848                 3.85         40
      1          0               0     37.400    305.100      0.631          10.511                 4.88         50
      1          0               0     39.400    373.100      1.374           7.350                  8.3         60
      1          0               0     38.300    117.400      0.054           7.339                 1.39         10
      1          0               0     56.500    369.600      0.170          12.690                  1.6         20
      1          0               0     40.600    345.800      0.225          14.138                 2.17         30
      1          0               0     34.700    314.100      0.348          11.839                 3.45         40
      1          0               0     56.000    613.300      1.149          11.602                 4.36         50
      1          0               0     52.700    661.000      1.800           9.283                 6.69         60
      1          0               0     69.600    295.700      0.107           6.200                 1.64         10
      1          0               0     66.400    488.700      0.261           8.994                  2.3         20
      1          0               0     47.300    515.700      0.305          10.220                 2.99         30
      1          0               0     58.600    546.700      0.623          10.486                 3.86         40
      1          0               0     47.600    740.900      1.298           8.529                 5.95         50
      1          0               0     48.400    886.700      2.115           6.419                 9.69         60
      1          0               0     79.300    317.500      0.111           7.699                 1.33         10
      1          0               0     76.900    519.800      0.243          11.142                 1.84         20
      1          0               0     57.000    672.300      0.445           9.842                 3.13         30
      1          0               0     70.800    987.400      1.687           8.665                 4.69         40
      1          0               0     52.800    939.400      2.500           6.955                 7.31         50
      1          0               0     66.800   1101.700      4.263           6.687                 9.12         60
      1          0               0     20.300     95.600      0.030           5.828                 1.78         10
      1          0               0     64.800    379.600      0.237           8.491                 2.39         20
      1          0               0     62.900    505.000      0.384          11.211                 2.77         30
      1          0               0     58.700    541.100      0.984           8.831                  4.7         40
      1          0               0     58.400    607.200      1.534           9.375                 5.66         50
      1          0               0     54.800    680.100      2.100           8.350                 7.56         60
      1          0               0     24.000    103.500      0.032           8.475                 1.19         10
      1          0               0     34.200    254.300      0.121          11.035                 1.85         20
      1          0               0     35.800    277.000      0.223          12.799                 2.42         30
      1          0               0     30.300    377.300      0.335          10.983                 3.82         40
      0          0               0   2000.000 100000.000     27.781          14.930                 3.36         50
      1          0               0     23.700    330.900      0.799           7.907                 8.36         60
      1          0               0     27.100    123.100      0.038           6.472                 1.59         10
      1          0               0     64.900    328.800      0.207          10.982                 1.83         20
      1          0               0     49.400    316.300      0.306          11.308                 2.67         30
      1          0               0     43.800    299.300      0.735           8.377                 4.85         40
      1          0               0     80.900    557.900      2.662           6.836                 7.47         50
      1          0               0     46.900    617.700      2.197           6.333                 9.76         60
      1          0               0     60.200    197.400      0.089           6.178                 1.66         10
      1          0               0     60.400    365.400      0.226           8.442                  2.4         20
      1          0               0     71.000    439.800      0.434          10.831                  2.8         30
      1          0               0     51.700    542.600      0.630           9.795                 4.14         40
      1          0               0     50.200    543.100      1.279           7.470                 6.83         50
      1          0               0     48.600    542.700      1.891           5.665                 10.9         60
      1          0               0     26.300     84.800      0.036           7.270                 1.44         10
      1          0               0     44.500    249.800      0.137          11.964                  1.7         20
      1          0               0     28.000    290.000      0.164          14.071                 2.22         30
      1          0               0     25.600    371.000      0.283          11.926                  3.4         40
      1          0               0     53.000    673.200      0.867          12.045                 4.37         50
      1          0               0     34.800    558.100      1.378           7.839                 8.05         60
      1          0               0     61.000    129.000      0.083           8.138                 1.24         10
      1          0               0     38.000    157.200      0.117          11.963                  1.7         20
      1          0               0     37.000    229.000      0.224          13.549                 2.23         30
      1          0               0     35.000    327.000      0.624          10.749                 3.76         40
      1          0               0     53.200    642.900      1.653          11.271                 4.49         50
      1          0               0     66.600    819.800      3.021          11.486                  5.3         60
      1          0               0     22.200     89.800      0.030           7.554                 1.34         10
      1          0               0     50.400    368.800      0.201          10.728                 1.95         20
      1          0               0     42.000    617.000      0.409           9.469                  3.3         30
      1          0               0     52.900    779.000      0.763          12.181                 3.51         40
      1          0               0     42.100    837.500      1.365          10.368                  5.1         50
      1          0               0     39.900    822.300      2.083           7.108                 9.75         60
      1          0               0     59.100    125.100      0.088           6.289                 1.64         10
      1          0               0     56.600    240.600      0.176          13.230                 1.52         20
      1          0               0     51.700    367.500      0.284          13.897                 2.19         30
      1          0               0     39.900    433.200      0.447          11.388                 3.73         40
      1          0               0     42.300    308.900      0.756          10.416                 4.91         50
      1          0               0     41.900    666.800      1.598           7.427                 8.42         60
      1          0               0     51.200    159.000      0.081           6.322                 1.61         10
      1          0               0     17.100    147.300      0.073           7.503                 2.79         20
      1          0               0     54.800    472.800      0.432           9.206                 3.34         30
      1          0               0     46.000    514.400      0.799           7.507                 5.61         40
      1          0               0     48.900    706.800      1.521           6.074                 8.66         50
      1          0               0     43.200    647.600      2.056           5.502                 11.5         60
      1          0               0     26.000     81.100      0.035           8.146                 1.24         10
      1          0               0     85.700    452.600      0.244          12.329                 1.66         20
      1          0               0     92.500    531.900      0.471          15.535                 1.97         30
      1          0               0     83.500    645.200      1.312          12.208                 3.39         40
      1          0               0     44.400    456.100      1.114          11.716                 4.55         50
      1          0               0     40.100    439.300      1.400          11.122                 6.48         60
      1          0               0     50.900    225.900      0.072           6.906                 1.48         10
      1          0               0     69.500    324.300      0.248          10.439                 1.94         20
      1          0               0     52.200    280.900      0.321          13.519                 2.26         30
      1          0               0     46.000    267.900      0.436          13.383                 3.05         40
      1          0               0     33.400    287.800      0.677          10.371                 4.88         50
      1          0               0     45.600    544.500      1.678           8.072                 7.59         60
      1          0               0     46.100    175.000      0.062           7.816                  1.3         10
      1          0               0     48.400    226.300      0.144          13.446                 1.51         20
      1          0               0     43.700    438.900      0.240          14.108                 2.15         30
      1          0               0     43.600    395.500      0.491          13.661                 2.99         40
      1          0               0     46.400    434.500      1.466          10.231                 5.21         50
      1          0               0     46.600    395.400      1.956           7.685                 8.17         60
      1          0               0     58.200    212.300      0.078           8.603                 1.18         10
      1          0               0     51.700    181.400      0.158          11.139                 1.87         20
      1          0               0     56.900    345.500      0.337          12.707                 2.45         30
      1          0               0     43.700    320.900      0.615          10.973                 3.96         40
      1          0               0     40.800    459.700      1.138           8.032                 6.58         50
      1          0               0     16.600    382.200      0.806           4.759                 14.5         60
      1          0               0     52.400    203.500      0.074           7.195                 1.41         10
      1          0               0     18.200    112.900      0.058          10.863                 1.87         20
      1          0               0     48.400    368.500      0.280          12.089                 2.54         30
      1          0               0     50.500    433.500      0.487          13.366                 3.04         40
      1          0               0     37.800    596.900      0.813          11.003                 4.64         50
      1          0               0     39.700    552.400      1.927           7.388                 8.29         60
      1          0               0     76.800    247.900      0.108           8.767                 1.18         10
      1          0               0    100.800    425.200      0.357          11.214                 1.83         20
      0          0               0   2000.000  60000.000     12.653          11.971                 2.51         30
      1          0               0     26.800    257.300      0.383          10.646                 3.88         40
      1          0               0     55.000    429.700      1.363           9.700                 5.44         50
      1          0               0     43.000    449.900      1.497           6.802                 8.93         60
      1          0               0     25.000     73.800      0.038           5.288                 1.91         10
      1          0               0     68.000    289.600      0.221           9.901                 2.03         20
      1          0               0     34.400    211.800      0.247          10.765                 2.81         30
      1          0               0     60.700    513.300      0.818          12.399                 3.34         40
      1          0               0     53.300    407.400      1.360          10.174                 4.98         50
      1          0               0     28.300    403.500      1.601           7.516                 9.53         60
      1          0               0     46.100    142.200      0.063           7.937                 1.27         10
      1          0               0     27.000    157.800      0.084          11.141                 1.81         20
      1          0               0     24.700    193.200      0.144          12.053                 2.53         30
      1          0               0     48.400    376.900      0.574          11.143                 3.63         40
      1          0               0     47.000    504.500      1.196           9.447                 5.43         50
      1          0               0     37.200    683.500      1.636           9.022                  6.9         60
      1          0               0     44.000    241.200      0.063           7.411                 1.37         10
      1          0               0     52.800    440.400      0.161          12.780                 1.59         20
      1          0               0     49.300    383.100      0.298          12.696                 2.38         30
      1          0               0     31.700    425.100      0.465          10.804                 3.74         40
      1          0               0     68.600    375.500      1.443          10.389                  4.9         50
      1          0               0     47.000    460.400      1.555           8.372                 7.24         60
      1          0               0     15.000     68.700      0.023           6.807                 1.52         10
      1          0               0     44.600    162.900      0.142          10.897                 1.85         20
      1          0               0     29.100    278.900      0.193          12.110                 2.52         30
      1          0               0     55.100    320.800      0.819           9.759                 4.22         40
      1          0               0     30.200    362.300      0.723           8.252                  6.2         50
      1          0               0     22.900    369.900      1.388           5.157                 12.3         60
      1          0               0     30.400    101.000      0.042           7.553                  1.4         10
      1          0               0     58.700    323.700      0.184          11.376                 1.78         20
      1          0               0     49.600    364.800      0.341           8.966                 3.36         30
      1          0               0     44.600    424.000      0.538           9.897                 4.09         40
      1          0               0     43.100    517.900      0.972          10.422                 5.29         50
      1          0               0     24.700    379.300      1.033           7.016                  9.5         60
      1          0               0     27.500    122.100      0.042           7.465                 1.49         10
      1          0               0     34.100    192.100      0.112          11.082                 1.82         20
      1          0               0     48.500    385.100      0.365          10.289                 2.98         30
      1          0               0     50.200    539.700      0.767           9.614                 4.22         40
      1          0               0     33.500    512.700      1.012           7.039                 7.34         50
      1          0               0     40.800    585.300      1.833           7.574                 8.02         60
      1          0               0     64.200    256.800      0.090           7.416                 1.37         10
      1          0               0     61.800    362.800      0.212          11.037                 1.91         20
      1          0               0     46.700    576.800      0.475          10.343                 3.01         30
      1          0               0     57.500    645.700      0.813          12.064                  3.4         40
      1          0               0     52.100    664.600      1.223           8.996                  5.7         50
      1          0               0     37.900    612.100      2.181           5.282                 11.7         60
      1          0               0     54.400    156.800      0.078           6.443                 1.58         10
      1          0               0     52.800    237.100      0.181          10.015                 2.01         20
      1          0               0     47.700    363.100      0.323           8.063                 3.83         30
      1          0               0     53.400    594.400      0.690           9.584                 4.44         40
      1          0               0     51.500    852.200      1.129           8.872                 5.73         50
      1          0               0     58.200    921.200      2.021           8.579                 7.13         60
      1          0               0     49.800    242.200      0.073           6.494                 1.66         10
      1          0               0     64.000    499.800      0.209          10.927                 1.88         20
      1          0               0     64.800    489.200      0.455          10.895                 2.78         30
      1          0               0     43.800    359.700      0.472          11.233                 3.62         40
      1          0               0     32.100    357.100      0.780           7.561                 6.73         50
      1          0               0     17.100    324.700      0.762           6.216                 9.98         60
      1          0               0     73.200    233.400      0.102           8.186                 1.23         10
      1          0               0     68.300    314.000      0.203          11.927                 1.69         20
      1          0               0     66.200    456.500      0.340          15.739                 1.95         30
      1          0               0     51.600    442.400      0.564          13.529                 3.04         40
      1          0               0     45.800    487.600      0.883          13.057                 4.03         50
      1          0               0     44.300    625.700      1.463           9.097                 6.79         60
      1          0               0     60.300    154.900      0.080           8.559                 1.18         10
      1          0               0     58.300    388.000      0.198          10.213                 1.99         20
      1          0               0     55.300    551.300      0.334          11.855                 2.56         30
      1          0               0     56.800    578.100      0.602          10.636                 3.82         40
      1          0               0     51.100    622.900      0.933          10.742                 4.76         50
      1          0               0     50.800    806.100      2.450           8.350                 7.43         60
      1          0               0     18.000     88.100      0.025           6.222                 1.68         10
      1          0               0     51.000    255.200      0.168          10.198                 2.01         20
      1          0               0     51.200    347.000      0.386           9.533                 3.32         30
      1          0               0     66.700    708.800      0.918          10.753                 3.85         40
      1          0               0     62.600    723.700      1.337          10.233                 5.02         50
      1          0               0     63.300    852.500      1.865          10.262                 5.95         60
      1          0               0     49.000    300.300      0.072           5.908                 1.77         10
      1          0               0     70.900    365.300      0.209          11.495                 1.75         20
      1          0               0     42.100    221.900      0.225          14.670                 2.12         30
      1          0               0     46.400    527.900      0.546          11.996                 3.44         40
      1          0               0     33.800    428.300      0.695          12.482                 4.07         50
      1          0               0     61.600    693.300      1.851          10.849                 5.71         60
      1          0               0     27.000     90.800      0.037           6.419                 1.58         10
      1          0               0     45.300    249.400      0.131          12.210                 1.65         20
      1          0               0     52.000    433.200      0.317          11.290                  2.7         30
      1          0               0     42.100    401.200      0.462          10.048                 4.04         40
      1          0               0     44.600    592.200      0.935           9.460                 5.43         50
      1          0               0     35.100    659.900      1.743           7.553                 8.26         60
      1          0               0     20.500     79.100      0.027           7.298                 1.39         10
      1          0               0     61.600    458.100      0.201           9.791                 2.07         20
      1          0               0     54.900    667.800      0.354           8.827                 3.48         30
      1          0               0     65.600    641.200      0.621          10.123                 4.01         40
      1          0               0     17.200    261.200      0.340           8.163                 6.41         50
      1          0               0     39.100    461.300      1.184           6.762                 9.33         60
      1          0               0     20.600     65.000      0.029           6.039                 1.68         10
      1          0               0     68.500    187.200      0.241          10.327                 1.96         20
      1          0               0     73.100    467.600      0.424          12.115                  2.5         30
      1          0               0     62.800    566.500      0.742          10.997                 3.72         40
      1          0               0     41.100    595.600      1.237           9.063                 5.88         50
      0          0               0   2000.000 120000.000     45.701          12.900                 4.68         60
      1          0               0     29.700    150.300      0.043           6.269                 1.64         10
      1          0               0     38.500    207.600      0.129          11.462                 1.77         20
      1          0               0     39.800    334.100      0.216          13.796                 2.24         30
      1          0               0     36.700    282.400      0.356          12.820                 3.25         40
      1          0               0     51.200    720.500      1.132          10.469                 5.04         50
      1          0               0     47.900    676.500      2.012           8.499                 7.66         60
      1          0               0     45.900    137.000      0.062           7.717                  1.3         10
      1          0               0     47.600    197.500      0.141          12.996                 1.55         20
      1          0               0     22.800    219.800      0.128          14.741                 2.05         30
      1          0               0     26.100    283.700      0.259          13.027                 3.14         40
      1          0               0     22.900    360.400      0.464          11.214                 4.61         50
      1          0               0     41.300    523.600      1.483           9.695                 7.24         60
      1          0               0     25.200    100.300      0.036           7.036                 1.46         10
      1          0               0     38.600    196.800      0.136           9.731                 2.08         20
      1          0               0     69.500    451.100      0.392          12.404                 2.43         30
      1          0               0     13.900    187.000      0.165           9.835                 4.16         40
      1          0               0     45.800    478.400      1.094           7.622                 6.68         50
      1          0               0     43.800    606.000      1.693           6.470                 9.39         60
      1          0               0      8.200     47.300      0.012           8.488                 1.18         10
      1          0               0     23.400    102.200      0.075          10.034                 2.02         20
      1          0               0     58.500    427.900      0.409           9.504                 3.22         30
      1          0               0     68.400    579.700      0.742          10.629                 3.91         40
      1          0               0     41.100    607.600      0.891           6.820                 8.24         50
      1          0               0     45.500    621.200      1.759           5.930                 10.8         60
      1          0               0     29.600    131.000      0.041           7.463                 1.36         10
      1          0               0     62.900    435.800      0.224           8.731                 2.33         20
      1          0               0     61.100    445.900      0.386          10.815                 2.82         30
      1          0               0     55.700    718.300      0.943           8.113                 5.12         40
      1          0               0     51.800    755.600      1.332           7.116                 7.31         50
      1          0               0     49.900   1036.400      2.037           6.597                 9.47         60
      1          0               0     61.200    280.900      0.090           5.688                 1.84         10
      1          0               0     78.500    527.800      0.264           9.499                 2.15         20
      1          0               0     55.700    513.900      0.402          10.557                 2.88         30
      1          0               0     63.700    697.400      0.686          11.642                 3.48         40
      1          0               0     56.400    655.500      1.693           8.663                 5.84         50
      1          0               0     55.700    713.000      2.427           7.740                 7.99         60
      1          0               0     24.200     55.000      0.033           6.744                 1.51         10
      1          0               0     38.400    239.800      0.132           9.258                  2.2         20
      1          0               0     44.600    496.900      0.307           9.424                 3.26         30
      1          0               0     39.800    385.600      0.664           8.829                 4.66         40
      1          0               0     35.500    573.600      1.038           7.811                  6.6         50
      1          0               0     32.000    571.700      2.115           6.931                 8.89         60
      1          0               0     48.500    195.700      0.070           7.503                 1.35         10
      1          0               0     44.300    210.100      0.134          14.174                 1.42         20
      1          0               0     94.100    426.800      0.525          15.540                 1.95         30
      1          0               0     97.000    762.100      0.863          14.354                 2.82         40
      1          0               0     38.200    461.000      0.887          12.073                 4.24         50
      1          0               0     52.200    538.500      1.529          12.316                 4.95         60
      1          0               0     33.000    131.100      0.045           7.885                 1.28         10
      1          0               0     51.500    272.100      0.182           9.804                 2.06         20
      1          0               0     47.100    469.800      0.306          12.488                 2.46         30
      1          0               0     52.400    435.700      0.533          11.029                 3.88         40
      1          0               0     35.300    482.300      0.790          11.433                 4.82         50
      1          0               0     33.300    688.000      1.728           7.862                 9.32         60
      1          0               0     29.700    104.700      0.041           7.589                 1.34         10
      1          0               0     28.100    192.300      0.092          11.235                  1.8         20
      1          0               0     49.500    258.600      0.250          12.349                 2.45         30
      1          0               0     41.700    402.500      0.381          10.789                  3.8         40
      1          0               0     28.300    371.600      0.452           9.784                 5.18         50
      1          0               0     47.700    442.600      1.354           8.214                 7.39         60
      1          0               0     25.500    133.400      0.042           5.729                 1.95         10
      1          0               0     25.300    151.200      0.107           6.308                 3.27         20
      1          0               0     29.400    317.400      0.232           8.405                 3.62         30
      1          0               0     32.300    411.600      0.487           9.096                 4.57         40
      1          0               0     27.000    426.000      0.648           9.215                 5.53         50
      1          0               0     21.500    412.000      0.768           7.098                 8.77         60
      1          0               0     45.600    118.500      0.066           7.496                 1.36         10
      1          0               0     42.100    230.500      0.152           9.580                 2.11         20
      1          0               0     40.000    362.700      0.521           7.982                 3.84         30
      1          0               0     33.200    441.900      0.731           6.413                 6.44         40
      1          0               0     33.300    661.500      1.149           6.619                  8.1         50
      1          0               0     35.200    707.800      1.489           6.318                 9.83         60
      1          0               0     32.200     83.000      0.043           7.168                  1.4         10
      1          0               0     67.900    368.300      0.210          12.112                 1.67         20
      1          0               0     42.700    326.700      0.234          12.909                 2.38         30
      1          0               0     47.700    530.200      0.471          12.029                 3.44         40
      0          0               0   2000.000 100000.000     45.008           9.983                 5.01         50
      1          0               0     32.300    449.800      1.528           6.966                 8.95         60
      1          0               0     47.100    106.900      0.062           8.093                 1.25         10
      1          0               0     37.900    215.100      0.129          10.834                  1.9         20
      1          0               0     40.800    329.000      0.257          13.213                 2.28         30
      1          0               0     34.500    251.200      0.459          10.461                 3.93         40
      1          0               0     44.900    465.300      1.091           9.824                 5.26         50
      1          0               0     51.400    537.600      2.010           7.298                 8.75         60
      1          0               0     51.100    157.100      0.068           8.634                 1.18         10
      1          0               0     59.200    413.400      0.188          10.694                 1.88         20
      1          0               0     50.400    374.700      0.295          11.883                 2.54         30
      1          0               0     40.000    418.100      0.404          13.072                  3.2         40
      1          0               0     43.100    579.800      0.888           9.794                  5.2         50
      1          0               0     36.100    537.900      1.434           6.928                 9.16         60
      1          0               0     55.900    228.000      0.079           6.079                  1.7         10
      1          0               0     23.900    160.200      0.084           8.644                 2.35         20
      1          0               0     24.300    251.400      0.153          11.383                 2.68         30
      1          0               0     67.300    634.000      0.839           9.721                 4.23         40
      1          0               0     46.200    612.200      0.990           9.723                 5.21         50
      1          0               0     37.000    566.500      1.242           9.132                 6.64         60
      1          0               0     33.600    119.000      0.046           8.842                 1.16         10
      1          0               0     44.400    255.800      0.135          11.622                 1.73         20
      1          0               0     35.200    320.800      0.191          13.690                 2.21         30
      1          0               0     40.300    409.600      0.395          13.104                 3.09         40
      1          0               0     65.200    812.400      1.108          12.279                  4.1         50
      1          0               0     37.500    669.900      1.314          11.475                 5.52         60
      1          0               0     43.800    210.200      0.062           7.432                 1.38         10
      1          0               0     55.700    242.900      0.183          10.000                 2.03         20
      1          0               0     59.500    473.600      0.341          12.313                 2.46         30
      1          0               0     61.800    320.200      0.600          12.806                 3.18         40
      1          0               0     57.700    456.700      1.202           8.619                 6.03         50
      1          0               0     50.500    476.200      2.380           5.085                 12.2         60
      1          0               0     64.600    242.200      0.090           7.627                 1.32         10
      1          0               0     63.700    317.700      0.230          10.557                 1.91         20
      1          0               0     48.700    330.300      0.422          13.567                 2.26         30
      1          0               0     38.900    418.900      0.638          11.527                  3.5         40
      1          0               0     40.700    452.000      0.857          11.015                 4.74         50
      1          0               0     37.800    483.300      1.405           9.347                 7.05         60
      1          0               0     36.800     81.000      0.052           7.304                 1.38         10
      1          0               0     50.400    366.400      0.171           9.573                 2.12         20
      1          0               0     58.100    450.900      0.381           9.380                 3.23         30
      1          0               0     15.400    188.600      0.255           6.831                 6.12         40
      1          0               0     31.300    452.600      0.939           6.048                  8.6         50
      1          0               0     40.100    436.100      1.888           4.005                 15.6         60
      1          0               0     63.100    274.000      0.094           6.086                 1.69         10
      1          0               0     51.100    230.100      0.179           9.233                 2.19         20
      1          0               0     74.500    381.500      0.464          11.930                 2.53         30
      1          0               0     59.300    552.900      0.924          10.535                 3.84         40
      1          0               0     45.900    458.000      1.238           9.181                  5.5         50
      1          0               0     50.400    670.800      3.112           6.883                 9.05         60
      1          0               0     62.000    248.000      0.088           7.324                 1.42         10
      1          0               0     67.300    433.400      0.235           9.031                 2.23         20
      1          0               0     83.000    390.200      0.463          10.080                 2.99         30
      1          0               0     60.000    586.100      0.586          11.433                 3.52         40
      1          0               0     60.400    607.100      1.116          10.028                 5.04         50
      1          0               0     30.900    422.300      0.803           9.282                 6.55         60
      1          0               0     49.000    131.600      0.069           8.082                 1.25         10
      1          0               0     38.200    305.800      0.121          11.864                 1.73         20
      1          0               0     34.900    277.100      0.184          14.249                 2.17         30
      1          0               0     41.500    326.500      0.547          10.851                 3.77         40
      1          0               0     28.100    351.000      0.697           8.858                 5.91         50
      1          0               0     19.400    328.700      0.841           6.985                 8.85         60
      1          0               0     46.000    179.500      0.071           5.700                 1.79         10
      1          0               0     45.700    277.600      0.157          10.387                 1.99         20
      1          0               0     49.300    390.700      0.313          12.627                 2.44         30
      1          0               0     51.000    581.800      0.598          11.182                 3.63         40
      1          0               0     45.800    764.700      1.545          11.214                 4.61         50
      1          0               0     42.200    839.300      2.952           9.889                 6.18         60
      1          0               0     50.600    188.500      0.073           5.895                 1.75         10
      1          0               0     49.700    286.800      0.185           8.408                 2.43         20
      1          0               0     44.500    376.200      0.282          11.330                 2.69         30
      1          0               0     42.400    343.100      0.506          10.486                 4.03         40
      1          0               0     42.400    367.800      0.831          10.351                 4.94         50
      1          0               0     42.000    538.300      1.659           8.252                 7.41         60
      1          0               0     51.800    151.900      0.070           7.689                 1.33         10
      1          0               0     67.100    286.600      0.198          13.411                 1.54         20
      1          0               0     49.900    532.500      0.330          11.477                 2.66         30
      1          0               0     65.100    675.200      1.043           7.641                 5.33         40
      1          0               0     46.200    646.600      1.346           5.935                 9.01         50
      1          0               0     59.800    870.900      2.730           5.428                 12.0         60
      1          0               0     41.500    136.200      0.057           7.542                 1.34         10
      1          0               0     43.900    235.600      0.136          11.237                 1.81         20
      1          0               0     32.400    227.300      0.190          11.605                  2.6         30
      1          0               0     35.500    347.500      0.400          11.687                 3.45         40
      1          0               0     18.000    261.300      0.352          10.389                 4.89         50
      1          0               0     19.400    314.300      0.920           6.701                 9.29         60
      1          0               0     49.100    250.700      0.066           7.389                 1.37         10
      1          0               0     56.200    505.900      0.210           8.391                 2.47         20
      1          0               0     51.700    652.000      0.318          11.677                 2.59         30
      1          0               0     42.100    769.300      0.560          11.751                 3.45         40
      1          0               0     38.300    721.100      0.956          13.371                 3.99         50
      1          0               0     36.600    620.900      1.618           7.653                 9.86         60
      1          0               0     42.100    178.400      0.064           6.211                 1.66         10
      1          0               0     47.600    249.200      0.220           6.929                 2.94         20
      1          0               0     36.300    211.800      0.329           8.975                 3.37         30
      1          0               0     51.000    359.600      0.687          12.245                 3.32         40
      1          0               0     54.900    522.400      1.453          10.831                  4.7         50
      1          0               0     52.900    617.400      1.960          10.081                 6.19         60
      1          0               0     42.900    224.300      0.064           6.618                 1.53         10
      1          0               0     31.500    132.100      0.093          11.432                 1.76         20
      1          0               0     39.200    341.700      0.238          11.278                 2.68         30
      1          0               0     55.700    560.400      0.640           9.418                 4.38         40
      1          0               0     48.700    783.700      1.228           8.012                 6.75         50
      1          0               0     70.200   1071.000      3.407           7.628                 8.35         60
      1          0               0     40.800    196.900      0.059           6.819                 1.51         10
      1          0               0     26.400    203.300      0.080          12.174                 1.66         20
      1          0               0     34.400    281.000      0.230          12.238                 2.47         30
      0          0               0   2000.000  80000.000     18.368          13.957                 2.87         40
      1          0               0     47.100    658.500      1.328           9.493                 5.42         50
      1          0               0     37.700    553.500      1.559           8.629                 7.15         60
      1          0               0     41.100     98.600      0.055           8.676                 1.17         10
      1          0               0     59.100    308.800      0.179          11.882                 1.71         20
      1          0               0     62.700    393.000      0.334          13.404                 2.27         30
      1          0               0     26.400    270.000      0.236          13.053                  3.2         40
      1          0               0     25.300    343.300      0.486          10.494                 5.09         50
      1          0               0     28.000    365.900      0.852           8.929                 7.06         60
      1          0               0     42.600    194.200      0.070           5.484                 1.86         10
      1          0               0     37.100    333.800      0.163           7.593                 2.67         20
      1          0               0     52.900    463.100      0.446          10.002                 3.23         30
      1          0               0     32.500    441.100      0.443          12.529                 3.48         40
      1          0               0     46.500    574.900      0.982          14.049                 3.63         50
      1          0               0     29.600    446.800      1.435           7.976                 8.31         60
      1          0               0     22.400     84.100      0.032           5.906                 1.75         10
      1          0               0     52.900    325.000      0.200           7.560                 2.72         20
      1          0               0     42.300    311.700      0.289           8.123                  3.8         30
      1          0               0     66.700    495.400      0.842           7.615                 5.38         40
      1          0               0     51.600    543.900      1.249           6.537                 7.79         50
      1          0               0     49.600    717.400      1.889           7.925                 7.67         60
      1          0               0     54.600    180.300      0.084           7.194                 1.42         10
      1          0               0     39.900    276.400      0.129          11.421                  1.8         20
      1          0               0     50.000    287.800      0.320          11.790                 2.63         30
      1          0               0     36.300    217.200      0.406          13.259                 3.26         40
      1          0               0     45.000    433.900      0.770          13.773                  4.0         50
      1          0               0     65.000    631.000      1.653          12.075                 5.14         60
      1          0               0     40.800    141.800      0.057           6.169                 1.64         10
      1          0               0     69.300    333.400      0.260           9.608                 2.11         20
      1          0               0     88.700    501.800      0.567          11.841                 2.56         30
      1          0               0     76.300    505.500      0.775          11.651                  3.6         40
      1          0               0     68.300    615.600      2.106           7.072                 7.34         50
      1          0               0     64.300    848.900      3.478           5.184                 12.1         60
      1          0               0     29.100    123.600      0.044           6.907                  1.6         10
      1          0               0     41.000    283.900      0.141          11.341                 1.79         20
      1          0               0     44.200    364.800      0.303          11.204                 2.71         30
      1          0               0     37.000    410.000      0.461          11.130                 3.65         40
      1          0               0     33.000    448.200      0.601          10.448                 4.87         50
      1          0               0     29.800    411.500      1.046           8.097                  7.7         60
      1          0               0     48.500    218.200      0.071           6.852                 1.51         10
      1          0               0     62.300    308.500      0.209          10.605                 1.94         20
      1          0               0     59.400    510.200      0.386          11.566                 2.65         30
      1          0               0     52.300    484.500      0.845           8.686                  4.7         40
      1          0               0     46.800    437.900      1.129           9.865                 5.13         50
      1          0               0     19.900    295.100      0.729           6.613                 9.54         60
      1          0               0     64.500    137.100      0.092           6.933                 1.48         10
      1          0               0     56.500    359.900      0.212           8.412                 2.45         20
      1          0               0     62.200    491.200      0.450           8.921                 3.44         30
      1          0               0     63.400    577.900      0.851           9.210                 4.45         40
      1          0               0     52.100    522.600      1.278           7.900                  6.7         50
      1          0               0     43.400    567.700      1.926           6.488                 10.2         60
      1          0               0     54.600    118.600      0.074           7.068                 1.43         10
      1          0               0     34.300    247.900      0.118          11.283                 1.81         20
      1          0               0     57.900    323.200      0.400           9.822                 3.08         30
      1          0               0     29.300    427.600      0.375           9.614                 4.26         40
      1          0               0     45.600    772.300      1.386           7.570                 6.87         50
      1          0               0     40.600    715.000      2.626           6.259                 9.86         60
      1          0               0     35.200     86.900      0.050           6.852                 1.48         10
      1          0               0     34.400    254.400      0.115          10.166                 2.01         20
      1          0               0     29.500    223.300      0.207          10.485                 2.89         30
      1          0               0     16.600    210.000      0.277           6.825                 6.11         40
      1          0               0     42.300    387.700      1.166           6.629                 7.63         50
      1          0               0     44.000    488.600      2.157           5.480                 11.2         60
      1          0               0     29.300     93.900      0.039           8.307                 1.24         10
      1          0               0     74.300    397.200      0.222          12.995                 1.59         20
      1          0               0     25.200    219.600      0.173          10.802                 2.95         30
      1          0               0     58.900    467.000      0.672          11.946                 3.43         40
      1          0               0     43.200    398.300      1.230           9.727                 5.29         50
      1          0               0     30.800    501.500      1.368           6.857                 9.72         60
      1          0               0     48.500    279.700      0.075           5.614                 1.85         10
      1          0               0     45.900    411.500      0.161          10.795                 1.87         20
      1          0               0     32.100    408.000      0.228           9.302                 3.33         30
      1          0               0     37.600    426.900      0.463           9.795                 4.26         40
      1          0               0     42.200    597.600      1.028           8.870                 5.98         50
      1          0               0     39.900    650.400      1.964           6.539                  9.9         60
      1          0               0     54.000    190.500      0.075           8.343                 1.24         10
      1          0               0     42.000    215.200      0.149          10.636                 1.96         20
      1          0               0     59.800    603.800      0.384          10.619                 2.85         30
      1          0               0     43.900    672.000      0.507          10.995                 3.77         40
      1          0               0     49.900    573.500      0.908          11.509                 4.54         50
      1          0               0     67.800    801.400      1.890           9.799                 6.35         60
      1          0               0     33.900    117.300      0.047           7.180                 1.42         10
      1          0               0     48.900    321.000      0.153          10.186                 1.99         20
      1          0               0     37.300    276.600      0.192          12.059                 2.52         30
      1          0               0     31.500    351.800      0.345          10.213                 4.07         40
      1          0               0     46.400    513.100      0.973           9.175                  5.5         50
      1          0               0     34.300    669.100      1.545           6.356                  9.8         60
      1          0               0     23.000     99.800      0.031           6.804                 1.49         10
      1          0               0     66.900    343.100      0.197          12.196                 1.65         20
      1          0               0     59.900    560.600      0.356          11.018                 2.75         30
      1          0               0     51.200    291.500      0.702           9.305                 4.35         40
      1          0               0     40.600    345.300      0.758           8.956                 5.64         50
      1          0               0     37.400    584.900      1.774           6.548                 9.47         60
      1          0               0     68.300    251.500      0.099           7.387                  1.4         10
      1          0               0     51.100    204.500      0.164          10.648                 1.95         20
      1          0               0     62.000    331.200      0.377          11.685                  2.6         30
      1          0               0     53.600    408.000      0.477          13.500                 3.04         40
      1          0               0     55.200    566.500      0.906          11.203                 4.54         50
      1          0               0     68.600    790.300      2.422           7.720                 8.11         60
      1          0               0     28.100     82.800      0.038           6.477                 1.56         10
      1          0               0     36.300    333.000      0.130           9.485                 2.14         20
      1          0               0     57.500    394.700      0.334          12.781                 2.38         30
      1          0               0     42.500    408.900      0.397          14.066                 2.89         40
      1          0               0     38.400    392.000      0.603          14.479                 3.55         50
      1          0               0     42.800    657.000      1.130          13.159                 4.63         60
      1          0               0     54.500    148.400      0.074           7.539                 1.33         10
      1          0               0     25.700    191.600      0.078          12.436                 1.62         20
      1          0               0     36.800    274.800      0.218          11.620                 2.59         30
      1          0               0     78.200    448.300      0.807          11.216                 3.62         40
      1          0               0     41.800    603.600      1.161           8.701                 5.93         50
      1          0               0     51.600    794.800      2.230           8.734                 7.02         60
      1          0               0      9.500     55.600      0.013           7.274                 1.38         10
      1          0               0     40.400    159.100      0.133           8.901                 2.28         20
      1          0               0     41.100    225.800      0.275           9.764                 3.13         30
      1          0               0     47.200    399.400      0.640           9.407                  4.3         40
      1          0               0     58.700    653.200      1.685           8.256                 6.17         50
      1          0               0     50.700    739.100      2.504           6.507                 9.98         60
      1          0               0     40.800    131.800      0.055           7.848                 1.29         10
      1          0               0     44.100    238.500      0.132          12.642                 1.61         20
      1          0               0     43.100    367.200      0.265           9.585                 3.16         30
      1          0               0     54.700    438.300      0.628           9.026                  4.5         40
      1          0               0     41.400    604.800      0.918           6.957                 7.43         50
      1          0               0     44.300    626.200      2.377           4.571                 13.8         60
      1          0               0     87.300    264.900      0.123           7.092                 1.44         10
      1          0               0     61.700    210.800      0.193          11.527                 1.77         20
      1          0               0     29.200    229.000      0.182          11.705                 2.58         30
      1          0               0     52.100    384.300      0.609          11.862                  3.5         40
      1          0               0     52.800    703.800      1.024          12.277                 4.31         50
      1          0               0     54.900    563.300      1.580           9.051                 6.91         60
      1          0               0     37.800    144.800      0.054           7.058                 1.44         10
      1          0               0     44.400    234.200      0.138          11.532                 1.75         20
      1          0               0     42.000    393.500      0.303           9.595                 3.25         30
      1          0               0     38.300    304.800      0.463           9.914                 4.12         40
      1          0               0     22.300    322.600      0.440          10.094                 5.01         50
      1          0               0     24.900    378.900      1.173           7.253                 8.56         60
      1          0               0     67.900    264.700      0.094           7.990                 1.27         10
      1          0               0     69.200    546.200      0.221          11.714                 1.76         20
      1          0               0     55.000    529.700      0.370          12.631                 2.43         30
      1          0               0     48.400    647.600      0.595           9.601                 4.28         40
      1          0               0     51.000    677.600      1.330           8.790                 5.89         50
      1          0               0     41.300    471.800      1.631           9.254                 6.63         60
      1          0               0     52.900    121.500      0.088           5.161                 2.03         10
      1          0               0     16.600    104.500      0.058          10.723                 1.88         20
      1          0               0     51.100    301.900      0.427           9.256                  3.3         30
      1          0               0     43.300    319.500      0.817           9.416                 4.32         40
      1          0               0     44.700    353.200      1.365           7.895                 6.52         50
      1          0               0     27.900    396.000      2.052           6.226                 10.2         60
      1          0               0     52.500    159.900      0.078           5.882                 1.76         10
      1          0               0     51.100    443.000      0.187          10.863                 1.93         20
      1          0               0     55.600    458.000      0.361          13.430                  2.3         30
      1          0               0     49.400    438.000      0.953          11.172                 3.62         40
      1          0               0     52.900    702.400      1.545           7.864                 6.45         50
      1          0               0     40.700    629.500      1.907           7.140                 8.49         60
      1          0               0     42.800    122.100      0.062           7.928                 1.28         10
      1          0               0     40.600    271.200      0.138           9.943                 2.06         20
      1          0               0     49.400    291.600      0.367           8.391                 3.71         30
      1          0               0     19.700    327.100      0.257           9.584                 4.23         40
      1          0               0     27.700    434.700      0.722           7.065                 7.29         50
      1          0               0     27.800    464.700      1.224           6.450                 9.78         60
      1          0               0     51.900    159.900      0.076           7.399                 1.37         10
      1          0               0     32.500    151.800      0.100          12.969                 1.57         20
      1          0               0     42.600    311.600      0.254          13.216                 2.31         30
      1          0               0     66.200    508.100      0.676          13.079                 3.12         40
      1          0               0     82.500    478.800      1.238          12.772                 4.09         50
      1          0               0     55.300    461.600      1.886           9.356                  8.2         60
      1          0               0     35.200    149.800      0.050           7.679                 1.32         10
      1          0               0     27.400    193.000      0.106           8.624                 2.37         20
      1          0               0     42.100    274.000      0.249          12.698                 2.41         30
      1          0               0     42.800    371.600      0.438          12.993                 3.13         40
      1          0               0     35.500    482.900      0.716          12.797                  4.0         50
      1          0               0     40.800    725.900      1.582          11.255                 5.44         60
      1          0               0     35.300    102.600      0.050           8.147                 1.25         10
      1          0               0     56.600    350.400      0.181          11.731                 1.72         20
      1          0               0     58.600    404.200      0.324          14.212                 2.17         30
      1          0               0     51.400    472.000      0.521          12.068                 3.36         40
      1          0               0    856.800   2163.900     14.885          11.941                  4.2         50
      1          0               0     48.600    589.100      1.674           7.790                 7.82         60
      1          0               0     33.500    120.900      0.046           9.009                 1.12         10
      1          0               0     30.000    195.200      0.098          12.757                 1.61         20
      1          0               0     26.100    169.300      0.177          11.946                 2.55         30
      1          0               0     80.000    425.100      0.980          12.893                 3.17         40
      1          0               0     57.800    466.700      1.242          10.554                 4.86         50
      1          0               0     34.600    463.500      1.806           7.965                 8.65         60
      1          0               0     72.900    239.000      0.101           7.782                 1.31         10
      1          0               0     68.600    316.900      0.255          10.835                 1.86         20
      1          0               0     45.400    484.800      0.319          14.262                 2.14         30
      1          0               0     45.000    563.700      0.605          10.236                 4.15         40
      1          0               0     38.700    480.100      0.728          12.483                 4.08         50
      1          0               0     37.100    361.500      1.056          10.620                 5.75         60
      1          0               0     82.000    409.100      0.117           7.657                 1.32         10
      1          0               0     76.700    449.600      0.237          12.935                 1.57         20
      1          0               0     60.000    480.600      0.343          15.073                 2.03         30
      1          0               0     52.500    426.100      0.574          14.078                 2.91         40
      1          0               0     48.600    596.800      1.241          10.255                 5.11         50
      1          0               0     34.800    417.600      1.416           7.580                 8.25         60
      1          0               0     47.300    177.500      0.064           7.414                 1.38         10
      1          0               0     31.100    175.400      0.092          13.421                 1.53         20
      1          0               0     28.500    222.900      0.145          14.246                 2.13         30
      1          0               0     50.200    353.500      0.440          15.926                 2.59         40
      1          0               0     48.300    579.600      0.724          13.435                 3.85         50
      1          0               0     42.900    838.100      1.209          10.333                 6.32         60
      1          0               0     16.600     74.000      0.025           5.602                 1.91         10
      1          0               0     60.800    300.800      0.231           8.566                 2.39         20
      1          0               0     36.800    182.200      0.236          10.989                 2.74         30
      1          0               0     59.700    432.500      0.586          11.422                 3.57         40
      1          0               0     57.400    466.200      1.102           8.854                 5.99         50
      1          0               0     52.800    441.600      1.829           8.759                 7.04         60
      1          0               0     51.500    223.700      0.079           6.099                 1.68         10
      1          0               0     44.700    345.100      0.177           9.430                  2.2         20
      1          0               0     42.800    538.100      0.370          10.224                 2.96         30
      1          0               0     56.600    531.900      0.814           9.933                 4.17         40
      1          0               0     45.800    588.200      1.086           8.690                 5.91         50
      1          0               0     53.300    596.100      1.803           7.460                  8.5         60
      1          0               0     67.400    196.500      0.095           7.122                 1.42         10
      1          0               0     72.300    351.100      0.222          10.876                 1.89         20
      1          0               0     69.900    462.800      0.383          14.559                 2.08         30
      1          0               0     46.300    384.900      0.685          11.654                 3.46         40
      1          0               0     46.400    378.400      0.816          10.403                 4.87         50
      1          0               0     24.300    431.700      0.707           9.045                 6.78         60
      1          0               0     52.300    193.700      0.077           6.520                 1.56         10
      1          0               0     43.200    262.800      0.140          10.970                 1.84         20
      1          0               0     51.000    381.900      0.311          11.502                 2.67         30
      1          0               0     45.600    339.100      0.478          10.235                 3.96         40
      1          0               0     34.900    347.900      0.757           6.501                 8.15         50
      1          0               0     32.600    549.000      1.643           5.288                 12.4         60
      1          0               0     56.900    127.700      0.079           7.796                  1.3         10
      1          0               0     53.400    401.700      0.213          10.090                 2.03         20
      1          0               0     60.500    578.300      0.451          10.783                 2.85         30
      1          0               0     16.900    233.100      0.236           9.734                 4.23         40
      1          0               0     24.200    403.300      0.611           7.760                 6.76         50
      1          0               0     36.900    418.600      1.452           7.637                 8.25         60
      1          0               0     46.600    129.700      0.065           6.521                 1.56         10
      1          0               0     38.200    238.200      0.134           9.060                 2.27         20
      1          0               0     30.300    294.000      0.221          10.663                 2.86         30
      1          0               0     36.200    375.500      0.439          10.268                  4.0         40
      1          0               0     42.500    533.800      0.801           9.391                 5.41         50
      1          0               0     31.100    522.500      0.987           8.068                 7.62         60
      1          0               0     47.100    162.800      0.076           5.476                 1.91         10
      1          0               0     48.400    347.100      0.185           8.798                 2.33         20
      1          0               0     60.100    665.500      0.488           9.661                 3.15         30
      1          0               0     54.100    347.400      1.142           7.519                 5.58         40
      1          0               0     56.100    408.200      1.927           8.093                 6.58         50
      1          0               0     54.600    598.900      3.236           7.654                 8.41         60
      1          0               0     36.300    101.700      0.050           7.132                 1.47         10
      1          0               0     35.800    207.500      0.126           9.648                 2.14         20
      1          0               0     46.400    265.100      0.306          12.108                 2.67         30
      1          0               0     50.300    406.000      0.789          10.459                 4.17         40
      1          0               0     38.500    565.100      0.989          11.779                 4.44         50
      1          0               0     39.200    332.400      1.465          10.094                 6.43         60
      1          0               0     51.400    174.500      0.068           8.086                 1.25         10
      1          0               0     43.400    230.900      0.128          12.827                 1.57         20
      1          0               0     50.500    322.700      0.331          12.978                 2.35         30
      1          0               0     67.200    410.700      0.829          10.582                 3.86         40
      1          0               0     48.700    521.100      0.862          10.760                  4.8         50
      1          0               0     55.100    642.000      2.002           8.207                 7.63         60
      1          0               0     20.600    107.300      0.028           6.442                 1.61         10
      1          0               0     28.900    120.800      0.094          10.010                 2.02         20
      1          0               0     36.900    262.300      0.234          11.317                 2.71         30
      1          0               0     58.500    340.800      0.756          12.674                 3.19         40
      1          0               0     82.400    736.200      1.918          10.140                 5.01         50
      1          0               0     92.800    792.800      4.328           8.889                 6.81         60
      1          0               0     55.900    127.700      0.078           7.782                 1.31         10
      1          0               0     51.700    290.900      0.194           8.338                 2.43         20
      1          0               0     41.100    492.200      0.279          12.501                 2.44         30
      1          0               0     50.900    642.900      0.569          12.597                 3.26         40
      1          0               0     47.800    612.300      1.063          10.843                  4.7         50
      1          0               0     47.500    493.400      1.308          10.541                  5.9         60
      1          0               0     29.200     91.900      0.040           7.545                 1.36         10
      1          0               0     48.600    264.700      0.161          11.142                 1.81         20
      1          0               0     33.500    167.700      0.217          11.645                 2.59         30
      1          0               0     43.100    261.500      0.511          12.422                 3.23         40
      1          0               0     14.200    233.100      0.241          11.092                 4.53         50
      1          0               0     49.300    656.400      1.622           9.704                 6.32         60
      1          0               0     38.900    156.600      0.054           7.632                 1.32         10
      1          0               0     24.700    155.800      0.081          10.150                  2.0         20
      1          0               0     18.200    144.500      0.115          10.451                 2.95         30
      1          0               0     28.100    214.200      0.394           8.153                 5.51         40
      1          0               0     49.000    434.900      1.425           7.980                 6.77         50
      1          0               0     54.000    674.800      3.380           7.191                 9.38         60
      1          0               0     35.000    152.400      0.047           7.594                 1.33         10
      1          0               0     30.700    161.700      0.091          12.958                 1.57         20
      1          0               0     43.200    335.100      0.227          15.512                 1.97         30
      1          0               0     42.600    493.400      0.385          13.784                 3.03         40
      1          0               0     53.900    553.400      0.962          11.644                 4.36         50
      1          0               0     60.600    724.600      2.191           8.419                  7.5         60
      1          0               0     52.700    149.400      0.073           8.254                 1.22         10
      1          0               0     73.400    376.200      0.219          12.550                 1.63         20
      1          0               0     40.000    308.800      0.201          13.840                 2.19         30
      1          0               0     58.500    685.200      0.568          11.937                  3.4         40
      1          0               0     55.400    775.300      1.403           8.787                 5.78         50
      1          0               0     56.000    545.600      2.098           9.773                 6.39         60
      1          0               0     61.100    218.300      0.085           6.630                 1.53         10
      1          0               0     40.300    174.700      0.148           8.695                  2.4         20
      1          0               0     36.700    253.500      0.328          10.215                  3.0         30
      1          0               0     33.200    302.100      0.458          12.675                 3.27         40
      1          0               0     28.400    280.500      0.621          10.817                 4.71         50
      1          0               0     79.000    626.100      2.546          10.424                 6.09         60
      1          0               0     70.900    334.100      0.099           8.260                 1.24         10
      1          0               0     79.400    498.700      0.262          12.199                 1.69         20
      1          0               0     67.500    662.700      0.357          16.184                 1.88         30
      1          0               0     50.700    456.700      0.550          11.152                 3.64         40
      1          0               0     58.400    523.500      1.070          11.096                  4.6         50
      1          0               0     35.700    567.600      1.105           9.910                 6.33         60
      1          0               0     63.200    168.900      0.088           7.180                  1.4         10
      1          0               0     35.000    140.800      0.107          11.389                 1.77         20
      1          0               0     42.000    345.100      0.256          11.088                 2.78         30
      1          0               0     66.800    544.100      0.785           8.957                 4.67         40
      1          0               0     57.200    585.400      1.233           8.192                  6.6         50
      1          0               0     74.700    582.400      2.619           7.873                 7.98         60
      1          0               0     13.800     45.500      0.019           8.319                 1.22         10
      1          0               0     84.400    375.600      0.277          12.224                 1.65         20
      0          0               0   2000.000  60000.000     10.571          13.963                 2.15         30
      1          0               0     56.800    601.200      0.725          10.949                 3.72         40
      0          0               0   2000.000 100000.000     74.707           9.974                 5.02         50
      1          0               0     55.500    465.000      2.752           8.359                 8.19         60
      1          0               0     50.100    163.500      0.067           9.108                 1.11         10
      1          0               0     22.300    160.400      0.069          12.493                 1.62         20
      1          0               0     22.300    224.400      0.173          10.045                 3.04         30
      1          0               0     50.800    445.400      0.557          10.234                 3.99         40
      1          0               0     46.600    440.000      0.865           9.543                 5.46         50
      1          0               0     52.600    414.800      1.326           9.152                 6.99         60
      1          0               0     41.700    158.800      0.057           7.571                 1.35         10
      1          0               0     54.500    342.200      0.174          11.189                  1.8         20
      1          0               0     60.300    414.100      0.373          12.577                 2.43         30
      1          0               0     46.700    478.800      0.459          15.236                 2.72         40
      1          0               0     39.900    485.600      1.120           8.674                 6.04         50
      1          0               0     39.300    524.600      1.799           7.053                  8.7         60
      1          0               0     41.800    237.400      0.063           6.397                 1.58         10
      1          0               0     43.400    230.200      0.142           9.412                 2.14         20
      1          0               0     42.000    354.700      0.259          10.826                 2.79         30
      1          0               0     20.300    268.500      0.271           9.320                 4.43         40
      1          0               0     33.300    371.400      0.688           9.748                 5.17         50
      1          0               0     28.100    446.000      0.825           9.722                 6.25         60
      1          0               0     60.000    233.800      0.085           7.537                 1.34         10
      1          0               0     51.800    422.000      0.251           7.510                 2.72         20
      1          0               0     49.800    505.400      0.361          10.661                 2.84         30
      1          0               0     72.200    596.800      0.988           8.307                 4.97         40
      1          0               0     58.700    646.500      2.036           6.772                 8.17         50
      1          0               0     37.700    680.800      1.717           5.931                 10.8         60
      1          0               0     52.000    119.700      0.071           7.271                 1.39         10
      1          0               0     52.500    212.100      0.163          12.162                  1.7         20
      1          0               0     44.700    257.100      0.257          13.841                 2.28         30
      1          0               0     39.000    423.500      0.492          12.133                 3.48         40
      1          0               0     25.300    360.200      0.539          10.174                  5.1         50
      1          0               0     28.900    485.600      1.067           9.958                 6.14         60
      1          0               0     51.100    254.300      0.078           5.487                 1.84         10
      1          0               0     74.900    675.900      0.245          11.814                 1.73         20
      1          0               0     59.900    618.600      0.491           9.321                 3.35         30
      1          0               0     55.500    558.000      0.807           8.034                 5.14         40
      1          0               0     43.500    537.000      1.096           7.547                 6.81         50
      1          0               0     58.900    690.700      2.390           7.543                 8.51         60
      1          0               0     40.200    113.900      0.061           5.114                 1.98         10
      1          0               0     55.000    306.200      0.229           7.767                 2.65         20
      1          0               0     45.700    353.300      0.341           9.168                 3.31         30
      1          0               0     38.400    393.500      0.614           9.430                  4.3         40
      1          0               0     27.900    475.300      0.851           6.918                 7.47         50
      1          0               0     20.900    489.500      1.348           5.225                 12.1         60
      1          0               0     19.900     82.200      0.029           7.246                 1.41         10
      1          0               0     32.100    154.300      0.093          13.688                 1.51         20
      1          0               0     41.900    240.100      0.241          14.055                 2.24         30
      1          0               0     25.300    194.200      0.266          11.680                 3.52         40
      1          0               0     31.700    343.900      0.642          10.678                 4.79         50
      1          0               0     34.100    467.700      1.258           8.378                 7.33         60
      1          0               0     35.200    109.800      0.048           7.764                  1.3         10
      1          0               0     48.700    287.100      0.163          10.287                 1.96         20
      1          0               0     52.000    435.700      0.307          11.060                 2.74         30
      1          0               0     40.800    493.000      0.424          10.029                 4.06         40
      1          0               0     49.200    665.200      1.238           9.262                  5.6         50
      1          0               0     36.600    634.300      1.544           8.817                 7.08         60
      1          0               0     25.500     88.300      0.037           5.588                 1.87         10
      1          0               0     43.700    220.200      0.181           7.666                 2.69         20
      1          0               0     34.100    304.800      0.370           5.921                  5.4         30
      1          0               0     38.500    300.900      0.706           5.270                 7.83         40
      1          0               0     17.900    319.300      0.719           5.631                 9.56         50
      1          0               0     37.000    468.700      2.529           6.743                 9.51         60
      1          0               0     18.300     74.900      0.026           7.470                 1.38         10
      1          0               0     26.800    212.900      0.096          11.381                 1.77         20
      1          0               0     42.200    313.200      0.261          12.182                 2.49         30
      1          0               0     54.400    386.800      0.764          10.493                 3.85         40
      1          0               0     25.100    304.900      0.621          10.239                  5.2         50
      1          0               0     54.700    488.200      2.382           8.960                 7.21         60
      1          0               0     46.600    150.000      0.071           6.622                 1.53         10
      1          0               0     57.400    331.100      0.205           9.779                 2.08         20
      1          0               0     33.900    369.100      0.230          10.817                 2.84         30
      1          0               0     32.500    381.300      0.367          11.717                 3.69         40
      1          0               0     24.700    372.200      0.459          11.053                 4.69         50
      1          0               0     24.300    427.300      0.736           8.638                 7.16         60
      1          0               0     20.300     80.600      0.027           9.192                 1.09         10
      1          0               0     18.300    121.900      0.054          11.923                 1.69         20
      1          0               0     34.500    320.900      0.196          13.481                 2.24         30
      1          0               0     30.800    265.600      0.280          13.737                 2.96         40
      1          0               0     26.600    395.400      0.460          10.030                 5.05         50
      1          0               0     21.900    432.900      0.700           7.105                 8.69         60
      1          0               0     47.600    115.000      0.066           7.063                 1.44         10
      1          0               0     28.700    219.000      0.095           9.582                 2.16         20
      1          0               0     25.400    208.500      0.162          11.465                 2.71         30
      1          0               0     57.700    370.200      0.594          12.957                 3.21         40
      1          0               0     50.900    399.600      1.527           9.888                  5.2         50
      1          0               0     47.500    471.100      2.130           8.128                 7.67         60
      1          0               0     42.900    131.800      0.062           6.469                 1.56         10
      1          0               0     62.700    379.300      0.183          13.297                 1.52         20
      1          0               0     32.000    252.000      0.174          12.797                 2.36         30
      1          0               0     41.600    382.700      0.407          12.870                 3.21         40
      1          0               0     36.800    432.400      0.648          10.432                 5.06         50
      1          0               0     40.000    590.300      1.830           9.293                 7.05         60
      1          0               0     14.700     83.700      0.027           5.354                 1.91         10
      1          0               0     32.100    210.900      0.127          10.738                 1.93         20
      1          0               0     19.000    198.700      0.146          12.863                 2.37         30
      1          0               0     26.100    285.700      0.385          13.188                 3.14         40
      1          0               0     19.000    285.400      0.484           9.595                 5.81         50
      1          0               0     42.400    577.500      1.364           9.783                 6.38         60
      1          0               0     34.600    156.000      0.054           6.847                 1.61         10
      1          0               0     50.200    401.600      0.196          11.137                  1.9         20
      1          0               0     46.900    350.500      0.265          14.885                  2.1         30
      1          0               0     40.000    402.100      0.448          13.178                 3.12         40
      1          0               0     39.700    433.000      0.968          11.282                 4.66         50
      1          0               0     51.500    656.900      1.495          11.464                 5.32         60
      1          0               0     68.800    189.300      0.094           7.779                  1.3         10
      1          0               0     50.400    366.400      0.190          10.661                 1.92         20
      1          0               0     44.800    427.000      0.345          10.922                 2.89         30
      1          0               0     37.300    429.800      0.561          10.394                 3.98         40
      1          0               0     37.000    572.500      0.773           8.341                 6.18         50
      1          0               0     36.600    574.000      1.343           8.183                 7.49         60
      1          0               0     19.900     78.800      0.030           6.015                 1.71         10
      1          0               0     62.000    275.900      0.205          10.745                 1.87         20
      1          0               0     67.200    314.100      0.390          12.308                 2.46         30
      1          0               0     50.400    588.900      0.572          10.036                 4.07         40
      1          0               0     44.200    528.300      0.816          11.097                 4.53         50
      1          0               0     42.600    579.500      1.386           9.514                 6.41         60
      1          0               0     55.400    108.300      0.076           7.478                 1.35         10
      1          0               0     44.300    269.200      0.164           9.050                 2.24         20
      1          0               0     40.800    352.600      0.280           9.939                 3.06         30
      1          0               0     42.700    347.700      0.601          10.389                 3.99         40
      1          0               0     24.000    334.400      0.538           8.292                 6.96         50
      1          0               0     25.100    434.600      0.984           5.928                 12.7         60
      1          0               0     61.800    212.900      0.092           5.563                 1.84         10
      1          0               0     65.900    381.500      0.209          11.712                 1.72         20
      1          0               0     48.700    473.600      0.276          12.411                 2.44         30
      1          0               0     62.000    514.700      0.604          11.715                 3.45         40
      1          0               0     49.100    644.900      1.041          11.141                 4.53         50
      1          0               0     31.900    575.400      1.627           8.483                 7.29         60
      1          0               0     42.000    111.200      0.057           8.364                  1.2         10
      1          0               0     64.900    277.400      0.212          11.965                 1.71         20
      1          0               0     50.800    488.400      0.336          11.358                 2.66         30
      1          0               0     44.100    468.400      0.452          10.694                 3.83         40
      1          0               0     41.200    630.900      1.237           6.391                 8.31         50
      1          0               0     41.700    640.500      2.392           5.072                 12.6         60
      1          0               0     56.700    153.800      0.075           9.192                  1.1         10
      1          0               0     51.400    269.400      0.165          10.416                 1.93         20
      1          0               0     51.200    277.500      0.305          10.875                 2.78         30
      1          0               0     45.300    368.500      0.504           9.929                 4.08         40
      1          0               0     26.300    263.000      0.474          10.251                 4.91         50
      1          0               0     40.800    296.300      2.055           6.635                  9.2         60
      1          0               0     35.800    113.700      0.053           6.031                 1.69         10
      1          0               0     73.200    293.500      0.248           9.321                 2.17         20
      1          0               0     25.300    248.200      0.182           9.917                 3.24         30
      1          0               0     40.600    312.300      0.555           8.931                 4.55         40
      1          0               0     34.200    355.700      0.953           8.667                 5.92         50
      1          0               0     26.300    368.500      1.192           7.570                 8.09         60
      1          0               0     70.400    210.800      0.101           8.455                 1.26         10
      1          0               0     67.800    326.100      0.217          12.000                 1.72         20
      1          0               0     70.400    406.600      0.462          13.089                 2.35         30
      1          0               0     68.300    516.100      0.819          13.691                 3.02         40
      1          0               0     53.000    663.100      1.320          11.421                 4.48         50
      1          0               0     42.800    821.900      1.587           9.621                 6.47         60
      1          0               0     41.100    233.900      0.072           4.820                 2.17         10
      1          0               0     42.700    396.500      0.211           5.260                 3.87         20
      1          0               0     48.200    575.800      0.432           8.444                 3.64         30
      1          0               0     47.600    613.200      0.840           7.011                  5.9         40
      1          0               0     36.600    578.200      0.900           9.093                 5.62         50
      1          0               0     32.300    727.300      1.605           7.765                 8.14         60
      1          0               0     31.200    108.400      0.041           8.567                 1.18         10
      1          0               0     70.600    248.700      0.195          13.959                 1.44         20
      1          0               0     69.400    550.100      0.474          14.500                 2.08         30
      1          0               0     62.700    650.400      0.681          15.301                 2.69         40
      1          0               0     62.700    800.100      1.000          12.740                 4.03         50
      1          0               0     65.800    880.600      1.667           9.752                 6.44         60
      1          0               0     43.200    172.800      0.063           7.877                 1.29         10
      1          0               0     74.100    242.400      0.234          10.911                 1.84         20
      1          0               0     37.600    303.900      0.201          11.715                 2.59         30
      1          0               0     76.600    729.200      0.675          10.873                 3.72         40
      1          0               0     23.700    291.700      0.438           9.245                 5.54         50
      1          0               0     47.400    622.500      1.893           7.367                 8.41         60
      1          0               0     43.800    191.700      0.062           6.998                 1.46         10
      1          0               0     63.500    295.600      0.204          11.101                 1.82         20
      1          0               0     21.900    130.300      0.130          11.201                 2.74         30
      1          0               0     42.100    359.500      0.410          12.209                 3.37         40
      1          0               0     47.100    390.500      1.085           9.425                 5.53         50
      1          0               0     32.000    638.800      1.785           6.438                  9.7         60
      1          0               0     61.100    237.300      0.085           7.255                 1.41         10
      1          0               0     66.600    434.400      0.238           8.875                 2.31         20
      1          0               0     65.200    580.700      0.410          11.443                 2.64         30
      1          0               0     52.500    603.700      0.736          11.210                  3.6         40
      1          0               0     58.900    842.100      1.210           9.795                 5.18         50
      1          0               0     51.800    865.500      2.134           5.747                 10.7         60
      1          0               0     22.400     89.900      0.032           7.701                 1.31         10
      1          0               0     36.700    275.400      0.127           9.722                 2.08         20
      1          0               0     73.800    390.200      0.391          13.997                 2.17         30
      1          0               0     60.700    444.000      0.557          13.931                 2.93         40
      1          0               0     36.000    336.100      0.603          11.992                 4.31         50
      1          0               0     30.300    470.500      0.997           8.568                 7.67         60
      1          0               0     30.400    137.300      0.043           6.914                 1.49         10
      1          0               0     40.800    314.500      0.148           8.267                 2.46         20
      1          0               0     33.900    304.100      0.201          10.136                 2.99         30
      1          0               0     46.400    405.000      0.551          12.207                 3.34         40
      1          0               0     29.800    400.000      0.533          10.174                 5.02         50
      1          0               0     41.900    621.800      1.172           9.601                 6.35         60
      1          0               0     31.000    153.900      0.042           7.561                 1.34         10
      1          0               0     41.700    225.400      0.134          11.803                 1.73         20
      1          0               0     39.800    328.300      0.252          12.276                 2.54         30
      1          0               0     31.300    309.600      0.396          11.208                 3.63         40
      1          0               0     29.800    385.300      0.828           9.591                 5.75         50
      1          0               0     20.300    377.400      1.412           7.768                 9.86         60
      1          0               0     72.600    144.300      0.098           9.234                 1.09         10
      1          0               0     55.700    289.400      0.176          12.063                  1.7         20
      1          0               0     76.000    329.700      0.399          13.313                  2.3         30
      1          0               0     78.100    525.600      0.789          13.981                 2.92         40
      1          0               0     48.900    516.400      0.903          11.319                 4.77         50
      1          0               0     55.900    509.200      1.500          11.721                  5.9         60
      1          0               0     20.600     71.300      0.026           7.714                 1.31         10
      1          0               0     64.100    336.600      0.220          11.056                 1.86         20
      1          0               0     22.100    254.300      0.156          11.090                 2.74         30
      1          0               0     28.300    356.200      0.326          11.746                 3.51         40
      1          0               0     57.100    676.400      1.159          13.319                 3.83         50
      1          0               0     55.200    580.800      1.708           9.658                 6.44         60
      1          0               0     30.900    162.600      0.046           6.443                  1.6         10
      1          0               0     34.400    173.900      0.110          12.041                 1.67         20
      1          0               0     35.200    258.400      0.191          12.602                 2.41         30
      1          0               0     28.500    301.700      0.309          12.207                 3.35         40
      1          0               0     55.700    538.900      1.388           9.587                 5.29         50
      1          0               0     45.800    641.500      1.926           8.223                 7.82         60
      1          0               0     70.600    153.300      0.097           8.637                 1.23         10
      1          0               0     51.600    335.400      0.169          10.963                 1.97         20
      1          0               0     44.500    325.800      0.267          11.930                 2.68         30
      1          0               0     49.700    486.800      0.649           9.682                 4.82         40
      1          0               0     43.800    593.600      0.960          10.267                 5.21         50
      1          0               0     33.600    630.800      1.852           7.027                 9.65         60
      1          0               0     52.200    264.400      0.084           5.682                 1.84         10
      1          0               0     55.200    310.100      0.294           9.828                 2.05         20
      1          0               0     44.900    433.600      0.384          12.461                 2.47         30
      1          0               0     54.600    381.700      0.551          13.377                  3.0         40
      1          0               0     31.900    334.700      0.565          10.947                 4.62         50
      1          0               0     24.400    377.600      0.871           7.980                 7.81         60
      1          0               0     27.600    131.400      0.040           7.384                 1.41         10
      1          0               0     33.200    216.100      0.104          12.322                 1.65         20
      1          0               0     56.600    446.000      0.326          13.617                 2.22         30
      1          0               0     82.900    461.100      0.874          12.525                 3.28         40
      1          0               0     24.700    325.600      0.428          11.850                 4.51         50
      1          0               0     49.800    676.700      1.249          12.181                 5.18         60
      1          0               0     31.200     71.300      0.041           8.888                 1.13         10
      1          0               0     46.600    299.100      0.180           8.571                 2.41         20
      1          0               0     35.200    274.700      0.247           9.403                 3.26         30
      1          0               0     34.100    332.800      0.421           9.032                 4.62         40
      1          0               0     36.400    373.100      0.844           8.368                 6.08         50
      1          0               0     22.200    418.600      0.854           5.982                 10.8         60
      1          0               0     37.000    109.800      0.050           7.957                  1.3         10
      1          0               0     64.000    392.600      0.230           8.550                 2.38         20
      1          0               0     55.600    409.200      0.430           9.655                 3.14         30
      1          0               0     40.100    425.000      0.557           9.594                 4.22         40
      1          0               0     49.700    640.700      1.085           9.748                 5.19         50
      1          0               0     39.800    675.500      1.613           6.915                  9.1         60
      1          0               0     21.300     62.300      0.035           6.624                 1.52         10
      1          0               0     47.400    285.900      0.208           6.686                 3.06         20
      1          0               0     48.500    267.900      0.355           9.849                 3.09         30
      1          0               0     41.700    535.700      0.606          10.583                 3.97         40
      1          0               0     45.000    419.100      1.011          10.796                 4.94         50
      1          0               0     40.800    566.300      1.463           8.890                 7.14         60
      1          0               0     39.800    181.400      0.055           6.812                 1.52         10
      1          0               0     31.700    197.800      0.098          12.091                 1.72         20
      1          0               0     56.800    403.300      0.282          17.002                 1.79         30
      1          0               0     53.800    446.300      0.660          10.751                 3.82         40
      1          0               0     15.700    268.000      0.468           7.650                 6.69         50
      1          0               0     24.100    356.000      1.197           6.772                 9.66         60
      1          0               0     48.100    150.700      0.068           6.551                 1.55         10
      1          0               0     36.000    217.600      0.126           8.897                 2.27         20
      1          0               0     36.400    221.200      0.235           9.514                  3.2         30
      1          0               0     29.300    312.300      0.591           6.997                 5.85         40
      1          0               0     24.900    409.500      1.117           5.414                 9.77         50
      1          0               0     22.400    498.100      1.348           6.420                 10.5         60
      1          0               0     59.600    242.400      0.092           7.326                 1.38         10
      1          0               0     64.100    282.300      0.192          13.218                 1.52         20
      1          0               0     36.500    273.600      0.227          12.452                 2.44         30
      1          0               0     53.100    487.500      0.693          10.571                 3.89         40
      1          0               0     32.300    280.600      0.739           9.164                 5.59         50
      1          0               0     63.300    578.000      3.271           6.668                 9.14         60
      1          0               0     55.400    179.700      0.077           7.765                 1.34         10
      1          0               0     54.400    209.700      0.190          10.778                 1.88         20
      1          0               0     56.600    390.300      0.370          11.638                 2.62         30
      1          0               0     26.300    349.200      0.345          10.582                 3.82         40
      1          0               0     22.600    412.200      0.579           9.863                 5.13         50
      1          0               0     60.800    687.800      2.334          10.472                 5.96         60
      1          0               0     36.000    189.400      0.057           6.725                 1.51         10
      1          0               0     43.700    309.900      0.155          11.206                 1.82         20
      1          0               0     38.000    306.300      0.208          14.258                 2.16         30
      1          0               0     45.100    416.800      0.486          15.481                 2.62         40
      1          0               0     54.100    558.800      1.251          11.246                 4.56         50
      1          0               0     22.500    393.900      0.746          10.680                 6.33         60
      1          0               0     13.700     68.600      0.021           6.234                 1.64         10
      1          0               0     44.000    238.700      0.184           8.518                 2.39         20
      1          0               0     43.300    409.700      0.323           7.497                 4.07         30
      1          0               0     54.600    581.100      0.757           8.357                 4.89         40
      1          0               0     43.800    445.800      0.957           9.477                  5.4         50
      1          0               0     22.600    386.500      0.662           7.407                 8.29         60
      1          0               0     42.800    146.400      0.062           6.383                 1.62         10
      1          0               0     51.800    341.800      0.188           9.459                 2.17         20
      1          0               0     64.700    474.500      0.423          11.008                 2.75         30
      1          0               0     55.600    588.000      0.843           8.863                 4.55         40
      1          0               0     40.900    582.800      0.943          11.570                  4.4         50
      1          0               0     42.000    610.800      1.751          10.271                 6.48         60
      1          0               0     39.000    113.700      0.055           7.059                 1.43         10
      1          0               0     43.600    232.600      0.150           8.837                 2.27         20
      1          0               0     36.200    316.300      0.226           9.309                  3.3         30
      1          0               0     70.800    449.600      0.739          10.631                 3.79         40
      1          0               0     38.800    337.500      0.860           8.742                 5.81         50
      1          0               0     31.200    335.400      1.265           8.426                 7.19         60
      1          0               0     42.500    207.300      0.062           6.833                 1.51         10
      1          0               0     50.500    301.400      0.202           7.075                 2.87         20
      1          0               0     62.000    372.500      0.385          11.063                 2.74         30
      1          0               0     35.600    362.600      0.532           7.705                 5.31         40
      1          0               0     25.300    440.700      0.822           6.881                 7.57         50
      1          0               0     41.500    411.800      2.054           6.631                 9.19         60
      1          0               0     47.100    121.400      0.064           8.333                 1.21         10
      1          0               0     42.500    293.500      0.163          10.134                  2.0         20
      1          0               0     46.900    353.500      0.407          10.940                 2.79         30
      1          0               0     37.200    476.100      0.725           9.578                 4.25         40
      1          0               0     34.400    437.100      0.969           9.744                  5.2         50
      1          0               0     33.300    686.400      1.430           7.081                 8.96         60
      1          0               0     65.500    152.800      0.092           6.530                 1.55         10
      1          0               0     62.800    323.500      0.189          12.306                 1.64         20
      1          0               0     52.700    449.200      0.311          11.101                 2.76         30
      1          0               0     29.300    306.300      0.307           9.266                 4.42         40
      1          0               0     30.300    330.700      0.480           9.657                 5.24         50
      1          0               0     24.100    391.100      0.611           7.838                 7.98         60
      1          0               0     30.200    102.800      0.047           7.874                 1.29         10
      1          0               0     42.100    204.100      0.139          11.639                 1.73         20
      1          0               0     29.700    280.100      0.173          12.710                 2.38         30
      1          0               0     43.500    296.900      0.491          10.561                  3.9         40
      1          0               0     30.500    283.000      0.918           7.056                 7.37         50
      1          0               0     32.000    383.600      1.656           5.600                 11.2         60
      1          0               0     37.700    135.700      0.056           6.889                 1.49         10
      1          0               0     40.200    196.400      0.126          12.701                 1.59         20
      1          0               0     48.800    448.800      0.266          15.609                 1.93         30
      1          0               0     39.400    433.600      0.423          10.561                 3.83         40
      1          0               0     33.400    440.500      0.722           8.692                  5.9         50
      1          0               0     31.500    446.900      1.211           8.086                 7.69         60
      1          0               0     81.700    300.600      0.115           7.223                  1.4         10
      1          0               0     69.400    288.500      0.219          12.193                 1.67         20
      1          0               0     21.300    211.100      0.132          10.310                 2.96         30
      1          0               0     39.100    355.900      0.498           8.857                 4.62         40
      1          0               0     37.600    423.300      1.075           5.715                 9.37         50
      1          0               0     36.100    531.100      1.371           5.898                 11.3         60
      1          0               0     33.100    116.100      0.046           6.940                 1.46         10
      1          0               0     32.900    202.700      0.100          11.599                 1.74         20
      1          0               0     41.600    256.600      0.255          11.036                 2.81         30
      1          0               0     49.200    363.700      0.528          10.793                 3.78         40
      1          0               0     45.600    580.800      0.886           8.936                 5.71         50
      1          0               0     35.900    690.000      1.459           6.493                 9.69         60
      1          0               0     66.600    247.500      0.092           6.697                 1.51         10
      1          0               0     76.100    370.900      0.242          12.334                 1.64         20
      1          0               0     61.000    633.900      0.381          15.636                 1.94         30
      1          0               0     50.600    590.600      0.575          13.642                 3.04         40
      1          0               0     62.000    835.000      1.095          13.663                 3.91         50
      1          0               0     60.500    943.200      2.044           7.693                 8.11         60
      1          0               0     47.000    174.800      0.068           7.204                 1.49         10
      1          0               0     32.900    137.600      0.113           9.769                 2.07         20
      1          0               0     46.500    432.300      0.292          10.890                  2.8         30
      1          0               0     47.500    375.200      0.518          12.040                 3.36         40
      1          0               0     36.100    517.500      0.960           8.809                 5.83         50
      1          0               0     19.800    318.300      0.799           7.965                  7.8         60
