success  collision  collision_obst   makespan   flowtime    runtime     mean_groups     mean_groups_size     number
      1          0               0    118.600    356.700      0.157           9.575                 1.05         10
      1          0               0     90.000    608.900      0.237          18.326                  1.1         20
      1          0               0    247.100   1638.000      1.000          25.517                 1.18         30
      1          0               0    199.800   1618.400      1.119          33.392                  1.2         40
      1          0               0    251.500   2835.000      1.937          41.083                 1.22         50
      1          0               0    263.800   3594.900      2.658          47.399                 1.27         60
      1          0               0    116.500    368.000      0.159           8.771                 1.14         10
      1          0               0    288.400   1403.600      0.847          17.082                 1.17         20
      1          0               0    266.600   1915.000      1.159          25.375                 1.19         30
      1          0               0    212.500   1767.800      1.273          33.209                 1.21         40
      1          0               0    275.400   1667.800      2.394          38.994                 1.28         50
      0          0               1    107.400   6444.000      1.036          43.345                 1.39         60
      1          0               0    400.200   1289.400      0.570           9.630                 1.04         10
      1          0               0    349.500   1660.600      1.017          18.174                 1.11         20
      1          0               0    230.400   2374.000      1.019          24.909                 1.21         30
      1          0               0    257.300   2481.700      1.627          30.621                 1.31         40
      1          0               0    344.100   3867.300      2.941          37.359                 1.34         50
      1          0               0    246.200   3604.600      2.713          40.891                 1.47         60
      1          0               0    268.700   1028.800      0.369           9.763                 1.03         10
      1          0               0    319.400   1047.400      0.901          18.608                 1.08         20
      1          0               0    265.600   1808.800      1.116          27.279                  1.1         30
      1          0               0    251.800   2359.300      1.601          35.118                 1.15         40
      1          0               0    238.100   2258.500      1.873          39.876                 1.26         50
      1          0               0    378.600   3930.500      3.758          47.801                 1.26         60
      1          0               0    259.100    979.100      0.376           9.728                 1.03         10
      1          0               0    138.200   1037.800      0.407          17.234                 1.17         20
      1          0               0    224.800   1346.800      0.958          25.532                 1.18         30
      1          0               0    221.300   1888.000      1.266          34.019                 1.18         40
      1          0               0    236.900   2204.600      1.809          39.991                 1.25         50
      1          0               0    353.100   3888.300      3.673          43.472                 1.38         60
      1          0               0    193.900    621.700      0.286           8.322                 1.22         10
      1          0               0    198.500    977.100      0.578          15.618                 1.29         20
      1          0               0    224.400   1492.700      0.972          23.602                 1.28         30
      1          0               0    306.400   1744.800      1.735          32.994                 1.22         40
      1          0               0    180.900   1520.300      1.366          38.343                 1.31         50
      1          0               0    264.100   3032.900      3.201          42.396                 1.42         60
      1          0               0    228.600    816.800      0.313           9.871                 1.01         10
      1          0               0    487.900   1700.100      1.374          18.797                 1.06         20
      1          0               0    344.100   1733.300      1.454          26.282                 1.14         30
      1          0               0    121.000    988.700      0.703          35.514                 1.13         40
      1          0               0    214.400   1747.800      1.715          40.020                 1.25         50
      1          0               0    257.500   2948.200      2.925          44.635                 1.35         60
      1          0               0    249.500    796.700      0.346           8.939                 1.12         10
      1          0               0    176.800    934.400      0.497          17.383                 1.15         20
      1          0               0    222.400   1497.300      0.944          23.725                 1.27         30
      1          0               0    164.100   1379.900      0.979          30.712                 1.31         40
      1          0               0    251.400   2479.800      2.039          38.719                 1.29         50
      1          0               0    352.100   2781.800      3.471          45.020                 1.34         60
      1          0               0    137.000    337.400      0.189           9.741                 1.03         10
      1          0               0    103.600    711.800      0.293          18.544                 1.09         20
      1          0               0    181.600   1114.400      0.777          25.766                 1.17         30
      1          0               0    163.600   1522.700      1.032          31.882                 1.26         40
      1          0               0    331.100   2741.300      2.728          37.738                 1.33         50
      1          0               0    306.500   2979.700      3.510          43.486                 1.38         60
      1          0               0    206.800    883.000      0.298           9.434                 1.07         10
      1          0               0    245.800   1018.800      0.701          17.150                 1.17         20
      1          0               0    360.500   2169.700      1.583          25.455                 1.18         30
      1          0               0    333.800   3045.600      1.946          31.715                 1.26         40
      1          0               0    185.500   2274.400      1.556          35.222                 1.42         50
      1          0               0    203.900   2787.500      2.015          43.162                 1.39         60
      1          0               0    354.400   1297.200      0.502           9.651                 1.04         10
      1          0               0    238.000   1480.000      0.689          18.394                  1.1         20
      1          0               0    312.700   2013.300      1.332          28.770                 1.05         30
      1          0               0    324.000   3101.100      1.814          35.771                 1.12         40
      1          0               0    196.700   1836.100      1.447          42.448                 1.18         50
      1          0               0    222.900   2591.000      2.408          49.502                 1.22         60
      1          0               0    203.300    475.300      0.279           9.756                 1.03         10
      1          0               0    309.500   1174.600      0.857          18.564                 1.08         20
      1          0               0    293.700   2176.800      1.217          25.896                 1.16         30
      1          0               0    277.700   2338.500      1.610          31.994                 1.25         40
      1          0               0    238.100   3040.500      1.833          39.538                 1.27         50
      1          0               0    269.300   3628.600      2.886          43.123                  1.4         60
      1          0               0    119.200    296.400      0.164           9.011                 1.11         10
      1          0               0    231.600   1277.700      0.660          16.422                 1.22         20
      0          0               1     17.900    537.000      0.081          22.017                 1.38         30
      1          0               0    287.700   1931.100      1.695          31.789                 1.27         40
      1          0               0    292.200   3457.100      2.663          37.011                 1.36         50
      1          0               0    229.000   2498.700      2.466          45.144                 1.34         60
      1          0               0    325.500    655.800      0.458           9.694                 1.04         10
      1          0               0    322.900   1143.600      0.945          16.850                 1.19         20
      1          0               0    197.000   1527.500      0.835          25.766                 1.17         30
      1          0               0    313.200   2442.500      1.910          35.579                 1.13         40
      1          0               0    352.400   3756.800      2.573          43.786                 1.14         50
      1          0               0    298.400   3814.500      2.821          49.021                 1.23         60
      1          0               0    242.600    566.700      0.338           9.778                 1.03         10
      1          0               0    261.100   1331.800      0.727          19.109                 1.05         20
      1          0               0    187.000   1530.400      0.777          26.876                 1.12         30
      1          0               0    183.700   1295.200      1.134          32.941                 1.22         40
      1          0               0    231.700   2001.500      1.721          40.031                 1.25         50
      1          0               0    209.400   1797.600      2.336          43.023                  1.4         60
      1          0               0    344.100    783.100      0.482           9.665                 1.04         10
      1          0               0    381.900   1930.800      1.074          18.886                 1.06         20
      1          0               0    218.700   1402.600      0.898          27.388                  1.1         30
      1          0               0    180.700   1673.300      1.120          30.671                 1.31         40
      1          0               0    131.000   1551.400      1.030          37.812                 1.32         50
      1          0               0    257.300   2713.100      2.510          45.036                 1.33         60
      1          0               0    187.900    620.900      0.268           8.969                 1.12         10
      1          0               0    130.400   1234.000      0.394          16.344                 1.24         20
      1          0               0    270.100   2344.500      1.225          25.466                 1.18         30
      1          0               0    176.500   2431.600      1.515          29.968                 1.34         40
      1          0               0    299.000   3638.000      2.494          37.821                 1.33         50
      1          0               0    274.000   3586.500      3.078          41.469                 1.45         60
      1          0               0     82.600    233.300      0.115           8.915                 1.13         10
      1          0               0    368.100   1096.300      1.050          16.412                 1.22         20
      1          0               0    422.200   2474.800      1.773          25.410                 1.18         30
      1          0               0    326.600   3076.400      1.889          32.564                 1.23         40
      1          0               0    286.200   2811.400      2.220          40.668                 1.23         50
      1          0               0    340.000   3556.500      3.742          45.419                 1.32         60
      1          0               0    147.500    522.400      0.207           8.898                 1.13         10
      1          0               0    234.400   1008.700      0.663          16.927                 1.18         20
      1          0               0    229.100   1842.900      0.981          25.385                 1.19         30
      1          0               0    109.500   1496.400      0.687          29.332                 1.37         40
      1          0               0    279.600   2959.500      2.355          37.864                 1.32         50
      1          0               0    205.900   2409.700      2.156          43.831                 1.37         60
      1          0               0    172.700    588.500      0.243           9.573                 1.05         10
      1          0               0    196.400   1066.400      0.567          17.201                 1.17         20
      1          0               0    384.800   4297.800      1.676          24.171                 1.24         30
      1          0               0    369.600   3814.200      2.289          32.500                 1.23         40
      1          0               0    309.600   3297.200      2.501          38.269                 1.31         50
      1          0               0    317.600   3399.600      3.122          45.963                 1.31         60
      1          0               0    233.700   1106.000      0.336           9.332                 1.08         10
      1          0               0    297.400   1012.600      0.857          16.697                  1.2         20
      1          0               0    158.600   1042.900      0.682          23.593                 1.27         30
      1          0               0    353.100   1796.600      2.071          30.456                 1.31         40
      1          0               0    331.000   2733.600      2.780          37.966                 1.32         50
      1          0               0    226.800   3283.500      2.481          42.569                 1.41         60
      1          0               0     47.500    223.400      0.066           9.082                 1.11         10
      1          0               0    239.800   1899.700      0.700          17.707                 1.13         20
      1          0               0    204.300   1961.400      0.881          25.168                  1.2         30
      1          0               0    200.900   2359.500      1.179          31.076                 1.29         40
      1          0               0    273.200   3005.400      2.276          37.946                 1.33         50
      1          0               0    267.500   3340.900      3.060          44.907                 1.34         60
      1          0               0    142.500    467.700      0.203           9.551                 1.05         10
      1          0               0    169.100    849.600      0.483          17.845                 1.12         20
      1          0               0    391.400   2698.500      1.666          28.072                 1.07         30
      1          0               0    323.200   2473.900      1.829          34.376                 1.17         40
      1          0               0    419.500   2716.700      3.175          39.934                 1.25         50
      1          0               0    373.400   3191.900      3.538          47.432                 1.27         60
      1          0               0    110.300    414.000      0.154           9.345                 1.08         10
      1          0               0    115.200    550.000      0.324          18.807                 1.07         20
      1          0               0    314.500   1402.900      1.292          29.045                 1.04         30
      1          0               0    222.700   1642.500      1.303          37.351                 1.07         40
      1          0               0    260.700   2636.500      1.979          43.019                 1.17         50
      1          0               0    298.400   2879.100      2.907          50.247                  1.2         60
      1          0               0    200.900    805.800      0.291           8.562                 1.17         10
      1          0               0    320.000   1288.300      0.926          16.472                 1.22         20
      1          0               0    290.300   2150.300      1.251          23.452                 1.28         30
      1          0               0    328.100   3027.300      1.944          32.383                 1.24         40
      1          0               0    204.100   2026.100      1.583          40.503                 1.24         50
      1          0               0    315.300   4537.500      3.068          49.295                 1.22         60
      1          0               0    250.600    722.900      0.348           9.808                 1.02         10
      1          0               0    194.500   1199.400      0.543          18.841                 1.06         20
      1          0               0    393.100   2256.600      1.637          28.620                 1.05         30
      1          0               0    288.700   2156.000      1.689          34.731                 1.16         40
      1          0               0    252.600   1923.200      2.097          41.707                 1.21         50
      1          0               0    233.600   2177.700      2.322          47.907                 1.26         60
      1          0               0    111.200    352.200      0.164           9.106                  1.1         10
      1          0               0    216.900   1531.600      0.641          16.570                 1.21         20
      1          0               0    170.500   1593.700      0.763          22.626                 1.33         30
      1          0               0    240.300   2762.900      1.463          29.708                 1.35         40
      1          0               0    284.400   2320.400      2.532          37.378                 1.34         50
      1          0               0    324.700   3137.100      4.096          43.245                 1.39         60
      1          0               0     94.200    277.500      0.134           9.298                 1.08         10
      1          0               0    247.200   1266.200      0.711          19.197                 1.04         20
      1          0               0    129.300   1150.200      0.569          26.850                 1.12         30
      1          0               0    192.100   2232.700      1.121          33.612                  1.2         40
      1          0               0    176.100   2732.100      1.449          39.266                 1.28         50
      1          0               0    262.200   3375.100      2.557          47.797                 1.26         60
      1          0               0    199.300    583.100      0.278           9.390                 1.08         10
      1          0               0    245.400   1406.000      0.703          16.692                  1.2         20
      1          0               0    268.100   2042.300      1.203          25.405                 1.19         30
      1          0               0    246.400   1598.900      1.459          32.863                 1.22         40
      1          0               0    369.600   1851.500      2.703          42.627                 1.18         50
      1          0               0    280.100   1939.300      2.607          48.654                 1.24         60
      1          0               0    197.300    520.800      0.279           9.747                 1.03         10
      1          0               0    146.300    728.700      0.413          18.852                 1.07         20
      1          0               0    186.700   1595.000      0.777          27.118                 1.11         30
      1          0               0    291.100   2070.900      1.645          35.520                 1.13         40
      1          0               0    299.500   2598.000      2.288          41.678                  1.2         50
      1          0               0    362.100   3006.800      3.712          48.155                 1.25         60
      1          0               0    127.800    617.700      0.182           9.345                 1.08         10
      1          0               0    158.400   1111.100      0.457          18.294                  1.1         20
      1          0               0    140.300   1179.000      0.599          25.418                 1.18         30
      1          0               0    176.300   1608.200      1.061          32.222                 1.24         40
      1          0               0    382.500   2675.100      2.892          42.182                 1.19         50
      1          0               0    183.800   2115.300      1.812          48.878                 1.23         60
      1          0               0    230.400    551.900      0.315           9.667                 1.04         10
      1          0               0    267.400   1224.900      0.770          18.310                  1.1         20
      1          0               0    209.100   1388.400      0.886          26.148                 1.15         30
      1          0               0    235.200   2015.100      1.338          34.836                 1.16         40
      1          0               0    251.900   2432.500      1.906          41.552                 1.21         50
      1          0               0    190.800   2599.800      1.939          45.772                 1.32         60
      1          0               0     93.400    521.800      0.130           9.089                 1.11         10
      1          0               0    122.900   1114.100      0.348          17.841                 1.13         20
      1          0               0    248.900   1921.500      1.059          26.344                 1.15         30
      1          0               0    312.800   2811.200      1.821          33.538                  1.2         40
      1          0               0    302.100   3147.000      2.309          41.755                  1.2         50
      1          0               0    290.500   3749.300      3.438          46.877                 1.28         60
      1          0               0    208.200    545.900      0.291           9.474                 1.06         10
      1          0               0    144.700    603.000      0.416          18.075                 1.11         20
      1          0               0    183.500   1236.900      0.793          23.964                 1.26         30
      1          0               0    267.100   2048.700      1.550          32.623                 1.23         40
      1          0               0    241.600   2708.800      2.091          38.191                 1.31         50
      1          0               0    238.300   4757.500      2.304          41.971                 1.43         60
      1          0               0    195.200    416.300      0.282           8.853                 1.13         10
      1          0               0    240.300   1566.500      0.693          16.194                 1.24         20
      1          0               0    297.900   2315.000      1.301          22.449                 1.34         30
      1          0               0    287.500   2828.400      1.778          26.522                 1.52         40
      1          0               0    313.000   3495.300      2.674          33.658                 1.49         50
      1          0               0    299.000   4285.600      3.466          38.882                 1.55         60
      1          0               0    331.500    913.200      0.470           9.792                 1.02         10
      1          0               0    327.300   1533.800      0.937          18.096                 1.11         20
      1          0               0    267.900   1657.100      1.143          25.467                 1.18         30
      1          0               0    336.300   2907.100      1.934          33.104                 1.21         40
      1          0               0    273.900   2403.400      2.070          41.466                 1.21         50
      1          0               0    232.300   2618.600      2.212          48.055                 1.25         60
      1          0               0    184.000    370.800      0.259           9.878                 1.01         10
      1          0               0    249.800   1536.700      0.709          17.532                 1.14         20
      1          0               0    215.200   1555.300      0.928          24.532                 1.23         30
      1          0               0    232.300   1742.400      1.344          31.994                 1.25         40
      1          0               0    312.200   2034.900      2.316          39.338                 1.27         50
      1          0               0    320.200   2836.400      3.804          47.683                 1.26         60
      1          0               0    139.200    507.400      0.191           9.067                 1.12         10
      1          0               0    139.300   1158.800      0.386          17.299                 1.17         20
      1          0               0    212.500   1741.700      0.864          26.421                 1.14         30
      1          0               0    213.600   1755.000      1.201          33.459                  1.2         40
      1          0               0    176.600   2762.300      1.479          39.260                 1.28         50
      1          0               0    232.600   3685.300      2.272          47.560                 1.27         60
      1          0               0    205.600    375.300      0.287           9.762                 1.03         10
      1          0               0    286.200   1525.600      0.799          18.983                 1.06         20
      1          0               0    218.200   1756.800      0.891          26.204                 1.15         30
      1          0               0    221.300   2229.400      1.234          34.323                 1.17         40
      1          0               0    359.300   3738.200      2.636          41.657                  1.2         50
      1          0               0    408.500   4211.300      3.679          49.370                 1.22         60
      1          0               0    181.000    771.800      0.256           9.140                 1.11         10
      1          0               0    205.300   1220.600      0.577          18.258                 1.11         20
      1          0               0    263.000   1906.500      1.136          26.688                 1.14         30
      1          0               0    161.900   1689.900      0.958          31.083                  1.3         40
      1          0               0     99.900   1324.300      0.825          36.693                 1.37         50
      1          0               0    230.700   2739.000      3.209          43.648                 1.38         60
      1          0               0    208.100    739.800      0.297           8.840                 1.14         10
      1          0               0    223.700   1239.400      0.655          17.262                 1.16         20
      1          0               0    233.200   1643.900      1.000          26.172                 1.15         30
      1          0               0    239.200   1373.200      1.368          34.355                 1.17         40
      1          0               0    290.000   2391.300      2.226          39.696                 1.26         50
      1          0               0    308.000   3001.000      3.235          41.745                 1.44         60
      1          0               0    132.700    534.100      0.187           8.319                 1.22         10
      1          0               0    186.000    871.900      0.507          16.132                 1.25         20
      1          0               0    264.800   1800.100      1.077          25.125                  1.2         30
      1          0               0    310.700   2991.800      1.746          32.853                 1.22         40
      1          0               0    368.700   3829.800      2.695          39.980                 1.25         50
      1          0               0    415.100   4800.100      3.733          47.213                 1.28         60
      1          0               0    227.300    642.400      0.309           9.688                 1.04         10
      1          0               0    243.500    860.700      0.653          19.175                 1.05         20
      1          0               0    177.500   1457.100      0.732          26.204                 1.15         30
      1          0               0    189.600   1497.300      1.056          33.083                 1.21         40
      1          0               0    197.500   1775.600      1.422          41.543                 1.21         50
      1          0               0    251.500   2889.900      2.248          47.844                 1.26         60
      1          0               0    145.100    389.700      0.194           9.604                 1.05         10
      1          0               0    230.500   1338.700      0.623          17.802                 1.13         20
      1          0               0    222.000   1417.000      0.909          23.862                 1.26         30
      1          0               0    221.400   2377.700      1.213          32.090                 1.25         40
      1          0               0    167.600   2208.400      1.231          38.671                  1.3         50
      1          0               0    292.200   2913.800      2.680          41.698                 1.44         60
      1          0               0    194.100    659.400      0.261           9.400                 1.07         10
      1          0               0    232.000    882.600      0.627          18.414                 1.09         20
      1          0               0    240.100   1783.800      0.963          26.229                 1.15         30
      1          0               0    221.900   1701.100      1.199          32.674                 1.23         40
      1          0               0    337.500   3046.100      2.313          39.655                 1.26         50
      1          0               0    295.200   3389.600      2.967          42.344                 1.42         60
      1          0               0     66.000    231.300      0.089           8.711                 1.15         10
      1          0               0    226.300   1235.300      0.608          16.923                 1.18         20
      1          0               0    301.400   2021.900      1.225          25.332                 1.19         30
      1          0               0    308.800   1790.900      1.695          32.726                 1.23         40
      1          0               0    337.700   2846.100      2.459          38.842                 1.29         50
      1          0               0    220.000   2324.200      1.995          43.145                 1.39         60
      1          0               0    195.500    552.600      0.269           9.659                 1.04         10
      1          0               0    314.600    948.800      0.862          18.540                 1.08         20
      1          0               0    320.300   1454.700      1.263          27.934                 1.08         30
      1          0               0    173.100   1431.900      0.946          30.893                  1.3         40
      1          0               0    377.100   3641.900      2.913          35.699                 1.41         50
      1          0               0    240.200   2009.700      2.345          41.130                 1.46         60
      1          0               0    237.300    534.900      0.320           9.610                 1.05         10
      1          0               0    310.400    882.900      0.835          19.362                 1.03         20
      1          0               0    318.300   1335.300      1.293          26.098                 1.16         30
      1          0               0    191.900   1180.600      1.073          31.371                 1.28         40
      1          0               0    263.500   1856.000      1.911          39.609                 1.27         50
      1          0               0    156.100   1779.300      1.605          44.856                 1.34         60
      1          0               0    200.700    595.800      0.274           9.824                 1.02         10
      1          0               0    249.200    984.900      0.674          18.385                 1.09         20
      1          0               0    289.800   2043.400      1.161          27.218                  1.1         30
      1          0               0    289.100   2242.400      1.554          36.281                 1.11         40
      1          0               0    307.700   3078.800      2.377          43.473                 1.15         50
      0          0               1    202.100  12126.000      1.881          45.589                 1.32         60
      1          0               0    298.400    835.100      0.400           9.798                 1.02         10
      1          0               0    223.200   1283.000      0.601          18.668                 1.08         20
      1          0               0    218.500   1571.700      0.893          25.725                 1.17         30
      1          0               0    225.100   2145.100      1.262          33.438                  1.2         40
      1          0               0    318.300   3035.300      2.245          40.784                 1.23         50
      1          0               0    139.100   2080.100      1.450          45.864                 1.31         60
      1          0               0    101.000    373.800      0.136           9.562                 1.06         10
      1          0               0    347.200   1135.800      0.943          17.424                 1.15         20
      1          0               0    337.700   1859.800      1.367          26.064                 1.15         30
      1          0               0    235.200   1609.000      1.428          30.550                 1.31         40
      1          0               0    133.200   1138.000      1.080          35.438                 1.41         50
      1          0               0    246.900   2162.200      2.669          39.340                 1.53         60
      1          0               0    122.400    506.400      0.164           9.437                 1.07         10
      1          0               0    180.000   1078.400      0.497          18.761                 1.07         20
      1          0               0    277.000   1521.500      1.120          27.284                  1.1         30
      1          0               0    296.000   1816.400      1.622          36.334                 1.11         40
      1          0               0    323.500   3193.500      2.312          43.100                 1.16         50
      1          0               0    297.900   3041.600      2.871          46.938                 1.28         60
      1          0               0    259.100    548.600      0.355           9.803                 1.02         10
      1          0               0    294.100   1332.300      0.794          19.353                 1.04         20
      1          0               0    236.700   1620.600      0.945          28.319                 1.06         30
      1          0               0    251.100   2145.800      1.339          36.820                 1.09         40
      1          0               0    276.300   2255.900      2.091          40.569                 1.24         50
      1          0               0    370.900   3686.200      3.720          47.420                 1.27         60
      1          0               0    212.800    590.700      0.298           9.276                 1.09         10
      1          0               0    109.100    628.400      0.298          18.379                  1.1         20
      1          0               0    232.200   1557.700      1.040          27.045                 1.11         30
      1          0               0    262.200   2069.100      1.456          35.756                 1.12         40
      1          0               0    318.500   3010.700      2.316          44.001                 1.14         50
      1          0               0    157.700   2192.500      1.705          50.382                 1.19         60
      1          0               0    156.000    392.300      0.198           9.747                 1.03         10
      1          0               0    306.200   1187.500      0.820          16.651                  1.2         20
      1          0               0    300.300   1668.400      1.210          23.724                 1.27         30
      1          0               0    250.900   1818.100      1.578          29.697                 1.35         40
      1          0               0    283.300   3607.300      2.141          37.014                 1.35         50
      1          0               0    174.700   2278.100      1.572          43.733                 1.38         60
      1          0               0    109.400    471.800      0.148           9.490                 1.06         10
      1          0               0    215.700   1465.200      0.577          19.220                 1.04         20
      1          0               0    289.700   1718.600      1.162          27.087                 1.11         30
      1          0               0    233.700   2660.600      1.316          33.123                 1.21         40
      1          0               0    360.000   3624.900      2.517          38.999                 1.28         50
      1          0               0    314.000   4711.400      3.063          46.037                 1.31         60
      1          0               0    117.500    484.200      0.161           9.381                 1.07         10
      1          0               0    172.200    691.300      0.475          18.077                 1.11         20
      1          0               0    407.800   1321.500      1.616          27.515                 1.09         30
      1          0               0    210.400   1390.600      1.119          36.333                  1.1         40
      1          0               0    391.500   2916.200      2.702          43.427                 1.15         50
      1          0               0    361.600   2873.200      3.163          48.497                 1.24         60
      1          0               0    193.400    502.100      0.262           9.605                 1.05         10
      1          0               0    282.200   1322.500      0.756          19.186                 1.05         20
      1          0               0    291.700   2107.100      1.178          25.700                 1.17         30
      1          0               0    141.800   1901.000      0.817          31.021                 1.29         40
      1          0               0    269.600   2860.800      2.002          38.345                 1.31         50
      1          0               0    232.500   3033.100      2.108          45.649                 1.32         60
      1          0               0    197.300    765.900      0.268           9.360                 1.08         10
      1          0               0    277.800   1493.500      0.771          17.726                 1.14         20
      1          0               0    326.000   2286.500      1.311          27.518                 1.09         30
      1          0               0    173.000   1989.400      0.985          33.103                 1.22         40
      1          0               0    174.500   2123.800      1.261          41.381                 1.21         50
      1          0               0    206.100   2474.500      2.015          47.849                 1.26         60
      1          0               0    172.900    499.500      0.235           8.117                 1.24         10
      1          0               0    121.900    716.500      0.333          16.036                 1.25         20
      1          0               0    121.100    981.700      0.514          23.205                  1.3         30
      1          0               0    299.700   1783.600      1.810          29.425                 1.36         40
      1          0               0    280.000   2458.600      2.219          35.577                 1.41         50
      1          0               0    328.900   4374.100      3.361          40.652                 1.48         60
      1          0               0    303.600   1001.900      0.419           9.522                 1.06         10
      1          0               0    188.800   1235.200      0.508          18.845                 1.07         20
      1          0               0    213.800   2072.400      0.897          26.054                 1.16         30
      1          0               0    223.200   2772.800      1.234          34.690                 1.16         40
      1          0               0    238.300   3252.400      1.798          43.484                 1.16         50
      1          0               0    336.500   5070.600      3.134          49.532                 1.22         60
      1          0               0    254.500    549.800      0.352           9.819                 1.02         10
      1          0               0    294.800   1289.800      0.811          19.068                 1.05         20
      1          0               0    386.700   2163.200      1.573          27.399                  1.1         30
      1          0               0    364.400   2733.400      2.171          33.908                 1.18         40
      1          0               0    212.800   2329.900      1.549          39.944                 1.25         50
      1          0               0    333.600   2696.700      2.991          47.970                 1.25         60
      1          0               0    173.800    585.800      0.239           9.486                 1.06         10
      1          0               0    278.500   1370.100      0.751          19.197                 1.05         20
      1          0               0    194.700   1153.300      0.780          27.285                  1.1         30
      1          0               0    110.000   1334.400      0.625          32.413                 1.24         40
      1          0               0    223.600   2097.800      1.622          38.309                 1.31         50
      1          0               0    230.800   2661.200      2.095          45.960                 1.31         60
      1          0               0    270.000    805.200      0.369           9.687                 1.04         10
      1          0               0    271.300   1073.100      0.733          18.270                  1.1         20
      1          0               0    256.200   1414.100      1.023          27.621                 1.09         30
      1          0               0    353.900   3284.500      1.933          35.996                 1.11         40
      1          0               0    238.600   1974.900      1.751          40.490                 1.24         50
      1          0               0    394.500   3339.800      3.791          46.309                  1.3         60
      1          0               0     57.100    142.700      0.076           9.778                 1.02         10
      1          0               0    186.100    630.800      0.500          18.569                 1.08         20
      1          0               0    233.600   1239.400      0.927          26.910                 1.12         30
      1          0               0    291.900   1797.300      1.583          35.422                 1.13         40
      1          0               0    357.200   3266.600      2.778          40.299                 1.24         50
      1          0               0    299.600   2160.600      2.722          47.865                 1.26         60
      1          0               0    267.500    601.800      0.359           9.463                 1.06         10
      1          0               0    287.200   1202.500      0.794          17.646                 1.14         20
      1          0               0    273.100   1854.700      1.119          26.522                 1.13         30
      1          0               0    320.400   2157.600      1.773          31.268                 1.29         40
      1          0               0    178.100   2055.100      1.279          37.901                 1.33         50
      1          0               0    209.100   2225.000      2.064          44.732                 1.34         60
      1          0               0    237.900    760.000      0.352           9.420                 1.07         10
      1          0               0    197.600   1414.500      0.561          17.341                 1.16         20
      1          0               0    327.900   2381.100      1.326          25.690                 1.17         30
      1          0               0    419.100   3782.700      2.358          33.130                 1.21         40
      1          0               0    384.100   3051.700      2.851          40.909                 1.22         50
      1          0               0    405.200   2699.900      3.560          47.443                 1.27         60
      1          0               0    207.800    522.800      0.285           8.844                 1.13         10
      1          0               0    289.400    969.700      0.786          18.486                 1.08         20
      1          0               0    247.900   1900.500      1.021          24.850                 1.21         30
      1          0               0    259.600   2300.500      1.422          32.255                 1.24         40
      1          0               0    279.800   2965.700      2.174          37.574                 1.33         50
      1          0               0    343.200   3735.200      3.706          44.615                 1.35         60
      1          0               0    245.200    568.700      0.337           9.829                 1.02         10
      1          0               0    180.900    618.300      0.494          16.832                 1.19         20
      1          0               0    190.700   1285.500      0.775          24.718                 1.22         30
      1          0               0    398.200   3557.000      2.262          30.537                 1.32         40
      1          0               0    358.800   4198.900      2.563          36.765                 1.37         50
      1          0               0    199.600   2306.700      2.057          42.483                 1.42         60
      1          0               0    256.300    460.900      0.339           9.745                 1.03         10
      1          0               0    137.100    641.500      0.367          18.948                 1.06         20
      1          0               0    268.700   1873.300      1.092          26.538                 1.14         30
      1          0               0    258.200   2763.600      1.435          35.067                 1.15         40
      1          0               0    266.900   3847.100      1.914          41.231                 1.22         50
      1          0               0    296.700   3938.100      2.708          48.093                 1.25         60
      1          0               0    204.500    587.000      0.280           9.244                 1.09         10
      1          0               0    258.900   2031.200      0.721          18.161                  1.1         20
      1          0               0    367.900   2495.000      1.521          25.443                 1.18         30
      1          0               0    209.200   1820.100      1.175          31.523                 1.28         40
      1          0               0    231.200   2636.400      1.669          38.832                 1.29         50
      1          0               0    234.100   3091.100      2.186          45.030                 1.34         60
      1          0               0    319.700    585.300      0.440           9.781                 1.03         10
      1          0               0    272.300    938.400      0.745          19.301                 1.04         20
      1          0               0    315.800   1728.000      1.312          27.457                  1.1         30
      1          0               0    232.300   2140.200      1.243          34.092                 1.18         40
      1          0               0    250.600   3369.200      1.856          38.970                 1.29         50
      1          0               0    258.500   3975.700      2.441          45.520                 1.32         60
      1          0               0    144.000    616.800      0.193           9.394                 1.07         10
      1          0               0    221.700   1613.600      0.606          17.392                 1.15         20
      1          0               0    274.800   1824.500      1.108          26.758                 1.12         30
      1          0               0    228.000   2223.100      1.377          32.762                 1.22         40
      1          0               0    195.900   1989.700      1.400          40.833                 1.23         50
      1          0               0    275.800   3982.600      2.823          46.147                  1.3         60
      1          0               0    130.200    615.000      0.175           9.428                 1.07         10
      1          0               0    172.700    919.700      0.467          18.611                 1.08         20
      1          0               0    344.300   1133.800      1.370          27.169                 1.11         30
      1          0               0    337.800   2709.800      1.857          32.846                 1.22         40
      1          0               0    396.300   2775.300      3.074          39.426                 1.27         50
      1          0               0    173.800   2318.700      1.752          45.311                 1.33         60
      1          0               0    153.600    548.400      0.203           9.570                 1.05         10
      1          0               0    349.300   1564.100      0.954          17.397                 1.15         20
      1          0               0    282.500   2340.900      1.165          23.292                 1.29         30
      1          0               0    296.700   2864.000      1.713          29.273                 1.37         40
      1          0               0    276.200   2573.900      2.178          35.854                  1.4         50
      1          0               0    231.500   2631.900      2.199          42.654                 1.41         60
      1          0               0    205.200    877.000      0.283           9.229                 1.09         10
      1          0               0    325.800   1375.700      0.879          18.912                 1.06         20
      1          0               0    376.900   2141.600      1.496          26.404                 1.14         30
      1          0               0    382.500   3510.400      2.075          32.643                 1.23         40
      1          0               0    249.800   2379.600      1.993          37.556                 1.33         50
      1          0               0    179.500   1977.800      1.881          46.745                 1.29         60
      1          0               0    164.600    389.700      0.229           9.705                 1.03         10
      1          0               0    240.400   1311.300      0.679          17.770                 1.13         20
      1          0               0    150.100   1046.800      0.614          26.369                 1.14         30
      1          0               0    311.700   2019.300      1.729          32.621                 1.23         40
      1          0               0    276.000   1831.200      2.208          41.547                 1.21         50
      1          0               0    248.900   2230.500      2.447          46.245                  1.3         60
      1          0               0    248.800    877.500      0.347           9.122                 1.11         10
      1          0               0    224.400    934.200      0.588          19.294                 1.04         20
      1          0               0    180.600   1265.900      0.709          27.337                  1.1         30
      1          0               0    308.800   2760.900      1.694          33.877                 1.18         40
      1          0               0    370.200   3514.200      2.646          42.313                 1.18         50
      1          0               0    262.800   3318.800      2.576          46.228                  1.3         60
      1          0               0    211.800    932.600      0.281           9.008                 1.12         10
      1          0               0    309.200   2183.400      0.899          17.235                 1.18         20
      1          0               0    274.800   2396.700      1.115          26.202                 1.16         30
      1          0               0    300.200   3584.900      1.641          32.945                 1.22         40
      1          0               0    246.000   2904.300      2.006          38.108                 1.32         50
      1          0               0    261.200   3908.300      2.442          43.320                 1.39         60
      1          0               0    164.100    629.800      0.225           9.255                 1.09         10
      1          0               0    219.600    769.100      0.578          18.633                 1.08         20
      1          0               0    184.700    933.700      0.712          27.068                 1.11         30
      1          0               0    324.000   1690.300      1.656          35.988                 1.11         40
      1          0               0    254.700   2204.400      1.712          41.454                 1.21         50
      1          0               0    320.200   3115.900      2.841          46.798                 1.28         60
      1          0               0    302.200   1081.500      0.395           9.734                 1.03         10
      1          0               0    164.000    856.700      0.421          19.347                 1.04         20
      1          0               0    236.000   1494.500      0.929          24.261                 1.24         30
      1          0               0    223.300   2370.500      1.181          32.017                 1.25         40
      1          0               0    290.200   2858.500      2.200          37.622                 1.33         50
      1          0               0    251.400   3110.200      2.496          40.683                 1.48         60
      1          0               0    194.500    557.000      0.249           9.696                 1.03         10
      1          0               0    160.300    798.500      0.415          18.185                  1.1         20
      1          0               0    208.900   1195.700      0.794          25.908                 1.16         30
      1          0               0    345.300   2692.700      1.830          31.248                 1.28         40
      1          0               0    219.600   1521.300      1.469          37.997                 1.32         50
      1          0               0    231.000   2078.200      1.958          44.383                 1.35         60
      1          0               0    130.300    301.500      0.176           9.755                 1.03         10
      1          0               0    252.800   1231.600      0.682          18.997                 1.06         20
      1          0               0    250.700   1757.800      0.972          26.935                 1.12         30
      1          0               0    256.400   1874.000      1.354          32.279                 1.24         40
      1          0               0    219.400   2283.200      1.584          41.583                 1.21         50
      1          0               0    195.300   2294.100      1.620          49.888                 1.21         60
      1          0               0     93.300    319.800      0.125           9.439                 1.07         10
      1          0               0    136.900    650.800      0.366          18.340                 1.09         20
      1          0               0    291.900   2336.400      1.164          24.619                 1.22         30
      1          0               0    312.300   2915.300      1.693          33.215                 1.21         40
      1          0               0    349.400   2854.300      2.504          41.973                 1.19         50
      1          0               0    158.400   1925.800      1.413          46.803                 1.28         60
      1          0               0    275.200    619.900      0.346           9.656                 1.04         10
      1          0               0    203.000    748.500      0.502          19.038                 1.05         20
      1          0               0    291.300   1580.600      1.128          24.712                 1.21         30
      1          0               0    324.100   2965.900      1.652          30.843                  1.3         40
      1          0               0    267.200   1702.200      1.814          37.771                 1.33         50
      1          0               0    250.900   2244.300      2.065          44.749                 1.34         60
      1          0               0    208.600    436.200      0.272           9.834                 1.02         10
      1          0               0    208.500    926.600      0.550          17.689                 1.14         20
      1          0               0    170.800   1745.500      0.680          24.505                 1.23         30
      1          0               0    256.900   1817.300      1.389          31.302                 1.28         40
      1          0               0    174.400   1249.200      1.206          38.436                  1.3         50
      1          0               0    214.400   2210.500      1.871          43.830                 1.37         60
      1          0               0    169.200    403.600      0.218           9.796                 1.02         10
      1          0               0    285.000   1989.400      0.745          18.122                 1.11         20
      1          0               0    353.800   3261.900      1.368          25.458                 1.18         30
      1          0               0    343.000   3250.700      1.807          33.161                 1.21         40
      1          0               0    309.400   3508.700      2.065          42.162                 1.19         50
      1          0               0    369.700   4971.400      3.077          46.831                 1.28         60
      1          0               0    254.800    778.300      0.332           9.775                 1.03         10
      1          0               0    253.500   1186.300      0.658          18.497                 1.08         20
      1          0               0    277.400   2253.000      1.070          26.574                 1.13         30
      1          0               0    282.500   2465.600      1.471          34.390                 1.17         40
      1          0               0    149.400   2159.300      1.053          37.852                 1.33         50
      1          0               0    234.500   2940.600      1.987          45.851                 1.31         60
      1          0               0    210.300    704.900      0.271           9.525                 1.06         10
      1          0               0    314.400   1451.500      0.803          19.061                 1.05         20
      1          0               0    329.800   2120.800      1.269          26.443                 1.14         30
      1          0               0    292.500   2688.600      1.499          35.291                 1.14         40
      1          0               0    423.100   3703.800      2.713          42.058                 1.19         50
      1          0               0    219.300   2594.300      1.812          48.104                 1.25         60
      1          0               0    191.200    464.600      0.249           9.585                 1.05         10
      1          0               0    170.900   1245.500      0.446          18.592                 1.08         20
      1          0               0    166.100   1518.200      0.643          27.046                 1.11         30
      1          0               0    210.200   1431.300      1.063          37.064                 1.09         40
      1          0               0    122.600   1643.400      0.807          41.934                  1.2         50
      1          0               0    212.000   1794.200      1.719          49.323                 1.22         60
      1          0               0    257.500    991.100      0.325           9.791                 1.02         10
      1          0               0    299.300   1379.300      0.775          17.148                 1.17         20
      1          0               0    257.800   2053.400      0.967          25.849                 1.16         30
      1          0               0    281.800   2196.300      1.445          32.362                 1.24         40
      1          0               0    339.800   2968.600      2.231          40.860                 1.23         50
      1          0               0    280.300   2912.900      2.383          47.630                 1.26         60
      1          0               0    220.200    943.200      0.292           9.054                 1.11         10
      1          0               0    208.200   1418.600      0.541          18.033                 1.11         20
      1          0               0    201.700   1564.700      0.774          27.661                 1.09         30
      1          0               0    224.900   2421.300      1.190          35.542                 1.13         40
      1          0               0    252.500   2678.000      1.744          42.272                 1.19         50
      1          0               0    258.100   3000.800      2.509          49.777                 1.21         60
      1          0               0    187.000    404.500      0.239           9.632                 1.04         10
      1          0               0    225.900    945.700      0.575          18.349                 1.09         20
      1          0               0    212.800   1091.800      0.785          27.765                 1.08         30
      1          0               0    216.300   1217.000      1.096          34.939                 1.15         40
      1          0               0    285.900   2126.400      1.853          43.252                 1.16         50
      1          0               0    310.800   2532.800      2.482          49.810                 1.21         60
      1          0               0    127.700    615.400      0.163           9.162                  1.1         10
      1          0               0    213.000   1492.100      0.583          18.442                 1.09         20
      1          0               0    266.800   2085.200      1.007          24.789                 1.21         30
      1          0               0    182.300   2088.600      0.938          30.990                  1.3         40
      1          0               0    312.300   3546.100      2.107          39.435                 1.27         50
      1          0               0    288.500   3504.300      2.407          45.065                 1.33         60
      1          0               0    273.100    647.900      0.361           8.629                 1.17         10
      1          0               0    377.700   1945.200      1.016          17.537                 1.14         20
      1          0               0    378.900   2447.400      1.478          25.608                 1.17         30
      1          0               0    306.300   2037.500      1.581          30.919                  1.3         40
      1          0               0    337.800   2752.200      2.209          36.396                 1.38         50
      1          0               0    312.400   2168.700      2.606          39.384                 1.53         60
      1          0               0    126.600    490.500      0.162           9.592                 1.05         10
      1          0               0    386.000   1124.100      0.996          19.475                 1.03         20
      1          0               0    236.500   1522.600      0.907          25.148                  1.2         30
      1          0               0    311.200   1893.400      1.601          34.227                 1.17         40
      1          0               0    275.800   2478.300      1.778          40.817                 1.23         50
      1          0               0    293.100   3030.500      2.353          47.536                 1.27         60
      1          0               0    262.600    954.800      0.334           9.507                 1.06         10
      1          0               0    332.100   1248.100      0.837          16.554                 1.21         20
      1          0               0    339.000   2167.900      1.268          24.453                 1.23         30
      1          0               0    328.600   2065.800      1.665          30.228                 1.33         40
      1          0               0    225.600   2150.200      1.462          36.380                 1.38         50
      1          0               0    282.500   2704.500      2.191          45.742                 1.31         60
      1          0               0     83.200    246.100      0.103           9.011                 1.11         10
      1          0               0    216.300   1008.100      0.549          17.677                 1.13         20
      1          0               0    217.000   1106.400      0.807          27.621                 1.09         30
      1          0               0    268.800   2034.900      1.362          33.868                 1.18         40
      1          0               0    334.400   2263.300      2.148          40.214                 1.24         50
      1          0               0    379.700   2361.200      2.924          48.264                 1.25         60
      1          0               0    269.800    542.900      0.344           9.618                 1.04         10
      1          0               0    395.100   1718.200      1.000          19.450                 1.03         20
      1          0               0    211.800   1699.100      0.812          25.296                 1.19         30
      1          0               0    291.600   1993.700      1.461          34.408                 1.16         40
      1          0               0    274.800   2293.700      1.786          41.748                  1.2         50
      1          0               0    227.700   2819.300      1.815          48.416                 1.24         60
      1          0               0     86.000    286.000      0.109           9.029                 1.11         10
      1          0               0    316.500   1455.800      0.822          18.259                  1.1         20
      1          0               0    188.500   1465.400      0.724          26.065                 1.16         30
      1          0               0    255.200   2144.800      1.327          33.233                 1.21         40
      1          0               0    183.700   1825.600      1.267          38.966                  1.3         50
      1          0               0    348.800   3635.700      2.932          45.569                 1.32         60
      1          0               0    134.700    393.700      0.161           9.759                 1.03         10
      1          0               0    222.900   1313.900      0.548          16.154                 1.24         20
      1          0               0    320.500   1997.800      1.157          25.618                 1.17         30
      1          0               0    273.900   2986.900      1.349          32.234                 1.24         40
      1          0               0    204.000   2040.900      1.312          39.090                 1.28         50
      1          0               0    189.400   2363.200      1.452          46.042                 1.31         60
      1          0               0    252.900    709.500      0.314           9.586                 1.05         10
      1          0               0    181.200    731.300      0.445          18.088                 1.11         20
      1          0               0    282.000   1367.700      1.022          26.998                 1.12         30
      1          0               0    306.900   2415.200      1.490          34.629                 1.16         40
      1          0               0    303.100   1807.900      1.882          39.612                 1.27         50
      1          0               0    350.000   2972.000      2.631          45.963                 1.31         60
      1          0               0    102.900    501.900      0.126           9.272                 1.09         10
      1          0               0    183.100    951.900      0.448          18.807                 1.07         20
      1          0               0    227.700   1314.200      0.819          26.596                 1.13         30
      1          0               0    283.600   2125.800      1.432          32.034                 1.25         40
      1          0               0    291.700   2844.100      1.902          37.742                 1.33         50
      1          0               0    283.900   3053.000      2.345          42.142                 1.43         60
      1          0               0    105.800    470.500      0.131           8.755                 1.15         10
      1          0               0     97.700    508.600      0.247          18.501                 1.08         20
      1          0               0    144.200    848.700      0.525          25.702                 1.17         30
      1          0               0    241.400   2329.200      1.145          34.833                 1.15         40
      1          0               0    239.100   1936.600      1.429          41.909                 1.19         50
      1          0               0    313.100   2895.400      2.395          47.101                 1.28         60
      1          0               0    251.400    688.900      0.307           9.704                 1.03         10
      1          0               0    312.300   2376.500      0.769          16.402                 1.22         20
      1          0               0    279.300   1771.600      1.019          23.121                  1.3         30
      1          0               0    333.900   2279.200      1.589          31.372                 1.28         40
      1          0               0    355.100   2970.500      2.170          40.361                 1.24         50
      1          0               0    261.100   2562.700      1.913          47.207                 1.27         60
      1          0               0    238.000    753.100      0.294           9.542                 1.06         10
      1          0               0    390.900   1290.500      0.968          19.222                 1.05         20
      1          0               0    134.200   1086.000      0.481          27.915                 1.08         30
      1          0               0    377.000   2081.700      1.832          35.918                 1.12         40
      1          0               0    397.900   2751.900      2.496          43.018                 1.17         50
      1          0               0    512.400   3934.300      3.885          49.275                 1.22         60
      1          0               0    303.300    992.700      0.366           9.771                 1.03         10
      1          0               0    348.900   1183.200      0.844          19.648                 1.02         20
      1          0               0    323.000   1620.000      1.166          28.095                 1.07         30
      1          0               0    364.100   1720.100      1.741          36.159                 1.11         40
      1          0               0    226.500   1786.900      1.364          43.382                 1.16         50
      1          0               0    303.300   4392.200      2.255          48.617                 1.24         60
      1          0               0    118.100    370.200      0.146           9.556                 1.05         10
      1          0               0    239.400   1115.200      0.595          19.302                 1.04         20
      1          0               0    141.700    585.500      0.501          27.006                 1.11         30
      1          0               0    140.700   1011.800      0.679          33.508                  1.2         40
      1          0               0    232.000   1606.000      1.427          40.173                 1.25         50
      1          0               0    187.200   2116.400      1.468          45.408                 1.33         60
      1          0               0    180.900    696.800      0.221           9.609                 1.04         10
      1          0               0    265.300   1445.800      0.658          17.872                 1.12         20
      1          0               0    334.100   2212.700      1.278          24.746                 1.21         30
      1          0               0    337.600   3678.100      1.730          31.573                 1.27         40
      1          0               0    300.100   3233.900      1.986          39.566                 1.27         50
      1          0               0    276.800   3630.100      2.209          45.546                 1.32         60
      1          0               0    132.100    413.400      0.159           9.701                 1.03         10
      1          0               0    308.000   1245.000      0.753          18.379                 1.09         20
      1          0               0    358.500   2348.200      1.299          25.505                 1.18         30
      1          0               0    398.100   2262.800      1.945          33.055                 1.21         40
      1          0               0    372.300   2993.200      2.359          40.315                 1.25         50
      1          0               0    334.300   3091.400      2.494          47.929                 1.26         60
      1          0               0    118.800    513.800      0.151           9.187                  1.1         10
      1          0               0    365.500   1622.600      0.917          19.179                 1.05         20
      1          0               0    244.300   2451.200      0.927          25.272                  1.2         30
      1          0               0    315.700   2774.300      1.592          32.380                 1.24         40
      1          0               0    267.500   3089.900      1.715          36.062                 1.39         50
      1          0               0    312.900   3707.500      2.489          43.835                 1.38         60
      1          0               0    161.300    592.000      0.197           9.293                 1.08         10
      1          0               0    282.200   1462.800      0.699          17.826                 1.13         20
      1          0               0    143.300   1369.700      0.522          25.559                 1.18         30
      1          0               0    147.600    900.800      0.697          34.503                 1.16         40
      1          0               0    322.800   1454.100      1.951          41.228                 1.21         50
      1          0               0    225.500   2057.800      1.652          48.416                 1.24         60
      1          0               0    243.300    745.900      0.302           9.353                 1.08         10
      1          0               0    236.900   1217.100      0.583          18.480                 1.09         20
      1          0               0    316.700   2065.700      1.179          25.644                 1.17         30
      1          0               0    260.500   2769.000      1.303          32.255                 1.24         40
      1          0               0    362.400   4238.500      2.351          37.825                 1.32         50
      1          0               0    393.000   4284.400      3.060          43.485                 1.38         60
      1          0               0    224.800    712.100      0.267           9.733                 1.03         10
      1          0               0    307.200   1059.400      0.743          18.701                 1.07         20
      1          0               0    243.200   1480.100      0.861          27.430                  1.1         30
      1          0               0    240.300   1668.900      1.171          32.345                 1.24         40
      1          0               0    132.100   1983.000      0.846          37.440                 1.34         50
      1          0               0    210.300   2485.300      1.575          46.719                 1.29         60
      1          0               0    155.400    571.800      0.194           9.007                 1.12         10
      1          0               0    239.100   1557.300      0.608          16.604                 1.21         20
      1          0               0    230.500   2001.400      0.861          24.338                 1.24         30
      1          0               0    250.300   2058.900      1.260          32.965                 1.22         40
      1          0               0    119.900   1624.700      0.740          39.299                 1.28         50
      1          0               0    113.500   1593.200      0.907          41.211                 1.46         60
      1          0               0    138.700    479.400      0.170           9.491                 1.06         10
      1          0               0    214.100    876.000      0.546          16.625                 1.21         20
      1          0               0    131.700   1141.200      0.491          24.612                 1.22         30
      1          0               0    188.500   1672.100      0.943          33.115                 1.22         40
      1          0               0    244.600   2038.500      1.525          41.078                 1.22         50
      1          0               0    271.200   2444.300      2.043          45.742                 1.31         60
      1          0               0    321.700    662.400      0.397           9.672                 1.04         10
      1          0               0    298.900   1191.200      0.725          19.263                 1.04         20
      1          0               0    229.700   1539.700      0.823          27.288                  1.1         30
      1          0               0    280.900   1638.500      1.330          36.957                 1.08         40
      1          0               0    308.500   2223.800      1.889          45.143                 1.11         50
      1          0               0    315.000   3323.000      2.319          51.813                 1.16         60
      1          0               0    144.600    473.200      0.176           9.555                 1.05         10
      1          0               0    220.800   1279.400      0.537          19.025                 1.05         20
      1          0               0    447.700   4114.900      1.615          26.745                 1.12         30
      1          0               0    274.100   3052.500      1.339          32.920                 1.22         40
      1          0               0    333.900   3521.000      2.019          40.791                 1.23         50
      1          0               0    286.300   2530.200      2.121          47.989                 1.25         60
      1          0               0    338.000    779.600      0.410           9.844                 1.02         10
      1          0               0    191.200    756.100      0.464          19.334                 1.04         20
      1          0               0    434.900   2226.800      1.549          28.085                 1.07         30
      1          0               0    314.200   2245.800      1.514          34.922                 1.15         40
      1          0               0    450.200   4747.900      2.750          40.600                 1.23         50
      1          0               0    334.300   2767.500      2.478          45.288                 1.33         60
      1          0               0    192.600    447.500      0.235           8.796                 1.14         10
      1          0               0    254.500   1317.400      0.611          18.548                 1.08         20
      1          0               0    169.500   1868.500      0.615          24.973                  1.2         30
      1          0               0    246.200   1174.700      1.180          31.732                 1.26         40
      1          0               0    259.600   2439.500      1.687          36.029                 1.39         50
      1          0               0    184.000   2186.100      1.418          42.430                 1.42         60
      1          0               0    160.800    339.200      0.197           9.674                 1.04         10
      1          0               0     99.100    739.400      0.245          17.668                 1.14         20
      1          0               0    239.000   1837.500      0.893          25.376                 1.19         30
      1          0               0    180.700   1763.200      0.944          32.028                 1.25         40
      1          0               0    161.000   1853.900      1.117          39.534                 1.27         50
      1          0               0    194.400   1990.000      1.683          47.149                 1.28         60
      1          0               0    150.000    680.200      0.183           9.312                 1.09         10
      1          0               0    162.600    784.800      0.407          17.852                 1.13         20
      1          0               0    197.600   1231.600      0.716          26.394                 1.14         30
      1          0               0    178.300   1489.800      0.866          33.577                  1.2         40
      1          0               0    257.800   2367.700      1.566          41.713                  1.2         50
      1          0               0    282.900   4155.700      2.099          47.432                 1.27         60
      1          0               0     99.000    384.900      0.123           9.583                 1.05         10
      1          0               0    127.300    555.400      0.309          18.386                 1.09         20
      1          0               0    244.100   1253.900      0.885          25.918                 1.16         30
      1          0               0    204.700   1549.000      0.998          32.787                 1.22         40
      1          0               0    195.700   1928.200      1.252          36.610                 1.37         50
      1          0               0    286.500   3228.500      2.224          43.555                 1.38         60
      1          0               0    162.300    506.800      0.209           9.384                 1.08         10
      1          0               0    169.500    937.200      0.447          17.120                 1.18         20
      1          0               0    207.200   1564.100      0.777          25.710                 1.17         30
      1          0               0    245.400   2001.200      1.208          32.715                 1.23         40
      1          0               0    305.000   2437.900      1.966          40.400                 1.24         50
      1          0               0    277.900   2816.000      2.103          46.724                 1.29         60
      1          0               0    212.100    707.900      0.255           9.579                 1.05         10
      1          0               0    256.300   1379.900      0.642          18.010                 1.12         20
      1          0               0    312.700   2628.900      1.148          26.061                 1.16         30
      1          0               0    402.000   4063.700      2.008          31.957                 1.25         40
      1          0               0    410.800   3049.200      2.577          38.329                 1.31         50
      1          0               0    335.900   2768.900      2.518          43.213                 1.39         60
      1          0               0    248.700    518.100      0.309           9.786                 1.02         10
      1          0               0    356.800   1250.700      0.872          19.059                 1.05         20
      1          0               0    366.300   1891.400      1.308          28.128                 1.07         30
      1          0               0    341.000   1494.300      1.614          35.975                 1.12         40
      1          0               0    244.900   1316.200      1.512          42.473                 1.18         50
      1          0               0    320.500   2003.100      2.393          49.799                 1.21         60
      1          0               0    131.000    237.000      0.154           9.913                 1.01         10
      1          0               0    306.200    836.800      0.756          16.747                  1.2         20
      1          0               0    362.800   1621.700      1.314          25.300                 1.19         30
      1          0               0    361.100   2189.300      1.749          32.944                 1.22         40
      0          0               1     51.700   2585.000      0.354          37.662                 1.34         50
      1          0               0    202.500   2363.200      1.612          43.840                 1.37         60
      1          0               0     72.500    349.700      0.090           9.222                 1.09         10
      1          0               0    254.400    816.500      0.624          18.426                 1.09         20
      1          0               0    267.100   1565.200      0.984          24.791                 1.21         30
      1          0               0    370.300   2858.800      1.817          32.738                 1.23         40
      1          0               0    358.900   3354.300      2.300          40.356                 1.24         50
      1          0               0    383.300   4518.700      3.014          44.744                 1.34         60
      1          0               0    131.400    508.000      0.161           9.203                  1.1         10
      1          0               0    216.300   1187.500      0.529          16.611                 1.21         20
      1          0               0    310.600   1762.800      1.129          24.948                 1.21         30
      1          0               0    333.300   2956.800      1.624          34.176                 1.17         40
      1          0               0    176.200   1390.200      1.108          39.090                 1.29         50
      1          0               0    396.400   3818.700      2.977          41.786                 1.44         60
      1          0               0    108.600    583.300      0.130           9.130                 1.11         10
      1          0               0    304.200   1189.100      0.734          19.278                 1.04         20
      1          0               0    288.900    983.400      1.021          26.772                 1.12         30
      1          0               0    236.700   1501.500      1.128          34.046                 1.18         40
      1          0               0    166.700   2093.400      1.039          40.336                 1.24         50
      1          0               0    169.200   2178.300      1.265          46.494                 1.29         60
      1          0               0    160.000    391.600      0.193           9.678                 1.04         10
      1          0               0    178.500    894.900      0.443          17.391                 1.15         20
      1          0               0    215.400   1236.700      0.781          26.530                 1.13         30
      1          0               0    248.300   1621.500      1.193          35.175                 1.14         40
      1          0               0    199.300   1844.400      1.252          42.669                 1.18         50
      1          0               0    280.200   2730.100      2.125          51.048                 1.18         60
      1          0               0    245.600    967.800      0.303           9.559                 1.05         10
      1          0               0    273.000    683.700      0.656          19.504                 1.03         20
      1          0               0    261.200   1761.900      0.933          28.005                 1.07         30
      1          0               0    163.500   1789.200      0.802          34.784                 1.15         40
      1          0               0    213.700   1504.200      1.276          43.257                 1.16         50
      1          0               0    273.000   2513.200      1.980          49.326                 1.22         60
      1          0               0    131.300    504.700      0.160           9.260                 1.09         10
      1          0               0    199.100    784.200      0.480          18.944                 1.06         20
      1          0               0    315.700   1310.900      1.114          28.761                 1.05         30
      1          0               0    240.500   2103.800      1.161          34.057                 1.18         40
      1          0               0    286.100   3079.900      1.780          40.651                 1.23         50
      1          0               0    340.200   3930.200      2.563          45.641                 1.32         60
      1          0               0    105.100    448.500      0.132           8.681                 1.16         10
      1          0               0    118.700    754.400      0.291          17.711                 1.13         20
      1          0               0    221.200    907.900      0.796          27.203                 1.11         30
      1          0               0     90.400    779.400      0.427          34.513                 1.16         40
      1          0               0    256.000   1911.400      1.537          41.476                 1.21         50
      1          0               0    235.200   2060.500      1.756          47.330                 1.27         60
      1          0               0    161.800    594.300      0.194           9.440                 1.06         10
      1          0               0    201.800   1055.300      0.490          18.765                 1.07         20
      1          0               0    268.200   1590.900      0.978          26.398                 1.14         30
      1          0               0    230.900   1873.500      1.145          32.804                 1.23         40
      1          0               0    252.100   2900.300      1.622          38.868                  1.3         50
      1          0               0    371.400   5112.300      2.836          44.538                 1.35         60
      1          0               0    181.200    510.600      0.230           9.182                  1.1         10
      1          0               0    141.800    836.300      0.359          16.889                 1.19         20
      1          0               0    249.600   2000.300      0.936          23.976                 1.26         30
      1          0               0    242.600   2126.100      1.251          31.465                 1.27         40
      1          0               0    212.600   2412.500      1.400          37.053                 1.35         50
      1          0               0    246.600   2592.900      1.998          40.632                 1.48         60
      1          0               0    235.200    400.600      0.293           8.916                 1.12         10
      1          0               0    287.800   1112.300      0.695          19.199                 1.04         20
      1          0               0    348.500   1963.700      1.275          25.641                 1.17         30
      1          0               0    350.400   2151.800      1.755          34.108                 1.18         40
      1          0               0    334.100   1946.700      2.051          42.111                 1.19         50
      1          0               0    330.500   2339.700      2.563          47.661                 1.26         60
      1          0               0     70.500    371.400      0.085           9.304                 1.08         10
      1          0               0     75.600    444.100      0.181          17.729                 1.13         20
      1          0               0    145.400    983.900      0.519          26.320                 1.14         30
      1          0               0    295.400   1786.300      1.430          30.812                  1.3         40
      1          0               0    214.100   1919.700      1.336          36.250                 1.38         50
      1          0               0    323.500   2434.100      2.420          44.990                 1.34         60
      1          0               0    228.100    558.800      0.274           9.766                 1.03         10
      1          0               0    177.900    981.200      0.434          18.454                 1.09         20
      1          0               0    235.000   1273.600      0.837          27.245                 1.11         30
      1          0               0    203.400    940.300      0.974          33.601                 1.19         40
      1          0               0     96.000   1034.600      0.598          40.991                 1.23         50
      1          0               0    349.300   1994.000      2.566          49.975                  1.2         60
      1          0               0    354.500    769.600      0.418           9.820                 1.02         10
      1          0               0    306.200   1172.100      0.743          19.574                 1.02         20
      1          0               0    283.800    851.100      1.016          26.489                 1.14         30
      1          0               0    258.500   1599.300      1.255          32.795                 1.22         40
      1          0               0    276.600   2151.500      1.788          38.526                  1.3         50
      1          0               0    475.000   5434.400      3.976          44.138                 1.36         60
      1          0               0    210.800    383.300      0.259           8.871                 1.13         10
      1          0               0    212.100    957.500      0.516          18.451                 1.09         20
      1          0               0    279.700   2104.900      1.022          26.992                 1.12         30
      1          0               0    190.900   1783.800      0.930          32.814                 1.22         40
      1          0               0    268.900   2863.400      1.717          37.978                 1.32         50
      1          0               0    172.300   2283.800      1.321          41.394                 1.45         60
      1          0               0    215.000    783.900      0.261           9.597                 1.05         10
      1          0               0    338.000   1258.400      0.827          19.326                 1.04         20
      1          0               0    337.200   2297.600      1.215          26.688                 1.13         30
      1          0               0    193.700   1940.000      0.940          34.594                 1.16         40
      1          0               0    251.700   2332.100      1.550          42.627                 1.18         50
      1          0               0    213.700   2586.700      1.582          49.032                 1.23         60
      1          0               0    203.000    392.700      0.257           9.702                 1.03         10
      1          0               0    257.900    860.400      0.634          19.131                 1.05         20
      1          0               0    265.000   1778.200      0.955          27.460                  1.1         30
      1          0               0    234.800   1921.100      1.148          35.558                 1.13         40
      1          0               0    256.100   2191.400      1.564          42.874                 1.17         50
      1          0               0    288.200   4214.200      2.197          46.970                 1.29         60
      1          0               0    315.600    567.500      0.389           9.658                 1.04         10
      1          0               0    393.600   1203.200      0.966          17.565                 1.14         20
      1          0               0    304.300   1951.800      1.108          26.255                 1.15         30
      1          0               0    225.000   1919.100      1.109          33.372                  1.2         40
      1          0               0    298.800   2886.700      1.869          40.068                 1.25         50
      1          0               0    248.900   2592.100      1.954          43.451                 1.39         60
      1          0               0    161.400    568.900      0.196           9.546                 1.05         10
      1          0               0    239.600   1148.000      0.582          18.815                 1.07         20
      1          0               0     98.000    717.300      0.349          25.586                 1.17         30
      1          0               0    174.400   1885.700      0.859          32.876                 1.22         40
      1          0               0    208.100   2606.400      1.308          39.158                 1.28         50
      1          0               0    321.200   2726.400      2.491          43.761                 1.37         60
      1          0               0    179.400    446.000      0.216           8.729                 1.15         10
      1          0               0    203.500    899.200      0.491          17.964                 1.12         20
      1          0               0    182.700   1326.000      0.656          24.843                 1.21         30
      1          0               0    239.100   1436.700      1.135          34.523                 1.16         40
      1          0               0    388.800   2935.000      2.360          41.466                 1.21         50
      1          0               0    321.500   2810.300      2.405          47.052                 1.28         60
      1          0               0    290.800   1210.800      0.352           9.639                 1.04         10
      1          0               0    172.800    864.100      0.429          17.308                 1.16         20
      1          0               0    170.000   1487.000      0.621          25.164                  1.2         30
      1          0               0    313.000   3217.100      1.595          32.728                 1.23         40
      1          0               0    334.700   3619.300      2.153          39.780                 1.26         50
      1          0               0    262.500   3228.600      2.042          46.083                 1.31         60
      1          0               0    207.100    681.000      0.249           9.530                 1.05         10
      1          0               0    143.900   1175.600      0.346          17.712                 1.13         20
      1          0               0    255.100   1880.500      0.909          26.228                 1.15         30
      1          0               0    305.100   2913.900      1.441          34.121                 1.17         40
      1          0               0    299.700   2922.200      1.800          40.808                 1.23         50
      1          0               0    220.700   2347.000      1.662          46.400                  1.3         60
      1          0               0    244.200    643.900      0.304           9.737                 1.03         10
      1          0               0     83.700    772.300      0.204          17.197                 1.17         20
      1          0               0    237.200   1663.000      0.869          26.406                 1.14         30
      1          0               0    354.900   3436.900      1.736          34.515                 1.17         40
      1          0               0    413.100   5008.600      2.566          40.896                 1.23         50
      1          0               0    420.700   3915.900      3.072          48.230                 1.25         60
      1          0               0    278.600    999.300      0.347           9.597                 1.05         10
      1          0               0    280.600   1832.400      0.686          19.282                 1.04         20
      1          0               0    370.600   2729.500      1.358          26.647                 1.13         30
      1          0               0    393.900   3341.100      2.019          30.886                  1.3         40
      1          0               0    233.100   2443.600      1.523          36.139                 1.39         50
      1          0               0    303.700   3812.300      2.500          39.844                 1.51         60
      1          0               0    169.100    353.400      0.201           9.831                 1.02         10
      1          0               0    327.200   1051.600      0.781          18.535                 1.08         20
      1          0               0    209.900   1828.500      0.752          25.940                 1.16         30
      1          0               0    250.200   3156.100      1.223          31.915                 1.26         40
      1          0               0    239.500   2589.800      1.505          38.282                 1.31         50
      1          0               0    243.800   2719.700      1.841          44.115                 1.36         60
      1          0               0    272.900    543.800      0.332           9.653                 1.04         10
      1          0               0    290.400    971.700      0.732          18.356                 1.09         20
      1          0               0    265.200   1513.500      0.962          26.152                 1.15         30
      1          0               0    244.900   2271.300      1.216          33.587                 1.19         40
      1          0               0    317.500   3166.500      1.973          40.970                 1.22         50
      1          0               0    367.200   3569.100      2.752          47.606                 1.26         60
      1          0               0    208.000    520.500      0.252           9.775                 1.03         10
      1          0               0    322.200   1163.700      0.791          17.725                 1.13         20
      1          0               0    207.100   1265.200      0.742          27.006                 1.11         30
      1          0               0    239.800   2048.900      1.155          34.401                 1.17         40
      1          0               0    113.600   1275.900      0.724          38.714                  1.3         50
      1          0               0    305.400   3391.400      2.336          47.837                 1.26         60
      1          0               0    270.000    802.000      0.329           9.653                 1.04         10
      1          0               0    212.800    974.000      0.518          19.357                 1.04         20
      1          0               0    307.800   1702.600      1.102          26.910                 1.12         30
      1          0               0    184.600   1034.600      0.892          34.517                 1.17         40
      1          0               0    257.500   2437.800      1.641          39.298                 1.28         50
      1          0               0    415.900   3648.000      3.320          44.851                 1.34         60
      1          0               0    250.900    657.400      0.306           9.782                 1.02         10
      1          0               0    176.800    724.700      0.432          19.232                 1.04         20
      1          0               0    375.200   1848.300      1.337          28.727                 1.05         30
      1          0               0    371.700   2311.400      1.779          37.393                 1.08         40
      1          0               0    301.300   1934.500      1.809          43.547                 1.16         50
      1          0               0    251.300   1716.200      1.835          51.903                 1.16         60
      1          0               0    201.200    539.300      0.254           9.726                 1.03         10
      1          0               0    117.400    638.400      0.280          19.173                 1.05         20
      1          0               0    182.500   1604.400      0.659          26.542                 1.13         30
      1          0               0    168.400   1926.200      0.828          34.015                 1.18         40
      1          0               0    170.600   1483.000      1.055          40.669                 1.23         50
      1          0               0    196.400   1996.100      1.484          47.233                 1.27         60
      1          0               0    214.300    480.100      0.267           9.630                 1.04         10
      1          0               0    335.800   1789.700      0.817          19.399                 1.03         20
      1          0               0    251.600   1883.700      0.921          27.274                  1.1         30
      1          0               0    283.700   2842.600      1.404          36.187                 1.11         40
      1          0               0    271.400   3233.200      1.682          40.693                 1.23         50
      1          0               0    289.000   4245.200      2.213          45.897                 1.31         60
      1          0               0    236.700    729.300      0.295           9.432                 1.07         10
      1          0               0    230.200    873.200      0.572          19.038                 1.06         20
      1          0               0    139.700    932.000      0.506          27.440                  1.1         30
      1          0               0    187.000   1766.300      0.917          33.313                  1.2         40
      1          0               0    253.900   2335.400      1.586          40.058                 1.25         50
      1          0               0    292.800   2364.200      2.172          47.578                 1.27         60
      1          0               0    252.300    695.200      0.303           9.560                 1.05         10
      1          0               0    224.700    820.600      0.555          17.118                 1.17         20
      1          0               0    292.500   1347.900      1.155          23.512                 1.28         30
      1          0               0    359.400   2377.800      1.971          29.784                 1.35         40
      1          0               0    270.000   2356.700      1.904          37.566                 1.34         50
      1          0               0    309.500   2318.500      2.401          43.882                 1.37         60
      1          0               0    335.200    818.400      0.412           9.530                 1.06         10
      1          0               0    123.600    805.000      0.309          17.898                 1.12         20
      1          0               0    241.700   1392.100      0.873          26.461                 1.14         30
      1          0               0    320.200   2242.200      1.527          34.464                 1.16         40
      1          0               0    259.400   2215.900      1.573          41.465                 1.21         50
      1          0               0    293.200   4086.600      2.223          45.502                 1.32         60
      1          0               0    122.600    426.700      0.150           9.347                 1.08         10
      1          0               0    329.600   1173.200      0.808          18.249                  1.1         20
      1          0               0    256.300    875.300      0.910          26.632                 1.13         30
      1          0               0    228.200   1728.900      1.076          34.414                 1.16         40
      1          0               0    263.000   2014.100      1.628          41.059                 1.22         50
      1          0               0    189.700   1369.700      1.418          48.110                 1.25         60
      1          0               0     92.900    275.700      0.114           9.207                 1.09         10
      1          0               0    339.600   1350.800      0.838          18.115                 1.11         20
      1          0               0    177.200   1295.500      0.661          24.033                 1.25         30
      1          0               0    284.200   2475.200      1.391          31.678                 1.26         40
      1          0               0    302.700   2772.400      1.902          38.388                 1.31         50
      1          0               0    312.000   3845.000      2.425          43.484                 1.38         60
      1          0               0    240.700    482.400      0.298           9.770                 1.03         10
      1          0               0    196.700    854.600      0.494          17.727                 1.13         20
      1          0               0    229.500   1283.300      0.821          26.783                 1.12         30
      1          0               0    216.700   1865.700      1.060          30.803                  1.3         40
      1          0               0    312.200   3503.400      1.959          38.511                  1.3         50
      1          0               0    190.800   2342.300      1.443          45.428                 1.32         60
      1          0               0    123.400    364.700      0.150           9.797                 1.02         10
      1          0               0    300.100   1870.800      0.753          18.767                 1.07         20
      1          0               0    259.200   1297.000      0.946          26.070                 1.15         30
      1          0               0    328.600   1497.600      1.598          33.375                  1.2         40
      1          0               0    352.200   2740.600      2.267          39.131                 1.28         50
      1          0               0    304.400   2800.300      2.438          43.464                 1.38         60
      1          0               0    265.000    776.400      0.327           9.595                 1.05         10
      1          0               0    183.900    698.600      0.449          18.354                 1.09         20
      1          0               0    408.100   2604.700      1.471          25.394                 1.18         30
      1          0               0    372.100   2785.500      1.798          33.659                 1.19         40
      1          0               0    382.800   2943.800      2.312          41.156                 1.22         50
      1          0               0    400.800   2706.700      3.015          45.415                 1.32         60
      1          0               0    151.500    547.800      0.185           8.950                 1.13         10
      1          0               0    221.300   1235.700      0.527          19.315                 1.04         20
      1          0               0    179.500   1258.100      0.647          26.514                 1.14         30
      1          0               0    397.800   3138.800      1.895          34.351                 1.17         40
      1          0               0    252.800   2852.100      1.567          37.967                 1.32         50
      1          0               0    295.100   3781.500      2.268          41.583                 1.45         60
      1          0               0    371.600   1149.000      0.446           9.604                 1.05         10
      1          0               0    176.400    975.200      0.430          18.812                 1.07         20
      1          0               0    321.500   1794.800      1.170          25.945                 1.16         30
      1          0               0    285.900   2703.400      1.407          29.618                 1.35         40
      1          0               0    264.300   2366.700      1.655          37.922                 1.32         50
      1          0               0    229.700   2980.700      1.803          42.519                 1.41         60
      1          0               0    219.300    840.500      0.270           9.703                 1.03         10
      1          0               0    313.500   2041.300      0.767          18.838                 1.06         20
      1          0               0    163.100   1750.600      0.597          26.283                 1.15         30
      1          0               0     92.100   1537.600      0.457          31.730                 1.26         40
      1          0               0    270.300   2887.300      1.725          37.765                 1.33         50
      1          0               0    163.100   2379.900      1.281          44.121                 1.36         60
      1          0               0    122.600    496.000      0.150           9.350                 1.08         10
      1          0               0    295.800   1484.100      0.712          19.094                 1.05         20
      1          0               0    168.400   1056.200      0.602          27.078                 1.11         30
      1          0               0    313.500   2202.700      1.569          33.488                  1.2         40
      1          0               0    257.900   2138.900      1.586          41.529                 1.21         50
      1          0               0    321.500   3975.100      2.605          48.802                 1.23         60
      1          0               0    344.800    962.300      0.423           9.374                 1.07         10
      1          0               0    346.400   1433.400      0.840          18.694                 1.07         20
      1          0               0    365.000   2318.300      1.309          27.026                 1.11         30
      1          0               0    426.700   4062.000      2.059          35.128                 1.14         40
      1          0               0    349.300   3734.100      2.159          42.918                 1.17         50
      1          0               0    446.600   4534.300      3.253          52.587                 1.14         60
      1          0               0    155.600    620.700      0.201           9.155                 1.12         10
      1          0               0    228.900   1269.700      0.565          17.652                 1.14         20
      1          0               0    355.800   2036.400      1.318          24.537                 1.22         30
      1          0               0    169.800   2184.000      0.857          30.922                  1.3         40
      1          0               0    150.800   1806.800      0.990          39.216                 1.28         50
      1          0               0    300.800   2626.800      2.327          46.517                 1.29         60
      1          0               0    153.200    564.900      0.189           9.676                 1.04         10
      1          0               0    149.100    782.800      0.362          17.881                 1.13         20
      1          0               0    172.300   1517.700      0.655          25.818                 1.18         30
      1          0               0    189.800   2604.600      1.000          30.094                 1.34         40
      1          0               0    257.100   2984.700      1.677          38.214                 1.31         50
      1          0               0    210.300   2733.800      1.846          42.758                 1.41         60
      1          0               0    202.100    485.000      0.244           9.651                 1.04         10
      1          0               0    155.500    910.200      0.383          16.233                 1.24         20
      1          0               0    263.200   1631.200      0.965          24.514                 1.23         30
      1          0               0    221.600   1314.600      1.079          32.405                 1.24         40
      1          0               0    252.000   2353.800      1.713          36.810                 1.36         50
      1          0               0    302.100   2931.900      2.350          44.785                 1.34         60
      1          0               0     80.600    409.300      0.098           9.464                 1.06         10
      1          0               0    381.600   1726.500      0.942          19.139                 1.05         20
      1          0               0    294.300   2155.700      1.074          24.884                 1.21         30
      1          0               0    245.300   1730.500      1.213          30.844                  1.3         40
      1          0               0    313.300   3978.600      1.981          35.366                 1.42         50
      1          0               0    372.500   4283.500      2.936          42.610                 1.41         60
      1          0               0    290.100    816.700      0.354           8.321                 1.21         10
      1          0               0    271.700   1769.100      0.662          17.611                 1.14         20
      1          0               0    359.600   2191.100      1.307          24.970                  1.2         30
      1          0               0    311.800   3114.600      1.581          32.182                 1.25         40
      1          0               0    210.200   2386.500      1.395          39.663                 1.26         50
      1          0               0    147.900   2001.300      1.186          45.474                 1.32         60
      1          0               0    181.600    464.200      0.223           9.665                 1.04         10
      1          0               0    141.700    996.200      0.350          17.662                 1.14         20
      1          0               0    220.200   1223.400      0.799          27.305                  1.1         30
      1          0               0    259.300   1418.200      1.308          33.504                  1.2         40
      1          0               0    301.200   2083.800      1.976          39.649                 1.27         50
      1          0               0    204.400   2036.100      1.599          46.563                  1.3         60
      1          0               0    219.500    564.600      0.275           8.740                 1.15         10
      1          0               0    295.300   1442.200      0.732          17.205                 1.17         20
      1          0               0    278.100   1929.600      1.022          25.081                  1.2         30
      1          0               0    159.300   1629.300      0.795          32.277                 1.24         40
      1          0               0    195.600   1628.100      1.203          38.596                  1.3         50
      1          0               0    184.100   1787.500      1.389          45.233                 1.33         60
      1          0               0    247.600    373.900      0.309           9.813                 1.02         10
      1          0               0    297.700   1587.900      0.736          19.402                 1.03         20
      1          0               0    347.200   2639.300      1.280          27.003                 1.11         30
      1          0               0    353.300   2077.200      1.784          34.475                 1.16         40
      1          0               0    290.400   4074.300      1.823          38.819                 1.29         50
      1          0               0    430.600   4238.200      3.334          43.351                 1.39         60
      1          0               0    273.100    630.900      0.332           9.637                 1.04         10
      1          0               0    283.200   1860.400      0.697          17.606                 1.14         20
      1          0               0    309.600   2475.200      1.123          25.472                 1.18         30
      1          0               0    305.200   2883.900      1.479          33.003                 1.21         40
      1          0               0    380.500   2963.200      2.374          39.991                 1.25         50
      1          0               0    391.400   3251.100      2.914          45.547                 1.32         60
      1          0               0     99.300    550.600      0.126           9.066                 1.12         10
      1          0               0    301.600   1496.600      0.736          18.082                 1.11         20
      1          0               0    365.900   2621.900      1.336          26.259                 1.15         30
      1          0               0    209.100   1744.500      1.038          33.541                  1.2         40
      1          0               0    355.200   4146.900      2.167          40.707                 1.23         50
      1          0               0    325.200   5388.900      2.563          43.838                 1.38         60
      1          0               0    127.800    589.600      0.156           9.654                 1.04         10
      1          0               0    282.100   1448.900      0.712          17.202                 1.17         20
      1          0               0    199.700   1441.800      0.719          26.975                 1.11         30
      1          0               0    325.700   2624.700      1.602          32.645                 1.23         40
      1          0               0    169.800   1812.400      1.038          41.047                 1.22         50
      1          0               0    253.000   3185.400      1.882          49.413                 1.22         60
      1          0               0    179.800    703.900      0.217           9.562                 1.05         10
      1          0               0    204.100    886.800      0.505          17.304                 1.16         20
      1          0               0    189.600   1396.100      0.704          23.262                 1.29         30
      1          0               0    215.400   1820.000      1.064          30.370                 1.32         40
      1          0               0    131.200   2186.800      0.848          35.690                 1.41         50
      1          0               0    251.400   3244.500      2.041          42.407                 1.42         60
      1          0               0    219.000    467.800      0.271           9.060                 1.11         10
      1          0               0    178.600    679.400      0.437          17.629                 1.14         20
      1          0               0    279.200   1295.200      1.012          25.159                 1.19         30
      1          0               0    248.700   1590.400      1.232          31.016                 1.29         40
      1          0               0    207.300   3129.700      1.406          35.420                 1.42         50
      1          0               0    394.500   4511.500      3.275          42.041                 1.44         60
      1          0               0    125.800    448.700      0.154           9.130                  1.1         10
      1          0               0    212.000   1058.700      0.522          17.877                 1.12         20
      1          0               0    303.500   1277.200      1.094          27.369                  1.1         30
      1          0               0    352.400   2080.500      1.741          33.425                  1.2         40
      1          0               0    163.700   2145.900      1.042          39.203                 1.28         50
      1          0               0    343.800   4844.900      2.706          43.665                 1.38         60
      1          0               0    195.500    576.400      0.241           8.560                 1.18         10
      1          0               0    273.800   1406.800      0.676          17.152                 1.17         20
      1          0               0    367.200   1872.400      1.332          26.049                 1.16         30
      1          0               0    302.000   3216.700      1.504          32.094                 1.25         40
      1          0               0    365.900   5049.300      2.370          39.079                 1.28         50
      1          0               0    369.900   5968.900      2.852          47.360                 1.27         60
      1          0               0    309.000   1109.400      0.375           9.647                 1.04         10
      1          0               0    292.600   1256.500      0.714          18.872                 1.07         20
      1          0               0    278.000   1767.300      1.004          26.649                 1.13         30
      1          0               0    184.200   1742.800      0.888          35.572                 1.13         40
      1          0               0    208.200   1870.100      1.268          41.042                 1.22         50
      1          0               0    132.000   1650.500      1.048          45.433                 1.33         60
      1          0               0    162.400    510.700      0.196           9.661                 1.04         10
      1          0               0    266.500   1067.700      0.633          19.350                 1.03         20
      1          0               0    188.100   1281.400      0.666          27.837                 1.08         30
      1          0               0    260.200   2441.200      1.266          35.140                 1.14         40
      1          0               0    341.800   2745.700      2.121          40.927                 1.22         50
      1          0               0    294.500   2870.200      2.324          44.058                 1.36         60
      1          0               0    252.700    894.900      0.308           9.493                 1.06         10
      1          0               0    239.000   1389.800      0.580          18.217                  1.1         20
      1          0               0    106.900    931.300      0.380          26.018                 1.16         30
      1          0               0    395.000   2629.200      1.912          34.251                 1.17         40
      1          0               0    267.000   2726.800      1.597          42.670                 1.18         50
      1          0               0    233.800   2142.900      1.678          51.713                 1.17         60
      1          0               0     69.000    287.600      0.086           8.888                 1.13         10
      1          0               0    300.700    832.800      0.732          18.646                 1.07         20
      1          0               0    195.600    973.700      0.697          25.960                 1.16         30
      1          0               0    213.400   1734.700      1.031          31.971                 1.25         40
      1          0               0    161.200   1851.400      1.008          39.007                 1.28         50
      1          0               0    385.800   3416.800      2.999          42.173                 1.42         60
      1          0               0    210.300    555.600      0.256           9.792                 1.02         10
      1          0               0    270.500   1214.500      0.674          17.857                 1.12         20
      1          0               0    189.900   1099.600      0.703          24.899                 1.21         30
      1          0               0    280.600   2645.300      1.432          33.028                 1.22         40
      1          0               0    392.800   3713.900      2.589          38.410                  1.3         50
      1          0               0    360.600   4269.300      2.786          47.778                 1.26         60
      1          0               0     95.700    245.200      0.114           8.975                 1.12         10
      1          0               0    274.500    757.500      0.659          18.502                 1.08         20
      1          0               0    289.800   1350.700      1.052          23.077                  1.3         30
      1          0               0    266.800   1693.300      1.299          29.673                 1.35         40
      1          0               0    349.500   3338.700      2.218          36.549                 1.37         50
      1          0               0    134.900   2111.500      1.172          42.688                 1.41         60
      1          0               0    165.900    435.000      0.202           9.611                 1.05         10
      1          0               0    167.800   1060.800      0.417          17.665                 1.14         20
      1          0               0    208.500   1186.900      0.745          25.489                 1.18         30
      1          0               0    210.700   1577.200      1.006          32.945                 1.22         40
      1          0               0    232.700   2338.000      1.417          41.865                  1.2         50
      1          0               0    314.600   3921.400      2.304          48.155                 1.25         60
      1          0               0    129.300    360.100      0.156           9.598                 1.05         10
      1          0               0     81.200    435.900      0.200          17.663                 1.14         20
      1          0               0    174.500    979.000      0.618          27.572                 1.09         30
      1          0               0    136.800   1289.500      0.672          32.459                 1.23         40
      1          0               0    295.100   2233.200      1.965          38.366                 1.31         50
      1          0               0    161.500   1804.700      1.334          43.898                 1.38         60
      1          0               0    192.000    824.900      0.244           9.306                 1.08         10
      1          0               0    252.300   1265.600      0.633          19.009                 1.06         20
      1          0               0    251.400   1128.000      0.927          27.973                 1.07         30
      1          0               0    233.600   1933.300      1.158          36.207                 1.11         40
      1          0               0    273.100   2484.000      1.724          42.985                 1.17         50
      1          0               0    220.400   2583.800      1.674          46.363                  1.3         60
      1          0               0    329.600   1259.200      0.421           9.864                 1.02         10
      1          0               0    144.300   1021.100      0.362          16.468                 1.22         20
      1          0               0    397.000   2841.200      1.456          22.974                 1.31         30
      1          0               0    241.100   2326.800      1.179          31.380                 1.28         40
      1          0               0    187.800   2219.800      1.179          37.221                 1.35         50
      1          0               0    388.200   4013.700      2.987          42.511                 1.41         60
      1          0               0    204.600    520.300      0.241           9.840                 1.02         10
      1          0               0    267.100   1044.800      0.637          18.355                 1.09         20
      1          0               0    260.400   1378.700      0.913          28.080                 1.07         30
      1          0               0    401.100   1947.800      1.916          35.947                 1.11         40
      1          0               0    203.200   1357.000      1.284          38.991                 1.29         50
      1          0               0    372.800   3038.500      2.912          42.874                  1.4         60
      1          0               0    281.100    865.400      0.343           9.846                 1.02         10
      1          0               0    328.900   1304.200      0.796          19.405                 1.03         20
      1          0               0    350.000   2788.400      1.244          27.136                 1.11         30
      1          0               0    233.400   1880.200      1.132          33.184                 1.21         40
      1          0               0    281.200   3521.100      1.792          36.773                 1.36         50
      1          0               0    204.200   2596.400      1.582          43.301                 1.39         60
      1          0               0    250.400    868.200      0.311           9.501                 1.06         10
      1          0               0    337.700   1379.500      0.852          16.298                 1.23         20
      1          0               0    387.100   1931.800      1.406          26.048                 1.15         30
      1          0               0    295.800   1971.600      1.412          35.639                 1.12         40
      1          0               0    296.700   2171.100      1.760          42.404                 1.18         50
      1          0               0    468.600   4661.100      3.419          49.616                 1.21         60
      1          0               0    191.400    839.500      0.234           9.300                 1.08         10
      1          0               0    202.700   1647.200      0.507          17.113                 1.18         20
      1          0               0    318.700   2644.600      1.183          25.286                 1.19         30
      1          0               0    267.700   2800.800      1.329          32.459                 1.24         40
      1          0               0    173.600   2119.300      1.094          40.229                 1.25         50
      1          0               0    281.700   3076.300      2.107          45.178                 1.33         60
      1          0               0    137.300    628.300      0.167           9.286                 1.08         10
      1          0               0    264.100   1899.900      0.686          15.577                  1.3         20
      0          0               1     12.000    360.000      0.047          21.217                 1.45         30
      1          0               0    251.300   2562.000      1.256          32.008                 1.25         40
      1          0               0    215.100   2797.300      1.383          35.901                  1.4         50
      1          0               0    310.500   3462.100      2.408          42.519                 1.41         60
      1          0               0    239.100    850.500      0.299           8.226                 1.22         10
      1          0               0    125.800    933.100      0.310          17.190                 1.17         20
      1          0               0    300.900   1952.200      1.109          25.716                 1.17         30
      1          0               0    347.300   3183.600      1.691          30.519                 1.32         40
      1          0               0    265.800   3272.300      1.667          37.592                 1.33         50
      1          0               0    201.800   2905.100      1.554          44.490                 1.35         60
      1          0               0    223.700    596.600      0.268           9.848                 1.02         10
      1          0               0    390.000    968.800      0.925          19.663                 1.02         20
      1          0               0    299.800   1814.400      1.061          28.640                 1.05         30
      1          0               0    168.500    899.700      0.814          35.474                 1.13         40
      1          0               0    306.100   1755.900      1.835          43.588                 1.15         50
      1          0               0    167.700   1352.700      1.263          49.494                 1.22         60
      1          0               0    144.200    692.100      0.170           9.473                 1.06         10
      1          0               0    161.200    791.400      0.384          17.386                 1.15         20
      1          0               0    164.400   1112.200      0.592          25.364                 1.19         30
      1          0               0    332.800   1501.200      1.560          35.776                 1.12         40
      1          0               0    297.400   3405.100      1.833          41.877                  1.2         50
      1          0               0    413.300   3640.400      3.086          46.861                 1.28         60
      1          0               0    108.800    471.600      0.135           9.264                 1.08         10
      1          0               0    195.700    905.700      0.486          18.492                 1.09         20
      1          0               0    217.700   1236.100      0.813          25.655                 1.17         30
      1          0               0    276.000   2211.300      1.345          34.913                 1.15         40
      1          0               0    283.300   2690.500      1.755          43.824                 1.14         50
      1          0               0    398.200   3311.600      2.984          50.774                 1.18         60
      1          0               0    152.900    599.100      0.190           7.740                  1.3         10
      1          0               0    260.900   1343.800      0.702          14.089                 1.42         20
      1          0               0    132.200   1046.500      0.513          21.679                 1.39         30
      1          0               0    247.300   1885.400      1.356          28.120                 1.43         40
      1          0               0    335.400   2756.600      2.264          34.164                 1.47         50
      1          0               0    210.900   2143.600      1.734          38.787                 1.55         60
      1          0               0    114.100    534.400      0.140           9.414                 1.07         10
      1          0               0    323.900   1532.000      0.803          18.738                 1.08         20
      1          0               0    281.300   1292.000      1.040          24.913                 1.21         30
      1          0               0    220.200   2019.900      1.180          30.640                 1.31         40
      1          0               0    281.100   2966.300      1.827          38.190                 1.31         50
      1          0               0    305.200   3162.400      2.385          45.174                 1.33         60
      1          0               0    178.900    550.800      0.217           9.708                 1.03         10
      1          0               0    320.300   1054.500      0.794          17.734                 1.13         20
      1          0               0    343.100   1471.000      1.239          26.139                 1.15         30
      1          0               0    288.900   1919.100      1.405          32.683                 1.23         40
      1          0               0    196.300   1291.500      1.307          39.554                 1.27         50
      1          0               0    243.300   2429.400      2.032          44.579                 1.35         60
      1          0               0    119.500    441.200      0.146           9.334                 1.07         10
      1          0               0    162.300    932.200      0.394          18.746                 1.07         20
      1          0               0    140.800   1031.400      0.503          26.969                 1.12         30
      1          0               0    173.100   1294.400      0.853          32.909                 1.22         40
      1          0               0    279.300   2771.300      1.766          38.327                 1.31         50
      1          0               0    252.800   2343.900      1.902          45.012                 1.33         60
      1          0               0    182.300    466.800      0.223           8.787                 1.14         10
      1          0               0    245.100   1453.500      0.618          15.955                 1.26         20
      1          0               0    186.000   1336.800      0.684          24.494                 1.23         30
      1          0               0    180.200   2106.000      0.952          29.400                 1.37         40
      1          0               0    196.900   2436.300      1.297          36.170                 1.39         50
      1          0               0    247.500   3118.200      1.966          43.782                 1.38         60
      1          0               0    120.300    325.700      0.153           8.784                 1.14         10
      1          0               0    127.200    851.700      0.326          16.354                 1.23         20
      1          0               0    128.300   1060.100      0.492          23.843                 1.27         30
      1          0               0    390.500   3364.600      1.877          34.464                 1.16         40
      1          0               0    311.100   3472.900      1.918          39.754                 1.26         50
      1          0               0    274.900   4508.200      2.069          47.669                 1.26         60
      1          0               0    362.900    954.200      0.444           9.842                 1.02         10
      1          0               0    308.700   1072.000      0.780          17.621                 1.14         20
      1          0               0    389.500   1447.500      1.413          26.192                 1.15         30
      1          0               0    284.600   1537.800      1.380          33.682                 1.19         40
      1          0               0    308.400   2101.400      1.896          39.850                 1.26         50
      1          0               0    392.600   2461.800      2.921          47.037                 1.28         60
      1          0               0    236.300    734.600      0.284           9.795                 1.02         10
      1          0               0     98.300    515.100      0.238          19.006                 1.06         20
      1          0               0    167.400   1084.500      0.606          24.987                  1.2         30
      1          0               0    223.500   1380.800      1.071          31.445                 1.27         40
      1          0               0     60.100   1023.300      0.388          37.429                 1.34         50
      1          0               0    198.500   1675.600      1.610          44.151                 1.36         60
      1          0               0    253.400    483.200      0.308           9.699                 1.03         10
      1          0               0    239.800   1124.800      0.581          18.796                 1.07         20
      1          0               0    289.600   1695.400      1.043          26.241                 1.15         30
      1          0               0    293.800   2913.100      1.481          33.062                 1.22         40
      1          0               0    207.600   2345.600      1.253          39.787                 1.26         50
      1          0               0    458.600   3652.400      3.415          45.218                 1.33         60
      1          0               0    137.100    706.700      0.175           9.023                 1.12         10
      1          0               0    210.500   1263.700      0.529          18.233                  1.1         20
      1          0               0    269.000   1829.300      0.983          26.076                 1.15         30
      1          0               0    209.700   1943.300      1.009          34.246                 1.17         40
      1          0               0    247.600   2404.600      1.508          41.687                  1.2         50
      1          0               0    354.300   4116.000      2.684          46.890                 1.28         60
      1          0               0    140.700    515.200      0.169           9.712                 1.03         10
      1          0               0    194.500   1035.000      0.480          17.860                 1.12         20
      1          0               0    186.400   1789.100      0.674          26.931                 1.12         30
      1          0               0    447.800   3284.200      2.258          29.946                 1.34         40
      1          0               0    254.700   3010.500      1.728          35.362                 1.42         50
      1          0               0    412.400   5173.400      3.205          45.739                 1.32         60
      1          0               0     68.100    236.000      0.082           9.584                 1.05         10
      1          0               0    278.900   1296.900      0.683          18.094                 1.11         20
      1          0               0    271.000   1703.100      0.986          25.916                 1.16         30
      1          0               0    345.800   2186.000      1.676          34.840                 1.15         40
      1          0               0    366.300   2296.400      2.247          41.294                 1.21         50
      1          0               0    201.200   2230.400      1.564          45.367                 1.33         60
      1          0               0    193.200    391.000      0.238           9.121                  1.1         10
      1          0               0    169.800    406.700      0.408          19.020                 1.05         20
      1          0               0    211.900    957.500      0.750          27.811                 1.08         30
      1          0               0    137.600   1272.800      0.656          33.860                 1.18         40
      1          0               0    254.000   2492.700      1.528          40.514                 1.24         50
      1          0               0    293.100   2378.800      2.168          44.850                 1.34         60
      1          0               0    133.800    530.200      0.167           8.572                 1.18         10
      1          0               0    150.800    975.000      0.380          17.012                 1.18         20
      1          0               0    241.300   1226.700      0.876          27.108                 1.11         30
      1          0               0    222.300   1492.900      1.125          32.700                 1.23         40
      1          0               0    257.300   1789.500      1.608          41.216                 1.22         50
      1          0               0    153.800   1727.100      1.166          48.921                 1.23         60
      0          0               1      3.000     30.000      0.004           8.700                 1.23         10
      1          0               0    170.000    687.200      0.413          17.208                 1.17         20
      1          0               0    243.300   1096.800      0.871          26.134                 1.15         30
      1          0               0    181.900   1025.300      0.859          34.003                 1.18         40
      1          0               0    206.100   1389.600      1.222          40.457                 1.24         50
      1          0               0    191.200   1763.400      1.416          45.877                 1.31         60
      1          0               0     63.600    230.500      0.077           9.382                 1.07         10
      1          0               0    103.800    756.100      0.267          15.050                 1.35         20
      1          0               0    298.000   1998.100      1.107          23.940                 1.26         30
      1          0               0    170.700   1420.000      0.872          31.406                 1.28         40
      1          0               0    252.100   2000.900      1.544          40.154                 1.25         50
      1          0               0    308.000   3646.200      2.334          46.857                 1.28         60
      1          0               0    153.400    466.200      0.186           9.595                 1.05         10
      1          0               0    298.200   1351.800      0.731          17.422                 1.15         20
      1          0               0    197.200   1430.000      0.710          25.756                 1.17         30
      1          0               0    170.400   1696.300      0.825          30.928                  1.3         40
      1          0               0    128.000   1984.300      0.821          36.298                 1.38         50
      1          0               0    222.100   3561.000      1.675          44.564                 1.35         60
      1          0               0    261.500    605.800      0.315           9.605                 1.05         10
      1          0               0    210.800   1266.300      0.518          17.517                 1.15         20
      1          0               0    341.400   1661.100      1.238          23.707                 1.27         30
      1          0               0    377.800   3194.800      1.939          30.513                 1.31         40
      1          0               0    347.600   3598.600      2.255          37.180                 1.35         50
      1          0               0    261.600   2641.700      2.020          44.895                 1.34         60
      1          0               0    230.600    492.300      0.281           9.831                 1.02         10
      1          0               0    276.600    889.300      0.680          17.936                 1.12         20
      1          0               0    200.500   1310.600      0.768          24.481                 1.23         30
      1          0               0    332.700   3326.300      1.698          31.569                 1.27         40
      1          0               0    427.900   3612.600      2.908          38.532                  1.3         50
      1          0               0    295.100   3726.000      2.642          41.324                 1.45         60
      1          0               0    280.300    554.300      0.350           9.779                 1.03         10
      1          0               0    199.800   1322.700      0.518          17.971                 1.13         20
      1          0               0    140.600   1216.300      0.530          23.777                 1.27         30
      1          0               0    110.900   1248.300      0.577          30.582                 1.32         40
      1          0               0    250.400   2789.200      1.640          38.341                 1.31         50
      1          0               0    275.600   3271.200      2.241          45.671                 1.32         60
      1          0               0    277.800    695.100      0.346           8.957                 1.12         10
      1          0               0    297.800    971.500      0.741          17.813                 1.13         20
      1          0               0     71.500    569.100      0.261          25.620                 1.18         30
      1          0               0    281.200   1555.400      1.376          33.263                 1.21         40
      1          0               0    243.800   1930.900      1.556          39.623                 1.27         50
      1          0               0    184.300   2112.400      1.494          43.259                  1.4         60
      1          0               0    264.500    455.900      0.325           9.718                 1.03         10
      1          0               0    229.400   1245.400      0.573          17.682                 1.14         20
      1          0               0    327.200   1496.300      1.186          26.634                 1.13         30
      1          0               0    259.100   2070.900      1.237          35.301                 1.14         40
      1          0               0    282.400   1992.700      1.707          42.427                 1.18         50
      1          0               0    153.200   2021.700      1.226          47.123                 1.28         60
      1          0               0    308.000    911.100      0.378           9.706                 1.03         10
      1          0               0    267.600   1352.800      0.660          18.695                 1.07         20
      1          0               0    330.700   1873.100      1.188          26.093                 1.15         30
      1          0               0    344.100   2319.500      1.681          33.827                 1.18         40
      1          0               0    139.600   1528.600      0.858          39.372                 1.27         50
      1          0               0    261.300   1648.600      1.982          45.447                 1.32         60
      1          0               0    248.000    494.800      0.300           9.722                 1.03         10
      1          0               0    255.300   1195.500      0.624          18.667                 1.07         20
      1          0               0    297.400   2049.100      1.072          27.132                 1.11         30
      1          0               0    355.300   3431.900      1.728          35.331                 1.13         40
      1          0               0    202.900   2242.100      1.235          44.248                 1.13         50
      1          0               0    401.400   3786.400      2.965          49.551                 1.21         60
      1          0               0    273.800    597.500      0.349           9.697                 1.04         10
      1          0               0    315.400   1289.700      0.812          18.812                 1.07         20
      1          0               0    233.200   1661.800      0.848          27.315                  1.1         30
      1          0               0    289.200   2611.100      1.427          33.685                 1.19         40
      1          0               0    397.200   4356.700      2.439          41.772                  1.2         50
      1          0               0    384.300   4415.300      2.843          46.405                  1.3         60
      1          0               0    303.500   1255.100      0.368           9.618                 1.04         10
      1          0               0    299.400   1733.600      0.726          18.226                  1.1         20
      1          0               0    288.600   2609.100      1.093          24.999                  1.2         30
      1          0               0    328.500   2972.700      1.688          31.694                 1.27         40
      1          0               0    286.500   3559.700      1.902          38.734                 1.29         50
      1          0               0    174.900   1961.200      1.392          47.265                 1.27         60
      1          0               0    210.600    823.800      0.251           9.664                 1.04         10
      1          0               0    228.200   1238.800      0.559          18.679                 1.08         20
      1          0               0    241.400   1870.500      0.874          27.479                  1.1         30
      1          0               0    215.400   2269.800      1.042          35.317                 1.14         40
      1          0               0    190.900   2396.900      1.177          41.446                 1.21         50
      1          0               0    181.900   2497.700      1.373          44.913                 1.34         60
      1          0               0    349.300   1002.900      0.436           9.634                 1.05         10
      1          0               0    397.200   1937.700      0.966          19.169                 1.05         20
      1          0               0    271.800    987.600      0.976          27.144                 1.11         30
      1          0               0    215.000   1413.800      1.028          35.154                 1.14         40
      1          0               0    263.800   2964.000      1.623          42.385                 1.18         50
      1          0               0    237.900   2802.800      1.795          48.035                 1.25         60
      1          0               0    121.300    459.200      0.149           9.317                 1.08         10
      1          0               0    285.700   1159.000      0.694          19.158                 1.05         20
      1          0               0    218.200   1621.500      0.810          22.712                 1.33         30
      1          0               0    156.400   1587.100      0.782          29.397                 1.37         40
      1          0               0    226.300   2285.800      1.458          36.315                 1.38         50
      1          0               0    224.200   2790.300      1.800          41.585                 1.45         60
      1          0               0    229.100    595.400      0.278           9.548                 1.05         10
      1          0               0    226.600   1097.400      0.544          18.971                 1.06         20
      1          0               0    336.000   2422.800      1.226          26.527                 1.13         30
      1          0               0    296.000   2426.500      1.498          32.942                 1.22         40
      1          0               0    289.700   2723.900      1.829          39.453                 1.27         50
      1          0               0    348.600   4317.700      2.752          45.130                 1.33         60
      1          0               0    132.800    411.700      0.165           9.714                 1.03         10
      1          0               0    305.100   1060.600      0.749          17.872                 1.12         20
      1          0               0    286.900   1844.800      1.049          27.137                 1.11         30
      1          0               0    312.300   2088.500      1.481          36.347                  1.1         40
      1          0               0    354.600   2970.100      2.306          39.570                 1.27         50
      1          0               0    412.600   3870.500      3.141          45.120                 1.33         60
      1          0               0     93.400    406.900      0.114           9.271                 1.09         10
      1          0               0    208.900   1206.000      0.509          18.850                 1.07         20
      1          0               0    256.500   1295.400      0.918          27.738                 1.08         30
      0          0               1     18.500    740.000      0.095          32.103                 1.27         40
      1          0               0    221.200   2263.700      1.447          38.388                 1.31         50
      1          0               0    265.400   2496.000      2.071          43.728                 1.37         60
      1          0               0    275.600   1095.100      0.340           9.709                 1.03         10
      1          0               0     85.600    546.600      0.210          18.690                 1.08         20
      1          0               0    230.300   1421.100      0.845          24.441                 1.23         30
      1          0               0    338.100   3063.900      1.691          30.975                  1.3         40
      1          0               0    366.600   3652.400      2.339          37.551                 1.33         50
      1          0               0    277.300   3258.700      2.188          41.554                 1.45         60
      1          0               0     96.500    317.200      0.119           9.148                  1.1         10
      1          0               0    278.300   1709.500      0.693          17.599                 1.14         20
      1          0               0    242.100   1480.000      0.876          24.735                 1.21         30
      1          0               0    254.200   2518.900      1.242          30.423                 1.32         40
      1          0               0    424.900   5748.200      2.672          38.903                 1.29         50
      1          0               0    215.600   3241.600      1.654          43.485                 1.38         60
      1          0               0    175.000    401.400      0.208           9.789                 1.02         10
      1          0               0    407.800   1542.400      0.996          17.629                 1.14         20
      1          0               0    244.400   1263.600      0.871          24.735                 1.21         30
      1          0               0    349.900   1326.800      1.674          32.223                 1.24         40
      1          0               0    244.000   1977.500      1.517          37.853                 1.32         50
      1          0               0    232.300   1925.500      1.734          44.047                 1.36         60
      1          0               0    165.100    665.200      0.202           9.617                 1.04         10
      1          0               0    170.200    746.600      0.417          19.094                 1.05         20
      1          0               0    274.800   1606.700      0.983          27.495                  1.1         30
      1          0               0    183.100   1451.300      0.903          31.881                 1.26         40
      1          0               0    157.200   1846.800      0.984          37.607                 1.33         50
      1          0               0    167.100   1767.600      1.242          44.810                 1.34         60
      1          0               0    104.000    375.500      0.129           8.813                 1.15         10
      1          0               0    199.300    610.000      0.481          17.618                 1.14         20
      1          0               0    256.700   1078.500      0.907          25.649                 1.17         30
      1          0               0     99.500    746.500      0.501          28.560                  1.4         40
      1          0               0    240.700   2185.500      1.571          35.164                 1.42         50
      1          0               0    261.600   1820.600      2.030          40.718                 1.48         60
      1          0               0    171.700    525.100      0.206           9.761                 1.03         10
      1          0               0    491.800   1584.800      1.179          19.674                 1.02         20
      1          0               0    224.500   1448.100      0.806          26.520                 1.14         30
      1          0               0    358.400   3405.500      1.773          35.349                 1.13         40
      1          0               0    356.200   3557.700      2.306          40.117                 1.25         50
      1          0               0    288.300   2514.100      2.447          45.054                 1.33         60
      1          0               0    162.300    427.200      0.195           9.627                 1.04         10
      1          0               0    207.500    669.600      0.512          19.358                 1.04         20
      1          0               0    134.800   1021.300      0.491          26.691                 1.13         30
      1          0               0    185.500   1302.000      0.909          33.357                  1.2         40
      1          0               0    237.400   1450.900      1.478          40.858                 1.23         50
      1          0               0    291.800   3277.100      2.156          48.325                 1.24         60
      1          0               0     71.700    224.000      0.088           9.619                 1.04         10
      1          0               0    317.400   1427.100      0.778          18.464                 1.09         20
      1          0               0    229.700   1309.900      0.824          26.861                 1.12         30
      1          0               0    310.700   2639.900      1.540          33.473                  1.2         40
      1          0               0    312.200   3414.200      1.893          41.301                 1.21         50
      1          0               0    281.700   3881.300      2.095          48.053                 1.25         60
      1          0               0     85.800    451.900      0.103           9.465                 1.06         10
      1          0               0    227.100   1042.800      0.567          17.414                 1.15         20
      1          0               0    389.600   2051.500      1.435          25.044                  1.2         30
      1          0               0    268.700   1862.700      1.312          34.306                 1.17         40
      1          0               0    323.900   2676.300      1.977          40.686                 1.23         50
      1          0               0    272.200   2508.500      2.115          45.696                 1.32         60
      1          0               0    288.800    889.200      0.349           9.626                 1.04         10
      1          0               0    295.000   1221.500      0.726          18.832                 1.07         20
      1          0               0    326.600   1960.600      1.179          26.908                 1.12         30
      1          0               0    345.100   2052.100      1.654          35.947                 1.12         40
      1          0               0    375.100   2017.000      2.270          44.713                 1.12         50
      1          0               0    239.400   2416.600      1.774          50.268                  1.2         60
      1          0               0    116.100    455.000      0.142           9.698                 1.03         10
      1          0               0    216.900    830.700      0.528          19.145                 1.05         20
      1          0               0    260.000   1033.300      0.932          27.438                  1.1         30
      1          0               0    314.500   1993.900      1.503          36.810                 1.09         40
      1          0               0    387.000   1600.400      2.371          44.890                 1.12         50
      1          0               0    239.900   2726.300      1.785          50.178                  1.2         60
      1          0               0    218.000    495.300      0.266           9.654                 1.04         10
      1          0               0    276.500   1508.500      0.691          17.851                 1.13         20
      1          0               0    270.800   1580.500      1.017          24.485                 1.23         30
      1          0               0    400.900   2516.000      1.985          35.053                 1.14         40
      1          0               0    216.800   3053.400      1.358          42.226                 1.19         50
      1          0               0    299.900   3787.100      2.273          49.026                 1.23         60
      1          0               0    388.600   1288.500      0.480           8.770                 1.14         10
      1          0               0    356.300   2003.500      0.880          17.877                 1.12         20
      1          0               0    245.500   2265.400      0.904          25.332                 1.19         30
      1          0               0    369.300   2563.700      1.797          34.647                 1.16         40
      1          0               0    276.100   3128.600      1.744          40.648                 1.23         50
      1          0               0    381.300   3822.300      2.916          43.573                 1.38         60
      1          0               0    114.800    488.000      0.141           9.094                 1.11         10
      1          0               0    201.700    891.500      0.501          18.544                 1.09         20
      1          0               0    282.500   1896.500      1.016          27.560                 1.09         30
      1          0               0    216.000   2252.900      1.051          33.600                  1.2         40
      1          0               0    205.100   1943.500      1.273          41.355                 1.21         50
      1          0               0    367.100   3646.600      2.772          47.380                 1.27         60
