success  collision  collision_obst   makespan   flowtime    runtime     mean_groups     mean_groups_size     number
      1          0               0    168.600    429.700      0.790           9.638                 1.04         10
      1          0               0     97.700    506.500      0.935          18.264                  1.1         20
      1          0               0    236.600   1842.900      3.355          25.459                 1.18         30
      1          0               0    159.900   1596.800      3.435          33.196                 1.21         40
      1          0               0    215.800   2066.000      5.915          39.641                 1.27         50
      1          0               0    243.700   2932.300      8.992          46.289                  1.3         60
      1          0               0    102.600    228.200      0.466           8.627                 1.16         10
      1          0               0    280.500   1422.300      2.656          17.231                 1.16         20
      1          0               0    220.300   1626.900      3.478          25.055                 1.21         30
      1          0               0    247.100   1909.500      5.264          33.898                 1.19         40
      1          0               0    122.800   1267.500      3.532          38.037                 1.32         50
      1          0               0    232.900   1827.100      8.863          43.267                 1.39         60
      1          0               0    326.700   1347.100      1.461           9.353                 1.08         10
      1          0               0    110.000   1006.700      1.462          16.315                 1.25         20
      1          0               0    206.700   1940.600      3.848          23.858                 1.27         30
      1          0               0    286.400   2525.300      7.724          30.263                 1.33         40
      1          0               0    304.000   2981.500     10.035          36.206                 1.39         50
      1          0               0    239.600   2987.700     10.439          41.457                 1.45         60
      1          0               0    296.700    780.900      1.357           9.739                 1.03         10
      1          0               0    258.500   1001.700      2.526          18.509                 1.08         20
      1          0               0    231.600   1708.300      3.268          27.274                  1.1         30
      1          0               0    200.100   1915.100      4.415          34.647                 1.16         40
      1          0               0    283.900   2700.800      8.083          40.537                 1.24         50
      1          0               0    291.900   2804.800     11.018          47.188                 1.28         60
      1          0               0    203.800    993.500      0.888           9.526                 1.05         10
      1          0               0    201.000   1372.600      1.975          17.290                 1.16         20
      1          0               0    186.900   1227.000      2.748          25.473                 1.18         30
      1          0               0    197.500   2027.500      4.152          33.793                 1.19         40
      1          0               0    238.800   2263.700      7.515          39.564                 1.27         50
      1          0               0    278.400   3442.200     10.619          43.447                 1.39         60
      1          0               0    113.300    477.100      0.625           7.532                 1.37         10
      1          0               0    207.100    931.200      2.230          15.659                 1.29         20
      1          0               0    196.800    917.900      3.114          23.601                 1.28         30
      1          0               0    262.800   1260.200      6.068          32.979                 1.22         40
      1          0               0    251.200   1786.400      7.862          38.560                  1.3         50
      1          0               0    239.000   2153.000     10.056          42.268                 1.43         60
      1          0               0    193.200    544.400      0.839           9.887                 1.01         10
      1          0               0    396.300   1347.300      3.824          18.838                 1.06         20
      1          0               0    292.600   1255.200      4.209          26.282                 1.14         30
      1          0               0    100.800    983.800      2.194          35.325                 1.14         40
      1          0               0    173.500   1879.100      6.083          39.350                 1.27         50
      1          0               0    221.500   3584.800      9.929          45.210                 1.33         60
      1          0               0    217.500    703.100      1.003           8.831                 1.14         10
      1          0               0    148.900    908.900      1.440          17.324                 1.16         20
      1          0               0    188.300   1609.500      3.189          23.583                 1.28         30
      1          0               0    278.600   2074.300      6.496          31.390                 1.28         40
      1          0               0    311.100   2668.400      9.267          38.947                 1.29         50
      1          0               0    314.900   2782.300     12.554          44.512                 1.35         60
      1          0               0    113.800    320.000      0.497           9.739                 1.03         10
      1          0               0     97.500    604.000      0.915          18.471                 1.09         20
      1          0               0    158.900    996.200      2.518          25.702                 1.17         30
      1          0               0    141.000   1463.300      3.888          31.654                 1.27         40
      1          0               0    261.100   2804.300      9.348          37.240                 1.35         50
      1          0               0    242.800   3161.100     10.846          43.809                 1.37         60
      1          0               0    185.800    847.700      0.870           9.315                 1.09         10
      1          0               0    148.000    794.700      1.583          16.775                  1.2         20
      1          0               0    247.300   2024.900      3.790          25.105                  1.2         30
      1          0               0    260.500   2542.000      5.747          31.186                 1.29         40
      1          0               0    163.800   2477.100      5.918          35.380                 1.42         50
      1          0               0    290.600   3186.100     11.574          43.169                 1.39         60
      1          0               0    317.400    986.800      1.437           9.429                 1.07         10
      1          0               0    195.100   1288.200      1.924          18.254                 1.11         20
      1          0               0    251.400   2055.600      3.684          28.036                 1.08         30
      1          0               0    274.500   2308.600      5.510          35.561                 1.13         40
      1          0               0    186.000   1756.100      5.848          41.966                  1.2         50
      1          0               0    192.000   2263.200      7.324          47.414                 1.27         60
      1          0               0    166.900    453.600      0.737           9.769                 1.03         10
      1          0               0    274.900   1377.100      2.683          18.045                 1.11         20
      1          0               0    263.200   1590.500      4.165          25.373                 1.19         30
      1          0               0    253.100   2393.000      6.022          31.299                 1.28         40
      1          0               0    239.800   2882.600      7.358          38.842                 1.29         50
      1          0               0    267.400   3281.300     12.419          42.488                 1.42         60
      1          0               0     91.900    240.500      0.430           8.970                 1.12         10
      1          0               0    187.300   1159.800      1.922          16.406                 1.23         20
      1          0               0    283.200   2435.600      4.865          24.250                 1.24         30
      1          0               0    249.400   2126.700      5.865          31.083                 1.29         40
      1          0               0    251.300   3248.700      7.923          37.066                 1.36         50
      1          0               0    221.100   2447.900      9.857          44.466                 1.36         60
      1          0               0    288.100    691.800      1.277           9.730                 1.03         10
      1          0               0    266.300   1165.000      2.674          16.802                 1.19         20
      1          0               0    188.700   1380.900      2.854          25.520                 1.18         30
      1          0               0    283.900   1815.400      5.783          34.853                 1.15         40
      1          0               0    285.800   2422.900      8.120          43.126                 1.16         50
      1          0               0    333.000   3688.900     12.199          49.810                 1.21         60
      1          0               0    212.700    503.700      0.946           9.691                 1.04         10
      1          0               0    205.300    960.100      1.962          18.448                 1.09         20
      1          0               0    169.400   1223.900      2.579          26.014                 1.16         30
      1          0               0    170.400   1252.500      3.972          32.445                 1.23         40
      1          0               0    209.600   2020.200      6.727          39.489                 1.27         50
      1          0               0    187.300   1662.700      7.636          42.521                 1.42         60
      1          0               0    203.300    464.400      0.914           9.484                 1.06         10
      1          0               0    312.200   1478.300      3.114          18.657                 1.09         20
      1          0               0    136.800   1074.700      2.061          26.594                 1.13         30
      1          0               0    187.100   1683.100      4.712          30.305                 1.32         40
      1          0               0    350.200   2069.600     10.599          37.395                 1.34         50
      1          0               0    256.500   2670.600      9.850          45.913                 1.31         60
      1          0               0    150.000    532.000      0.682           8.929                 1.13         10
      1          0               0    118.600   1128.000      1.375          16.177                 1.26         20
      1          0               0    238.100   2105.600      3.875          25.257                 1.19         30
      1          0               0    266.200   2676.800      6.559          30.323                 1.32         40
      1          0               0    264.100   3363.300      8.595          37.113                 1.35         50
      1          0               0    228.900   3397.700     11.540          40.640                 1.48         60
      1          0               0     76.100    212.100      0.354           8.828                 1.14         10
      1          0               0    330.500    974.600      3.246          16.405                 1.22         20
      1          0               0    287.900   1467.100      4.257          25.279                 1.19         30
      1          0               0    269.000   2671.400      6.238          32.000                 1.25         40
      1          0               0    240.900   2394.100      7.271          39.565                 1.27         50
      1          0               0    273.000   3459.200     12.448          44.152                 1.36         60
      1          0               0    137.400    473.900      0.649           8.763                 1.15         10
      1          0               0    203.600    941.100      1.977          17.429                 1.15         20
      1          0               0    208.800   1552.700      3.228          25.076                  1.2         30
      1          0               0    164.200   1851.700      4.173          30.422                 1.32         40
      1          0               0    241.800   2459.200      7.389          38.019                 1.32         50
      1          0               0    197.400   2459.900      9.030          43.351                 1.39         60
      1          0               0    167.300    526.400      0.747           9.459                 1.06         10
      1          0               0    179.700    925.300      1.836          16.847                 1.19         20
      1          0               0    331.900   2972.100      4.919          24.385                 1.23         30
      1          0               0    330.900   2958.300      7.304          31.968                 1.25         40
      1          0               0    314.700   3843.500      8.997          38.253                 1.31         50
      1          0               0    307.500   4422.900     11.872          45.279                 1.33         60
      1          0               0    196.900    766.800      0.861           9.241                 1.09         10
      1          0               0    275.300    573.600      2.595          16.671                  1.2         20
      1          0               0    207.400   1440.100      3.099          23.287                 1.29         30
      1          0               0    335.700   1799.400      7.619          30.326                 1.32         40
      1          0               0    291.600   3350.000      8.647          37.994                 1.32         50
      1          0               0    223.800   2483.200      8.627          41.870                 1.44         60
      1          0               0     37.100    192.600      0.168           9.054                 1.11         10
      1          0               0    204.600   1428.100      2.037          17.555                 1.15         20
      1          0               0    189.500   1596.100      3.026          25.104                  1.2         30
      1          0               0    169.600   2098.900      4.732          30.218                 1.33         40
      1          0               0    260.800   2934.900      9.521          37.148                 1.35         50
      1          0               0    275.100   3304.600     14.261          43.340                 1.39         60
      1          0               0    120.800    391.300      0.543           9.640                 1.04         10
      1          0               0    208.700   1060.700      1.984          17.497                 1.15         20
      1          0               0    245.100   1169.800      3.497          27.366                  1.1         30
      1          0               0    258.900   1920.600      5.524          33.936                 1.18         40
      1          0               0    378.300   3068.600     10.522          39.780                 1.26         50
      1          0               0    283.500   3191.000     10.985          46.867                 1.28         60
      1          0               0    148.400    383.200      0.684           9.557                 1.05         10
      1          0               0     98.000    480.300      0.929          18.793                 1.07         20
      1          0               0    252.900   1060.500      3.637          28.461                 1.06         30
      1          0               0    273.900   1661.800      6.051          36.796                 1.09         40
      1          0               0    205.700   2234.100      6.166          42.738                 1.17         50
      1          0               0    236.000   2847.500      9.307          49.614                 1.21         60
      1          0               0    167.100    535.200      0.785           8.466                 1.19         10
      1          0               0    279.900   1054.700      2.760          16.463                 1.22         20
      1          0               0    271.700   1614.800      4.262          23.438                 1.28         30
      1          0               0    291.600   2504.000      6.459          32.251                 1.24         40
      1          0               0    265.300   2252.500      7.524          40.928                 1.22         50
      1          0               0    350.400   3839.900     12.920          49.362                 1.22         60
      1          0               0    204.200    548.300      0.884           9.786                 1.02         10
      1          0               0    224.700   1070.700      2.112          18.829                 1.06         20
      1          0               0    338.800   1524.300      4.726          28.468                 1.06         30
      1          0               0    261.800   1608.800      5.849          34.456                 1.17         40
      1          0               0    214.900   1802.200      6.682          41.197                 1.22         50
      1          0               0    201.700   2075.100      8.512          47.250                 1.27         60
      1          0               0     96.200    257.500      0.444           9.105                  1.1         10
      1          0               0    190.000   1231.000      1.956          16.047                 1.25         20
      1          0               0    238.500   1930.900      3.981          21.292                 1.41         30
      1          0               0    215.800   2886.900      5.332          28.808                  1.4         40
      1          0               0    239.400   2848.900      7.344          35.468                 1.41         50
      1          0               0    217.800   2528.200      9.884          41.531                 1.45         60
      1          0               0     87.500    252.200      0.395           9.271                 1.08         10
      1          0               0    210.800   1102.300      1.905          19.174                 1.05         20
      1          0               0    180.500   1151.200      2.700          26.912                 1.12         30
      1          0               0    177.300   1722.600      4.645          32.495                 1.24         40
      1          0               0    214.900   2902.200      6.933          38.805                  1.3         50
      1          0               0    257.900   3628.200     11.515          47.266                 1.27         60
      1          0               0    172.900    510.200      0.819           9.319                 1.09         10
      1          0               0    222.000    907.900      2.298          16.615                 1.21         20
      1          0               0    213.400   1601.000      3.309          25.028                  1.2         30
      1          0               0    223.200   1430.400      4.809          32.710                 1.23         40
      1          0               0    265.900   1830.200      7.305          41.772                  1.2         50
      1          0               0    212.700   1965.800      7.705          47.780                 1.26         60
      1          0               0    163.600    361.200      0.708           9.662                 1.04         10
      1          0               0    132.600    687.100      1.220          18.484                 1.09         20
      1          0               0    197.800   1183.300      2.711          27.399                  1.1         30
      1          0               0    252.900   2090.900      4.877          35.458                 1.13         40
      1          0               0    296.700   2457.900      7.818          41.260                 1.22         50
      1          0               0    196.400   2225.200      7.261          46.697                 1.29         60
      1          0               0    113.400    499.000      0.500           9.287                 1.08         10
      1          0               0    181.300   1074.100      1.660          18.706                 1.07         20
      1          0               0    190.200   1298.200      2.736          25.062                  1.2         30
      1          0               0    189.500   1908.900      4.094          32.292                 1.24         40
      1          0               0    228.000   1689.100      6.047          41.819                  1.2         50
      1          0               0    170.800   2308.800      6.335          48.585                 1.24         60
      1          0               0    198.200    434.200      0.874           9.398                 1.07         10
      1          0               0    225.000   1197.200      2.084          17.776                 1.13         20
      1          0               0    185.700   1122.600      3.006          25.257                  1.2         30
      1          0               0    201.600   1593.500      4.223          33.592                  1.2         40
      1          0               0    193.400   2373.600      6.186          40.332                 1.25         50
      1          0               0    178.200   2303.500      9.688          45.053                 1.34         60
      1          0               0     82.600    369.900      0.374           8.833                 1.14         10
      1          0               0    162.100    932.300      1.531          17.974                 1.12         20
      1          0               0    217.200   1863.300      3.503          25.291                 1.19         30
      1          0               0    264.000   2579.900      5.831          32.341                 1.24         40
      1          0               0    304.800   3489.800      8.476          41.185                 1.22         50
      1          0               0    227.300   2591.100      8.805          45.450                 1.32         60
      1          0               0    187.100    523.200      0.822           9.530                 1.06         10
      1          0               0    181.400    939.900      1.629          18.106                 1.11         20
      1          0               0    172.700   1206.800      2.664          23.501                 1.28         30
      1          0               0    323.200   1929.600      6.659          31.908                 1.26         40
      1          0               0    163.500   1933.500      4.864          37.815                 1.33         50
      1          0               0    257.500   4263.600     10.326          41.222                 1.46         60
      1          0               0    156.200    353.600      0.718           8.751                 1.15         10
      1          0               0    200.100   1306.200      1.968          15.895                 1.26         20
      1          0               0    263.600   2244.900      4.122          21.985                 1.37         30
      1          0               0    261.300   3117.400      6.486          26.501                 1.51         40
      1          0               0    286.100   3676.300      9.595          33.443                  1.5         50
      1          0               0    250.700   4055.300     11.561          38.742                 1.55         60
      1          0               0    285.100    631.200      1.213           9.747                 1.03         10
      1          0               0    317.300   1410.100      2.898          17.778                 1.13         20
      1          0               0    262.400   1928.800      3.732          24.905                 1.21         30
      1          0               0    291.100   2369.100      6.067          32.752                 1.22         40
      1          0               0    226.100   2030.700      6.385          40.950                 1.22         50
      1          0               0    195.400   2844.400      7.490          45.695                 1.32         60
      1          0               0    145.300    301.700      0.616           9.902                 1.01         10
      1          0               0    208.000   1323.700      1.905          17.458                 1.15         20
      1          0               0    131.800    988.800      1.977          24.547                 1.23         30
      1          0               0    206.300   1798.600      4.544          31.874                 1.26         40
      1          0               0    232.700   2009.400      6.715          38.165                 1.31         50
      1          0               0    268.300   2836.800     10.265          46.706                 1.29         60
      1          0               0    143.300    542.200      0.638           9.014                 1.12         10
      1          0               0    145.600   1098.700      1.415          17.424                 1.16         20
      1          0               0    179.200   1543.100      2.596          26.108                 1.15         30
      1          0               0    172.100   1647.800      3.859          32.965                 1.22         40
      1          0               0    171.200   2530.400      5.552          39.239                 1.28         50
      1          0               0    185.200   2571.100      7.632          47.295                 1.28         60
      1          0               0    176.100    334.300      0.796           9.796                 1.02         10
      1          0               0    243.500   1069.700      2.190          18.720                 1.07         20
      1          0               0    184.400   1372.100      2.650          25.979                 1.16         30
      1          0               0    199.400   1900.400      4.159          33.745                 1.19         40
      1          0               0    226.400   2292.000      6.282          40.791                 1.23         50
      1          0               0    333.200   3835.100     12.288          48.318                 1.25         60
      1          0               0    157.000    835.500      0.738           8.992                 1.13         10
      1          0               0    150.000   1222.300      1.444          18.039                 1.12         20
      1          0               0    255.900   1616.600      3.846          26.084                 1.16         30
      1          0               0    163.200   1430.900      4.475          30.374                 1.32         40
      1          0               0    112.700   1532.700      4.567          36.668                 1.37         50
      1          0               0    189.900   2469.800     10.140          42.717                 1.41         60
      1          0               0    190.900    606.700      0.877           8.886                 1.13         10
      1          0               0    195.800   1148.800      1.915          17.244                 1.16         20
      1          0               0    193.900   1274.700      3.016          26.277                 1.14         30
      1          0               0    185.600   1148.300      4.140          32.783                 1.22         40
      1          0               0    267.900   1973.100      8.901          37.822                 1.32         50
      1          0               0    300.500   3517.500     16.169          40.106                  1.5         60
      1          0               0    107.300    455.900      0.552           7.785                 1.31         10
      1          0               0    204.100    925.700      2.012          15.775                 1.27         20
      1          0               0    208.300   1691.500      3.255          24.082                 1.25         30
      1          0               0    300.600   3014.200      6.754          32.249                 1.24         40
      1          0               0    324.200   3619.200      9.502          39.244                 1.28         50
      1          0               0    195.900   3096.700      8.567          44.624                 1.35         60
      1          0               0    204.300    556.000      0.877           9.616                 1.05         10
      1          0               0    277.200   1405.100      2.516          19.043                 1.05         20
      1          0               0    187.800   1585.600      2.997          26.727                 1.13         30
      1          0               0    180.600   1390.100      3.873          33.033                 1.22         40
      1          0               0    163.200   1655.400      4.646          41.274                 1.21         50
      1          0               0    181.000   2121.600      7.120          47.415                 1.27         60
      1          0               0    115.000    370.900      0.492           9.516                 1.06         10
      1          0               0    166.000   1053.700      1.550          17.748                 1.13         20
      1          0               0    207.900   1817.800      3.130          24.060                 1.25         30
      1          0               0    178.000   1979.100      3.942          32.054                 1.25         40
      1          0               0    256.300   3039.800      8.560          38.438                 1.31         50
      1          0               0    217.700   2697.400     11.559          39.876                 1.51         60
      1          0               0    165.600    604.600      0.755           9.080                 1.11         10
      1          0               0    216.800    608.400      1.991          18.302                  1.1         20
      1          0               0    197.400   1580.500      2.936          25.741                 1.17         30
      1          0               0    168.700   1470.800      3.651          32.433                 1.24         40
      1          0               0    293.200   2793.900      8.189          39.060                 1.28         50
      1          0               0    358.400   3844.100     15.040          42.390                 1.42         60
      1          0               0     54.300    190.800      0.261           8.457                 1.19         10
      1          0               0    187.600    983.100      1.866          16.780                  1.2         20
      1          0               0    257.500   1339.000      3.979          25.331                 1.19         30
      1          0               0    302.800   1843.000      6.581          32.677                 1.23         40
      1          0               0    300.400   2395.300      9.407          38.371                 1.31         50
      1          0               0    195.000   2105.400      8.340          42.692                 1.41         60
      1          0               0    161.300    459.500      0.757           9.458                 1.06         10
      1          0               0    261.800    911.300      2.511          18.158                 1.11         20
      1          0               0    358.800   2021.900      4.863          28.128                 1.07         30
      1          0               0    293.900   1710.700      6.341          31.326                 1.28         40
      1          0               0    291.600   2214.000     10.629          35.301                 1.43         50
      1          0               0    432.300   3256.900     20.758          40.670                 1.48         60
      1          0               0    206.600    627.300      0.909           9.511                 1.06         10
      1          0               0    281.800    731.000      2.452          19.172                 1.05         20
      1          0               0    295.200   1139.100      4.177          26.134                 1.15         30
      1          0               0    188.500   1149.100      4.405          30.849                  1.3         40
      1          0               0    224.000   1642.000      6.897          39.889                 1.26         50
      1          0               0    150.900   1339.200      6.523          45.549                 1.32         60
      1          0               0    166.800    431.200      0.760           9.815                 1.02         10
      1          0               0    226.500    958.400      2.139          18.082                 1.11         20
      1          0               0    228.400   1909.700      3.273          27.169                 1.11         30
      1          0               0    243.800   1985.800      4.941          36.100                 1.11         40
      1          0               0    273.800   2515.500      7.538          42.226                 1.19         50
      1          0               0    265.400   2854.500     10.194          45.382                 1.33         60
      1          0               0    242.500    592.700      1.048           9.802                 1.02         10
      1          0               0    214.500   1089.900      1.967          18.712                 1.07         20
      1          0               0    183.200   1540.600      2.711          25.705                 1.17         30
      1          0               0    192.300   1476.200      4.071          33.378                  1.2         40
      1          0               0    268.200   2316.700      7.578          40.354                 1.24         50
      1          0               0    258.800   3097.100      9.569          46.115                  1.3         60
      1          0               0     94.300    300.100      0.421           9.081                 1.11         10
      1          0               0    289.000   1182.100      2.732          16.799                  1.2         20
      1          0               0    287.800   1659.800      4.143          25.353                 1.19         30
      1          0               0    181.900   1246.800      4.731          29.436                 1.36         40
      1          0               0    262.300   2423.400      9.966          35.186                 1.42         50
      1          0               0    159.200   2112.500      9.230          38.516                 1.56         60
      1          0               0    134.300    507.500      0.594           9.497                 1.06         10
      1          0               0    131.800    536.100      1.217          18.372                 1.09         20
      1          0               0    290.600   1329.600      4.053          26.888                 1.12         30
      1          0               0    222.900   1688.300      5.058          35.459                 1.14         40
      1          0               0    251.400   2493.100      8.017          40.855                 1.23         50
      1          0               0    275.100   3236.900     11.517          44.866                 1.34         60
      1          0               0    208.600    458.700      0.905           9.801                 1.02         10
      1          0               0    307.900   1319.900      2.750          19.334                 1.04         20
      1          0               0    212.200   1534.500      2.896          28.153                 1.07         30
      1          0               0    230.000   2256.200      4.734          36.423                  1.1         40
      1          0               0    242.300   2665.300      7.242          40.084                 1.25         50
      1          0               0    301.200   4039.600     12.488          47.061                 1.28         60
      1          0               0    194.400    523.500      0.914           9.113                 1.11         10
      1          0               0    106.700    614.100      1.144          17.601                 1.14         20
      1          0               0    214.500   1534.400      3.481          26.506                 1.14         30
      1          0               0    241.000   1922.500      6.114          35.295                 1.14         40
      1          0               0    283.800   1807.200      7.899          43.386                 1.15         50
      1          0               0    142.100   1189.700      5.703          50.894                 1.18         60
      1          0               0    143.500    354.400      0.625           9.743                 1.03         10
      1          0               0    254.700    973.500      2.617          16.539                 1.21         20
      1          0               0    242.800   1505.500      4.424          23.522                 1.28         30
      1          0               0    280.400   2065.700      7.599          29.425                 1.36         40
      1          0               0    198.400   2706.800      7.052          36.334                 1.38         50
      1          0               0    165.600   2208.100      7.733          42.773                 1.41         60
      1          0               0     98.400    372.200      0.478           9.475                 1.06         10
      1          0               0    179.300    902.100      2.223          18.888                 1.07         20
      1          0               0    234.700   1680.200      3.324          26.733                 1.13         30
      1          0               0    284.100   2060.100      6.017          32.851                 1.22         40
      1          0               0    349.600   4313.300     10.415          37.861                 1.32         50
      1          0               0    284.400   4522.700     11.388          45.769                 1.31         60
      1          0               0    102.000    341.100      0.462           9.284                 1.08         10
      1          0               0    148.200    729.300      1.443          17.948                 1.12         20
      1          0               0    345.100   1179.900      4.860          27.438                 1.09         30
      1          0               0    180.600   1326.500      3.891          36.146                 1.11         40
      1          0               0    281.900   2569.100      7.952          43.371                 1.16         50
      1          0               0    352.600   3097.700     13.452          47.981                 1.25         60
      1          0               0    164.300    468.800      0.750           9.567                 1.05         10
      1          0               0    327.900   1154.300      3.081          19.177                 1.05         20
      1          0               0    266.200   1740.900      3.886          25.752                 1.17         30
      1          0               0    293.100   1911.300      6.738          31.626                 1.27         40
      1          0               0    259.200   2955.300      8.736          37.699                 1.33         50
      1          0               0    129.200   2138.900      5.884          45.140                 1.33         60
      1          0               0    206.300    775.600      0.938           9.340                 1.08         10
      1          0               0    155.500   1239.400      1.670          17.266                 1.17         20
      1          0               0    242.500   1445.200      3.683          27.002                 1.12         30
      1          0               0    172.000   1406.900      4.476          33.176                 1.22         40
      1          0               0    164.000   2285.500      5.049          41.104                 1.22         50
      1          0               0    196.200   2339.100      7.641          47.522                 1.27         60
      1          0               0    137.800    505.000      0.686           8.131                 1.24         10
      1          0               0    113.100    483.300      1.227          15.423                  1.3         20
      1          0               0    108.500    775.500      1.928          22.629                 1.33         30
      1          0               0    158.000   1240.700      4.119          28.922                 1.39         40
      1          0               0    157.500   1826.900      6.174          34.502                 1.45         50
      1          0               0    193.900   3507.200     10.668          38.861                 1.55         60
      1          0               0    256.100    947.200      1.124           9.495                 1.06         10
      1          0               0    203.700   1322.200      1.825          18.776                 1.07         20
      1          0               0    197.100   2102.800      3.219          25.036                  1.2         30
      1          0               0    254.700   2786.700      5.690          34.367                 1.17         40
      1          0               0    287.600   4188.500      9.168          42.967                 1.17         50
      1          0               0    331.900   5286.000     13.837          49.038                 1.23         60
      1          0               0    227.300    458.900      0.991           9.766                 1.03         10
      1          0               0    253.300   1106.800      2.487          18.683                 1.07         20
      1          0               0    355.800   2010.800      4.877          26.862                 1.12         30
      1          0               0    207.900   1998.500      4.491          33.391                  1.2         40
      1          0               0    278.200   2033.800      7.817          40.307                 1.24         50
      1          0               0    382.100   3153.000     14.859          47.159                 1.27         60
      1          0               0    154.400    449.700      0.685           9.344                 1.08         10
      1          0               0    228.500   1130.600      2.115          18.467                 1.09         20
      1          0               0    173.900   1133.400      2.415          27.102                 1.11         30
      1          0               0    280.900   2012.300      6.293          32.499                 1.23         40
      1          0               0    229.600   2425.100      7.207          36.579                 1.37         50
      1          0               0    207.200   2609.300      8.512          43.680                 1.38         60
      1          0               0    197.900    625.700      0.866           9.651                 1.04         10
      1          0               0    202.000    796.700      1.836          18.184                  1.1         20
      1          0               0    247.400   1275.700      3.491          27.457                  1.1         30
      1          0               0    382.400   2072.700      9.184          34.639                 1.16         40
      1          0               0    238.600   2009.000      7.442          40.208                 1.25         50
      1          0               0    352.200   3029.400     14.469          47.154                 1.28         60
      1          0               0     52.700    130.600      0.260           9.723                 1.03         10
      1          0               0    157.700    664.100      1.582          18.335                 1.09         20
      1          0               0    204.800   1222.900      3.136          26.824                 1.12         30
      1          0               0    305.900   1707.800      6.186          35.446                 1.13         40
      1          0               0    300.300   3301.600      8.564          40.660                 1.23         50
      1          0               0    297.300   3070.300     12.074          46.076                  1.3         60
      1          0               0    227.500    652.500      1.054           9.367                 1.08         10
      1          0               0    261.200   1080.800      2.565          17.623                 1.14         20
      1          0               0    203.500   1352.500      3.033          25.385                 1.19         30
      1          0               0    240.700   1712.000      5.584          29.902                 1.34         40
      1          0               0    202.200   2121.100      6.643          36.616                 1.37         50
      1          0               0    188.900   2102.700      8.094          43.842                 1.37         60
      1          0               0    195.400    632.100      0.851           9.099                 1.11         10
      1          0               0    173.000   1437.500      1.707          16.940                 1.19         20
      1          0               0    276.900   2251.000      4.190          25.380                 1.19         30
      1          0               0    378.900   3913.900      8.178          32.942                 1.22         40
      1          0               0    330.900   2866.100      9.815          40.641                 1.23         50
      1          0               0    306.900   3235.000     11.520          46.628                 1.29         60
      1          0               0    172.300    438.700      0.762           8.868                 1.13         10
      1          0               0    215.200    957.000      1.927          18.396                 1.09         20
      1          0               0    222.400   1492.100      3.207          24.439                 1.23         30
      1          0               0    232.400   2332.900      4.925          32.130                 1.25         40
      1          0               0    256.100   2808.800      9.006          36.848                 1.36         50
      1          0               0    220.000   2777.200     10.402          43.950                 1.37         60
      1          0               0    202.600    535.800      0.844           9.792                 1.02         10
      1          0               0     75.200    457.900      0.736          16.735                  1.2         20
      1          0               0    196.700   1415.000      2.855          24.283                 1.24         30
      1          0               0    334.000   3739.100      7.516          30.527                 1.32         40
      1          0               0    225.200   2808.300      6.717          36.351                 1.38         50
      1          0               0    267.400   3338.700     11.000          41.907                 1.43         60
      1          0               0    228.500    529.200      1.042           9.740                 1.03         10
      1          0               0    117.200    515.600      1.163          18.387                  1.1         20
      1          0               0    260.100   1881.600      3.757          26.242                 1.15         30
      1          0               0    205.700   2375.000      4.572          33.685                 1.19         40
      1          0               0    231.400   3353.300      7.397          39.854                 1.26         50
      1          0               0    251.100   3318.900     10.287          46.921                 1.28         60
      1          0               0    166.100    542.800      0.733           9.097                  1.1         10
      1          0               0    214.100   1450.200      1.966          17.721                 1.13         20
      1          0               0    298.100   2271.500      4.509          24.643                 1.22         30
      1          0               0    211.200   2221.100      4.856          31.007                  1.3         40
      1          0               0    205.500   2513.300      6.204          38.724                  1.3         50
      1          0               0    147.900   1897.400      6.657          43.430                 1.39         60
      1          0               0    154.100    455.700      0.713           9.482                 1.06         10
      1          0               0    222.200   1120.300      2.091          18.598                 1.08         20
      1          0               0    207.700   1292.800      3.181          26.909                 1.12         30
      1          0               0    315.200   1933.900      7.007          33.929                 1.18         40
      1          0               0    273.000   3983.900      8.454          39.056                 1.29         50
      1          0               0    248.900   3606.700     10.570          44.013                 1.37         60
      1          0               0    191.300    692.700      0.952           9.488                 1.06         10
      1          0               0    204.500   1465.600      2.115          17.162                 1.17         20
      1          0               0    233.600   1762.600      3.703          26.478                 1.14         30
      1          0               0    220.400   2055.000      5.307          32.564                 1.23         40
      1          0               0    173.900   2094.600      6.347          40.710                 1.24         50
      1          0               0    212.400   2870.300      9.675          45.588                 1.32         60
      1          0               0    113.100    542.500      0.533           9.317                 1.08         10
      1          0               0    141.000    831.200      1.358          18.635                 1.08         20
      1          0               0    276.300   1489.900      4.210          27.105                 1.11         30
      1          0               0    249.300   1845.200      5.978          32.053                 1.25         40
      1          0               0    426.100   2896.700     13.906          38.781                 1.29         50
      1          0               0    219.900   3207.500     10.431          44.798                 1.35         60
      1          0               0    130.200    442.000      0.615           9.470                 1.06         10
      1          0               0    311.100   1204.500      3.237          17.203                 1.17         20
      1          0               0    217.800   1884.400      3.713          23.222                  1.3         30
      1          0               0    252.100   2310.400      6.706          29.199                 1.37         40
      1          0               0    237.800   2387.800      8.638          35.542                 1.41         50
      1          0               0    166.500   2964.500      8.244          42.874                  1.4         60
      1          0               0    136.200    538.000      0.749           8.456                 1.22         10
      1          0               0    259.500   1334.400      2.573          18.848                 1.07         20
      1          0               0    161.800    959.900      2.501          25.844                 1.17         30
      1          0               0    328.900   2671.100      8.060          32.589                 1.23         40
      1          0               0    236.500   2914.800      8.657          37.554                 1.33         50
      1          0               0    375.700   3468.600     15.475          46.967                 1.28         60
      1          0               0    140.100    328.100      0.655           9.733                 1.03         10
      1          0               0    217.400    942.000      2.242          17.635                 1.14         20
      1          0               0    206.500   1244.200      3.088          26.931                 1.12         30
      1          0               0    265.300   2073.600      6.047          32.194                 1.25         40
      1          0               0    229.300   1457.700      6.820          40.886                 1.23         50
      1          0               0    154.000   2163.800      7.262          44.746                 1.35         60
      1          0               0    214.000    942.300      1.134           8.631                 1.18         10
      1          0               0    185.100    930.600      1.993          18.793                 1.07         20
      1          0               0    152.700   1126.300      2.409          26.770                 1.12         30
      1          0               0    225.400   1905.200      5.556          33.019                 1.21         40
      1          0               0    291.400   3515.700      8.881          41.705                  1.2         50
      1          0               0    221.200   3284.700     10.793          45.189                 1.33         60
      1          0               0    184.100    663.900      0.905           8.733                 1.17         10
      1          0               0    258.700   1858.000      2.800          17.299                 1.17         20
      1          0               0    206.100   1687.100      3.576          25.517                 1.19         30
      1          0               0    234.000   2451.400      5.797          32.805                 1.23         40
      1          0               0    212.000   2631.900      7.089          37.628                 1.34         50
      1          0               0    208.600   3033.300      9.746          42.700                 1.41         60
      1          0               0    150.400    543.100      0.674           9.218                 1.09         10
      1          0               0    193.400    907.200      1.883          18.534                 1.08         20
      1          0               0    168.000    869.300      2.503          26.705                 1.13         30
      1          0               0    275.200   1510.700      5.663          35.920                 1.12         40
      1          0               0    199.700   1760.000      6.023          41.559                 1.21         50
      1          0               0    237.800   1950.200     10.052          45.665                 1.32         60
      1          0               0     67.700    286.700      0.314           9.529                 1.05         10
      1          0               0    239.600    926.800      2.215          19.442                 1.03         20
      1          0               0    250.100   1209.000      3.905          24.414                 1.23         30
      1          0               0    195.800   2031.900      4.465          30.492                 1.32         40
      1          0               0    258.000   3328.400      7.957          37.293                 1.34         50
      1          0               0    255.800   3069.600     11.192          40.104                  1.5         60
      1          0               0    165.500    355.900      0.791           9.723                 1.03         10
      1          0               0    198.500    817.800      1.924          18.111                 1.11         20
      1          0               0    171.700   1146.800      2.461          25.375                 1.18         30
      1          0               0    224.900   1798.900      5.059          30.989                 1.29         40
      1          0               0    183.700   1622.700      5.466          36.986                 1.35         50
      1          0               0    197.400   1733.300      8.363          43.151                 1.39         60
      1          0               0    106.400    278.200      0.506           9.653                 1.04         10
      1          0               0    243.400    821.100      2.273          19.123                 1.05         20
      1          0               0    202.300   1388.700      2.924          26.638                 1.13         30
      1          0               0    199.900   1394.800      4.539          32.334                 1.24         40
      1          0               0    174.200   2040.700      5.369          40.185                 1.25         50
      1          0               0    148.000   2080.500      6.013          49.017                 1.23         60
      1          0               0     87.500    240.200      0.389           9.560                 1.05         10
      1          0               0    128.600    625.500      1.184          18.313                 1.09         20
      1          0               0    246.500   1953.400      3.771          24.552                 1.23         30
      1          0               0    235.100   2168.500      5.853          32.041                 1.25         40
      1          0               0    280.900   3747.200      8.918          42.710                 1.17         50
      1          0               0    177.900   2017.000      9.642          46.170                  1.3         60
      1          0               0    239.000    676.700      1.509           9.528                 1.05         10
      1          0               0    227.000    805.100      2.191          19.421                 1.03         20
      1          0               0    133.800    462.000      2.080          24.790                 1.21         30
      1          0               0    291.100   2775.700      6.686          30.899                  1.3         40
      1          0               0    195.000   1520.500      6.608          37.500                 1.34         50
      1          0               0    332.700   3803.100     13.550          44.806                 1.34         60
      1          0               0    165.500    492.200      0.765           9.657                 1.04         10
      1          0               0    168.900    766.400      1.793          17.859                 1.13         20
      1          0               0    147.300   1413.100      2.569          24.689                 1.22         30
      1          0               0    203.200   1897.900      5.110          31.022                 1.29         40
      1          0               0    240.400   1824.100      8.117          38.474                  1.3         50
      1          0               0    178.300   2242.300      9.533          43.434                 1.38         60
      1          0               0    149.500    360.200      0.666           9.773                 1.03         10
      1          0               0    277.800   1561.100      2.674          18.092                 1.11         20
      1          0               0    270.900   2650.900      4.326          25.250                 1.19         30
      1          0               0    344.500   3481.200      7.793          33.288                  1.2         40
      1          0               0    305.600   3725.600      9.349          42.476                 1.18         50
      1          0               0    297.500   5269.600     12.325          46.131                  1.3         60
      1          0               0    225.900    646.200      1.046           9.724                 1.03         10
      1          0               0    230.500   1132.500      2.254          18.225                  1.1         20
      1          0               0    203.900   1768.800      3.058          26.138                 1.15         30
      1          0               0    229.800   2400.700      5.545          33.577                  1.2         40
      1          0               0    213.300   2105.300      7.606          37.918                 1.33         50
      1          0               0    192.700   2623.300      9.188          45.018                 1.34         60
      1          0               0    267.200    753.800      1.200           9.345                 1.08         10
      1          0               0    160.300   1024.900      1.504          17.928                 1.12         20
      1          0               0    280.000   1947.000      4.380          26.157                 1.15         30
      1          0               0    341.100   2923.100      7.615          35.463                 1.13         40
      1          0               0    325.400   3259.300     10.279          40.174                 1.25         50
      1          0               0    158.400   1716.700      7.185          46.940                 1.28         60
      1          0               0    163.100    450.600      0.722           9.443                 1.07         10
      1          0               0    117.700   1026.100      1.179          17.686                 1.14         20
      1          0               0    144.000   1195.700      2.223          26.763                 1.13         30
      1          0               0    222.300   1675.400      4.585          37.217                 1.08         40
      1          0               0    141.700   1533.000      4.217          42.355                 1.19         50
      1          0               0    118.800   1445.300      5.124          47.824                 1.26         60
      1          0               0    122.600    366.900      0.541           9.617                 1.05         10
      1          0               0    311.800   1185.900      3.157          17.352                 1.16         20
      1          0               0    313.400   2140.700      4.741          25.577                 1.18         30
      1          0               0    181.300   1520.900      4.085          32.574                 1.23         40
      1          0               0    289.400   2992.100      8.391          40.232                 1.24         50
      1          0               0    283.000   3028.200     12.116          46.094                  1.3         60
      1          0               0    176.400    822.200      0.845           9.002                 1.12         10
      1          0               0    202.900   1178.000      1.935          18.018                 1.12         20
      1          0               0    167.900   1349.700      2.473          27.467                  1.1         30
      1          0               0    292.300   2422.300      6.156          35.448                 1.13         40
      1          0               0    236.300   2480.100      7.372          41.934                  1.2         50
      1          0               0    214.300   2866.100      9.025          48.720                 1.23         60
      1          0               0    158.500    345.900      0.696           9.567                 1.05         10
      1          0               0    232.900    806.200      2.199          18.416                 1.09         20
      1          0               0    159.800    868.700      2.378          27.401                  1.1         30
      1          0               0    151.500   1032.900      3.589          33.501                  1.2         40
      1          0               0    209.000   2058.200      6.533          41.362                 1.22         50
      1          0               0    173.500   1492.300      6.666          47.862                 1.26         60
      1          0               0    113.900    515.100      0.540           8.644                 1.17         10
      1          0               0    180.500   1260.800      1.685          18.099                 1.11         20
      1          0               0    247.100   1722.800      3.861          24.122                 1.25         30
      1          0               0    230.600   1816.100      5.504          29.969                 1.34         40
      1          0               0    259.300   2897.800      7.767          38.797                 1.29         50
      1          0               0    324.200   4274.600     14.138          44.255                 1.36         60
      1          0               0    242.700    611.500      1.131           8.555                 1.18         10
      1          0               0    314.500   1562.200      3.087          17.078                 1.18         20
      1          0               0    240.500   1910.700      3.961          24.868                 1.21         30
      1          0               0    285.900   2309.600      7.394          30.184                 1.33         40
      1          0               0    222.100   2552.900      7.763          35.411                 1.42         50
      1          0               0    248.300   2612.600     13.137          38.089                 1.58         60
      1          0               0    133.700    359.500      0.615           9.515                 1.06         10
      1          0               0    336.800    956.900      3.028          19.450                 1.03         20
      1          0               0    243.900   1599.200      3.655          25.184                 1.19         30
      1          0               0    289.900   1930.700      6.204          34.231                 1.17         40
      1          0               0    217.600   2030.400      6.813          40.402                 1.24         50
      1          0               0    239.100   2945.700      9.872          47.621                 1.27         60
      1          0               0    248.700    661.300      1.184           9.454                 1.07         10
      1          0               0    179.100    949.800      1.897          16.428                 1.22         20
      1          0               0    254.400   1792.200      4.066          24.366                 1.24         30
      1          0               0    293.300   2115.400      6.832          30.184                 1.33         40
      1          0               0    185.400   1724.100      5.652          36.666                 1.37         50
      1          0               0    183.100   2252.500      8.022          44.755                 1.34         60
      1          0               0     82.400    221.500      0.378           8.983                 1.12         10
      1          0               0    177.800    957.900      1.779          17.562                 1.14         20
      1          0               0    135.300   1235.300      2.068          26.826                 1.13         30
      1          0               0    189.400   1759.600      4.325          33.537                  1.2         40
      1          0               0    258.100   2348.300      7.847          39.806                 1.26         50
      1          0               0    117.900   1771.600      5.028          45.908                 1.31         60
      1          0               0    217.600    580.200      0.924           9.669                 1.04         10
      1          0               0    370.200   1526.600      3.270          19.564                 1.02         20
      1          0               0    283.800   1978.800      4.241          25.579                 1.18         30
      1          0               0    234.000   1640.400      4.991          33.736                 1.19         40
      1          0               0    197.900   1910.000      5.917          40.982                 1.22         50
      1          0               0    154.500   2420.600      6.874          46.964                 1.28         60
      1          0               0     73.800    241.700      0.364           9.049                 1.11         10
      1          0               0    199.800    708.700      2.081          18.233                  1.1         20
      1          0               0    232.300   1230.500      3.522          26.113                 1.15         30
      1          0               0    227.100   1700.700      5.397          33.465                  1.2         40
      1          0               0    225.800   2099.800      7.477          38.924                 1.29         50
      1          0               0    356.100   4579.400     18.638          44.835                 1.35         60
      1          0               0    137.100    344.500      0.607           9.614                 1.04         10
      1          0               0    216.900   1151.000      2.145          16.204                 1.24         20
      1          0               0    286.600   2648.300      4.260          25.679                 1.17         30
      1          0               0    227.300   2698.300      5.102          32.469                 1.23         40
      1          0               0    165.000   1979.000      5.601          38.758                 1.29         50
      1          0               0    215.200   2557.400      9.568          45.293                 1.33         60
      1          0               0    210.500    634.000      1.009           9.586                 1.05         10
      1          0               0    225.900    850.300      2.286          18.410                 1.09         20
      1          0               0    240.900   1267.700      3.662          26.986                 1.12         30
      1          0               0    251.600   2349.300      5.408          33.868                 1.19         40
      1          0               0    244.300   1483.300      7.152          38.983                 1.29         50
      1          0               0    271.600   3216.700     11.037          45.656                 1.32         60
      1          0               0    104.200    470.200      0.490           9.133                 1.11         10
      1          0               0    262.700   1332.800      2.524          18.982                 1.06         20
      1          0               0    166.000   1136.300      2.591          26.305                 1.14         30
      1          0               0    236.000   1937.300      6.068          31.680                 1.26         40
      1          0               0    210.000   2252.900      7.481          35.796                  1.4         50
      1          0               0    206.800   2191.000     10.840          40.850                 1.47         60
      1          0               0     77.900    351.200      0.383           8.732                 1.16         10
      1          0               0     82.800    446.200      0.782          18.388                 1.09         20
      1          0               0    255.800   1172.200      3.711          26.180                 1.15         30
      1          0               0    202.700   1364.700      4.468          34.957                 1.15         40
      1          0               0    277.600   2539.000      7.933          41.401                 1.21         50
      1          0               0    248.000   2693.800     10.000          46.634                 1.29         60
      1          0               0    203.900    701.400      0.887           9.634                 1.04         10
      1          0               0    263.500   1889.500      2.793          16.036                 1.25         20
      1          0               0    235.600   2262.300      3.564          22.771                 1.32         30
      1          0               0    270.700   2024.000      5.930          30.912                  1.3         40
      1          0               0    326.500   2767.900      9.493          39.894                 1.25         50
      1          0               0    181.100   2593.800      7.236          45.940                 1.31         60
      1          0               0    212.800    782.100      0.978           9.567                 1.05         10
      1          0               0    339.800   1293.300      3.288          19.173                 1.05         20
      1          0               0    115.700    854.700      1.835          27.766                 1.09         30
      1          0               0    145.900   1258.100      3.445          34.602                 1.16         40
      1          0               0    354.100   2626.900     11.822          42.568                 1.18         50
      1          0               0    419.900   3469.800     18.532          48.302                 1.25         60
      1          0               0    254.900    642.500      1.131           9.787                 1.02         10
      1          0               0    274.000    911.300      2.372          19.604                 1.02         20
      1          0               0    290.100   1747.000      4.043          28.018                 1.07         30
      1          0               0    293.300   1627.000      5.947          35.837                 1.12         40
      1          0               0    174.200   2160.900      5.107          42.385                 1.18         50
      1          0               0    247.300   3538.200      9.729          47.909                 1.26         60
      1          0               0    221.600    563.700      0.984           9.675                 1.04         10
      1          0               0    272.600   1390.900      2.476          19.417                 1.03         20
      1          0               0    244.600    913.200      3.622          27.217                  1.1         30
      1          0               0    202.800   1354.700      4.741          33.656                 1.19         40
      1          0               0    173.800   1683.600      5.702          39.381                 1.27         50
      1          0               0    137.700   1776.000      6.550          44.379                 1.36         60
      1          0               0    171.100    447.100      0.832           9.667                 1.04         10
      1          0               0    272.300   1256.600      2.670          17.819                 1.13         20
      1          0               0    230.500   1906.900      3.883          24.541                 1.23         30
      1          0               0    237.600   2723.000      6.053          30.831                  1.3         40
      1          0               0    314.800   3763.800     11.244          38.948                 1.29         50
      1          0               0    315.900   4044.000     15.965          45.224                 1.33         60
      1          0               0    126.500    368.800      0.536           9.868                 1.01         10
      1          0               0    281.500    960.000      2.552          18.339                  1.1         20
      1          0               0    287.100   2264.300      4.174          24.784                 1.21         30
      1          0               0    353.000   2656.500      7.965          32.583                 1.23         40
      1          0               0    297.100   2893.300      9.357          39.198                 1.28         50
      1          0               0    309.500   2899.900     12.697          46.535                 1.29         60
      1          0               0     93.500    379.000      0.476           8.957                 1.13         10
      1          0               0    311.100   1230.600      3.031          18.994                 1.06         20
      1          0               0    211.300   2354.800      3.493          25.347                 1.19         30
      1          0               0    176.900   2021.900      5.690          31.006                  1.3         40
      1          0               0    237.800   3368.700      8.378          35.689                  1.4         50
      1          0               0    216.000   3501.700     10.978          41.850                 1.44         60
      1          0               0    131.900    533.900      0.614           9.070                 1.11         10
      1          0               0    218.800   1138.700      2.407          16.871                  1.2         20
      1          0               0    159.100   1735.700      2.606          25.165                  1.2         30
      1          0               0    140.100    778.000      3.093          34.138                 1.17         40
      1          0               0    290.600   1278.700      8.347          40.101                 1.25         50
      1          0               0    283.700   2975.600     10.449          47.690                 1.26         60
      1          0               0    199.800    606.000      0.937           9.339                 1.08         10
      1          0               0    225.600   1160.000      2.160          18.305                  1.1         20
      1          0               0    203.100   1663.800      3.435          25.142                  1.2         30
      1          0               0    222.800   2304.500      5.411          32.053                 1.25         40
      1          0               0    306.900   4132.700      9.992          37.656                 1.33         50
      1          0               0    312.000   4160.500     15.134          42.144                 1.43         60
      1          0               0    203.000    493.400      0.930           9.693                 1.04         10
      1          0               0    255.900   1005.800      2.573          18.640                 1.08         20
      1          0               0    212.300   1578.300      3.109          27.114                 1.11         30
      1          0               0    208.300   1762.400      4.920          31.872                 1.26         40
      1          0               0    119.500   1886.200      4.168          36.997                 1.36         50
      1          0               0    176.000   2074.200      7.115          45.287                 1.33         60
      1          0               0    155.100    517.200      0.753           8.903                 1.13         10
      1          0               0    195.200   1263.100      1.951          16.573                 1.21         20
      1          0               0    197.900   1618.200      3.104          24.116                 1.25         30
      1          0               0    184.100   1323.700      4.248          32.828                 1.22         40
      1          0               0     98.400   1270.800      3.240          39.039                 1.28         50
      1          0               0    186.600   2282.800      8.226          41.697                 1.44         60
      1          0               0    113.600    398.900      0.551           9.491                 1.06         10
      1          0               0    165.800    903.900      1.934          16.560                 1.22         20
      1          0               0    207.700   1600.200      3.339          25.419                 1.18         30
      1          0               0    162.900   1714.900      3.695          33.370                  1.2         40
      1          0               0    174.800   1702.700      6.078          40.292                 1.24         50
      1          0               0    192.400   2202.200      9.128          45.066                 1.33         60
      1          0               0    268.200    649.000      1.192           9.684                 1.04         10
      1          0               0    266.000   1057.200      2.431          19.218                 1.04         20
      1          0               0    206.300   1385.300      3.128          26.435                 1.14         30
      1          0               0    250.200   1016.900      5.259          35.657                 1.12         40
      1          0               0    242.800   2061.900      6.445          43.839                 1.14         50
      1          0               0    195.300   2058.400      7.753          49.014                 1.23         60
      1          0               0    190.800    603.800      0.833           9.531                 1.06         10
      1          0               0    187.100   1127.700      1.770          18.427                 1.09         20
      1          0               0    357.200   3387.300      5.005          26.357                 1.14         30
      1          0               0    357.100   3320.900      7.841          33.085                 1.21         40
      1          0               0    370.500   4272.900     11.137          40.110                 1.25         50
      1          0               0    212.700   1932.000      8.417          46.805                 1.28         60
      1          0               0    278.600    502.000      1.230           9.869                 1.01         10
      1          0               0    154.900    538.600      1.384          19.339                 1.04         20
      1          0               0    329.900   1958.200      4.678          27.136                 1.11         30
      1          0               0    271.200   1844.500      5.869          34.026                 1.18         40
      1          0               0    402.900   4227.000     11.750          39.927                 1.25         50
      1          0               0    286.300   3242.500     11.764          44.519                 1.35         60
      1          0               0    176.000    387.100      0.857           8.733                 1.15         10
      1          0               0    208.200    966.400      2.118          18.537                 1.08         20
      1          0               0    169.600   1288.000      2.929          24.927                 1.21         30
      1          0               0    101.100   1073.500      2.497          31.026                 1.29         40
      1          0               0    204.900   2214.400      7.901          35.920                  1.4         50
      1          0               0    198.100   1600.700      8.897          41.832                 1.44         60
      1          0               0    131.500    277.700      0.581           9.690                 1.04         10
      1          0               0    170.000    851.000      1.658          18.488                 1.09         20
      1          0               0    207.400   1542.200      3.311          25.519                 1.18         30
      1          0               0    214.100   2006.700      5.048          32.189                 1.25         40
      1          0               0    139.200   1451.500      4.942          39.614                 1.27         50
      1          0               0    172.800   1848.500      8.560          46.613                 1.29         60
      1          0               0    201.500    593.000      0.991           9.248                  1.1         10
      1          0               0    144.900    897.800      1.498          17.342                 1.16         20
      1          0               0    176.100    923.900      3.003          26.271                 1.14         30
      1          0               0    224.500   1545.800      5.280          34.159                 1.18         40
      1          0               0    202.200   1621.700      6.281          41.305                 1.22         50
      1          0               0    248.500   2702.000     10.220          46.845                 1.29         60
      1          0               0     77.700    326.500      0.356           9.541                 1.06         10
      1          0               0    108.300    501.900      1.042          18.350                 1.09         20
      1          0               0    255.400   1181.000      3.826          25.985                 1.16         30
      1          0               0    181.800   1181.000      4.420          33.273                 1.21         40
      1          0               0    149.800   1527.200      5.597          36.161                 1.39         50
      1          0               0    221.600   2569.500     11.111          43.692                 1.38         60
      1          0               0    166.800    584.900      0.819           9.489                 1.06         10
      1          0               0    166.800    945.000      1.723          17.584                 1.15         20
      1          0               0    285.500   1635.100      4.760          24.571                 1.22         30
      1          0               0    313.000   1716.000      7.470          32.833                 1.22         40
      1          0               0    258.800   2368.700      8.242          39.726                 1.27         50
      1          0               0    230.200   2228.100      9.484          46.214                  1.3         60
      1          0               0    175.400    620.200      0.805           9.230                 1.09         10
      1          0               0    207.800    772.700      1.954          18.107                 1.11         20
      1          0               0    257.100   1997.500      4.098          25.457                 1.19         30
      1          0               0    271.000   2347.100      6.474          31.352                 1.28         40
      1          0               0    335.100   3021.700     10.060          38.064                 1.32         50
      1          0               0    256.500   2618.400     11.261          42.764                 1.41         60
      1          0               0    216.700    597.600      0.999           9.717                 1.03         10
      1          0               0    291.900    915.000      2.774          18.955                 1.06         20
      1          0               0    321.900   1741.000      4.589          28.035                 1.07         30
      1          0               0    326.300   2181.400      6.896          34.755                 1.15         40
      1          0               0    212.700   1516.400      6.307          41.821                  1.2         50
      1          0               0    276.300   2048.100     11.084          48.277                 1.25         60
      1          0               0    105.000    194.600      0.457           9.888                 1.01         10
      1          0               0    178.500    730.100      1.901          16.759                  1.2         20
      1          0               0    272.100    990.200      4.111          24.902                 1.21         30
      1          0               0    318.900   2393.400      7.118          32.433                 1.24         40
      1          0               0    243.400   1861.600      7.327          39.498                 1.27         50
      1          0               0    174.500   2048.300      8.052          42.648                 1.41         60
      1          0               0     62.300    312.900      0.284           9.148                  1.1         10
      1          0               0    200.100    899.400      2.016          17.287                 1.16         20
      1          0               0    158.600    915.900      2.805          23.519                 1.28         30
      1          0               0    350.900   2592.400      8.264          31.704                 1.27         40
      1          0               0    286.900   2739.300      9.343          39.519                 1.27         50
      1          0               0    296.600   3814.100     13.260          43.714                 1.37         60
      1          0               0     99.300    439.800      0.481           9.006                 1.13         10
      1          0               0    160.700    913.700      1.611          16.166                 1.24         20
      1          0               0    225.000   1584.800      3.402          25.104                  1.2         30
      1          0               0    288.100   1812.700      6.346          33.723                 1.19         40
      1          0               0    158.700    929.800      5.365          37.779                 1.33         50
      1          0               0    312.200   3698.400     13.499          40.284                 1.49         60
      1          0               0     89.600    436.000      0.405           8.790                 1.15         10
      1          0               0    280.000   1019.500      2.525          19.232                 1.04         20
      1          0               0    247.900    907.000      3.601          26.644                 1.13         30
      1          0               0    177.100   1350.400      3.950          34.311                 1.17         40
      1          0               0    148.500   1995.500      4.619          40.877                 1.23         50
      1          0               0    242.100   2776.900     10.261          46.499                 1.29         60
      1          0               0    145.800    314.600      0.644           9.660                 1.04         10
      1          0               0    121.600    555.400      1.237          17.592                 1.14         20
      1          0               0    173.500    952.500      2.619          26.622                 1.13         30
      1          0               0    222.800   1502.100      4.848          35.018                 1.15         40
      1          0               0    218.300   1607.000      6.605          42.360                 1.19         50
      1          0               0    232.500   2199.200      9.317          49.970                 1.21         60
      1          0               0    196.900    632.900      0.906           9.213                  1.1         10
      1          0               0    150.400    755.200      1.430          19.362                 1.04         20
      1          0               0    224.700   1435.500      3.119          27.802                 1.08         30
      1          0               0    185.400   1815.600      4.166          34.785                 1.15         40
      1          0               0    155.800   1360.400      4.499          42.722                 1.17         50
      1          0               0    215.800   2396.200      8.413          48.366                 1.24         60
      1          0               0    132.000    402.600      0.597           9.058                 1.11         10
      1          0               0    204.800    699.500      1.849          19.094                 1.06         20
      1          0               0    239.800   1047.000      3.366          27.987                 1.08         30
      1          0               0    182.800   1962.500      4.041          32.767                 1.22         40
      1          0               0    246.900   2895.200      7.417          38.984                 1.29         50
      1          0               0    239.400   4005.000     10.549          44.970                 1.34         60
      1          0               0    117.000    512.700      0.527           9.328                 1.08         10
      1          0               0    117.100    626.500      1.167          17.604                 1.14         20
      1          0               0    189.100   1090.900      2.712          26.722                 1.13         30
      1          0               0     62.600    584.600      1.465          33.546                  1.2         40
      1          0               0    177.400   2080.000      5.197          41.016                 1.22         50
      1          0               0    224.800   1836.900      8.381          46.952                 1.28         60
      1          0               0    166.800    542.700      0.767           9.583                 1.05         10
      1          0               0     92.900    683.600      1.003          17.977                 1.12         20
      1          0               0    163.700   1426.000      2.607          25.407                 1.19         30
      1          0               0    207.300   2235.600      4.997          32.422                 1.24         40
      1          0               0    196.900   2629.400      7.770          37.522                 1.35         50
      1          0               0    304.000   5596.100     13.651          42.913                  1.4         60
      1          0               0    152.500    440.200      0.735           9.247                 1.09         10
      1          0               0    128.900    720.700      1.318          16.039                 1.26         20
      1          0               0    248.500   1863.000      4.173          22.966                 1.31         30
      1          0               0    153.400   1505.800      4.121          29.817                 1.35         40
      1          0               0    181.000   2186.000      6.919          36.257                 1.38         50
      1          0               0    155.800   2072.500      8.000          39.617                 1.52         60
      1          0               0    210.300    347.400      0.990           8.873                 1.13         10
      1          0               0    220.800    922.700      2.184          18.806                 1.07         20
      1          0               0    228.200   1785.000      3.582          25.701                 1.17         30
      1          0               0    305.800   1591.000      7.168          34.170                 1.17         40
      1          0               0    169.400   1123.800      5.051          41.620                 1.21         50
      1          0               0    286.000   2226.100     11.328          47.687                 1.26         60
      1          0               0     70.700    379.000      0.312           9.298                 1.08         10
      1          0               0     61.600    423.400      0.626          17.666                 1.14         20
      1          0               0    218.200    882.400      3.219          27.137                 1.11         30
      1          0               0    310.000   1755.600      6.997          29.963                 1.34         40
      1          0               0    199.900   1537.200      6.105          35.612                 1.41         50
      1          0               0    251.800   2244.400      9.713          45.224                 1.33         60
      1          0               0    199.100    459.200      0.857           9.770                 1.03         10
      1          0               0    156.000    797.700      1.479          18.319                  1.1         20
      1          0               0    218.600   1194.600      3.275          26.871                 1.12         30
      1          0               0    271.700   1878.300      6.017          33.725                 1.19         40
      1          0               0     80.000    808.400      2.562          40.256                 1.25         50
      1          0               0    327.500   3259.200     12.257          49.681                 1.21         60
      1          0               0    298.800    645.000      1.302           9.774                 1.03         10
      1          0               0    261.200    700.700      2.361          19.516                 1.03         20
      1          0               0    154.600    931.200      2.262          26.631                 1.13         30
      1          0               0    230.900   1978.100      5.279          32.107                 1.25         40
      1          0               0    366.000   2525.100     11.163          38.831                 1.29         50
      1          0               0    369.700   4854.100     15.962          42.466                 1.42         60
      1          0               0    173.300    314.700      0.760           8.854                 1.13         10
      1          0               0    170.400    609.300      1.602          18.306                  1.1         20
      1          0               0    230.800   2171.700      3.385          26.295                 1.15         30
      1          0               0    306.500   1985.600      7.156          32.981                 1.22         40
      1          0               0    167.100   1983.700      5.928          37.314                 1.34         50
      1          0               0    225.700   2593.600      9.663          41.604                 1.44         60
      1          0               0    323.500    949.200      1.481           9.592                 1.05         10
      1          0               0    179.200    926.900      1.716          18.830                 1.07         20
      1          0               0    264.100   1662.800      3.857          26.456                 1.14         30
      1          0               0    304.800   2385.200      6.536          34.885                 1.15         40
      1          0               0    165.500   1989.100      5.252          40.866                 1.24         50
      1          0               0    173.400   1864.600      7.305          48.375                 1.25         60
      1          0               0    180.800    505.300      0.790           9.753                 1.03         10
      1          0               0    215.600    846.700      1.968          19.138                 1.05         20
      1          0               0    227.200   1511.800      3.243          27.507                 1.09         30
      1          0               0    178.000   1943.100      4.147          34.621                 1.17         40
      1          0               0    247.600   1939.900      7.505          42.795                 1.18         50
      1          0               0    257.000   3639.400     11.871          46.547                  1.3         60
      1          0               0    270.500    496.700      1.205           9.644                 1.04         10
      1          0               0    341.900   1070.500      3.405          17.582                 1.14         20
      1          0               0    248.000   1454.200      3.618          25.980                 1.16         30
      1          0               0    252.300   2332.700      5.671          33.128                 1.21         40
      1          0               0    209.400   2205.900      6.528          38.371                 1.31         50
      1          0               0    209.900   2710.000      9.253          43.256                 1.39         60
      1          0               0    137.200    475.100      0.634           9.509                 1.06         10
      1          0               0    188.700    853.100      1.749          18.854                 1.07         20
      1          0               0    232.600   1274.300      3.438          26.723                 1.12         30
      1          0               0    184.700   1476.800      4.147          33.118                 1.21         40
      1          0               0    160.000   2063.100      5.285          38.716                  1.3         50
      1          0               0    280.200   3027.400     12.747          42.825                  1.4         60
      1          0               0    149.100    378.800      0.727           8.738                 1.15         10
      1          0               0    128.000    747.000      1.331          17.232                 1.17         20
      1          0               0    113.500    968.300      1.844          24.180                 1.25         30
      1          0               0    208.100   1256.000      4.688          33.563                  1.2         40
      1          0               0    329.600   3314.900      9.949          40.080                 1.25         50
      1          0               0    278.600   2408.700     11.497          45.771                 1.32         60
      1          0               0    259.700    748.300      1.172           9.688                 1.04         10
      1          0               0    225.400    832.800      2.263          17.451                 1.15         20
      1          0               0    229.600   1629.700      3.622          24.834                 1.21         30
      1          0               0    262.700   2567.600      7.313          31.011                 1.29         40
      1          0               0    296.900   3003.300     10.682          37.945                 1.32         50
      1          0               0    253.200   2874.700     11.399          44.042                 1.37         60
      1          0               0    178.600    715.900      0.816           8.919                 1.13         10
      1          0               0    132.900    942.500      1.278          17.749                 1.13         20
      1          0               0    156.700   1244.600      2.310          26.068                 1.15         30
      1          0               0    262.300   2452.400      5.413          33.728                 1.19         40
      1          0               0    248.200   2069.900      7.196          39.863                 1.26         50
      1          0               0    197.300   2401.100      7.794          45.996                 1.31         60
      1          0               0    199.900    579.400      0.915           9.606                 1.05         10
      1          0               0     73.800    648.100      0.772          16.725                  1.2         20
      1          0               0    229.500   1485.800      3.444          25.899                 1.16         30
      1          0               0    311.300   3456.100      7.007          33.269                 1.21         40
      1          0               0    331.700   4008.000     10.271          39.315                 1.28         50
      1          0               0    291.800   2830.100     11.338          47.349                 1.27         60
      1          0               0    226.600    666.700      1.004           9.413                 1.07         10
      1          0               0    218.900   1273.500      1.945          19.163                 1.05         20
      1          0               0    280.800   2765.000      4.141          26.017                 1.16         30
      1          0               0    339.400   3011.000      7.817          31.651                 1.27         40
      1          0               0    209.300   2605.600      7.236          35.467                 1.42         50
      1          0               0    290.800   3521.200     15.863          39.998                  1.5         60
      1          0               0    146.400    253.000      0.648           9.859                 1.02         10
      1          0               0    289.900    854.100      2.635          18.497                 1.08         20
      1          0               0    190.400   1635.100      2.727          26.004                 1.16         30
      1          0               0    223.900   2286.400      4.799          31.859                 1.26         40
      1          0               0    283.600   2804.200      8.649          37.267                 1.34         50
      1          0               0    275.900   2977.300     11.151          43.448                 1.38         60
      1          0               0    243.000    502.700      1.109           9.664                 1.04         10
      1          0               0    242.100   1102.800      2.325          18.350                 1.09         20
      1          0               0    233.100   1611.100      3.421          25.909                 1.16         30
      1          0               0    219.400   1618.200      4.867          33.560                 1.19         40
      1          0               0    270.000   2932.100      8.287          40.557                 1.23         50
      1          0               0    304.300   3048.200     11.956          47.928                 1.25         60
      1          0               0    164.400    416.200      0.713           9.759                 1.03         10
      1          0               0    249.300   1088.800      2.288          17.801                 1.12         20
      1          0               0    274.000   1643.200      4.030          27.071                 1.11         30
      1          0               0    246.400   1783.400      5.164          34.336                 1.17         40
      1          0               0    250.600   2719.200      9.018          38.575                  1.3         50
      1          0               0    272.800   3533.300     11.855          46.072                 1.31         60
      1          0               0    193.100    604.700      0.871           9.678                 1.04         10
      1          0               0    212.700    983.700      1.902          19.369                 1.04         20
      1          0               0    181.400   1073.900      2.868          26.279                 1.15         30
      1          0               0    138.300    970.200      3.134          33.978                 1.19         40
      1          0               0    242.900   2345.300      7.785          39.699                 1.27         50
      1          0               0    336.300   4156.800     15.366          44.660                 1.35         60
      1          0               0    201.100    589.000      0.890           9.767                 1.03         10
      1          0               0    154.300    642.100      1.417          19.169                 1.05         20
      1          0               0    340.500   1931.200      4.611          28.752                 1.05         30
      1          0               0    305.500   2726.400      6.133          37.010                 1.09         40
      1          0               0    308.900   2282.600      8.897          42.841                 1.17         50
      1          0               0    238.000   1676.200      8.822          50.842                 1.18         60
      1          0               0    166.700    459.000      0.723           9.527                 1.06         10
      1          0               0    164.600    706.100      1.472          18.974                 1.06         20
      1          0               0    162.100   1136.000      2.521          26.386                 1.14         30
      1          0               0    147.800   1435.100      3.288          34.165                 1.18         40
      1          0               0    137.800   1311.200      4.420          40.560                 1.24         50
      1          0               0    154.900   1680.200      6.873          46.775                 1.29         60
      1          0               0    181.900    537.500      0.828           9.618                 1.05         10
      1          0               0    285.300   1021.400      2.480          19.095                 1.05         20
      1          0               0    184.100   1762.700      2.631          27.303                  1.1         30
      1          0               0    230.500   2239.000      5.154          35.098                 1.14         40
      1          0               0    181.900   2606.400      5.871          39.035                 1.28         50
      1          0               0    302.200   3848.000     12.878          43.929                 1.37         60
      1          0               0    209.300    773.900      0.926           9.509                 1.06         10
      1          0               0    185.300    746.100      1.678          18.782                 1.07         20
      1          0               0    152.200    969.500      2.206          27.381                  1.1         30
      1          0               0    188.500   1411.900      4.012          32.931                 1.22         40
      1          0               0    214.900   1994.200      6.538          38.988                 1.29         50
      1          0               0    203.200   2493.500      8.098          46.784                 1.29         60
      1          0               0    215.500    651.200      1.029           9.173                  1.1         10
      1          0               0    167.400    653.800      1.649          16.818                  1.2         20
      1          0               0    238.000    973.500      3.992          23.356                 1.29         30
      1          0               0    241.000   1623.600      6.703          29.303                 1.37         40
      1          0               0    287.200   2343.500      9.784          37.577                 1.33         50
      1          0               0    299.000   2746.800     12.925          43.410                 1.39         60
      1          0               0    206.200    639.000      0.910           9.529                 1.05         10
      1          0               0    184.000    902.500      1.623          18.228                  1.1         20
      1          0               0    227.800   1413.500      3.424          25.645                 1.17         30
      1          0               0    264.500   1893.600      5.601          33.068                 1.21         40
      1          0               0    212.200   2043.700      6.264          39.957                 1.25         50
      1          0               0    261.700   3556.200     11.051          43.096                  1.4         60
      1          0               0     73.800    244.200      0.368           9.061                 1.12         10
      1          0               0    202.000    789.600      2.040          17.825                 1.13         20
      1          0               0    227.300    934.700      3.312          26.873                 1.12         30
      1          0               0    238.500   1046.100      4.886          34.272                 1.17         40
      1          0               0    236.500   1457.000      8.013          40.317                 1.24         50
      1          0               0    132.100   1077.300      6.198          46.277                  1.3         60
      1          0               0     94.000    320.500      0.446           9.216                 1.09         10
      1          0               0    324.700   1235.400      3.263          18.284                  1.1         20
      1          0               0    156.300   1574.600      2.662          24.184                 1.24         30
      1          0               0    198.300   1953.300      5.085          30.887                  1.3         40
      1          0               0    266.100   2722.300      9.341          37.920                 1.32         50
      1          0               0    246.500   3280.900     11.208          43.088                  1.4         60
      1          0               0    215.700    548.900      0.978           9.771                 1.03         10
      1          0               0    184.300    737.400      1.812          17.176                 1.17         20
      1          0               0    235.700   1310.100      3.723          26.904                 1.12         30
      1          0               0    220.100   2073.400      5.182          30.486                 1.32         40
      1          0               0    254.000   2930.300      7.900          37.526                 1.34         50
      1          0               0    160.100   1618.700      6.490          44.914                 1.34         60
      1          0               0    107.400    294.300      0.497           9.814                 1.02         10
      1          0               0    270.400   1514.700      2.557          18.585                 1.08         20
      1          0               0    176.200   1174.800      2.776          25.540                 1.18         30
      1          0               0    283.900   1316.600      6.077          33.275                  1.2         40
      1          0               0    164.500   1781.300      5.689          38.230                 1.31         50
      1          0               0    282.100   3175.800     14.151          43.862                 1.37         60
      1          0               0    225.500    676.000      1.048           9.541                 1.06         10
      1          0               0    145.500    613.700      1.369          18.265                  1.1         20
      1          0               0    332.200   3044.100      5.017          25.655                 1.17         30
      1          0               0    260.700   2374.800      5.679          33.443                  1.2         40
      1          0               0    374.400   2462.000     10.702          40.966                 1.22         50
      1          0               0    310.900   2897.900     13.434          44.540                 1.35         60
      1          0               0    154.300    562.600      0.728           9.163                  1.1         10
      1          0               0    192.800    925.100      1.778          19.191                 1.05         20
      1          0               0    164.300   1164.600      2.522          26.336                 1.15         30
      1          0               0    330.600   2543.400      7.144          33.934                 1.18         40
      1          0               0    220.700   2384.700      8.286          37.436                 1.34         50
      1          0               0    306.500   4092.500     13.925          41.288                 1.46         60
      1          0               0    313.400    955.900      1.374           9.621                 1.04         10
      1          0               0    129.400    788.900      1.198          18.574                 1.08         20
      1          0               0    200.400   1406.100      2.955          25.659                 1.17         30
      1          0               0    326.500   2352.600      7.310          30.265                 1.32         40
      1          0               0    231.900   2424.600      6.892          37.727                 1.33         50
      1          0               0    255.200   2870.100     11.279          42.237                 1.42         60
      1          0               0    193.600    812.900      0.872           9.673                 1.04         10
      1          0               0    279.700   1702.400      2.606          18.687                 1.07         20
      1          0               0    152.200   1407.500      2.442          25.398                 1.18         30
      1          0               0    258.500   2230.800      6.189          30.835                  1.3         40
      1          0               0    243.500   3379.800      7.416          37.720                 1.33         50
      1          0               0    231.300   3221.000     10.435          43.471                 1.38         60
      1          0               0    114.400    354.100      0.492           9.339                 1.08         10
      1          0               0    223.600   1513.500      2.135          18.892                 1.06         20
      1          0               0    211.200   1056.800      3.129          27.263                  1.1         30
      1          0               0    149.500   1440.800      3.822          32.534                 1.23         40
      1          0               0    215.800   1584.500      6.844          41.355                 1.21         50
      1          0               0    274.400   3307.100     11.807          47.924                 1.26         60
      1          0               0    288.200    630.800      1.286           9.331                 1.08         10
      1          0               0    296.300   1005.700      2.673          18.630                 1.08         20
      1          0               0    208.100   1325.300      3.087          26.018                 1.16         30
      1          0               0    347.200   3592.900      7.150          34.875                 1.15         40
      1          0               0    327.100   3708.400      9.882          41.141                 1.22         50
      1          0               0    329.500   3890.300     12.326          50.612                 1.19         60
      1          0               0     78.900    338.800      0.369           9.010                 1.14         10
      1          0               0    201.900   1331.200      1.944          17.300                 1.16         20
      1          0               0    171.500   1532.400      2.785          24.443                 1.23         30
      1          0               0    144.600   1730.900      3.690          30.941                  1.3         40
      1          0               0    130.400   1401.500      4.645          39.077                 1.28         50
      1          0               0    251.700   2094.500     10.978          46.717                 1.29         60
      1          0               0    234.200    685.800      1.034           9.812                 1.02         10
      1          0               0    146.900    708.600      1.398          17.788                 1.14         20
      1          0               0    223.000   1481.800      3.448          26.718                 1.14         30
      1          0               0    254.400   2453.400      6.290          31.431                 1.28         40
      1          0               0    205.000   2181.200      6.328          38.231                 1.31         50
      1          0               0    180.200   2703.000      7.668          43.024                  1.4         60
      1          0               0    172.100    521.000      0.753           9.690                 1.04         10
      1          0               0    280.400   1165.800      3.013          16.086                 1.25         20
      1          0               0    208.600   1530.200      3.821          23.437                 1.28         30
      1          0               0    223.500   1123.900      5.766          31.170                 1.29         40
      1          0               0    229.900   2008.600      9.715          35.316                 1.42         50
      1          0               0    203.900   2358.700     10.142          42.420                 1.42         60
      1          0               0     60.300    316.300      0.261           9.481                 1.06         10
      1          0               0    290.700   1702.500      2.625          18.989                 1.06         20
      1          0               0    261.000   1769.600      3.873          25.736                 1.17         30
      1          0               0    314.800   2895.800      7.479          30.919                  1.3         40
      1          0               0    404.500   5069.300     12.899          35.395                 1.42         50
      1          0               0    300.500   4612.900     13.201          41.946                 1.44         60
      1          0               0    224.100    788.000      1.054           8.132                 1.25         10
      1          0               0    219.900   1354.500      2.065          17.458                 1.15         20
      1          0               0    304.500   2350.700      4.802          24.437                 1.23         30
      1          0               0    248.500   2714.600      5.919          31.656                 1.27         40
      1          0               0    234.800   3097.700      7.832          38.276                 1.31         50
      1          0               0    191.000   2262.100      8.298          44.406                 1.35         60
      1          0               0    137.000    448.300      0.642           9.114                  1.1         10
      1          0               0    121.900    727.500      1.219          16.847                 1.19         20
      1          0               0    163.500   1163.100      2.465          26.385                 1.14         30
      1          0               0    229.600   1290.100      5.492          32.958                 1.22         40
      1          0               0    163.300   1631.300      6.182          37.642                 1.33         50
      1          0               0    197.900   2309.700      9.028          45.497                 1.32         60
      1          0               0    195.300    530.100      0.943           8.716                 1.15         10
      1          0               0    269.400   1261.600      2.765          17.137                 1.17         20
      1          0               0    253.000   1375.600      4.019          25.445                 1.18         30
      1          0               0    142.300   1493.600      3.344          32.581                 1.23         40
      1          0               0    191.300   1629.100      6.050          38.173                 1.31         50
      1          0               0    130.000   1371.300      5.678          43.897                 1.37         60
      1          0               0    216.000    445.800      0.914           9.847                 1.02         10
      1          0               0    261.800   1155.500      2.306          19.359                 1.04         20
      1          0               0    282.400   2609.400      4.215          26.610                 1.13         30
      1          0               0    323.400   1980.700      7.480          33.621                 1.19         40
      1          0               0    335.100   4599.300     11.062          37.993                 1.32         50
      1          0               0    343.600   3906.200     15.935          42.340                 1.42         60
      1          0               0    116.600    375.300      0.508           9.617                 1.04         10
      1          0               0    224.300   1029.900      1.973          18.659                 1.08         20
      1          0               0    260.200   1869.900      3.841          25.201                  1.2         30
      1          0               0    285.000   2331.400      5.896          32.761                 1.22         40
      1          0               0    297.700   2682.800      8.286          39.064                 1.28         50
      1          0               0    303.200   2414.200     10.937          44.954                 1.34         60
      1          0               0    155.800    542.300      0.719           9.427                 1.07         10
      1          0               0    101.300    873.700      0.954          17.327                 1.17         20
      1          0               0    300.400   2591.700      4.569          26.045                 1.16         30
      1          0               0    174.800   1884.400      3.730          33.366                  1.2         40
      1          0               0    294.500   3795.200      8.516          40.033                 1.25         50
      1          0               0    330.500   5444.300     13.809          42.686                 1.41         60
      1          0               0    115.500    457.800      0.529           9.319                 1.08         10
      1          0               0    299.700   1332.500      2.782          17.523                 1.15         20
      1          0               0    220.600   1247.300      3.116          26.398                 1.14         30
      1          0               0    229.100   2087.600      4.817          31.908                 1.26         40
      1          0               0    237.500   1796.600      6.618          40.219                 1.25         50
      1          0               0    243.700   2911.800      9.085          48.332                 1.24         60
      1          0               0    193.600    566.100      0.905           9.635                 1.04         10
      1          0               0    202.800    922.500      1.978          17.243                 1.16         20
      1          0               0    128.700   1098.600      2.296          22.212                 1.36         30
      1          0               0    200.100   1432.500      4.704          30.491                 1.32         40
      1          0               0    165.400   1971.100      5.710          34.725                 1.44         50
      1          0               0    177.800   2834.200      8.584          40.749                 1.48         60
      1          0               0    189.500    384.800      0.890           9.033                 1.11         10
      1          0               0    164.400    481.200      1.547          17.454                 1.15         20
      1          0               0    280.300   1048.200      4.432          25.051                  1.2         30
      1          0               0    236.200   1820.800      5.311          30.707                 1.31         40
      1          0               0    202.300   3054.000      7.154          35.354                 1.42         50
      1          0               0    317.700   4765.600     15.653          40.706                 1.48         60
      1          0               0     94.100    291.300      0.431           9.044                 1.12         10
      1          0               0    194.000    931.000      1.816          17.868                 1.12         20
      1          0               0    272.800   1246.700      3.833          27.113                 1.11         30
      1          0               0    339.900   1974.900      7.202          33.374                  1.2         40
      1          0               0    249.900   2658.800      7.507          39.245                 1.28         50
      1          0               0    313.400   4386.800     12.749          43.414                 1.38         60
      1          0               0    163.400    548.200      0.754           8.437                  1.2         10
      1          0               0    297.100   1134.300      2.791          17.287                 1.16         20
      1          0               0    254.100   1708.500      3.736          25.173                  1.2         30
      1          0               0    237.000   2590.500      5.773          30.610                 1.31         40
      1          0               0    313.900   4873.900      9.762          37.917                 1.32         50
      1          0               0    315.800   4501.700     12.926          46.237                  1.3         60
      1          0               0    177.100    685.700      0.762           9.622                 1.04         10
      1          0               0    253.000   1233.500      2.269          18.769                 1.07         20
      1          0               0    297.100   1649.300      4.326          26.392                 1.14         30
      1          0               0    168.800   1655.400      3.662          34.921                 1.15         40
      1          0               0    157.400   1880.900      4.647          39.652                 1.27         50
      1          0               0    163.300   1988.300      8.130          43.363                 1.39         60
      1          0               0    143.700    455.600      0.665           9.657                 1.04         10
      1          0               0    134.600    862.700      1.234          19.010                 1.05         20
      1          0               0    181.600   1027.800      2.541          27.914                 1.08         30
      1          0               0    296.900   2879.100      6.187          35.068                 1.14         40
      1          0               0    288.700   2495.900      8.294          40.909                 1.22         50
      1          0               0    288.800   3159.400     13.916          43.161                 1.39         60
      1          0               0    156.100    646.100      0.672           9.429                 1.07         10
      1          0               0    212.300   1397.900      1.851          18.171                 1.11         20
      1          0               0    390.800   1709.000      5.205          25.831                 1.16         30
      1          0               0    301.600   1930.300      5.840          33.438                  1.2         40
      1          0               0    221.700   2692.600      5.972          40.908                 1.23         50
      1          0               0    135.400   1844.100      4.840          49.917                 1.21         60
      1          0               0     62.100    210.200      0.277           8.866                 1.14         10
      1          0               0    295.300    763.900      2.533          18.650                 1.07         20
      1          0               0    172.800   1087.200      2.428          25.899                 1.16         30
      1          0               0    188.300   1324.800      3.917          31.820                 1.26         40
      1          0               0    337.700   3290.500      9.142          38.445                  1.3         50
      1          0               0    346.400   4072.700     13.645          41.978                 1.43         60
      1          0               0    199.300    385.500      0.866           9.415                 1.07         10
      1          0               0    238.000   1098.500      2.330          17.792                 1.13         20
      1          0               0    148.800   1166.900      2.293          24.822                 1.21         30
      1          0               0    245.500   1860.000      5.258          33.073                 1.21         40
      1          0               0    211.500   1877.200      7.235          38.147                 1.31         50
      1          0               0    349.400   2828.900     14.432          45.432                 1.32         60
      1          0               0     79.400    165.700      0.362           8.917                 1.12         10
      1          0               0    130.400    524.200      1.170          18.158                  1.1         20
      1          0               0    253.900   1510.800      4.061          23.010                 1.31         30
      1          0               0    213.200   1832.500      4.976          28.984                 1.38         40
      1          0               0    265.600   3308.200      8.189          35.924                  1.4         50
      1          0               0    276.900   3260.900     11.180          42.616                 1.41         60
      1          0               0    152.300    540.500      0.672           9.582                 1.05         10
      1          0               0    163.500   1045.700      1.550          17.439                 1.16         20
      1          0               0    163.200   1060.500      2.383          25.396                 1.19         30
      1          0               0    208.300   1272.600      4.420          32.599                 1.23         40
      1          0               0    202.300   2301.400      5.739          41.100                 1.22         50
      1          0               0    291.000   4772.300     10.819          46.075                 1.31         60
      1          0               0    114.500    316.600      0.500           9.539                 1.06         10
      1          0               0     76.100    544.000      0.714          17.537                 1.14         20
      1          0               0    156.700    701.100      2.183          27.317                  1.1         30
      1          0               0    129.100   1203.600      3.100          32.139                 1.25         40
      1          0               0    257.500   2383.500     10.110          37.350                 1.34         50
      1          0               0    202.600   2102.300     10.958          44.432                 1.36         60
      1          0               0    157.900    661.900      0.702           9.491                 1.06         10
      1          0               0    259.700   1337.300      2.418          18.876                 1.06         20
      1          0               0    217.000   1134.000      2.946          27.899                 1.08         30
      1          0               0    217.500   1585.200      4.165          36.264                 1.11         40
      1          0               0    253.800   2655.500      6.605          42.770                 1.17         50
      1          0               0    201.200   2663.300      7.318          45.740                 1.32         60
      1          0               0    285.800    687.100      1.216           9.820                 1.02         10
      1          0               0    128.300    875.900      1.212          16.339                 1.23         20
      1          0               0    348.400   2523.800      5.258          22.857                 1.31         30
      1          0               0    326.800   2985.200      7.045          32.071                 1.25         40
      1          0               0    234.300   2733.300      6.598          37.016                 1.35         50
      1          0               0    370.500   5119.100     14.259          41.433                 1.45         60
      1          0               0    183.000    604.200      0.804           9.759                 1.03         10
      1          0               0    222.100    884.300      2.090          18.325                 1.09         20
      1          0               0    343.400   1812.800      4.650          28.309                 1.06         30
      1          0               0    212.000   1499.600      4.288          35.273                 1.14         40
      1          0               0    288.200   1575.900      8.318          39.253                 1.28         50
      1          0               0    313.600   2266.900     13.137          42.621                 1.41         60
      1          0               0    240.800    572.700      1.024           9.846                 1.02         10
      1          0               0    278.700   1066.700      2.472          19.351                 1.04         20
      1          0               0    292.900   1980.000      4.107          27.017                 1.12         30
      1          0               0    223.300   1909.900      4.669          32.941                 1.22         40
      1          0               0    258.200   2879.500      8.085          36.157                 1.39         50
      1          0               0    186.200   2391.500      7.505          42.619                 1.41         60
      1          0               0    216.200    727.700      0.955           9.426                 1.07         10
      1          0               0    290.800   1160.200      2.822          16.149                 1.24         20
      1          0               0    307.500   1546.600      4.442          25.981                 1.16         30
      1          0               0    281.800   1913.100      5.471          35.584                 1.13         40
      1          0               0    230.200   1711.100      6.509          42.307                 1.18         50
      1          0               0    371.300   3215.200     11.619          48.983                 1.23         60
      1          0               0    172.200    785.400      0.714           9.215                 1.09         10
      1          0               0    236.000   1469.800      2.119          17.285                 1.17         20
      1          0               0    209.400   2204.300      3.024          25.550                 1.19         30
      1          0               0    202.600   2268.700      4.219          32.504                 1.24         40
      1          0               0    236.000   2454.100      5.985          40.548                 1.24         50
      1          0               0    236.500   2900.400      7.969          43.940                 1.37         60
      1          0               0    237.700    726.100      1.013           8.479                 1.19         10
      1          0               0    214.500   1539.200      2.245          14.708                 1.37         20
      1          0               0    213.600   1788.200      2.951          24.254                 1.24         30
      1          0               0    207.400   2328.500      4.261          31.929                 1.26         40
      1          0               0    238.800   2929.300      7.761          34.531                 1.45         50
      1          0               0    258.500   4151.300      9.467          41.838                 1.44         60
      1          0               0    210.200    728.800      1.055           8.115                 1.24         10
      1          0               0    217.700   1271.900      2.004          16.349                 1.23         20
      1          0               0    142.800   1285.600      2.230          23.847                 1.27         30
      1          0               0    314.100   2931.900      6.243          29.330                 1.37         40
      1          0               0    222.200   2865.400      5.783          36.125                 1.39         50
      1          0               0    177.400   2730.500      5.986          43.472                 1.38         60
      1          0               0    197.000    698.100      0.806           9.785                 1.02         10
      1          0               0    316.000   1033.900      2.491          19.167                 1.05         20
      1          0               0    249.500   1827.600      3.162          28.162                 1.07         30
      1          0               0    138.800    921.000      2.658          35.388                 1.13         40
      1          0               0    322.900   2327.400      7.959          43.032                 1.17         50
      1          0               0    134.900   1183.900      5.798          47.910                 1.27         60
      1          0               0    238.500    593.700      1.005           9.665                 1.04         10
      1          0               0    145.900    596.500      1.244          17.162                 1.17         20
      1          0               0    280.200   1525.700      3.640          25.965                 1.16         30
      1          0               0    228.400   1379.700      4.146          34.755                 1.15         40
      1          0               0    262.800   2797.200      6.623          40.847                 1.23         50
      1          0               0    274.600   2643.500      8.969          45.990                 1.31         60
      1          0               0    139.400    388.500      0.580           9.393                 1.07         10
      1          0               0     91.800    732.400      0.838          17.268                 1.16         20
      1          0               0    177.400   1250.200      2.603          25.715                 1.17         30
      1          0               0    303.400   2208.000      5.565          35.128                 1.14         40
      1          0               0    226.200   2214.800      5.702          43.737                 1.15         50
      1          0               0    332.400   2812.100     11.990          49.203                 1.22         60
      1          0               0    122.900    404.100      0.587           7.683                 1.32         10
      1          0               0    222.300    911.500      2.424          14.100                 1.42         20
      1          0               0    108.600   1031.200      1.919          21.636                 1.39         30
      1          0               0    205.900   1806.800      6.140          27.904                 1.44         40
      1          0               0    280.700   2635.000     10.742          34.287                 1.46         50
      1          0               0    128.800   1946.800      6.140          38.663                 1.55         60
      1          0               0    100.900    419.700      0.449           9.233                  1.1         10
      1          0               0    285.900   1388.300      2.485          18.545                 1.08         20
      1          0               0    227.700   1089.300      3.628          24.615                 1.22         30
      1          0               0    229.600   1701.400      5.942          30.395                 1.33         40
      1          0               0    215.800   2011.300      7.743          37.309                 1.35         50
      1          0               0    240.200   3390.800      9.748          42.903                  1.4         60
      1          0               0    167.400    444.700      0.680           9.690                 1.04         10
      1          0               0    208.300    532.200      1.749          17.761                 1.13         20
      1          0               0    238.800   1430.400      3.087          25.323                 1.19         30
      1          0               0    271.200   1309.100      4.921          32.690                 1.23         40
      1          0               0    262.400   1679.000      6.517          38.866                 1.29         50
      1          0               0    205.100   2019.800      7.709          43.720                 1.38         60
      1          0               0    106.600    382.300      0.479           9.340                 1.07         10
      1          0               0    138.900    825.800      1.164          18.485                 1.09         20
      1          0               0    127.100    810.200      1.659          26.801                 1.13         30
      1          0               0    149.900   1508.200      2.875          32.099                 1.25         40
      1          0               0    142.100   1547.900      3.900          38.049                 1.32         50
      1          0               0    175.400   2008.600      5.878          44.719                 1.34         60
      1          0               0    158.600    388.500      0.673           8.741                 1.15         10
      1          0               0    126.900    824.100      1.200          15.701                 1.28         20
      1          0               0    153.800   1132.800      2.139          24.336                 1.24         30
      1          0               0    164.100   1842.900      3.547          29.138                 1.38         40
      1          0               0    152.900   2472.500      4.390          35.902                  1.4         50
      1          0               0    242.700   3818.100      8.782          43.668                 1.38         60
      1          0               0    109.900    283.900      0.503           8.761                 1.15         10
      1          0               0    227.400   1243.000      2.296          16.340                 1.23         20
      1          0               0    242.700   2366.300      3.690          24.367                 1.24         30
      1          0               0    330.000   3315.300      6.649          34.381                 1.17         40
      1          0               0    315.400   3005.300      9.210          40.209                 1.25         50
      1          0               0    276.200   4246.800     11.482          46.638                 1.29         60
      1          0               0    310.900    560.200      1.330           9.830                 1.02         10
      1          0               0    254.300    775.700      2.260          17.128                 1.17         20
      1          0               0    318.700   1449.300      4.622          25.504                 1.18         30
      1          0               0    123.800   1045.400      2.636          31.926                 1.26         40
      1          0               0    280.700   1564.800      7.666          39.144                 1.29         50
      1          0               0    255.300   2357.100      9.770          44.636                 1.35         60
      1          0               0    206.200    757.900      0.857           9.736                 1.03         10
      1          0               0     86.900    449.200      0.729          18.978                 1.06         20
      1          0               0    133.600    808.600      1.952          24.207                 1.24         30
      1          0               0    265.500   1654.100      4.929          31.318                 1.28         40
      1          0               0     93.100   1003.900      2.636          38.113                 1.32         50
      1          0               0    170.600   1491.500      5.663          44.137                 1.36         60
      1          0               0    229.900    453.400      0.924           9.741                 1.03         10
      1          0               0    231.800   1040.500      2.052          18.575                 1.08         20
      1          0               0    191.300   1404.200      2.668          25.656                 1.17         30
      1          0               0    259.200   2643.600      5.671          32.980                 1.22         40
      1          0               0    155.800   1895.100      3.951          39.132                 1.28         50
      1          0               0    393.000   3767.400     12.597          44.915                 1.34         60
      1          0               0    127.700    576.500      0.608           8.156                 1.24         10
      1          0               0    183.600   1031.600      1.628          17.728                 1.13         20
      1          0               0    218.900   1635.000      3.207          25.636                 1.17         30
      1          0               0    188.100   1745.600      3.804          33.959                 1.18         40
      1          0               0    251.400   2648.300      6.831          41.381                 1.21         50
      1          0               0    265.000   3214.700      9.204          45.684                 1.32         60
      1          0               0    115.300    414.400      0.471           9.752                 1.03         10
      1          0               0    188.300    783.500      1.584          18.196                  1.1         20
      1          0               0    236.500   1565.800      3.111          26.493                 1.13         30
      1          0               0    332.500   2409.700      7.187          29.468                 1.36         40
      1          0               0    343.500   3298.900     11.142          36.085                 1.39         50
      1          0               0    367.000   4641.900     15.017          44.813                 1.34         60
      1          0               0     57.000    198.700      0.240           9.565                 1.05         10
      1          0               0    144.000    966.400      1.338          17.258                 1.17         20
      1          0               0    135.800   1063.300      2.108          25.211                  1.2         30
      1          0               0    296.300   1410.500      6.402          34.639                 1.16         40
      1          0               0    310.300   2468.700      8.123          40.828                 1.23         50
      1          0               0    254.600   2633.600     10.239          43.914                 1.37         60
      1          0               0    178.100    335.400      0.778           9.054                 1.11         10
      1          0               0    148.900    348.800      1.250          18.980                 1.05         20
      1          0               0    168.100    925.700      2.083          27.888                 1.08         30
      1          0               0    118.100   1179.600      2.155          33.648                 1.19         40
      1          0               0    223.000   2554.200      5.741          39.955                 1.25         50
      1          0               0    263.300   2880.800      9.355          44.384                 1.35         60
      1          0               0    181.300    495.300      0.859           8.747                 1.15         10
      1          0               0    219.100   1051.700      2.018          17.216                 1.17         20
      1          0               0    212.900   1054.300      3.172          26.713                 1.13         30
      1          0               0    195.800   1426.600      4.511          32.394                 1.24         40
      1          0               0    206.000   1711.900      5.774          40.617                 1.23         50
      1          0               0    166.000   1865.400      6.774          48.907                 1.23         60
      1          0               0    206.300    934.400      0.912           9.235                 1.09         10
      1          0               0    179.100    701.100      1.596          17.447                 1.15         20
      1          0               0    141.100    823.500      1.885          25.821                 1.16         30
      1          0               0    153.900   1051.600      2.810          33.564                  1.2         40
      1          0               0    173.900   1151.100      4.273          40.660                 1.23         50
      1          0               0    187.800   1640.500      5.860          45.533                 1.32         60
      1          0               0     59.800    161.400      0.256           9.231                 1.09         10
      1          0               0    140.000    816.600      1.397          15.202                 1.33         20
      1          0               0    257.300   1570.800      3.691          23.298                 1.29         30
      1          0               0    154.100   1486.800      3.199          30.043                 1.34         40
      1          0               0    205.700   2079.800      5.714          39.039                 1.28         50
      1          0               0    239.600   2718.400      9.041          45.580                 1.32         60
      1          0               0    123.000    396.800      0.529           9.586                 1.05         10
      1          0               0    241.300   1080.600      2.208          17.189                 1.17         20
      1          0               0    175.400    940.000      2.357          25.605                 1.17         30
      1          0               0    134.600   1413.700      2.878          30.744                  1.3         40
      1          0               0    172.400   1693.600      4.927          36.477                 1.37         50
      1          0               0    198.500   3233.000      7.619          44.340                 1.36         60
      1          0               0    243.500    536.800      1.039           9.651                 1.04         10
      1          0               0    264.100   1690.700      2.464          17.365                 1.16         20
      1          0               0    313.000   1502.700      4.492          24.439                 1.23         30
      1          0               0    325.700   3467.700      6.955          30.018                 1.33         40
      1          0               0    276.100   3142.700      8.779          37.222                 1.35         50
      1          0               0    245.300   2927.200      9.390          43.703                 1.38         60
      1          0               0    195.900    419.100      0.803           9.795                 1.02         10
      1          0               0    214.700    746.600      1.878          17.767                 1.13         20
      1          0               0    195.400   1273.000      3.130          24.003                 1.25         30
      1          0               0    264.700   2725.000      5.876          30.292                 1.33         40
      1          0               0    370.400   3677.700     10.312          36.803                 1.36         50
      1          0               0    251.400   3110.600      9.971          39.760                 1.51         60
      1          0               0    237.600    473.000      0.959           9.769                 1.03         10
      1          0               0    178.700   1099.800      1.520          18.277                 1.11         20
      1          0               0    203.700   1454.400      2.900          24.100                 1.25         30
      1          0               0    110.100   1151.300      2.384          30.257                 1.33         40
      1          0               0    193.100   2159.200      5.826          37.042                 1.36         50
      1          0               0    189.800   2548.900      8.047          43.793                 1.38         60
      1          0               0    221.800    479.100      0.941           8.929                 1.12         10
      1          0               0    232.100   1269.100      2.194          17.843                 1.12         20
      1          0               0     68.000    502.600      1.005          25.788                 1.17         30
      1          0               0    231.900   1597.300      5.051          33.180                 1.21         40
      1          0               0    148.500   1719.200      4.938          39.300                 1.28         50
      1          0               0    112.300   1865.100      5.086          42.179                 1.44         60
      1          0               0    229.300    373.400      0.944           9.679                 1.04         10
      1          0               0    176.200    776.700      1.885          17.592                 1.14         20
      1          0               0    212.200   1391.300      3.341          25.456                 1.18         30
      1          0               0    245.500   1471.100      4.370          34.941                 1.15         40
      1          0               0    228.900   1762.800      5.559          41.297                 1.22         50
      1          0               0    245.200   2249.200      7.731          46.871                 1.28         60
      1          0               0    276.000    717.100      1.125           9.701                 1.03         10
      1          0               0    211.600    989.100      1.753          18.509                 1.08         20
      1          0               0    232.100   1032.000      3.554          26.100                 1.15         30
      1          0               0    400.000   3138.300      7.582          33.656                 1.19         40
      1          0               0    274.400   2591.900      7.336          39.156                 1.28         50
      1          0               0    209.500   1380.500      6.859          45.355                 1.32         60
      1          0               0     78.500    279.100      0.343           9.494                 1.06         10
      1          0               0    230.300   1280.300      1.916          18.488                 1.08         20
      1          0               0    261.200   1458.200      3.310          26.362                 1.14         30
      1          0               0    297.300   2832.200      5.261          34.209                 1.17         40
      1          0               0    256.600   2125.100      5.727          43.507                 1.15         50
      1          0               0    327.300   2977.100      9.388          47.919                 1.26         60
      1          0               0    240.200    531.000      0.965           9.629                 1.04         10
      1          0               0    284.400   1528.800      2.314          18.758                 1.07         20
      1          0               0    202.800   1618.800      2.633          27.314                 1.11         30
      1          0               0    263.400   2295.200      4.750          33.833                 1.19         40
      1          0               0    237.600   3084.100      6.030          40.951                 1.23         50
      1          0               0    351.300   3505.700     10.389          46.315                  1.3         60
      1          0               0    228.500    817.500      0.925           9.563                 1.05         10
      1          0               0    254.800   1256.900      2.049          18.192                  1.1         20
      1          0               0    255.100   2169.200      3.587          24.086                 1.25         30
      1          0               0    229.100   1525.200      4.771          31.426                 1.28         40
      1          0               0    332.700   3613.800     10.171          38.436                  1.3         50
      1          0               0    273.000   2900.900     10.976          47.141                 1.28         60
      1          0               0    219.600    819.100      0.919           9.449                 1.07         10
      1          0               0    232.600    977.100      1.929          18.890                 1.07         20
      1          0               0    221.000   1780.700      2.981          27.052                 1.12         30
      1          0               0    199.900   2209.200      3.762          35.333                 1.14         40
      1          0               0    150.400   1846.000      4.153          40.616                 1.24         50
      1          0               0    216.200   2693.500      8.487          45.023                 1.34         60
      1          0               0    256.600    826.300      1.092           9.323                 1.09         10
      1          0               0    366.400   1737.200      3.051          19.070                 1.05         20
      1          0               0    234.400    955.200      3.072          26.279                 1.14         30
      1          0               0    116.900   1160.800      2.381          33.825                 1.19         40
      1          0               0    226.700   2530.400      6.279          40.490                 1.24         50
      1          0               0    232.800   3115.000     15.377          45.625                 1.32         60
      1          0               0     96.400    393.800      0.428           9.039                 1.12         10
      1          0               0    273.400   1233.400      2.248          19.267                 1.04         20
      1          0               0    186.200   1417.800      2.728          22.631                 1.33         30
      1          0               0    190.500   2021.700      3.829          30.608                 1.32         40
      1          0               0    137.200   1569.300      4.150          34.236                 1.47         50
      1          0               0    191.500   2472.700      7.825          40.832                 1.47         60
      1          0               0    207.700    739.400      0.869           9.397                 1.07         10
      1          0               0    197.800    902.600      1.678          18.670                 1.08         20
      1          0               0    285.400   1700.200      3.858          26.691                 1.13         30
      1          0               0    257.200   1784.400      5.389          32.743                 1.23         40
      1          0               0    334.300   3160.700      9.093          38.771                 1.29         50
      1          0               0    233.600   3848.100      9.170          42.836                  1.4         60
      1          0               0    121.100    372.200      0.495           9.713                 1.03         10
      1          0               0    227.600    874.700      1.974          17.749                 1.13         20
      1          0               0    205.900   1271.400      2.718          27.052                 1.11         30
      1          0               0    271.800   2016.800      4.705          36.187                 1.11         40
      1          0               0    239.500   2434.900      7.543          38.095                 1.31         50
      1          0               0    297.600   2610.200     10.397          43.705                 1.38         60
      1          0               0     92.800    329.300      0.387           9.314                 1.08         10
      1          0               0    184.300    981.000      1.512          18.781                 1.07         20
      1          0               0    296.100   1931.200      3.764          26.983                 1.11         30
      1          0               0    229.500   1577.200      4.303          34.008                 1.18         40
      1          0               0    182.200   1891.200      6.447          36.997                 1.35         50
      1          0               0    228.300   2123.000     10.321          42.269                 1.42         60
      1          0               0    227.800    734.200      0.965           9.645                 1.04         10
      1          0               0    279.400   1273.500      2.529          18.759                 1.07         20
      1          0               0    195.000   1178.800      4.264          23.935                 1.26         30
      1          0               0    288.400   2453.600      5.584          30.391                 1.33         40
      1          0               0    305.400   2261.400      7.917          37.460                 1.34         50
      1          0               0    201.200   2799.300      7.886          40.248                  1.5         60
      1          0               0     81.700    320.700      0.343           9.186                  1.1         10
      1          0               0    288.200   1326.600      2.439          17.644                 1.14         20
      1          0               0    219.800   1423.700      2.965          24.748                 1.21         30
      1          0               0    174.800   1742.700      3.466          29.864                 1.34         40
      1          0               0    357.200   4464.700      8.834          38.705                  1.3         50
      1          0               0    153.900   2336.100      5.639          43.322                 1.39         60
      1          0               0    152.600    355.400      0.604           9.757                 1.03         10
      1          0               0    265.200   1241.100      2.121          18.297                  1.1         20
      1          0               0    187.400    833.000      2.373          24.678                 1.22         30
      1          0               0    295.800   1796.400      5.236          32.919                 1.22         40
      1          0               0    222.200   1916.200      5.928          37.075                 1.35         50
      1          0               0    242.500   2494.000      9.976          43.515                 1.38         60
      1          0               0    142.200    503.100      0.594           9.441                 1.07         10
      1          0               0    150.700    814.700      1.268          18.943                 1.06         20
      1          0               0    144.700    965.700      2.008          26.161                 1.15         30
      1          0               0    162.800   1450.600      3.435          31.628                 1.27         40
      1          0               0    156.800   1705.000      4.501          36.692                 1.37         50
      1          0               0    107.300   1288.200      4.242          43.407                 1.39         60
      1          0               0     93.500    348.100      0.421           8.632                 1.17         10
      1          0               0    166.900    620.100      1.509          17.649                 1.13         20
      1          0               0    111.300    728.900      1.541          25.367                 1.18         30
      1          0               0    180.600   1182.300      3.853          28.218                 1.42         40
      1          0               0    310.900   3647.800      9.381          34.756                 1.44         50
      1          0               0    209.500   1633.700      8.131          40.105                  1.5         60
      1          0               0    134.100    381.800      0.551           9.773                 1.03         10
      1          0               0    163.400    593.200      1.347          19.402                 1.03         20
      1          0               0    206.000   1490.800      2.825          26.229                 1.15         30
      1          0               0    228.900   2115.000      4.197          34.919                 1.15         40
      1          0               0    397.700   4213.000     10.148          40.518                 1.24         50
      1          0               0    326.300   3797.400     11.663          45.368                 1.33         60
      1          0               0    151.800    513.000      0.647           9.423                 1.07         10
      1          0               0    191.100    576.400      1.520          19.289                 1.04         20
      1          0               0    248.500   1109.300      3.081          27.118                 1.11         30
      1          0               0    115.000    993.700      2.177          32.856                 1.22         40
      1          0               0    211.200   1423.600      4.971          40.285                 1.24         50
      1          0               0    229.400   2367.500      6.764          47.488                 1.27         60
      1          0               0    202.100    323.000      0.804           9.853                 1.02         10
      1          0               0    340.800   1722.000      2.743          18.372                 1.09         20
      1          0               0    194.500   1167.800      2.464          26.590                 1.13         30
      1          0               0    164.200   1516.400      3.200          32.907                 1.22         40
      1          0               0    278.200   4042.500      6.367          40.965                 1.22         50
      1          0               0    310.400   3995.300      8.907          47.617                 1.26         60
      1          0               0     77.400    383.700      0.312           9.434                 1.07         10
      1          0               0    201.500    887.200      1.703          16.761                  1.2         20
      1          0               0    331.500   2377.000      4.503          24.421                 1.23         30
      1          0               0    213.700   1559.900      3.989          33.241                 1.21         40
      1          0               0    213.200   2293.300      5.315          39.671                 1.26         50
      1          0               0    235.100   2929.100      7.945          44.433                 1.36         60
      1          0               0    249.400    733.600      0.985           9.504                 1.06         10
      1          0               0    256.500    951.100      2.044          18.663                 1.07         20
      1          0               0    238.700   1538.300      3.056          26.454                 1.14         30
      1          0               0    354.600   1890.100      5.929          35.640                 1.13         40
      1          0               0    332.100   1797.300      7.274          44.209                 1.13         50
      1          0               0    239.400   2267.900      7.565          49.709                 1.21         60
      1          0               0    108.400    354.400      0.465           9.285                 1.08         10
      1          0               0    134.900    640.800      1.136          18.831                 1.07         20
      1          0               0    221.500    937.500      2.897          27.372                  1.1         30
      1          0               0    181.800   1342.100      3.400          35.792                 1.12         40
      1          0               0    361.300   1669.300      8.682          44.479                 1.13         50
      1          0               0    277.700   3902.400      9.014          50.225                  1.2         60
      1          0               0    186.500    411.400      0.781           9.712                 1.03         10
      1          0               0    240.200   1295.900      2.075          17.755                 1.13         20
      1          0               0    218.000   1566.800      2.915          24.420                 1.23         30
      1          0               0    351.100   2278.500      6.225          35.334                 1.13         40
      1          0               0    171.600   2049.700      4.469          41.538                 1.21         50
      1          0               0    247.200   2820.200      7.673          49.063                 1.22         60
      1          0               0    312.500   1016.200      1.290           8.742                 1.15         10
      1          0               0    342.500   1809.800      2.795          17.940                 1.12         20
      1          0               0    308.100   2108.400      4.039          25.317                 1.19         30
      1          0               0    309.000   3312.100      5.572          33.656                 1.19         40
      1          0               0    290.400   3281.600      6.774          41.011                 1.22         50
      1          0               0    254.800   2779.100      7.966          42.904                  1.4         60
      1          0               0     92.900    416.400      0.410           9.116                 1.11         10
      1          0               0    182.500    923.500      1.527          18.499                 1.09         20
      1          0               0    190.200   1195.200      2.406          27.125                 1.11         30
      1          0               0    226.600   1716.800      4.045          34.038                 1.18         40
      1          0               0    108.700    909.600      2.751          40.508                 1.24         50
      1          0               0    223.700   2734.300      7.110          47.077                 1.28         60
