success  collision  collision_obst   makespan   flowtime    runtime     mean_groups     mean_groups_size     number
      1          0               0    169.800    362.500      0.662           9.641                 1.04         10
      1          0               0     97.700    500.400      0.825          18.276                  1.1         20
      1          0               0    244.900   1193.400      3.156          25.436                 1.18         30
      1          0               0    161.800   1433.500      2.986          33.124                 1.21         40
      1          0               0    218.000   2369.200      5.548          40.385                 1.24         50
      1          0               0    244.900   2850.300      8.455          46.782                 1.29         60
      1          0               0    102.600    228.200      0.429           8.627                 1.16         10
      1          0               0    290.300   1256.300      2.512          17.094                 1.17         20
      1          0               0    148.700   1317.600      2.645          24.059                 1.26         30
      1          0               0    218.800   1302.700      4.466          33.631                  1.2         40
      1          0               0    125.700   1218.300      3.566          38.517                  1.3         50
      1          0               0    181.100   1177.300      6.824          43.554                 1.38         60
      1          0               0    285.700   1231.000      1.170           9.272                 1.09         10
      1          0               0    182.100   1174.100      1.668          17.728                 1.14         20
      1          0               0    212.800   1878.800      3.546          23.851                 1.27         30
      1          0               0    282.800   2538.200      6.805          30.294                 1.33         40
      1          0               0    294.000   3009.400      8.750          36.455                 1.38         50
      1          0               0    244.800   2932.700      9.585          41.752                 1.44         60
      1          0               0    299.900    589.200      1.280           9.732                 1.03         10
      1          0               0    259.100    946.600      2.244          18.509                 1.08         20
      1          0               0    231.800   1519.400      3.089          27.246                 1.11         30
      1          0               0    278.600   1898.800      5.383          35.126                 1.15         40
      1          0               0    280.000   2276.000      7.561          40.277                 1.25         50
      1          0               0    311.900   2540.400     10.866          47.392                 1.27         60
      1          0               0    205.400    929.300      0.846           9.508                 1.06         10
      1          0               0    205.800   1352.800      1.930          17.285                 1.16         20
      1          0               0    166.700   1280.300      2.379          25.305                 1.19         30
      1          0               0    214.800   1545.900      4.162          33.889                 1.18         40
      1          0               0    196.900   1750.200      5.352          39.504                 1.27         50
      1          0               0    285.200   3124.200     10.103          43.434                 1.39         60
      1          0               0    113.300    476.900      0.591           7.500                 1.37         10
      1          0               0    203.400    764.400      1.948          15.904                 1.27         20
      1          0               0    205.300   1131.100      3.132          23.525                 1.28         30
      1          0               0    288.600   1429.300      6.036          32.405                 1.24         40
      1          0               0    238.400   1911.400      6.560          38.323                 1.31         50
      1          0               0    184.500   1927.900      7.496          41.525                 1.45         60
      1          0               0    193.100    544.300      0.829           9.886                 1.01         10
      1          0               0    402.000   1103.600      3.577          18.816                 1.06         20
      1          0               0    297.400    962.600      4.089          26.255                 1.15         30
      1          0               0    103.300    863.500      2.069          35.279                 1.14         40
      1          0               0    138.100   1436.300      4.488          38.980                 1.29         50
      1          0               0    239.400   2052.600      9.649          45.025                 1.33         60
      1          0               0    217.500    703.900      0.968           8.825                 1.14         10
      1          0               0    148.900    907.500      1.368          17.334                 1.16         20
      1          0               0    194.500   1235.500      3.123          23.525                 1.28         30
      1          0               0    217.400   2311.300      5.033          30.580                 1.31         40
      1          0               0    239.700   1762.000      6.846          38.923                 1.29         50
      1          0               0    286.100   1815.100     10.674          44.717                 1.35         60
      1          0               0    110.200    318.800      0.477           9.742                 1.03         10
      1          0               0     99.100    500.500      0.893          18.415                 1.09         20
      1          0               0    167.500    693.700      2.495          25.647                 1.17         30
      1          0               0    207.500   1800.900      5.074          32.210                 1.24         40
      1          0               0    269.400   2043.100      8.394          37.471                 1.34         50
      1          0               0    216.300   2315.800      9.153          43.522                 1.38         60
      1          0               0    185.000    768.400      0.805           9.309                 1.09         10
      1          0               0    148.000    791.400      1.392          16.774                  1.2         20
      1          0               0    321.800   1676.200      4.634          25.512                 1.18         30
      1          0               0    299.200   2058.900      6.072          31.375                 1.28         40
      1          0               0    179.000   1879.000      5.851          35.990                 1.39         50
      1          0               0    304.800   2724.000     11.002          43.643                 1.38         60
      1          0               0    327.800   1008.600      1.361           9.599                 1.05         10
      1          0               0    251.600   1312.300      2.237          18.456                  1.1         20
      1          0               0    249.900   1402.700      3.321          28.485                 1.06         30
      1          0               0    274.700   2077.200      5.271          35.601                 1.13         40
      1          0               0    167.900   1453.000      4.471          42.272                 1.19         50
      1          0               0    193.000   1985.300      6.491          49.119                 1.23         60
      1          0               0    167.000    453.700      0.696           9.769                 1.03         10
      1          0               0    281.100   1179.000      2.425          18.036                 1.11         20
      1          0               0    267.200   1784.200      3.737          25.834                 1.16         30
      1          0               0    257.200   2355.800      5.338          32.105                 1.25         40
      1          0               0    227.700   2453.400      6.245          39.385                 1.27         50
      1          0               0    267.200   3030.700     11.345          43.021                  1.4         60
      1          0               0     91.900    239.800      0.403           8.973                 1.12         10
      1          0               0    194.500    977.300      1.845          16.399                 1.23         20
      1          0               0    283.800   1434.100      4.379          24.637                 1.23         30
      1          0               0    265.500   1701.100      5.363          31.659                 1.27         40
      1          0               0    249.400   2546.900      7.765          37.295                 1.35         50
      1          0               0    215.100   2271.200      8.953          44.539                 1.35         60
      1          0               0    286.700    603.800      1.224           9.739                 1.03         10
      1          0               0    268.200    998.100      2.569          16.793                 1.19         20
      1          0               0    190.400   1291.500      2.801          25.593                 1.18         30
      1          0               0    281.900   1767.300      5.392          35.396                 1.13         40
      1          0               0    290.300   2237.800      7.444          43.715                 1.15         50
      1          0               0    327.000   3157.600     10.827          50.035                  1.2         60
      1          0               0    212.700    503.700      0.904           9.692                 1.04         10
      1          0               0    207.000    917.000      1.778          18.907                 1.06         20
      1          0               0    169.500   1160.300      2.396          26.433                 1.14         30
      1          0               0    169.900   1129.800      3.364          32.749                 1.22         40
      1          0               0    216.200   1946.900      5.998          40.039                 1.25         50
      1          0               0    179.100   1480.100      6.886          42.276                 1.43         60
      1          0               0    203.300    464.400      0.873           9.484                 1.06         10
      1          0               0    311.900   1440.400      3.138          18.654                 1.09         20
      1          0               0    200.500   1241.100      2.775          27.051                 1.11         30
      1          0               0    131.600   1468.400      3.042          30.835                  1.3         40
      1          0               0    122.000   1159.300      3.913          36.911                 1.36         50
      1          0               0    222.200   1684.300      7.959          46.258                  1.3         60
      1          0               0    146.000    472.200      0.632           8.957                 1.12         10
      1          0               0    113.300   1006.200      1.343          16.043                 1.27         20
      1          0               0    245.200   1945.500      3.825          25.196                 1.19         30
      1          0               0    264.500   2730.600      5.932          30.347                 1.32         40
      1          0               0    276.200   3211.500      8.573          37.437                 1.34         50
      1          0               0    233.900   2846.800      9.962          41.588                 1.45         60
      1          0               0     76.200    212.400      0.344           8.823                 1.14         10
      1          0               0    324.800   1200.400      2.966          16.395                 1.22         20
      1          0               0    368.800   2064.800      5.035          25.319                 1.19         30
      1          0               0    312.200   2468.600      6.483          32.226                 1.25         40
      1          0               0    238.000   2722.900      6.424          39.674                 1.26         50
      1          0               0    275.300   3131.800     10.625          44.916                 1.34         60
      1          0               0    134.500    413.800      0.601           8.783                 1.14         10
      1          0               0    203.500    929.000      1.857          17.418                 1.15         20
      1          0               0    210.700   1647.200      3.034          25.065                  1.2         30
      1          0               0    205.400   1770.000      4.475          31.230                 1.29         40
      1          0               0    237.800   1955.700      6.951          38.527                  1.3         50
      1          0               0    189.700   2076.100      7.962          43.820                 1.37         60
      1          0               0    167.200    524.900      0.708           9.471                 1.06         10
      1          0               0    185.700    909.600      1.771          16.582                 1.21         20
      1          0               0    327.400   2622.200      4.703          24.254                 1.24         30
      1          0               0    326.800   2396.500      6.636          32.098                 1.25         40
      1          0               0    304.500   2849.200      8.278          37.975                 1.32         50
      1          0               0    318.200   3615.500     11.141          45.732                 1.31         60
      1          0               0    196.900    749.600      0.834           9.260                 1.09         10
      1          0               0    275.400    569.800      2.458          16.660                  1.2         20
      1          0               0    227.200   1282.300      3.288          23.022                 1.31         30
      1          0               0    291.800   1505.700      6.189          30.377                 1.32         40
      1          0               0    291.800   2858.700      7.964          38.079                 1.31         50
      1          0               0    229.100   2207.600      8.132          42.288                 1.42         60
      1          0               0     37.100    188.000      0.164           9.194                 1.09         10
      1          0               0    196.500   1045.500      1.828          17.882                 1.13         20
      1          0               0    263.600   1488.300      3.721          26.089                 1.15         30
      1          0               0    188.600   2107.400      4.283          31.039                  1.3         40
      1          0               0    262.800   2919.800      8.137          37.834                 1.33         50
      1          0               0    294.800   2773.600     13.149          44.928                 1.34         60
      1          0               0    119.900    320.300      0.527           9.647                 1.04         10
      1          0               0    162.900    779.600      1.536          17.472                 1.15         20
      1          0               0    202.500   1037.400      2.756          27.761                 1.08         30
      1          0               0    164.800   1595.700      3.366          33.243                 1.21         40
      1          0               0    378.300   2600.700      9.504          40.061                 1.25         50
      1          0               0    293.900   3009.300     10.338          47.222                 1.27         60
      1          0               0    148.300    383.200      0.638           9.558                 1.05         10
      1          0               0     99.900    479.100      0.871          18.793                 1.07         20
      1          0               0    252.700   1020.700      3.358          28.428                 1.06         30
      1          0               0    213.300   1301.700      4.129          36.243                 1.11         40
      1          0               0    216.600   1848.600      5.673          42.663                 1.18         50
      1          0               0    245.700   2355.500      8.155          50.213                  1.2         60
      1          0               0    167.100    507.300      0.734           8.456                 1.19         10
      1          0               0    280.000    970.200      2.539          16.470                 1.22         20
      1          0               0    277.200   1622.400      4.062          23.414                 1.28         30
      1          0               0    262.000   1777.500      5.524          32.250                 1.24         40
      1          0               0    277.100   1687.300      7.232          40.786                 1.23         50
      1          0               0    333.400   3366.100     10.809          49.426                 1.22         60
      1          0               0    205.800    487.300      0.856           9.779                 1.03         10
      1          0               0    226.800    981.600      1.960          18.910                 1.06         20
      1          0               0    290.200   1355.200      3.909          27.910                 1.08         30
      1          0               0    267.700   1554.600      5.489          34.799                 1.15         40
      1          0               0    215.000   1673.400      6.075          41.234                 1.22         50
      1          0               0    207.300   1933.900      7.855          47.727                 1.26         60
      1          0               0     96.200    257.500      0.414           9.103                  1.1         10
      1          0               0    184.100   1258.200      1.723          16.544                 1.22         20
      1          0               0    206.700   1553.900      3.175          22.324                 1.35         30
      1          0               0    270.700   2889.000      5.972          29.307                 1.37         40
      1          0               0    250.700   2549.800      7.152          36.724                 1.37         50
      1          0               0    260.300   2101.100      9.906          43.460                 1.38         60
      1          0               0     86.900    251.800      0.380           9.275                 1.08         10
      1          0               0    209.300    898.000      1.786          19.236                 1.04         20
      1          0               0    170.800    945.500      2.353          27.340                  1.1         30
      1          0               0    180.800   1866.300      3.973          33.463                  1.2         40
      1          0               0    213.600   2442.700      6.292          39.212                 1.28         50
      1          0               0    258.400   2891.900      9.663          47.908                 1.26         60
      1          0               0    172.900    510.200      0.772           9.320                 1.09         10
      1          0               0    244.800   1151.700      2.332          16.721                 1.21         20
      1          0               0    221.200   1614.100      3.223          25.080                  1.2         30
      1          0               0    227.400   1405.100      4.494          32.736                 1.22         40
      1          0               0    263.700   1991.000      6.565          41.981                  1.2         50
      1          0               0    242.900   1496.900      8.089          48.277                 1.25         60
      1          0               0    163.600    361.200      0.699           9.660                 1.04         10
      1          0               0    132.600    660.600      1.225          18.512                 1.09         20
      1          0               0    198.000   1151.600      2.684          27.244                  1.1         30
      1          0               0    247.700   1322.900      4.607          35.348                 1.13         40
      1          0               0    292.300   2142.400      7.454          41.238                 1.22         50
      1          0               0    296.500   2082.400      9.801          47.893                 1.26         60
      1          0               0    111.400    500.000      0.498           9.523                 1.05         10
      1          0               0    216.200   1048.400      1.945          18.525                 1.08         20
      1          0               0    158.400   1250.200      2.374          25.232                 1.19         30
      1          0               0    152.000   1467.700      3.276          32.049                 1.25         40
      1          0               0    226.200   1178.500      5.977          41.803                  1.2         50
      1          0               0    190.900   1908.300      6.634          48.706                 1.24         60
      1          0               0    198.100    434.100      0.879           9.614                 1.04         10
      1          0               0    225.000   1205.300      1.996          18.066                 1.11         20
      1          0               0    187.500   1034.900      2.935          26.089                 1.16         30
      1          0               0    133.700   1155.700      2.808          33.781                  1.2         40
      1          0               0    193.700   2260.900      6.039          41.087                 1.22         50
      1          0               0    207.000   2325.000      8.503          45.902                 1.32         60
      1          0               0     84.600    341.900      0.363           8.837                 1.14         10
      1          0               0    128.800    792.800      1.142          17.995                 1.12         20
      1          0               0    224.800   1760.300      3.315          25.992                 1.16         30
      1          0               0    138.400   1378.300      2.957          32.767                 1.23         40
      1          0               0    314.800   2979.400      7.773          42.032                 1.19         50
      1          0               0    277.600   2899.600      9.289          46.553                 1.29         60
      1          0               0    189.400    458.400      0.769           9.615                 1.05         10
      1          0               0    183.300    888.100      1.526          18.112                 1.11         20
      1          0               0    101.000    901.600      1.596          22.781                 1.33         30
      1          0               0    167.600   1531.700      3.323          31.935                 1.26         40
      1          0               0    162.700   1597.400      4.406          38.653                  1.3         50
      1          0               0    275.800   3816.000     10.679          42.031                 1.43         60
      1          0               0    156.200    331.300      0.707           8.741                 1.15         10
      1          0               0    205.900   1101.700      2.016          15.921                 1.26         20
      1          0               0    263.900   1576.200      4.161          22.121                 1.36         30
      1          0               0    265.600   2830.000      6.387          26.027                 1.54         40
      1          0               0    283.800   3227.700      9.201          33.255                 1.51         50
      1          0               0    266.100   3376.900     10.742          38.632                 1.56         60
      1          0               0    285.100    611.900      1.233           9.746                 1.03         10
      1          0               0    317.200    783.000      2.687          17.968                 1.11         20
      1          0               0    246.100   1408.400      3.421          25.013                  1.2         30
      1          0               0    295.400   1826.800      5.772          33.073                 1.21         40
      1          0               0    224.800   1834.400      6.068          41.244                 1.21         50
      1          0               0    245.700   2774.700      8.671          46.703                 1.29         60
      1          0               0    145.300    301.700      0.590           9.903                 1.01         10
      1          0               0    214.100   1004.100      1.920          17.532                 1.14         20
      1          0               0    168.200    896.500      2.419          24.750                 1.22         30
      1          0               0    208.200   1443.100      4.342          31.856                 1.26         40
      1          0               0    230.500   2001.400      5.979          39.048                 1.28         50
      1          0               0    246.900   2376.300      8.198          47.239                 1.27         60
      1          0               0    154.700    503.000      0.647           9.314                 1.09         10
      1          0               0    149.400    907.500      1.430          17.386                 1.16         20
      1          0               0    183.200   1339.700      2.814          25.992                 1.16         30
      1          0               0    258.700   1815.500      6.091          33.239                 1.21         40
      1          0               0    171.200   2251.700      5.470          39.160                 1.28         50
      1          0               0    225.200   2618.600     10.815          48.631                 1.24         60
      1          0               0    176.000    307.100      0.734           9.780                 1.02         10
      1          0               0    243.500   1036.200      2.200          18.975                 1.06         20
      1          0               0    186.300   1297.200      3.202          25.990                 1.16         30
      1          0               0    190.300   1810.500      4.378          33.920                 1.18         40
      1          0               0    240.300   1976.300      6.230          41.382                 1.21         50
      1          0               0    231.200   3412.700      8.810          47.426                 1.27         60
      1          0               0    157.200    762.200      0.718           9.001                 1.13         10
      1          0               0    221.600   1077.900      1.995          18.523                 1.09         20
      1          0               0    252.500   1496.300      3.735          26.775                 1.14         30
      1          0               0    171.300   1375.700      4.301          31.661                 1.27         40
      1          0               0    114.200   1319.300      4.757          36.756                 1.36         50
      1          0               0    186.100   2193.500      9.593          43.543                 1.38         60
      1          0               0    193.900    565.100      0.873           8.865                 1.14         10
      1          0               0    188.100   1058.500      1.794          17.311                 1.16         20
      1          0               0    193.400   1113.300      2.888          26.499                 1.13         30
      1          0               0    192.200   1110.400      4.114          33.998                 1.18         40
      1          0               0    273.100   1830.600      8.635          39.502                 1.27         50
      1          0               0    307.500   2778.700     15.221          41.535                 1.45         60
      1          0               0    110.800    415.000      0.526           8.080                 1.27         10
      1          0               0    209.600    738.400      1.896          16.184                 1.24         20
      1          0               0    223.900   1547.600      3.452          24.818                 1.21         30
      1          0               0    213.800   2342.500      4.685          32.235                 1.25         40
      1          0               0    333.700   3361.000      9.486          40.329                 1.24         50
      1          0               0    197.600   2780.100      7.917          45.640                 1.32         60
      1          0               0    182.600    537.800      0.767           9.559                 1.05         10
      1          0               0    156.100    697.100      1.444          18.152                 1.11         20
      1          0               0    152.300   1257.900      2.353          25.540                 1.18         30
      1          0               0    176.200   1359.700      3.927          32.780                 1.22         40
      1          0               0    161.800   1329.200      4.562          41.163                 1.22         50
      1          0               0    182.300   1903.500      7.099          47.318                 1.27         60
      1          0               0    115.100    334.300      0.510           9.518                 1.06         10
      1          0               0    168.600    857.100      1.557          17.712                 1.13         20
      1          0               0    144.700   1245.400      2.367          23.256                  1.3         30
      1          0               0    178.500   1666.100      3.897          31.666                 1.27         40
      1          0               0    253.000   2499.800      8.315          38.718                  1.3         50
      1          0               0    217.100   2512.800     11.399          40.325                  1.5         60
      1          0               0    162.600    590.300      0.707           9.089                 1.11         10
      1          0               0    216.900    598.900      1.880          18.284                  1.1         20
      1          0               0    198.100   1278.900      2.799          25.934                 1.16         30
      1          0               0    182.200   1315.800      3.619          32.449                 1.24         40
      1          0               0    293.800   1999.200      7.829          39.247                 1.28         50
      1          0               0    336.900   3325.300     12.820          42.926                  1.4         60
      1          0               0     54.300    190.800      0.245           8.457                 1.19         10
      1          0               0    189.100    979.900      1.797          16.752                  1.2         20
      1          0               0    211.200   1236.600      3.206          24.712                 1.22         30
      1          0               0    316.000   1799.200      6.242          32.497                 1.23         40
      1          0               0    215.100   1727.600      6.093          37.898                 1.33         50
      1          0               0    209.900   2034.500      7.908          42.885                  1.4         60
      1          0               0    161.100    459.800      0.700           9.456                 1.06         10
      1          0               0    267.600    762.300      2.453          18.143                 1.11         20
      1          0               0    349.600   1406.100      4.605          28.136                 1.07         30
      1          0               0    297.900   1789.800      6.098          31.627                 1.27         40
      1          0               0    269.600   1896.900      9.267          35.237                 1.43         50
      1          0               0    442.600   1991.700     19.388          41.137                 1.46         60
      1          0               0    206.600    468.400      0.852           9.510                 1.06         10
      1          0               0    281.800    682.400      2.435          19.152                 1.05         20
      1          0               0    273.300   1056.100      3.973          25.940                 1.16         30
      1          0               0    231.300   1165.400      4.898          31.300                 1.28         40
      1          0               0    225.700   1254.900      6.344          39.389                 1.27         50
      1          0               0    151.200   1257.000      5.760          45.450                 1.33         60
      1          0               0    166.800    431.500      0.701           9.820                 1.02         10
      1          0               0    230.400    844.900      2.118          18.038                 1.11         20
      1          0               0    235.600   1877.500      3.394          27.235                  1.1         30
      1          0               0    259.800   1913.700      4.939          36.044                 1.11         40
      1          0               0    283.800   2212.900      7.016          43.205                 1.16         50
      1          0               0    277.800   2590.800      9.598          46.422                  1.3         60
      1          0               0    242.500    593.000      1.020           9.800                 1.02         10
      1          0               0    184.300   1024.000      1.613          18.695                 1.08         20
      1          0               0    235.400   1551.400      3.250          25.929                 1.16         30
      1          0               0    195.600   1252.800      3.886          33.400                  1.2         40
      1          0               0    268.500   2081.100      7.126          40.673                 1.23         50
      1          0               0    284.900   2272.500      9.776          46.508                 1.29         60
      1          0               0     96.400    271.800      0.418           9.494                 1.06         10
      1          0               0    288.800    947.400      2.641          17.253                 1.17         20
      1          0               0    298.200   1391.400      4.193          25.870                 1.16         30
      1          0               0    156.500    992.000      3.888          30.337                 1.32         40
      1          0               0    224.600   1360.100      8.024          35.248                 1.42         50
      1          0               0    167.100   1787.100      8.876          38.810                 1.55         60
      1          0               0    135.800    364.200      0.579           9.491                 1.06         10
      1          0               0    131.800    536.700      1.133          18.723                 1.07         20
      1          0               0    298.600   1100.200      3.995          27.162                 1.11         30
      1          0               0    154.500   1446.300      3.201          34.957                 1.15         40
      1          0               0    163.200   1664.000      4.341          41.458                 1.21         50
      1          0               0    277.000   3018.800      9.687          46.699                 1.29         60
      1          0               0    208.600    450.500      0.876           9.801                 1.02         10
      1          0               0    308.000   1319.700      2.619          19.336                 1.04         20
      1          0               0    220.500   1453.700      2.968          28.212                 1.07         30
      1          0               0    166.200   1411.900      3.347          36.145                 1.11         40
      1          0               0    247.800   2192.000      6.947          40.408                 1.24         50
      1          0               0    311.300   3304.600     12.745          47.099                 1.28         60
      1          0               0    192.600    521.500      0.866           9.244                 1.09         10
      1          0               0    106.600    614.000      1.103          17.596                 1.14         20
      1          0               0    216.900   1254.400      3.158          26.826                 1.12         30
      1          0               0    230.800   1478.400      4.492          35.129                 1.14         40
      1          0               0    277.500   1788.300      6.783          43.994                 1.14         50
      1          0               0    200.000   1084.700      6.522          51.550                 1.17         60
      1          0               0    145.500    351.500      0.609           9.729                 1.03         10
      1          0               0    264.300    803.400      2.672          16.614                 1.21         20
      1          0               0    281.300   1276.700      4.421          23.740                 1.27         30
      1          0               0    282.300   1763.800      6.257          29.555                 1.36         40
      1          0               0    221.800   2662.500      6.579          36.858                 1.36         50
      1          0               0    185.100   2408.200      7.320          43.647                 1.38         60
      1          0               0     96.200    410.300      0.419           9.451                 1.06         10
      1          0               0    147.400    687.200      1.341          18.695                 1.08         20
      1          0               0    236.300   1416.800      3.253          26.760                 1.12         30
      1          0               0    194.000   1950.300      4.281          33.052                 1.21         40
      1          0               0    375.200   3745.600     10.334          39.533                 1.27         50
      1          0               0    295.100   3578.000     10.617          45.937                 1.31         60
      1          0               0    100.700    339.900      0.440           9.270                 1.09         10
      1          0               0    148.100    605.200      1.363          17.951                 1.12         20
      1          0               0    345.100   1332.000      4.450          27.439                 1.09         30
      1          0               0    186.900   1149.300      3.567          36.271                 1.11         40
      1          0               0    293.700   2356.000      7.541          43.337                 1.16         50
      1          0               0    335.800   2031.300     11.241          48.371                 1.24         60
      1          0               0    165.500    401.000      0.684           9.535                 1.05         10
      1          0               0    322.100   1192.300      2.703          19.103                 1.05         20
      1          0               0    279.800   1605.100      4.086          25.670                 1.17         30
      1          0               0    293.300   1755.300      6.224          31.666                 1.27         40
      1          0               0    265.400   2710.200      8.062          37.861                 1.32         50
      1          0               0    135.900   1856.900      5.315          44.930                 1.34         60
      1          0               0    206.400    777.600      0.866           9.334                 1.08         10
      1          0               0    159.400   1205.300      1.568          17.289                 1.17         20
      1          0               0    246.300   1354.700      3.769          26.912                 1.12         30
      1          0               0    165.100   1617.700      3.708          33.561                  1.2         40
      1          0               0    179.400   1615.600      5.306          41.355                 1.21         50
      1          0               0    184.600   1895.800      7.475          47.408                 1.27         60
      1          0               0    141.000    365.800      0.726           8.104                 1.24         10
      1          0               0    113.100    395.900      1.204          16.150                 1.24         20
      1          0               0    112.500    742.300      2.047          23.205                  1.3         30
      1          0               0    168.000   1038.100      4.431          29.643                 1.35         40
      1          0               0    223.200   2130.000      8.255          35.418                 1.42         50
      1          0               0    210.400   2918.200     10.587          40.022                 1.51         60
      1          0               0    260.100    899.300      1.114           9.365                 1.08         10
      1          0               0    222.100   1110.600      1.897          19.149                 1.05         20
      1          0               0    180.000   1818.700      2.917          25.389                 1.19         30
      1          0               0    223.000   2395.400      4.511          35.040                 1.15         40
      1          0               0    306.900   3025.000      8.142          44.050                 1.14         50
      1          0               0    309.800   3793.700     10.947          49.550                 1.22         60
      1          0               0    228.400    618.600      0.923           9.760                 1.03         10
      1          0               0    255.700    946.200      2.169          19.106                 1.05         20
      1          0               0    357.700   1849.200      4.767          27.257                  1.1         30
      1          0               0    201.800   1460.100      4.063          33.901                 1.18         40
      1          0               0    286.600   1843.500      7.417          40.908                 1.22         50
      1          0               0    390.300   3213.300     13.310          47.531                 1.26         60
      1          0               0    150.700    374.100      0.625           9.659                 1.04         10
      1          0               0    250.000    895.600      2.109          19.011                 1.06         20
      1          0               0    178.100    775.200      2.333          27.458                  1.1         30
      1          0               0    283.700   2092.700      5.681          33.635                 1.19         40
      1          0               0    239.400   2574.100      6.512          37.856                 1.33         50
      1          0               0    209.100   2252.100      7.647          44.943                 1.34         60
      1          0               0    197.300    473.200      0.792           9.644                 1.04         10
      1          0               0    209.700    777.000      1.782          18.131                 1.11         20
      1          0               0    249.500   1408.000      3.200          27.672                 1.09         30
      1          0               0    377.800   1601.400      7.995          35.096                 1.14         40
      1          0               0    242.700   1791.100      7.331          40.571                 1.23         50
      1          0               0    331.000   2637.600     12.948          47.377                 1.27         60
      1          0               0     52.900    130.800      0.222           9.722                 1.03         10
      1          0               0    157.400    492.900      1.391          18.453                 1.09         20
      1          0               0    195.300   1010.200      2.773          26.744                 1.12         30
      1          0               0    317.500   1289.600      5.929          35.428                 1.13         40
      1          0               0    304.200   2062.100      7.800          40.633                 1.23         50
      1          0               0    299.400   2536.600     10.411          47.221                 1.27         60
      1          0               0    231.000    516.500      0.992           9.365                 1.08         10
      1          0               0    261.300   1066.700      2.387          17.621                 1.14         20
      1          0               0    244.700   1362.100      3.494          25.966                 1.16         30
      1          0               0    254.700   1599.000      5.375          30.876                  1.3         40
      1          0               0    202.800   1719.900      6.176          37.895                 1.33         50
      1          0               0    195.300   1628.000      7.556          44.564                 1.35         60
      1          0               0    197.400    616.700      0.827           9.276                 1.09         10
      1          0               0    179.200   1403.200      1.664          17.070                 1.18         20
      1          0               0    277.300   2026.900      3.859          25.404                 1.19         30
      1          0               0    374.900   3342.200      7.414          33.075                 1.21         40
      1          0               0    343.000   2529.600      9.294          40.591                 1.23         50
      1          0               0    307.000   2445.900     10.685          46.982                 1.28         60
      1          0               0    172.400    579.000      0.744           8.864                 1.13         10
      1          0               0    217.500    753.500      1.872          18.351                 1.09         20
      1          0               0    224.700   1429.800      3.142          24.706                 1.22         30
      1          0               0    240.900   1977.600      4.924          32.135                 1.25         40
      1          0               0    241.500   2563.300      7.995          36.840                 1.36         50
      1          0               0    214.600   2500.800      9.788          43.856                 1.37         60
      1          0               0    203.100    472.600      0.834           9.791                 1.02         10
      1          0               0     75.200    454.300      0.716          16.715                  1.2         20
      1          0               0    200.800   1386.900      2.936          24.235                 1.24         30
      1          0               0    331.300   2599.500      7.301          30.314                 1.33         40
      1          0               0    188.900   2029.200      5.873          35.448                 1.42         50
      1          0               0    241.600   2063.900      9.130          41.837                 1.44         60
      1          0               0    225.600    368.400      0.949           9.742                 1.03         10
      1          0               0    119.100    506.700      1.091          18.772                 1.08         20
      1          0               0    274.900   1472.600      3.888          26.866                 1.12         30
      1          0               0    209.400   2224.100      4.412          34.471                 1.17         40
      1          0               0    225.300   2906.000      7.022          40.669                 1.24         50
      1          0               0    261.300   3185.000     10.206          47.070                 1.28         60
      1          0               0    166.200    499.400      0.708           9.102                  1.1         10
      1          0               0    219.900   1405.800      1.938          17.721                 1.13         20
      1          0               0    292.200   1992.700      4.180          25.089                  1.2         30
      1          0               0    197.600   1814.100      4.300          30.988                  1.3         40
      1          0               0    218.200   2426.900      5.654          39.282                 1.28         50
      1          0               0    227.400   2417.300      8.425          44.564                 1.35         60
      1          0               0    154.200    406.400      0.663           9.484                 1.06         10
      1          0               0    238.900    961.500      2.055          19.201                 1.05         20
      1          0               0    224.400    934.500      3.037          27.455                  1.1         30
      1          0               0    319.000   1763.200      6.195          33.906                 1.18         40
      1          0               0    260.400   3004.100      7.420          39.232                 1.28         50
      1          0               0    249.600   3639.800     10.213          44.643                 1.35         60
      1          0               0    169.200    597.100      0.727           9.454                 1.06         10
      1          0               0    204.300   1413.600      1.900          17.329                 1.16         20
      1          0               0    183.400   1482.100      2.654          25.912                 1.16         30
      1          0               0    214.300   1809.900      4.751          32.484                 1.24         40
      1          0               0    276.800   1965.000      7.498          41.339                 1.22         50
      1          0               0    178.500   2182.800      6.854          45.003                 1.34         60
      1          0               0    112.700    537.400      0.493           9.319                 1.08         10
      1          0               0    137.000    863.100      1.203          18.273                  1.1         20
      1          0               0    297.900   1204.200      3.897          27.055                 1.11         30
      1          0               0    255.600   1546.400      5.282          32.300                 1.24         40
      1          0               0    318.900   1670.100      8.650          39.710                 1.26         50
      1          0               0    258.700   2453.900      9.942          46.095                 1.31         60
      1          0               0    130.200    397.100      0.542           9.474                 1.06         10
      1          0               0    311.200   1030.300      2.913          17.207                 1.17         20
      1          0               0    212.800   1534.800      3.373          23.197                  1.3         30
      1          0               0    227.700   1962.900      5.343          28.881                 1.39         40
      1          0               0    189.700   1994.300      6.182          35.589                 1.41         50
      1          0               0    148.400   2343.200      6.829          42.181                 1.43         60
      1          0               0    132.200    534.100      0.684           8.409                 1.23         10
      1          0               0    243.600   1225.700      2.134          18.801                 1.07         20
      1          0               0    165.400    948.800      2.308          25.857                 1.17         30
      1          0               0    319.400   2706.800      6.519          32.582                 1.23         40
      1          0               0    226.500   1978.000      6.940          37.550                 1.33         50
      1          0               0    375.700   2532.100     13.363          46.991                 1.28         60
      1          0               0    140.100    306.500      0.593           9.728                 1.03         10
      1          0               0    217.200    862.600      1.955          17.714                 1.14         20
      1          0               0    204.500   1053.200      2.708          26.982                 1.12         30
      1          0               0    249.400   1633.100      5.169          32.456                 1.24         40
      1          0               0    233.700   1540.900      6.044          41.124                 1.22         50
      1          0               0    235.500   2009.200      8.504          45.958                 1.31         60
      1          0               0    214.000    771.500      0.918           9.015                 1.12         10
      1          0               0    187.600    780.300      1.562          19.275                 1.04         20
      1          0               0    152.900    916.600      2.014          27.292                  1.1         30
      1          0               0    244.300   1967.800      4.588          33.927                 1.18         40
      1          0               0    291.500   2801.000      7.202          42.427                 1.18         50
      1          0               0    243.300   2965.600      9.508          45.901                 1.31         60
      1          0               0    189.000    746.000      0.871           8.718                 1.17         10
      1          0               0    258.600   1702.900      2.527          17.200                 1.17         20
      1          0               0    236.800   1842.200      3.771          25.792                 1.18         30
      1          0               0    246.700   2223.800      5.371          32.437                 1.24         40
      1          0               0    215.000   2260.200      6.844          37.375                 1.34         50
      1          0               0    208.400   2237.600      8.933          42.748                 1.41         60
      1          0               0    154.400    479.800      0.667           9.208                 1.09         10
      1          0               0    198.200    544.600      1.751          18.518                 1.08         20
      1          0               0    300.800   1212.000      4.079          27.097                 1.11         30
      1          0               0    280.100   1216.000      5.215          35.893                 1.12         40
      1          0               0    205.900   1513.300      5.281          41.776                  1.2         50
      1          0               0    320.100   1586.100     11.137          46.310                  1.3         60
      1          0               0     67.700    234.500      0.292           9.496                 1.06         10
      1          0               0    239.900    914.600      2.030          19.422                 1.03         20
      1          0               0    120.200    912.400      1.776          24.462                 1.23         30
      1          0               0    231.700   1895.400      4.785          31.497                 1.27         40
      1          0               0    252.800   2692.400      7.115          37.159                 1.35         50
      1          0               0    250.500   2922.800      9.909          41.094                 1.47         60
      1          0               0    169.200    363.200      0.727           9.685                 1.04         10
      1          0               0    198.900    781.300      1.813          17.976                 1.12         20
      1          0               0    172.000    899.000      2.372          25.390                 1.18         30
      1          0               0    310.400   1693.400      6.070          31.031                 1.29         40
      1          0               0    185.800   1158.600      4.741          37.753                 1.33         50
      1          0               0    203.700   1644.000      7.458          44.081                 1.36         60
      1          0               0    108.200    231.500      0.454           9.635                 1.04         10
      1          0               0    243.500    800.000      2.063          19.129                 1.05         20
      1          0               0    206.600   1092.900      2.747          26.888                 1.12         30
      1          0               0    233.900   1476.800      4.971          32.298                 1.24         40
      1          0               0    175.700   1481.300      4.862          40.962                 1.22         50
      1          0               0    212.700   2086.900      7.415          50.436                 1.19         60
      1          0               0     87.500    240.100      0.377           9.558                 1.05         10
      1          0               0    130.300    384.100      1.144          18.299                  1.1         20
      1          0               0    251.700   1568.700      3.578          24.620                 1.22         30
      1          0               0    177.000   1791.500      4.055          31.642                 1.27         40
      1          0               0    272.900   2771.900      7.527          41.951                 1.19         50
      1          0               0    113.500   1425.000      5.279          45.807                 1.31         60
      1          0               0    240.500    639.400      1.040           9.528                 1.05         10
      1          0               0    228.400    701.500      1.960          19.417                 1.03         20
      1          0               0    138.400    429.300      1.999          24.765                 1.21         30
      1          0               0    294.900   2897.700      6.086          30.908                  1.3         40
      1          0               0    318.100   1443.300      8.986          36.756                 1.36         50
      1          0               0    271.000   2901.900      9.490          44.441                 1.35         60
      1          0               0    165.500    390.900      0.659           9.657                 1.04         10
      1          0               0    204.200   1017.100      1.848          17.894                 1.12         20
      1          0               0    151.900   1167.000      2.296          24.566                 1.23         30
      1          0               0    208.100   1778.100      4.270          30.946                 1.29         40
      1          0               0    119.700    909.700      3.742          37.778                 1.33         50
      1          0               0    223.000   2186.800      8.604          44.018                 1.37         60
      1          0               0    149.500    360.200      0.605           9.773                 1.03         10
      1          0               0    283.500   1458.800      2.450          18.109                 1.11         20
      1          0               0    368.100   2891.400      4.884          25.411                 1.18         30
      1          0               0    369.900   3335.600      6.981          33.290                  1.2         40
      1          0               0    280.100   3756.000      7.181          42.007                  1.2         50
      1          0               0    299.900   5013.400     10.736          46.180                  1.3         60
      1          0               0    225.900    642.600      0.978           9.726                 1.03         10
      1          0               0    214.500    921.100      1.875          18.044                 1.11         20
      1          0               0    233.900   1856.000      3.396          26.021                 1.16         30
      1          0               0    227.800   2405.700      4.757          33.509                  1.2         40
      1          0               0    218.600   2039.600      6.839          38.568                  1.3         50
      1          0               0    195.900   2003.800      8.488          44.884                 1.34         60
      1          0               0    268.900    757.100      1.097           9.329                 1.08         10
      1          0               0    160.300    977.200      1.412          18.221                  1.1         20
      1          0               0    308.600   1859.200      4.149          26.601                 1.13         30
      1          0               0    309.200   2858.200      5.660          35.501                 1.13         40
      1          0               0    341.400   2763.000      8.490          41.847                  1.2         50
      1          0               0    185.800   1799.000      6.496          48.010                 1.25         60
      1          0               0    163.100    387.100      0.660           9.420                 1.07         10
      1          0               0    115.500    867.100      1.088          17.811                 1.13         20
      1          0               0    156.200   1121.800      2.197          26.994                 1.12         30
      1          0               0    222.200   1458.900      4.067          37.237                 1.08         40
      1          0               0    144.500   1228.600      3.828          42.377                 1.19         50
      1          0               0     83.600   1146.000      3.234          46.573                  1.3         60
      1          0               0    120.800    365.100      0.499           9.642                 1.04         10
      1          0               0    274.200   1015.200      2.368          17.333                 1.16         20
      1          0               0    199.400   1706.500      2.723          25.286                 1.19         30
      1          0               0    183.900   1390.800      3.541          32.823                 1.22         40
      1          0               0    287.600   2533.100      7.217          40.816                 1.23         50
      1          0               0    293.500   3243.900      9.697          47.203                 1.27         60
      1          0               0    178.300    726.600      0.755           8.984                 1.12         10
      1          0               0    199.300   1170.700      1.714          18.042                 1.11         20
      1          0               0    174.200   1187.500      2.306          27.610                 1.09         30
      1          0               0    202.100   1806.200      3.840          35.661                 1.13         40
      1          0               0    257.500   2294.700      6.905          42.171                 1.19         50
      1          0               0    241.700   3216.900      7.838          49.897                 1.21         60
      1          0               0    158.300    345.700      0.669           9.570                 1.05         10
      1          0               0    229.700    797.600      1.963          18.422                 1.09         20
      1          0               0    159.800    855.000      2.071          27.602                 1.09         30
      1          0               0    151.500    948.900      2.969          34.312                 1.17         40
      1          0               0    235.300   1754.400      5.799          42.358                 1.19         50
      1          0               0    170.900   1435.800      5.382          48.908                 1.23         60
      1          0               0    114.700    614.000      0.502           8.772                 1.16         10
      1          0               0    170.400   1026.300      1.490          17.693                 1.14         20
      1          0               0    251.300   1666.500      3.523          24.620                 1.22         30
      1          0               0    246.000   1908.300      4.998          30.748                  1.3         40
      1          0               0    237.700   2770.500      6.202          39.169                 1.28         50
      1          0               0    251.000   2731.400      8.741          44.965                 1.34         60
      1          0               0    242.700    590.100      1.077           8.556                 1.18         10
      1          0               0    318.200   1441.000      2.842          17.184                 1.17         20
      1          0               0    260.500   1640.900      3.875          25.553                 1.18         30
      1          0               0    257.500   1811.400      5.612          30.292                 1.33         40
      1          0               0    151.300   1568.700      5.064          34.783                 1.45         50
      1          0               0    246.200   1891.700     10.273          39.577                 1.53         60
      1          0               0    133.700    359.500      0.558           9.515                 1.06         10
      1          0               0    348.800    890.200      2.903          19.410                 1.03         20
      1          0               0    217.700   1187.200      3.068          25.226                 1.19         30
      1          0               0    292.400   1608.400      5.410          34.191                 1.17         40
      1          0               0    209.700   1667.800      5.373          40.390                 1.24         50
      1          0               0    245.500   2315.900      8.158          47.756                 1.26         60
      1          0               0    248.700    721.600      1.052           9.448                 1.07         10
      1          0               0    283.200   1037.500      2.552          16.107                 1.25         20
      1          0               0    303.200   1597.900      4.125          24.131                 1.25         30
      1          0               0    299.100   1390.400      5.862          30.074                 1.33         40
      1          0               0    175.100   1402.600      4.824          36.562                 1.37         50
      1          0               0    300.300   1998.400      9.987          45.613                 1.32         60
      1          0               0     82.300    221.300      0.345           8.985                 1.12         10
      1          0               0    171.800    899.400      1.550          17.250                 1.16         20
      1          0               0    136.200   1185.200      1.835          26.753                 1.13         30
      1          0               0    205.700   1629.900      3.975          33.587                 1.19         40
      1          0               0    222.400   1981.900      5.724          40.022                 1.25         50
      1          0               0    118.600   1424.000      4.108          46.662                 1.29         60
      1          0               0    221.100    450.100      0.877           9.659                 1.04         10
      1          0               0    367.200   1124.500      2.891          19.551                 1.02         20
      1          0               0    181.900   1480.300      2.528          25.147                  1.2         30
      1          0               0    234.200   1603.100      4.404          34.468                 1.16         40
      1          0               0    261.700   1729.700      6.971          41.954                  1.2         50
      1          0               0    146.400   1871.400      5.391          47.518                 1.27         60
      1          0               0     76.300    236.400      0.324           9.020                 1.11         10
      1          0               0    202.600    601.400      1.747          18.227                  1.1         20
      1          0               0    236.300   1146.500      3.357          26.032                 1.16         30
      1          0               0    229.900   1507.600      5.006          33.450                  1.2         40
      1          0               0    233.900   1823.700      6.735          39.584                 1.27         50
      1          0               0    282.500   3397.900     12.175          45.000                 1.34         60
      1          0               0    137.100    344.500      0.556           9.618                 1.04         10
      1          0               0    216.800   1097.700      1.914          16.182                 1.24         20
      1          0               0    285.900   1753.800      3.806          25.379                 1.19         30
      1          0               0    257.000   2371.800      5.181          32.349                 1.24         40
      1          0               0    183.500   1504.600      5.366          39.013                 1.28         50
      1          0               0    222.500   2140.600      8.223          45.964                 1.31         60
      1          0               0    210.500    587.900      0.876           9.588                 1.05         10
      1          0               0    228.200    789.400      1.930          18.390                 1.09         20
      1          0               0    241.100   1141.800      3.232          26.990                 1.11         30
      1          0               0    273.300   2222.800      5.006          34.859                 1.15         40
      1          0               0    265.600   1456.800      7.052          39.727                 1.26         50
      1          0               0    265.600   2881.900      8.659          45.554                 1.32         60
      1          0               0    107.800    402.500      0.456           9.131                  1.1         10
      1          0               0    264.900   1254.100      2.166          18.912                 1.06         20
      1          0               0    171.100   1061.000      2.288          26.179                 1.15         30
      1          0               0    239.600   1780.500      5.135          31.787                 1.26         40
      1          0               0    249.100   2016.500      7.143          37.824                 1.33         50
      1          0               0    214.100   2262.500      9.265          41.794                 1.44         60
      1          0               0     78.000    322.800      0.347           8.706                 1.16         10
      1          0               0     82.100    425.900      0.707          18.354                 1.09         20
      1          0               0    297.100   1517.800      3.918          26.050                 1.15         30
      1          0               0    203.000   1266.200      3.819          34.950                 1.15         40
      1          0               0    146.900   1208.000      4.005          41.229                 1.21         50
      1          0               0    201.700   1952.200      7.246          46.222                  1.3         60
      1          0               0    205.800    569.700      0.832           9.631                 1.04         10
      1          0               0    271.600   1348.200      2.396          16.218                 1.24         20
      1          0               0    177.000   1398.300      2.517          22.577                 1.33         30
      1          0               0    274.900   1632.300      5.332          31.206                 1.28         40
      1          0               0    332.900   2314.900      7.995          40.314                 1.24         50
      1          0               0    304.100   3150.800      9.272          46.961                 1.28         60
      1          0               0    212.600    641.100      0.839           9.565                 1.05         10
      1          0               0    349.600   1148.000      2.881          19.182                 1.05         20
      1          0               0    115.500    840.000      1.495          27.898                 1.08         30
      1          0               0    143.200   1183.700      2.841          34.753                 1.16         40
      1          0               0    409.300   2586.600     11.890          43.193                 1.16         50
      1          0               0    412.100   2716.000     15.422          48.993                 1.23         60
      1          0               0    256.800    631.700      1.059           9.783                 1.02         10
      1          0               0    270.900    909.100      2.181          19.602                 1.02         20
      1          0               0    294.100   1479.200      3.841          27.860                 1.08         30
      1          0               0    291.000   1504.000      5.277          35.851                 1.12         40
      1          0               0    271.100   2061.300      6.700          43.160                 1.16         50
      1          0               0    319.000   3529.000     10.265          47.881                 1.26         60
      1          0               0    221.700    564.000      0.908           9.676                 1.04         10
      1          0               0    278.100   1390.500      2.293          19.394                 1.03         20
      1          0               0    264.700    859.000      3.398          27.224                  1.1         30
      1          0               0    133.000    869.100      2.714          33.163                 1.21         40
      1          0               0    181.300   1377.900      4.926          40.458                 1.24         50
      1          0               0    248.000   1905.600      8.494          45.916                 1.31         60
      1          0               0    171.100    436.000      0.696           9.667                 1.04         10
      1          0               0    281.100   1135.800      2.434          17.757                 1.13         20
      1          0               0    232.100   2080.900      3.505          24.520                 1.23         30
      1          0               0    222.800   2525.400      4.751          31.004                 1.29         40
      1          0               0    287.100   3319.000      8.817          39.036                 1.28         50
      1          0               0    307.900   3705.800     11.626          45.875                 1.31         60
      1          0               0    126.500    368.800      0.500           9.868                 1.01         10
      1          0               0    281.700    928.000      2.358          18.341                  1.1         20
      1          0               0    283.100   1588.600      3.677          25.250                 1.19         30
      1          0               0    339.100   2419.700      6.439          32.968                 1.22         40
      1          0               0    335.300   2602.800      9.183          40.260                 1.25         50
      1          0               0    337.100   2689.500     11.539          48.175                 1.25         60
      1          0               0     93.500    379.000      0.397           8.958                 1.13         10
      1          0               0    321.100   1444.300      2.673          19.123                 1.05         20
      1          0               0    185.300   1918.000      2.802          25.023                  1.2         30
      1          0               0    162.000   1863.900      4.479          31.227                 1.29         40
      1          0               0    266.400   2807.500      7.859          36.779                 1.36         50
      1          0               0    132.400   2488.200      7.088          40.583                 1.49         60
      1          0               0    134.200    406.400      0.582           9.077                 1.11         10
      1          0               0    222.200    971.600      2.004          17.321                 1.17         20
      1          0               0    149.200   1368.300      2.098          25.779                 1.17         30
      1          0               0    140.100    764.500      2.683          34.478                 1.16         40
      1          0               0    290.600   1220.100      6.936          41.120                 1.22         50
      1          0               0    307.700   2456.800      9.313          49.144                 1.22         60
      1          0               0    195.700    591.800      0.820           9.318                 1.08         10
      1          0               0    224.000    954.000      1.873          18.305                  1.1         20
      1          0               0    141.200   1293.400      2.374          23.928                 1.26         30
      1          0               0    275.600   2642.300      5.875          32.520                 1.23         40
      1          0               0    328.800   3373.900      9.193          38.152                 1.31         50
      1          0               0    312.900   3457.000     13.144          41.580                 1.45         60
      1          0               0    203.100    475.200      0.827           9.691                 1.04         10
      1          0               0    270.000    819.800      2.266          18.620                 1.08         20
      1          0               0    142.600   1207.200      2.033          26.986                 1.11         30
      1          0               0    213.200   1519.800      4.448          31.880                 1.26         40
      1          0               0    132.800   1752.500      4.167          37.321                 1.34         50
      1          0               0    173.600   1714.800      6.041          45.844                 1.31         60
      1          0               0    155.900    520.100      0.655           8.877                 1.13         10
      1          0               0    197.000   1218.700      1.749          16.624                 1.21         20
      1          0               0    208.200   1460.800      2.966          24.231                 1.24         30
      1          0               0    196.300   1398.000      4.162          32.617                 1.23         40
      1          0               0    100.900   1122.000      2.863          39.062                 1.28         50
      1          0               0    200.600   1883.500      7.297          41.732                 1.44         60
      1          0               0    113.600    399.000      0.476           9.499                 1.06         10
      1          0               0    165.700    883.700      1.612          16.547                 1.22         20
      1          0               0    155.300   1186.400      2.254          25.149                  1.2         30
      1          0               0    169.100   1277.600      3.404          32.928                 1.22         40
      1          0               0    271.000   2487.700      7.198          41.073                 1.22         50
      1          0               0    195.400   1847.200      6.990          45.295                 1.33         60
      1          0               0    270.400    632.400      1.081           9.662                 1.04         10
      1          0               0    262.100    944.300      2.135          19.124                 1.05         20
      1          0               0    245.900   1297.500      3.231          27.484                  1.1         30
      1          0               0    330.400    998.600      5.790          37.097                 1.08         40
      1          0               0    284.100   1318.400      6.604          45.552                  1.1         50
      1          0               0    224.800   1877.400      7.173          51.315                 1.17         60
      1          0               0    190.900    494.800      0.813           9.541                 1.05         10
      1          0               0    194.400    897.900      1.691          18.477                 1.09         20
      1          0               0    376.700   2690.300      4.833          26.368                 1.14         30
      1          0               0    327.100   3317.200      6.154          33.275                 1.21         40
      1          0               0    350.200   3247.900      8.551          40.544                 1.24         50
      1          0               0    223.200   2075.500      7.224          47.326                 1.27         60
      1          0               0    278.400    502.400      1.129           9.868                 1.02         10
      1          0               0    159.100    547.800      1.316          19.317                 1.04         20
      1          0               0    323.900   1545.800      4.130          27.773                 1.09         30
      1          0               0    278.800   1498.200      5.047          34.856                 1.15         40
      1          0               0    383.100   2931.100      9.845          40.473                 1.24         50
      1          0               0    328.300   2738.100     11.077          45.361                 1.33         60
      1          0               0    176.000    387.200      0.737           8.734                 1.15         10
      1          0               0    212.400    691.500      1.764          18.640                 1.08         20
      1          0               0    165.500   1534.700      2.350          24.943                  1.2         30
      1          0               0    101.100    879.200      2.152          31.100                 1.29         40
      1          0               0    167.600   1443.700      5.182          35.868                  1.4         50
      1          0               0    201.800   1553.800      7.756          42.423                 1.42         60
      1          0               0    131.500    277.700      0.538           9.691                 1.04         10
      1          0               0    177.500    772.100      1.533          18.553                 1.08         20
      1          0               0    193.000   1299.000      2.754          25.312                 1.19         30
      1          0               0    194.000   1408.600      4.005          31.997                 1.25         40
      1          0               0    138.800   1354.100      4.150          39.692                 1.27         50
      1          0               0    163.100   1701.200      6.409          46.595                 1.29         60
      1          0               0    201.300    591.700      0.864           9.246                  1.1         10
      1          0               0    144.300    658.400      1.283          17.482                 1.15         20
      1          0               0    171.700    860.800      2.411          26.208                 1.15         30
      1          0               0    173.100   1344.700      3.556          33.612                  1.2         40
      1          0               0    258.700   1765.100      6.721          42.112                 1.19         50
      1          0               0    235.500   2506.300      8.478          47.003                 1.28         60
      1          0               0     77.700    333.600      0.333           9.498                 1.06         10
      1          0               0    110.500    486.100      0.952          18.366                 1.09         20
      1          0               0    261.000   1091.000      3.672          25.973                 1.16         30
      1          0               0    185.300   1088.400      3.653          33.233                 1.21         40
      1          0               0    162.600   1345.100      4.932          36.379                 1.38         50
      1          0               0    283.600   2681.700     11.625          43.059                  1.4         60
      1          0               0    166.900    496.500      0.697           9.502                 1.06         10
      1          0               0    196.900    827.100      1.798          17.829                 1.13         20
      1          0               0    274.500   1485.000      4.031          25.279                 1.19         30
      1          0               0    252.300   1763.600      5.067          33.021                 1.22         40
      1          0               0    262.600   2149.400      7.469          40.115                 1.25         50
      1          0               0    236.300   2014.600      8.543          46.895                 1.29         60
      1          0               0    175.400    614.800      0.742           9.206                  1.1         10
      1          0               0    207.800    735.400      1.818          18.101                 1.11         20
      1          0               0    327.700   2155.200      4.505          25.963                 1.16         30
      1          0               0    322.400   2854.200      6.652          31.540                 1.27         40
      1          0               0    317.100   2063.200      8.308          38.249                 1.31         50
      1          0               0    219.100   2059.700      8.296          42.435                 1.42         60
      1          0               0    216.800    440.200      0.851           9.717                 1.03         10
      1          0               0    291.400    893.900      2.355          18.965                 1.06         20
      1          0               0    324.100   1364.500      4.046          28.135                 1.07         30
      1          0               0    329.700   1894.500      5.930          35.701                 1.12         40
      1          0               0    212.000   1281.200      5.419          42.216                 1.19         50
      1          0               0    276.200   1350.200      8.974          49.645                 1.21         60
      1          0               0    105.000    194.600      0.413           9.886                 1.01         10
      1          0               0    178.000    615.600      1.676          16.766                  1.2         20
      1          0               0    275.000    975.200      3.857          25.556                 1.18         30
      1          0               0    329.300   1621.800      6.325          32.910                 1.22         40
      1          0               0    246.900   1513.700      6.708          39.851                 1.26         50
      1          0               0    180.000   1876.900      7.453          43.142                 1.39         60
      1          0               0     62.600    303.800      0.275           9.144                  1.1         10
      1          0               0    196.100    834.000      1.723          17.911                 1.12         20
      1          0               0    139.300    900.000      2.158          24.108                 1.25         30
      1          0               0    351.000   2181.200      7.219          32.773                 1.23         40
      1          0               0    333.500   2457.000      9.008          40.470                 1.24         50
      1          0               0    308.600   3377.500     11.603          43.799                 1.37         60
      1          0               0     99.400    332.700      0.438           8.964                 1.13         10
      1          0               0    160.700    694.700      1.460          16.157                 1.24         20
      1          0               0    228.800   1579.200      3.156          25.092                  1.2         30
      1          0               0    279.100   1427.800      5.288          34.128                 1.18         40
      1          0               0    158.700    894.400      4.674          38.591                 1.31         50
      1          0               0    316.900   2824.400     11.435          41.375                 1.45         60
      1          0               0     89.600    436.200      0.379           8.786                 1.15         10
      1          0               0    266.200    815.800      2.166          19.199                 1.05         20
      1          0               0    251.200    808.800      3.269          26.637                 1.13         30
      1          0               0    180.200   1102.700      3.369          34.773                 1.15         40
      1          0               0    156.500   1886.900      4.160          41.045                 1.22         50
      1          0               0    263.100   2277.500      9.354          47.054                 1.28         60
      1          0               0    145.800    314.600      0.612           9.660                 1.04         10
      1          0               0    121.600    544.500      1.085          17.572                 1.14         20
      1          0               0    188.000    984.300      2.526          26.703                 1.13         30
      1          0               0    222.900   1215.400      4.260          35.008                 1.15         40
      1          0               0    106.900   1187.300      3.255          40.756                 1.24         50
      1          0               0    230.000   1826.000      8.121          50.643                 1.19         60
      1          0               0    200.800    636.600      0.826           9.208                  1.1         10
      1          0               0    150.900    655.500      1.264          19.072                 1.05         20
      1          0               0    230.900   1317.100      2.981          27.792                 1.08         30
      1          0               0    185.700   1533.500      3.605          34.831                 1.15         40
      1          0               0    161.900   1505.600      4.147          42.910                 1.17         50
      1          0               0    232.200   1566.900      7.532          49.038                 1.23         60
      1          0               0    133.700    478.100      0.566           9.290                 1.09         10
      1          0               0    204.800    702.300      1.668          19.079                 1.06         20
      1          0               0    238.000    973.100      2.888          28.744                 1.05         30
      1          0               0    273.400   2226.700      4.860          34.667                 1.16         40
      1          0               0    254.400   2552.800      6.219          40.452                 1.24         50
      1          0               0    259.900   2599.200      9.046          45.940                 1.31         60
      1          0               0    121.700    420.600      0.505           9.300                 1.08         10
      1          0               0    117.100    570.900      1.017          17.591                 1.14         20
      1          0               0    185.800    763.100      2.472          27.032                 1.11         30
      1          0               0     62.600    552.300      1.355          33.853                 1.19         40
      1          0               0    231.100   1838.100      5.454          41.489                 1.21         50
      1          0               0    227.100   1640.200      6.783          47.583                 1.26         60
      1          0               0    166.700    542.300      0.671           9.569                 1.05         10
      1          0               0    179.700    924.800      1.529          18.505                 1.09         20
      1          0               0    167.900   1277.500      2.534          25.448                 1.18         30
      1          0               0    283.400   1698.500      5.792          33.212                 1.21         40
      1          0               0    236.000   2321.600      8.362          38.342                 1.32         50
      1          0               0    337.700   5041.600     11.655          44.398                 1.35         60
      1          0               0    152.500    434.800      0.674           9.282                 1.09         10
      1          0               0    153.800    844.600      1.484          16.640                 1.21         20
      1          0               0    249.000   1859.700      3.569          23.558                 1.28         30
      1          0               0    160.200   1380.200      3.518          30.805                  1.3         40
      1          0               0    193.100   1685.400      5.723          36.579                 1.37         50
      1          0               0    161.400   1972.200      6.087          40.760                 1.47         60
      1          0               0    210.400    347.500      0.883           8.873                 1.13         10
      1          0               0    224.100    890.400      1.881          18.817                 1.07         20
      1          0               0    276.400   1393.100      4.063          24.842                 1.21         30
      1          0               0    299.800   1369.100      5.859          34.152                 1.18         40
      1          0               0    342.200   1734.700      8.175          42.184                 1.19         50
      1          0               0    278.400   2091.900      8.754          47.815                 1.26         60
      1          0               0     70.700    329.400      0.287           9.301                 1.08         10
      1          0               0     62.200    380.900      0.560          17.662                 1.14         20
      1          0               0    218.400    982.400      2.850          27.119                 1.11         30
      1          0               0    275.300   1785.000      5.275          30.186                 1.33         40
      1          0               0    231.500   1166.500      5.913          36.428                 1.38         50
      1          0               0    236.100   1675.400      7.315          45.839                 1.31         60
      1          0               0    202.500    359.000      0.799           9.764                 1.03         10
      1          0               0    162.600    748.100      1.337          18.494                 1.09         20
      1          0               0    215.000   1118.800      2.817          26.868                 1.12         30
      1          0               0    275.400   1259.400      5.002          33.817                 1.19         40
      1          0               0     80.100    755.600      2.108          40.850                 1.23         50
      1          0               0    255.900   2301.600      7.953          49.365                 1.22         60
      1          0               0    294.600    636.700      1.153           9.784                 1.02         10
      1          0               0    261.200    643.300      2.070          19.515                 1.03         20
      1          0               0    155.700    889.100      2.003          26.579                 1.14         30
      1          0               0    195.800   1113.000      3.679          32.617                 1.23         40
      1          0               0    356.000   2331.300      8.807          39.427                 1.27         50
      1          0               0    405.700   4261.300     14.327          43.317                 1.39         60
      1          0               0    173.300    314.700      0.717           8.853                 1.13         10
      1          0               0    170.500    610.900      1.393          18.366                 1.09         20
      1          0               0    245.500   1739.100      3.160          26.723                 1.13         30
      1          0               0    320.800   2122.100      6.016          33.144                 1.21         40
      1          0               0    155.700   1730.300      4.780          37.181                 1.35         50
      1          0               0    242.000   2719.400      7.976          41.038                 1.46         60
      1          0               0    205.000    653.800      0.820           9.513                 1.06         10
      1          0               0    179.500    931.500      1.504          18.812                 1.07         20
      1          0               0    267.700   1545.400      3.480          26.439                 1.14         30
      1          0               0    167.800   1510.100      3.254          34.189                 1.18         40
      1          0               0    204.600   1888.700      5.050          42.204                  1.2         50
      1          0               0    148.800   1936.800      5.196          48.270                 1.25         60
      1          0               0    176.600    344.500      0.696           9.767                 1.03         10
      1          0               0    219.700    738.300      1.784          19.137                 1.05         20
      1          0               0    235.000   1262.400      3.007          27.363                  1.1         30
      1          0               0    272.300   1807.400      5.121          35.844                 1.12         40
      1          0               0    253.900   1874.700      6.883          42.777                 1.18         50
      1          0               0    284.000   3096.300     11.618          46.713                 1.29         60
      1          0               0    268.300    502.400      1.116           9.631                 1.05         10
      1          0               0    328.500   1004.100      2.766          17.538                 1.14         20
      1          0               0    223.500   1169.000      2.974          25.855                 1.16         30
      1          0               0    249.700   1584.700      4.649          33.300                  1.2         40
      1          0               0    284.400   1914.000      8.125          39.988                 1.25         50
      1          0               0    212.400   3059.700      8.581          42.884                  1.4         60
      1          0               0    137.200    430.300      0.569           9.488                 1.06         10
      1          0               0    188.700    774.100      1.638          18.845                 1.07         20
      1          0               0    231.500   1156.400      3.267          26.770                 1.12         30
      1          0               0    198.800   1708.000      4.156          32.974                 1.22         40
      1          0               0    165.300   2173.800      5.047          39.241                 1.28         50
      1          0               0    281.000   2832.300     12.982          43.880                 1.37         60
      1          0               0    153.300    356.700      0.696           8.699                 1.16         10
      1          0               0    132.400    719.900      1.198          17.173                 1.17         20
      1          0               0    125.900    939.800      1.837          24.426                 1.23         30
      1          0               0    209.900   1304.000      3.855          34.280                 1.17         40
      1          0               0    312.000   2018.100      7.792          41.094                 1.22         50
      1          0               0    274.300   2049.400      9.790          46.953                 1.29         60
      1          0               0    260.400    750.600      1.046           9.670                 1.04         10
      1          0               0    195.800    656.100      1.763          17.416                 1.15         20
      1          0               0    230.000   1254.100      3.189          25.555                 1.18         30
      1          0               0    188.600   1741.500      4.630          32.190                 1.25         40
      1          0               0    240.000   2302.600      7.842          39.258                 1.28         50
      1          0               0    263.200   2516.000     10.923          45.979                 1.31         60
      1          0               0    269.100    858.700      1.155           9.425                 1.07         10
      1          0               0    137.700    823.300      1.256          17.829                 1.13         20
      1          0               0    159.300   1132.500      2.264          26.054                 1.15         30
      1          0               0    255.200   1911.000      5.454          33.884                 1.18         40
      1          0               0    260.400   1841.700      7.147          40.733                 1.23         50
      1          0               0    227.800   1764.800     10.060          47.300                 1.27         60
      1          0               0    203.700    536.700      0.827           9.758                 1.03         10
      1          0               0     72.300    567.400      0.663          16.900                 1.19         20
      1          0               0    231.400   1402.400      3.110          26.700                 1.13         30
      1          0               0    293.300   2750.900      5.838          34.354                 1.17         40
      1          0               0    349.700   3725.900     10.446          40.578                 1.24         50
      1          0               0    369.700   3578.800     13.639          48.358                 1.24         60
      1          0               0    230.800    672.100      0.989           9.420                 1.07         10
      1          0               0    218.800   1198.600      1.914          19.154                 1.05         20
      1          0               0    302.900   2583.600      4.170          26.509                 1.14         30
      1          0               0    333.400   2920.000      9.350          31.239                 1.28         40
      1          0               0    213.600   2143.800      6.570          35.713                 1.41         50
      1          0               0    287.900   2962.700     14.082          40.122                  1.5         60
      1          0               0    146.400    253.000      0.593           9.859                 1.02         10
      1          0               0    289.900    702.600      2.409          18.414                 1.09         20
      1          0               0    195.500   1361.300      2.655          26.033                 1.16         30
      1          0               0    234.900   1941.500      4.675          31.946                 1.25         40
      1          0               0    279.500   2024.700      7.410          36.873                 1.36         50
      1          0               0    290.800   2548.800     12.850          43.290                 1.39         60
      1          0               0    243.000    474.500      0.991           9.665                 1.04         10
      1          0               0    256.900    865.200      2.362          18.346                 1.09         20
      1          0               0    239.200   1215.400      3.645          25.895                 1.16         30
      1          0               0    233.300   1550.200      5.105          33.405                  1.2         40
      1          0               0    208.300   1958.000      6.724          40.610                 1.23         50
      1          0               0    290.400   2700.600     10.408          47.779                 1.26         60
      1          0               0    162.600    412.700      0.648           9.770                 1.03         10
      1          0               0    259.000   1059.800      2.208          17.773                 1.13         20
      1          0               0    283.900   1707.200      3.842          27.126                 1.11         30
      1          0               0    257.800   1424.400      4.940          34.298                 1.17         40
      1          0               0    256.400   2081.500      8.092          38.994                 1.29         50
      1          0               0    254.000   3217.200     10.164          46.554                 1.29         60
      1          0               0    193.100    605.400      0.792           9.674                 1.04         10
      1          0               0    217.300    684.900      1.817          19.348                 1.04         20
      1          0               0    185.400    862.900      2.569          26.302                 1.15         30
      1          0               0    168.300    863.100      3.451          34.317                 1.17         40
      1          0               0    244.300   1493.100      7.375          39.129                 1.29         50
      1          0               0    369.300   3257.900     15.335          44.731                 1.35         60
      1          0               0    199.000    530.900      0.823           9.762                 1.03         10
      1          0               0    152.500    639.700      1.271          19.249                 1.04         20
      1          0               0    348.600   1644.900      4.556          28.695                 1.05         30
      1          0               0    320.400   1586.000      6.637          37.331                 1.08         40
      1          0               0    181.100   1466.100      4.924          42.701                 1.18         50
      1          0               0    247.600   1591.200      7.656          51.864                 1.16         60
      1          0               0    170.400    392.600      0.724           9.519                 1.06         10
      1          0               0    110.500    547.400      0.965          18.761                 1.07         20
      1          0               0    147.000   1065.400      1.994          26.259                 1.15         30
      1          0               0    149.600   1327.800      2.816          34.185                 1.18         40
      1          0               0    136.000   1135.200      3.398          40.504                 1.24         50
      1          0               0    154.100   1547.100      5.870          46.503                 1.29         60
      1          0               0    181.900    421.100      0.739           9.617                 1.05         10
      1          0               0    285.200    902.200      2.289          19.202                 1.04         20
      1          0               0    241.500   1555.400      3.141          27.655                 1.09         30
      1          0               0    236.500   1809.400      4.414          35.240                 1.14         40
      1          0               0    222.700   2487.800      5.795          39.748                 1.26         50
      1          0               0    298.100   3780.300     10.001          45.080                 1.33         60
      1          0               0    209.500    625.100      0.850           9.511                 1.06         10
      1          0               0    185.300    710.700      1.528          18.771                 1.07         20
      1          0               0    152.200    810.100      1.981          27.256                 1.11         30
      1          0               0    163.200   1365.400      3.038          33.283                 1.21         40
      1          0               0    216.900   1916.800      5.354          39.888                 1.26         50
      1          0               0    244.500   1808.200      7.672          47.793                 1.26         60
      1          0               0    214.300    560.800      0.868           9.160                  1.1         10
      1          0               0    160.900    613.700      1.391          17.019                 1.18         20
      1          0               0    237.900    933.600      3.606          23.322                 1.29         30
      1          0               0    240.800   1405.600      6.048          29.185                 1.38         40
      1          0               0    286.900   1714.800      9.207          37.617                 1.33         50
      1          0               0    212.300   1724.600      8.782          43.492                 1.38         60
      1          0               0    208.200    520.800      0.879           9.480                 1.06         10
      1          0               0    187.300    721.700      1.633          18.201                  1.1         20
      1          0               0    222.100   1387.500      3.159          26.372                 1.14         30
      1          0               0    279.900   1657.700      5.574          34.280                 1.17         40
      1          0               0    231.600   2028.700     10.496          41.646                  1.2         50
      1          0               0    254.200   2694.000      9.768          45.360                 1.33         60
      1          0               0     73.800    241.200      0.311           9.106                 1.11         10
      1          0               0    194.400    761.800      1.733          17.719                 1.14         20
      1          0               0    228.400    912.100      2.975          26.877                 1.12         30
      1          0               0    131.200    681.600      2.495          34.295                 1.17         40
      1          0               0    224.700   1293.800      6.243          41.341                 1.21         50
      1          0               0    223.600   1278.900      8.075          47.703                 1.26         60
      1          0               0     94.000    308.100      0.428           9.220                 1.09         10
      1          0               0    332.800    902.100      3.069          18.252                  1.1         20
      1          0               0    211.600   1508.200      3.092          24.223                 1.24         30
      1          0               0    263.400   1972.600      5.681          31.217                 1.28         40
      1          0               0    238.000   2408.900     10.273          37.392                 1.34         50
      1          0               0    251.600   3390.300      9.995          42.826                  1.4         60
      1          0               0    215.600    430.100      0.873           9.770                 1.03         10
      1          0               0    218.300    839.300      1.890          17.271                 1.16         20
      1          0               0    235.800   1328.200      3.025          26.908                 1.12         30
      1          0               0    219.800   1766.100      4.344          31.099                 1.29         40
      1          0               0    267.900   2474.800      6.891          38.481                  1.3         50
      1          0               0    169.500   1616.800      5.856          45.404                 1.32         60
      1          0               0    107.400    294.300      0.436           9.814                 1.02         10
      1          0               0    272.900   1665.600      2.276          18.551                 1.08         20
      1          0               0    170.400   1165.300      2.348          25.579                 1.18         30
      1          0               0    287.100   1115.500      5.326          33.299                  1.2         40
      1          0               0    166.300   1643.000      4.753          38.428                  1.3         50
      1          0               0    243.500   2194.500     11.141          43.215                 1.39         60
      1          0               0    225.500    676.600      1.002           9.546                 1.06         10
      1          0               0    156.200    615.700      1.375          18.241                  1.1         20
      1          0               0    331.400   2440.200      4.956          25.635                 1.17         30
      1          0               0    269.100   2151.600      5.972          33.268                 1.21         40
      1          0               0    315.300   2150.900      8.817          40.666                 1.23         50
      1          0               0    366.900   2872.900     17.029          45.229                 1.33         60
      1          0               0    154.400    563.000      0.769           9.164                  1.1         10
      1          0               0    194.700    930.000      1.678          19.186                 1.05         20
      1          0               0    167.400   1088.500      2.459          26.300                 1.15         30
      1          0               0    372.700   2736.100      8.374          33.884                 1.18         40
      1          0               0    308.700   2194.900      8.226          37.680                 1.33         50
      1          0               0    322.100   3187.700     11.190          41.820                 1.44         60
      1          0               0    313.600    806.600      1.271           9.610                 1.04         10
      1          0               0    129.900    754.700      1.121          18.052                 1.11         20
      1          0               0    199.400   1281.300      2.818          25.671                 1.17         30
      1          0               0    312.100   2099.400      5.887          30.045                 1.33         40
      1          0               0    238.600   1779.500      5.963          37.990                 1.32         50
      1          0               0    206.700   2346.500      7.901          42.256                 1.42         60
      1          0               0    193.500    789.900      0.761           9.673                 1.04         10
      1          0               0    276.300   1356.200      2.304          18.696                 1.07         20
      1          0               0    154.600   1310.900      2.085          25.619                 1.17         30
      1          0               0    261.700   1752.300      4.997          31.218                 1.28         40
      1          0               0    250.600   2684.000      6.714          37.396                 1.34         50
      1          0               0    243.800   3220.000      9.186          43.374                 1.38         60
      1          0               0    113.400    353.600      0.451           9.344                 1.08         10
      1          0               0    259.400   1112.900      2.067          18.969                 1.06         20
      1          0               0    213.000    923.200      2.740          27.265                  1.1         30
      1          0               0    146.000   1214.400      2.897          32.525                 1.23         40
      1          0               0    217.800   1506.700      5.432          41.350                 1.21         50
      1          0               0    277.400   3097.200      9.279          48.632                 1.24         60
      1          0               0    296.600    641.700      1.179           9.259                 1.08         10
      1          0               0    297.400    928.300      2.393          18.615                 1.08         20
      1          0               0    209.700   1318.400      2.804          25.980                 1.16         30
      1          0               0    374.300   2965.800      6.463          35.173                 1.14         40
      1          0               0    384.100   3292.400      9.830          42.841                 1.17         50
      1          0               0    339.400   3036.100     10.560          51.983                 1.16         60
      1          0               0     84.300    342.500      0.360           9.082                 1.12         10
      1          0               0    207.900   1070.600      1.800          17.368                 1.16         20
      1          0               0    162.500   1285.600      2.372          24.633                 1.22         30
      1          0               0    162.400   1553.100      3.335          31.137                 1.29         40
      1          0               0    136.300   1483.000      3.994          39.234                 1.28         50
      1          0               0    169.800   1899.200      6.613          46.360                  1.3         60
      1          0               0    235.100    689.600      0.967           9.797                 1.02         10
      1          0               0    128.600    646.800      1.169          17.393                 1.16         20
      1          0               0    157.900   1093.700      2.426          25.536                  1.2         30
      1          0               0    250.300   2171.000      5.447          31.439                 1.28         40
      1          0               0    179.700   1875.000      5.123          37.876                 1.32         50
      1          0               0    184.400   2399.500      7.630          42.992                  1.4         60
      1          0               0    176.000    524.900      0.773           9.676                 1.04         10
      1          0               0    242.700    965.600      2.454          16.386                 1.23         20
      1          0               0    204.700   1369.900      3.353          24.388                 1.23         30
      1          0               0    145.200   1094.700      3.823          31.450                 1.28         40
      1          0               0    240.900   1823.600      8.169          36.737                 1.37         50
      1          0               0    256.000   2119.500     11.030          44.295                 1.36         60
      1          0               0     62.500    313.600      0.260           9.483                 1.06         10
      1          0               0    296.600   1164.000      2.520          18.997                 1.06         20
      1          0               0    258.200   1398.100      3.545          25.784                 1.17         30
      1          0               0    290.100   2653.300      6.214          30.280                 1.32         40
      1          0               0    386.400   3756.900     11.556          35.765                  1.4         50
      1          0               0    264.300   2819.100     10.098          41.625                 1.45         60
      1          0               0    201.300    634.100      0.926           8.397                  1.2         10
