success  collision  collision_obst   makespan   flowtime    runtime     mean_groups     mean_groups_size     number
      1          0               0     96.100    223.500      0.389           9.475                 1.06         10
      1          0               0     94.400    386.700      0.963          13.877                 1.45         20
      1          0               0     68.400    521.700      1.131          21.257                 1.42         30
      1          0               0    109.800    824.400      4.377          22.734                 1.77         40
      1          0               0     73.800    720.300      3.530          25.186                  2.0         50
      1          0               0     64.600    934.500      7.087          27.698                 2.18         60
      1          0               0    107.200    306.000      0.455           9.381                 1.07         10
      1          0               0     71.600    440.300      0.790          15.018                 1.36         20
      1          0               0     71.200    551.200      1.082          23.492                 1.28         30
      1          0               0    133.700   1155.200      3.477          26.767                 1.51         40
      1          0               0    100.300   1127.800      7.927          25.883                 1.94         50
      1          0               0     92.900   1156.100      7.751          30.629                 1.98         60
      1          0               0    100.500    329.900      0.460           7.848                 1.29         10
      1          0               0     89.200    617.100      1.024          11.972                 1.71         20
      1          0               0     68.700    689.300      1.711          17.648                 1.72         30
      1          0               0     81.000   1066.400      2.891          21.807                 1.85         40
      1          0               0     84.800   1023.500      4.616          26.647                 1.89         50
      1          0               0    116.800   1530.000      8.324          28.059                 2.16         60
      1          0               0     77.600    353.100      0.343           8.785                 1.15         10
      1          0               0    125.100    609.900      1.274          14.860                 1.36         20
      1          0               0    110.000    580.700      1.862          21.978                 1.38         30
      1          0               0     73.800    618.400      2.599          25.875                 1.55         40
      1          0               0     60.500    615.000      3.812          29.403                 1.71         50
      1          0               0     73.500    618.100      4.799          33.974                 1.78         60
      1          0               0     98.000    311.800      0.472           7.491                 1.36         10
      1          0               0    152.800    740.900      1.475          15.333                 1.31         20
      1          0               0    175.700    971.300      2.919          22.154                 1.36         30
      1          0               0     91.000    770.600      2.132          30.222                 1.33         40
      1          0               0     93.200    732.100      3.110          34.133                 1.48         50
      1          0               0    100.100   1247.000      4.850          35.980                 1.69         60
      1          0               0     64.600    225.500      0.276           9.115                 1.11         10
      1          0               0    123.600    503.400      1.168          16.605                 1.21         20
      1          0               0     91.200    862.500      1.454          22.496                 1.34         30
      1          0               0    103.400    933.100      2.332          26.965                 1.49         40
      1          0               0    105.300   1222.500      4.921          29.138                 1.72         50
      1          0               0    115.900   1985.500      8.200          30.670                 1.96         60
      1          0               0    120.200    452.600      0.544           8.247                 1.23         10
      1          0               0    133.400    859.600      1.387          15.270                 1.33         20
      1          0               0    152.600   1185.000      2.553          21.007                 1.44         30
      1          0               0     81.700    901.900      2.149          25.060                  1.6         40
      1          0               0    100.200    962.100      6.117          28.890                 1.74         50
      1          0               0    104.200   1107.000     10.594          29.185                 2.06         60
      1          0               0     80.200    218.600      0.354           8.666                 1.16         10
      1          0               0     81.100    531.400      0.811          15.969                 1.29         20
      1          0               0    109.800    591.600      2.051          22.110                 1.37         30
      1          0               0     64.300    629.300      1.856          26.597                 1.52         40
      1          0               0     90.900    805.400      3.596          28.008                  1.8         50
      1          0               0     95.400   1097.500      7.241          28.393                 2.12         60
      1          0               0    104.500    242.000      0.519           7.696                 1.32         10
      1          0               0    106.400    706.700      1.101          14.074                 1.43         20
      1          0               0     88.300    909.700      2.035          18.212                 1.66         30
      1          0               0    102.100   1328.000      5.194          21.853                 1.84         40
      1          0               0     66.400    984.900      3.499          24.505                 2.05         50
      1          0               0     60.300   1109.400      6.905          23.526                 2.56         60
      1          0               0     73.100    267.400      0.318           9.201                  1.1         10
      1          0               0     95.000    459.100      0.907          16.452                 1.23         20
      1          0               0    110.500    869.100      2.800          20.866                 1.45         30
      1          0               0    109.900    842.900      6.007          21.971                 1.83         40
      1          0               0     85.000   1153.700      6.581          24.008                 2.09         50
      1          0               0    106.100   1254.200     10.905          24.762                 2.43         60
      1          0               0    122.700    462.300      0.547           8.224                 1.23         10
      1          0               0    121.900    726.700      1.261          13.299                 1.51         20
      1          0               0    132.900   1030.100      2.220          17.980                 1.68         30
      1          0               0     79.500    833.200      2.438          21.879                 1.84         40
      1          0               0    166.600   1198.100      8.435          23.508                 2.13         50
      1          0               0     70.400   1114.500      5.282          24.277                 2.49         60
      1          0               0     75.200    346.800      0.338           8.372                 1.21         10
      1          0               0     96.900    468.400      1.047          13.860                 1.45         20
      1          0               0    117.900    661.800      2.178          20.846                 1.45         30
      1          0               0    139.900   1061.200      3.255          27.806                 1.44         40
      1          0               0     91.900   1015.500      3.395          28.128                  1.8         50
      1          0               0    111.900   1159.300      5.558          30.790                 1.97         60
      1          0               0    131.700    284.600      0.557           9.525                 1.05         10
      1          0               0     78.400    669.600      0.883          14.804                 1.36         20
      1          0               0    103.200   1058.000      2.654          19.833                 1.52         30
      1          0               0     90.400   1296.300      3.670          24.369                 1.66         40
      1          0               0     93.100   1483.200      5.142          27.218                 1.85         50
      1          0               0    105.100   1449.300      9.235          29.053                 2.09         60
      1          0               0     99.000    441.900      0.438           8.710                 1.18         10
      1          0               0     80.500    318.000      0.913          14.355                  1.4         20
      1          0               0     70.300    627.400      1.294          22.269                 1.36         30
      1          0               0    233.900   2483.000      7.542          27.098                 1.48         40
      1          0               0    110.300   1382.100      5.453          30.277                 1.67         50
      1          0               0    142.500   1710.700     10.385          32.449                 1.87         60
      1          0               0     59.100    210.700      0.255           9.190                  1.1         10
      1          0               0     99.200    471.600      1.008          13.961                 1.44         20
      1          0               0    122.300    810.700      2.146          19.779                 1.52         30
      1          0               0     90.900    731.500      2.669          24.180                 1.66         40
      1          0               0     96.600   1191.200      4.816          27.175                 1.85         50
      1          0               0    103.200   1523.700      7.637          27.314                 2.22         60
      1          0               0     99.600    303.900      0.476           9.396                 1.07         10
      1          0               0    102.700    518.400      0.991          16.056                 1.25         20
      1          0               0    132.900    957.100      2.147          22.457                 1.34         30
      1          0               0     58.400    951.900      1.783          26.913                  1.5         40
      1          0               0     79.400    914.000      2.904          31.806                 1.58         50
      1          0               0    113.200   1471.900      6.274          31.863                 1.89         60
      1          0               0    110.000    224.500      0.457           9.556                 1.05         10
      1          0               0     62.900    341.800      0.649          15.576                  1.3         20
      1          0               0     76.200    443.700      1.256          20.122                 1.52         30
      1          0               0     42.400    421.700      1.176          23.111                 1.74         40
      1          0               0     86.600    886.100      4.037          23.657                 2.14         50
      1          0               0    107.600   1367.200      7.709          24.613                 2.46         60
      1          0               0     43.800    168.300      0.193           8.251                 1.22         10
      1          0               0    102.200    374.600      1.166          14.622                 1.37         20
      1          0               0    161.900    798.600      3.075          20.125                 1.49         30
      1          0               0    164.100   1201.000      5.495          21.790                 1.84         40
      1          0               0     92.000    920.500      4.749          24.210                 2.08         50
      1          0               0    119.900   1250.600      9.520          25.755                 2.35         60
      1          0               0    121.800    471.900      0.513           9.098                 1.11         10
      1          0               0     99.600    635.400      0.941          17.071                 1.18         20
      1          0               0    133.900    866.300      2.164          21.385                 1.41         30
      1          0               0    104.300    923.300      3.203          24.678                 1.65         40
      1          0               0    124.000   1465.400      6.492          27.340                 1.87         50
      1          0               0    110.800   1729.000      9.838          26.757                 2.28         60
      1          0               0     69.800    239.300      0.318           7.805                 1.29         10
      1          0               0    149.700    752.000      1.422          15.961                 1.26         20
      1          0               0     99.300    644.800      1.832          18.865                  1.6         30
      1          0               0    138.600    943.200      3.895          25.579                 1.58         40
      1          0               0     73.700    850.700      5.160          25.984                 1.96         50
      1          0               0     65.700    968.400      9.044          25.222                  2.4         60
      1          0               0    114.600    304.300      0.556           8.477                 1.19         10
      1          0               0    132.100    403.300      1.275          18.070                 1.11         20
      1          0               0     73.600    664.500      1.427          20.240                  1.5         30
      1          0               0    100.800    750.300      2.707          24.758                 1.63         40
      1          0               0    116.400    951.100      5.008          26.656                 1.89         50
      1          0               0     68.100    704.100      3.865          30.361                 1.99         60
      1          0               0     71.300    333.800      0.378           7.046                 1.46         10
      1          0               0     70.300    386.700      0.737          14.991                 1.34         20
      1          0               0    101.600    523.400      1.762          20.969                 1.43         30
      1          0               0     48.800    491.200      1.319          25.525                 1.58         40
      1          0               0    119.400   1314.600      5.084          28.338                 1.77         50
      1          0               0     92.100   1355.000      6.655          30.016                 2.01         60
      1          0               0     94.400    297.900      0.398           9.333                 1.08         10
      1          0               0    100.000    686.000      0.969          15.919                 1.27         20
      1          0               0     96.000    781.100      1.763          18.970                 1.59         30
      1          0               0     69.500    972.800      2.098          24.784                 1.62         40
      1          0               0     95.200   1129.200      5.054          26.813                 1.88         50
      1          0               0    110.500   1257.400      9.386          27.729                  2.2         60
      1          0               0     90.800    249.300      0.412           8.743                 1.15         10
      1          0               0    134.000    577.200      1.301          14.446                 1.39         20
      1          0               0    144.300    844.800      2.398          19.709                 1.54         30
      1          0               0    122.700    956.000      3.199          23.672                 1.71         40
      1          0               0    229.300   2614.100      7.932          27.154                 1.85         50
      1          0               0    118.800   1402.800      6.880          28.169                 2.15         60
      1          0               0    111.600    414.700      0.542           8.032                 1.28         10
      1          0               0    152.100    696.700      1.382          16.823                 1.19         20
      1          0               0     60.100    600.900      2.062          18.343                 1.64         30
      1          0               0     82.700    835.400      3.854          23.189                 1.73         40
      1          0               0     79.400    894.100      7.005          24.248                 2.08         50
      1          0               0    106.100   1496.000     12.373          28.493                 2.11         60
      1          0               0     91.300    264.300      0.391           9.070                 1.11         10
      1          0               0     57.200    296.400      0.534          17.189                 1.18         20
      1          0               0    123.100    477.200      1.772          23.523                 1.29         30
      1          0               0    116.200    782.200      2.469          28.455                 1.42         40
      1          0               0    117.900   1308.700      4.519          29.729                 1.69         50
      1          0               0    131.700   1245.800      6.951          30.535                 1.99         60
      1          0               0    125.300    324.400      0.534           9.228                 1.09         10
      1          0               0     89.000    450.800      0.906          13.882                 1.45         20
      1          0               0    176.700   1155.100      2.895          20.355                 1.48         30
      1          0               0     87.400    572.000      2.805          23.333                 1.72         40
      1          0               0     68.000    776.300      3.169          24.185                 2.08         50
      1          0               0    144.900   1235.800      9.188          26.507                 2.28         60
      1          0               0    120.600    362.200      0.517           8.798                 1.15         10
      1          0               0     93.300    619.900      0.911          16.124                 1.25         20
      1          0               0     83.700    648.000      1.320          23.397                 1.29         30
      1          0               0     96.500    662.800      2.115          29.514                 1.36         40
      1          0               0    124.600   1184.700      3.901          32.943                 1.52         50
      1          0               0     97.800   1178.100      4.965          34.526                 1.75         60
      1          0               0    108.700    287.600      0.446           9.490                 1.06         10
      1          0               0     86.300    657.400      0.846          15.209                 1.32         20
      1          0               0     72.100    820.700      1.539          17.115                 1.77         30
      1          0               0    119.100   1068.500      3.745          20.820                 1.93         40
      1          0               0     92.700   1262.700      7.357          21.504                 2.34         50
      1          0               0    104.800   1568.700     11.088          23.904                 2.53         60
      1          0               0    106.300    370.900      0.539           8.784                 1.14         10
      1          0               0     70.100    469.300      0.799          15.205                 1.33         20
      1          0               0     68.100    358.900      1.251          20.993                 1.44         30
      1          0               0     90.900    732.000      2.786          25.252                 1.62         40
      1          0               0    125.200    833.000      4.605          28.731                 1.76         50
      1          0               0     65.700    895.500      3.544          30.145                 2.02         60
      1          0               0     44.600    163.300      0.219           7.948                 1.27         10
      1          0               0     95.400    571.200      1.184          14.231                 1.42         20
      1          0               0    121.900   1012.900      2.641          17.918                  1.7         30
      1          0               0     82.100   1071.200      3.340          22.510                  1.8         40
      1          0               0     90.400   1368.300      5.214          26.235                 1.91         50
      1          0               0     94.100   1657.500      6.910          28.313                 2.13         60
      1          0               0    109.400    416.200      0.491           7.970                 1.26         10
      1          0               0    107.100    667.700      1.013          16.031                 1.25         20
      1          0               0     84.800    908.000      1.539          21.363                 1.44         30
      1          0               0    109.000    779.000      3.341          23.327                 1.72         40
      1          0               0     77.200   1020.700      3.773          26.310                  1.9         50
      1          0               0     78.300    982.100     10.643          25.336                 2.38         60
      1          0               0    103.100    423.900      0.487           7.670                 1.31         10
      1          0               0     68.400    429.700      0.720          14.962                 1.35         20
      1          0               0     92.300    569.300      1.522          21.379                 1.41         30
      1          0               0    135.800   1135.100      3.655          23.972                 1.67         40
      1          0               0     89.400    856.500      4.607          25.881                 1.94         50
      1          0               0     78.400   1082.100      5.154          28.362                 2.12         60
      1          0               0    113.100    340.100      0.518           8.920                 1.14         10
      1          0               0     94.300    466.400      0.967          15.937                 1.26         20
      1          0               0     76.100    615.900      1.570          19.577                 1.56         30
      1          0               0    110.900   1024.300      3.305          23.876                 1.69         40
      1          0               0     84.500    958.400      3.455          29.658                  1.7         50
      1          0               0     85.700   1332.100      5.858          33.420                 1.81         60
      1          0               0     80.700    221.400      0.410           8.338                 1.21         10
      1          0               0    119.600    631.300      1.407          13.865                 1.45         20
      1          0               0    126.500    587.200      2.191          23.013                 1.31         30
      1          0               0    138.200   1015.000      3.515          29.030                 1.39         40
      1          0               0     97.300   1070.200      4.215          29.806                 1.69         50
      1          0               0    103.800   1185.900      6.579          29.842                 2.02         60
      1          0               0    104.700    466.200      0.484           8.820                 1.16         10
      1          0               0     91.700    712.100      1.008          15.527                  1.3         20
      1          0               0     65.100    584.100      1.227          20.447                 1.49         30
      1          0               0     88.900    830.400      2.555          26.678                 1.52         40
      1          0               0    121.500   1155.200      4.696          30.058                 1.68         50
      1          0               0     52.900    806.500      3.529          30.921                 1.95         60
      1          0               0     62.100    225.700      0.286           9.060                 1.12         10
      1          0               0     84.600    566.100      0.868          16.108                 1.26         20
      1          0               0     76.900    837.200      1.817          17.858                  1.7         30
      1          0               0     85.000   1010.500      2.846          23.562                 1.72         40
      1          0               0    108.500   1454.800      7.116          26.084                 1.93         50
      1          0               0     83.200   1328.600      9.204          28.469                 2.13         60
      1          0               0     80.400    354.800      0.384           8.789                 1.16         10
      1          0               0     98.100    602.600      1.319          15.105                 1.35         20
      1          0               0     99.900    781.300      1.865          21.538                  1.4         30
      1          0               0    110.300   1302.500      3.368          24.884                 1.61         40
      1          0               0     96.400   1135.400      4.591          28.043                  1.8         50
      1          0               0     87.900   1359.600      8.769          28.642                  2.1         60
      1          0               0     78.400    236.800      0.388           9.138                 1.11         10
      1          0               0    102.500    465.700      1.122          16.802                  1.2         20
      1          0               0    128.500    681.500      2.395          22.397                 1.35         30
      1          0               0    130.300   1127.700      3.864          27.167                 1.48         40
      1          0               0    149.200   1282.300      6.341          32.310                 1.55         50
      1          0               0    162.000   1542.100     10.811          34.712                 1.73         60
      1          0               0    101.900    431.500      0.504           9.083                 1.11         10
      1          0               0     80.200    537.500      0.893          16.901                  1.2         20
      1          0               0     63.600    684.100      1.246          21.546                 1.42         30
      1          0               0    115.300   1084.500      3.951          24.667                 1.63         40
      1          0               0     70.300    919.900      6.313          24.165                 2.08         50
      1          0               0     61.200   1116.800      7.593          26.221                 2.29         60
      1          0               0     28.000    138.400      0.143           8.393                  1.2         10
      1          0               0     66.300    447.400      0.825          15.252                 1.32         20
      1          0               0     77.800    544.900      1.422          21.212                 1.42         30
      1          0               0     48.700    624.200      1.601          26.538                 1.51         40
      1          0               0     70.300    675.800      3.026          31.563                 1.59         50
      1          0               0     87.000    811.900      5.482          35.113                 1.71         60
      1          0               0     66.800    249.900      0.329           9.190                  1.1         10
      1          0               0    107.000    603.600      1.224          15.388                 1.31         20
      1          0               0     89.100    782.700      1.811          19.393                 1.56         30
      1          0               0    132.100   1011.300      4.219          23.948                 1.68         40
      1          0               0    134.100   1397.400      6.300          29.959                 1.68         50
      1          0               0     84.300   1221.900      5.850          31.391                 1.92         60
      1          0               0     56.600    227.400      0.293           8.869                 1.14         10
      1          0               0    101.500    520.500      1.133          18.196                 1.11         20
      1          0               0     83.900    552.800      1.610          24.503                 1.24         30
      1          0               0    109.100    951.300      3.686          26.076                 1.54         40
      1          0               0    111.000   1166.800      5.127          30.635                 1.64         50
      1          0               0    111.700   1289.300      8.554          33.440                 1.81         60
      1          0               0     70.500    381.200      0.374           8.149                 1.27         10
      1          0               0    135.700    915.700      1.556          15.636                 1.29         20
      1          0               0    141.600    889.000      3.067          19.153                 1.57         30
      1          0               0    180.600    991.600      6.383          22.261                 1.81         40
      1          0               0    129.500   1374.500      7.967          24.935                 2.05         50
      1          0               0    140.800   1785.500     11.533          26.136                 2.31         60
      1          0               0     29.000    115.600      0.150           8.200                 1.23         10
      1          0               0     84.000    436.900      1.085          15.820                 1.29         20
      1          0               0     68.000    628.600      1.379          21.115                 1.43         30
      1          0               0    103.500    950.200      5.159          21.481                 1.88         40
      1          0               0    102.500   1112.800      9.716          24.500                 2.08         50
      1          0               0     61.400    748.100      6.638          29.098                 2.08         60
      1          0               0     82.000    254.300      0.401           8.838                 1.14         10
      1          0               0    102.000    594.200      1.153          15.032                 1.34         20
      1          0               0     95.200    763.400      2.072          19.322                 1.56         30
      1          0               0    122.400   1039.500      3.604          28.248                 1.42         40
      1          0               0     66.000    830.400      3.140          30.979                 1.63         50
      1          0               0    113.100   1417.900      6.848          36.465                 1.67         60
      1          0               0     69.500    234.000      0.352           8.266                 1.23         10
      1          0               0     82.600    495.600      0.982          14.449                 1.39         20
      1          0               0     94.400    764.100      1.749          22.370                 1.35         30
      1          0               0     87.000    953.600      2.822          25.046                 1.61         40
      1          0               0    106.500   1006.800      5.685          26.829                 1.87         50
      1          0               0    131.800   1497.300      9.779          28.912                 2.09         60
      1          0               0    111.500    273.900      0.531           9.413                 1.07         10
      1          0               0    127.100    449.500      1.432          14.335                  1.4         20
      1          0               0     99.200    733.200      1.962          21.532                  1.4         30
      1          0               0     91.300    726.200      2.887          25.220                 1.59         40
      1          0               0     76.100    832.100      4.106          26.180                 1.92         50
      1          0               0     78.300    987.800      5.863          29.045                 2.07         60
      1          0               0     52.400    201.000      0.280           8.126                 1.25         10
      1          0               0     61.500    389.100      0.785          16.580                 1.22         20
      1          0               0    127.300    855.700      2.385          22.628                 1.34         30
      1          0               0    108.100   1326.400      3.297          25.788                 1.56         40
      1          0               0    112.000   1568.200      5.288          29.647                  1.7         50
      1          0               0     68.800   1013.300      6.101          28.730                  2.1         60
      1          0               0    142.200    625.000      0.713           8.502                 1.18         10
      1          0               0    116.900    943.000      1.472          14.549                 1.39         20
      1          0               0     98.100    965.800      2.546          18.094                 1.67         30
      1          0               0    111.300   1425.900      4.984          22.149                 1.82         40
      1          0               0    119.000   1225.300      6.094          27.571                 1.83         50
      1          0               0     82.300    965.700      8.200          29.041                 2.07         60
      1          0               0     91.500    342.200      0.446           8.802                 1.14         10
      1          0               0     94.000    619.400      1.092          14.945                 1.35         20
      1          0               0     75.000    886.600      1.814          17.960                 1.68         30
      1          0               0     91.300    970.500      3.307          23.145                 1.74         40
      1          0               0     83.900   1505.000      7.052          23.836                 2.11         50
      1          0               0     83.100   1614.900      9.416          26.815                 2.25         60
      1          0               0     77.900    310.500      0.390           9.009                 1.13         10
      1          0               0     90.900    525.700      1.224          13.905                 1.45         20
      1          0               0    110.600    958.300      2.453          17.828                  1.7         30
      1          0               0     98.000   1314.600      3.629          21.236                 1.89         40
      1          0               0     86.300   1320.400      6.603          24.355                 2.07         50
      1          0               0    105.400   1778.400     11.705          26.017                 2.32         60
      1          0               0    128.400    277.100      0.614           9.531                 1.06         10
      1          0               0    120.400    752.100      1.889          12.142                 1.66         20
      1          0               0    124.400    639.600      3.445          18.940                 1.59         30
      1          0               0    114.100   1189.100      5.465          21.777                 1.86         40
      1          0               0    104.800   1300.200      8.551          23.670                 2.13         50
      1          0               0    142.000   1647.900     18.241          24.815                 2.44         60
      1          0               0     87.200    323.600      0.439           8.239                 1.22         10
      1          0               0     91.500    566.600      1.245          13.471                  1.5         20
      1          0               0    116.900    784.200      2.408          20.145                 1.49         30
      1          0               0    108.700    928.900      4.285          22.584                 1.78         40
      1          0               0     45.400    668.000      2.401          27.161                 1.85         50
      1          0               0     45.700    665.900      5.630          28.263                 2.14         60
      1          0               0    103.800    175.300      0.503           8.873                 1.13         10
      1          0               0     81.200    511.700      0.913          15.697                 1.28         20
      1          0               0    130.100    861.300      2.311          22.372                 1.35         30
      1          0               0    115.000   1204.000      4.751          23.360                 1.72         40
      1          0               0    128.000   1346.200      7.214          26.548                 1.89         50
      1          0               0     84.000   1340.700      7.243          28.780                 2.09         60
      1          0               0     74.500    287.100      0.445           6.756                  1.5         10
      1          0               0    117.300    901.300      1.470          14.736                 1.37         20
      1          0               0     98.700    836.400      2.109          20.587                 1.46         30
      1          0               0    101.900   1270.600      3.915          24.149                 1.67         40
      1          0               0    109.800   1105.300      6.829          25.633                 1.97         50
      1          0               0    120.100   1705.000     11.585          28.676                  2.1         60
      1          0               0     64.400    198.400      0.337           8.337                 1.21         10
      1          0               0     52.500    349.100      0.623          14.743                 1.37         20
      1          0               0    102.400    548.600      2.556          18.736                  1.6         30
      1          0               0    130.400   1044.900      4.957          23.024                 1.76         40
      1          0               0    146.700   1371.700      6.958          29.238                 1.72         50
      1          0               0     85.800   1390.700      8.350          27.573                  2.2         60
      1          0               0     70.700    215.000      0.348           9.458                 1.06         10
      1          0               0    116.800    406.200      1.407          14.119                 1.42         20
      1          0               0     80.400    481.600      1.661          22.250                 1.35         30
      1          0               0     66.600    508.900      2.294          26.907                 1.49         40
      1          0               0    129.700   1147.400      6.748          30.093                 1.67         50
      1          0               0    114.900   1393.400      7.821          32.603                 1.85         60
      1          0               0     42.000    206.900      0.230           9.043                 1.11         10
      1          0               0     56.800    351.900      0.687          16.820                 1.19         20
      1          0               0     93.500    670.800      1.823          21.771                 1.39         30
      1          0               0     73.200    810.000      2.211          28.137                 1.43         40
      1          0               0     51.800    746.400      3.231          29.384                 1.71         50
      1          0               0     49.700    828.900      4.381          30.724                 1.96         60
      1          0               0    119.900    489.900      0.631           7.621                 1.33         10
      1          0               0    133.400    555.800      1.481          15.403                  1.3         20
      1          0               0    129.800    720.800      2.447          21.226                 1.42         30
      1          0               0     83.000    701.300      2.742          25.465                 1.58         40
      1          0               0    111.300   1050.600      6.001          27.736                 1.81         50
      1          0               0    142.600   1050.100     12.811          27.063                 2.22         60
      1          0               0     49.500    254.300      0.250           8.444                 1.19         10
      1          0               0     46.600    389.100      0.540          14.639                 1.37         20
      1          0               0     61.800    589.800      1.294          19.328                 1.57         30
      1          0               0    104.200   1025.500      3.210          25.415                 1.58         40
      1          0               0     88.200    908.600      4.370          28.969                 1.74         50
      1          0               0    114.000   1585.800      7.703          30.616                 1.98         60
      1          0               0     79.800    245.500      0.378           9.363                 1.07         10
      1          0               0    120.900    422.000      1.338          14.931                 1.34         20
      1          0               0    131.900    594.500      2.603          19.531                 1.55         30
      1          0               0    104.600    895.700      3.670          23.621                 1.72         40
      1          0               0     86.000   1288.200      6.145          25.667                 1.97         50
      1          0               0     98.100   1154.200     10.840          26.756                 2.28         60
      1          0               0     58.400    299.800      0.310           7.897                 1.29         10
      1          0               0    111.600    775.400      1.365          14.571                  1.4         20
      1          0               0    103.700    779.200      1.915          22.061                 1.38         30
      1          0               0    107.400    918.300      3.458          26.805                 1.51         40
      1          0               0    107.600   1297.400      5.037          28.392                 1.77         50
      1          0               0     79.700    984.500      6.581          28.277                 2.15         60
      1          0               0     55.900    197.600      0.285           9.270                 1.09         10
      1          0               0    135.600    744.800      1.555          14.940                 1.35         20
      1          0               0    114.900    697.700      2.311          19.231                 1.57         30
      1          0               0    103.500    908.500      4.093          21.662                 1.87         40
      1          0               0     53.900    907.400      3.210          23.599                 2.13         50
      1          0               0    164.800   1531.200     10.627          30.130                  2.0         60
      1          0               0     73.600    351.800      0.421           7.212                 1.42         10
      1          0               0     82.100    508.300      1.022          14.631                 1.38         20
      1          0               0    130.600    954.300      2.656          19.006                 1.58         30
      1          0               0    117.900    962.900      4.019          22.112                 1.82         40
      1          0               0     69.400   1149.000      3.990          26.728                 1.88         50
      1          0               0     77.500   1088.200      6.097          29.648                 2.03         60
      1          0               0     70.200    291.300      0.389           8.187                 1.26         10
      1          0               0     72.600    506.300      0.840          16.218                 1.24         20
      1          0               0     92.700    711.400      1.827          20.305                 1.49         30
      1          0               0     79.900    794.400      2.785          25.193                  1.6         40
      1          0               0     85.700    985.400      4.156          28.356                 1.77         50
      1          0               0     66.200   1134.800     10.198          24.508                 2.46         60
      1          0               0     68.200    251.600      0.350           8.774                 1.15         10
      1          0               0    115.900    556.000      1.324          15.701                 1.28         20
      1          0               0    116.400   1021.800      2.523          22.054                 1.37         30
      1          0               0    131.000   1216.900      4.074          26.415                 1.52         40
      1          0               0    167.500   1867.300      8.794          29.221                 1.72         50
      1          0               0    112.100   1576.800      9.570          29.588                 2.05         60
      1          0               0     72.700    213.600      0.367           9.063                 1.12         10
      1          0               0    101.000    677.500      1.197          16.081                 1.25         20
      1          0               0     96.900    846.100      1.985          22.201                 1.36         30
      1          0               0     98.600    975.300      2.793          27.538                 1.46         40
      1          0               0    120.400   1405.300      5.516          30.748                 1.63         50
      1          0               0    114.200   1665.300     11.779          29.495                 2.04         60
      1          0               0    114.000    373.700      0.554           9.302                 1.09         10
      1          0               0    108.700    721.200      1.222          16.156                 1.25         20
      1          0               0    138.500   1316.200      2.765          21.474                 1.41         30
      1          0               0    137.300   1139.100      4.461          26.580                 1.52         40
      1          0               0     94.000   1245.900      4.922          28.084                  1.8         50
      1          0               0     69.600   1027.900      6.352          26.368                 2.29         60
      1          0               0     74.600    249.800      0.391           8.450                  1.2         10
      1          0               0     90.800    459.800      1.052          15.890                 1.27         20
      1          0               0     92.400    518.500      1.842          23.117                  1.3         30
      1          0               0     68.800    699.000      2.169          26.564                 1.52         40
      1          0               0    120.600   1315.400      6.117          28.737                 1.74         50
      1          0               0    100.600   1218.600      8.269          27.882                 2.16         60
      1          0               0     38.000    196.700      0.205           7.326                  1.4         10
      1          0               0     49.500    345.400      0.674          12.927                 1.56         20
      1          0               0     59.800    403.800      1.445          17.415                 1.73         30
      1          0               0    117.700    733.900      3.902          23.228                 1.73         40
      1          0               0     69.200    843.500      4.139          24.142                 2.09         50
      1          0               0     72.100    884.500      9.202          25.530                 2.37         60
      1          0               0     46.100    223.800      0.236           8.312                 1.22         10
      1          0               0    176.300   1175.300      1.974          15.571                 1.29         20
      1          0               0    175.900   1005.300      3.556          21.649                 1.39         30
      1          0               0    116.500   1118.400      3.445          26.773                 1.51         40
      1          0               0     81.800   1042.900      3.904          28.606                 1.76         50
      1          0               0     98.200   1540.800      7.513          28.755                 2.11         60
      1          0               0     75.100    349.200      0.366           9.224                 1.09         10
      1          0               0     71.600    528.200      0.953          13.680                 1.49         20
      1          0               0     94.100    908.100      2.423          18.588                 1.62         30
      1          0               0     94.200   1030.900      6.203          21.124                 1.91         40
      1          0               0    101.800   1310.800      8.830          24.205                 2.08         50
      1          0               0    143.300   1492.600     17.700          26.193                  2.3         60
      1          0               0    120.200    375.500      0.589           7.938                 1.27         10
      1          0               0     93.000    652.100      0.983          16.712                 1.21         20
      1          0               0     99.900   1016.900      2.387          17.186                 1.77         30
      1          0               0     58.700    778.300      2.393          23.877                  1.7         40
      1          0               0    116.900   1326.900      6.501          27.695                 1.82         50
      1          0               0     65.900   1095.600      6.251          25.785                 2.35         60
      1          0               0     59.100    271.200      0.278           8.892                 1.13         10
      1          0               0    116.700    819.100      1.306          15.417                 1.32         20
      1          0               0    124.100    921.100      2.349          21.507                 1.42         30
      1          0               0     85.300    870.700      2.736          26.902                  1.5         40
      1          0               0     96.800   1039.900      4.523          28.927                 1.74         50
      1          0               0     72.700   1150.200      5.663          28.337                 2.13         60
      1          0               0     98.700    344.000      0.460           9.134                  1.1         10
      1          0               0     63.200    365.800      0.682          15.301                 1.32         20
      1          0               0    131.600   1099.500      2.275          22.376                 1.34         30
      1          0               0     82.500    882.200      4.143          23.193                 1.73         40
      1          0               0     82.400    855.100      6.260          26.044                 1.92         50
      1          0               0    101.700   1236.700     12.426          23.634                 2.55         60
      1          0               0     80.600    338.100      0.392           8.618                 1.17         10
      1          0               0     81.900    534.300      0.900          15.225                 1.33         20
      1          0               0    115.300    797.700      2.266          22.160                 1.37         30
      1          0               0    268.800   2389.100      8.171          23.304                 1.72         40
      1          0               0     77.200   1392.300      4.787          26.587                 1.89         50
      1          0               0    122.800   2048.500     14.135          25.182                  2.4         60
      1          0               0     97.900    225.600      0.478           8.640                 1.17         10
      1          0               0    144.300    627.000      1.502          15.980                 1.26         20
      1          0               0    126.400    730.000      2.246          20.820                 1.44         30
      1          0               0    119.200    933.700      3.784          23.904                 1.68         40
      1          0               0    109.800    975.500      5.212          25.284                 1.99         50
      1          0               0    113.700   1337.500      8.188          27.903                 2.16         60
      1          0               0    150.200    360.000      0.718           8.616                 1.17         10
      1          0               0    106.200    526.000      1.221          14.547                 1.38         20
      1          0               0    179.200   1065.000      3.444          20.072                  1.5         30
      1          0               0    108.100    702.500      2.917          24.665                 1.63         40
      1          0               0     88.600   1000.400      3.740          26.076                 1.92         50
      1          0               0    132.600   1580.700      8.054          28.676                  2.1         60
      1          0               0    132.700    301.400      0.605           9.534                 1.05         10
      1          0               0     56.600    393.200      0.606          17.433                 1.16         20
      1          0               0    149.200    993.500      2.630          21.388                  1.4         30
      1          0               0    156.000   1245.100      4.744          24.560                 1.64         40
      1          0               0    131.800   1301.800      5.425          27.932                  1.8         50
      1          0               0     96.300   1001.100      6.290          30.568                 1.97         60
      1          0               0    112.100    355.900      0.549           8.372                  1.2         10
      1          0               0     80.200    459.700      1.031          14.049                 1.44         20
      1          0               0     70.400    502.900      1.268          21.714                 1.39         30
      1          0               0    134.200   1057.500      3.828          24.161                 1.66         40
      1          0               0    104.600   1169.700      4.733          28.298                 1.77         50
      1          0               0     62.800    894.500      4.837          30.529                 1.99         60
      1          0               0    116.100    420.900      0.547           9.014                 1.12         10
      1          0               0     99.300    535.400      1.071          16.379                 1.23         20
      1          0               0     87.100    559.800      1.552          23.163                  1.3         30
      1          0               0     65.600    768.300      2.022          25.566                 1.57         40
      1          0               0     82.100    973.000      3.442          27.055                 1.86         50
      1          0               0     72.200   1027.900      5.755          27.539                 2.19         60
      1          0               0     54.700    233.700      0.278           7.828                  1.3         10
      1          0               0     60.300    461.900      0.864          12.982                 1.56         20
      1          0               0     46.800    472.000      0.994          18.538                 1.64         30
      1          0               0    110.700    689.200      3.351          24.635                 1.63         40
      1          0               0    134.400    860.500      5.260          27.661                 1.81         50
      1          0               0    100.600   1572.600      7.652          26.053                 2.31         60
      1          0               0     79.500    284.300      0.409           8.148                 1.24         10
      1          0               0     86.600    421.100      0.950          15.161                 1.33         20
      1          0               0    125.200    644.000      2.332          19.626                 1.54         30
      1          0               0     98.500    982.200      3.197          24.091                 1.69         40
      1          0               0    111.800   1435.600      6.191          25.623                 1.97         50
      1          0               0    243.800   2741.500     17.414          28.887                 2.08         60
      1          0               0     83.200    205.400      0.450           7.951                 1.28         10
      1          0               0     76.400    458.700      0.931          13.209                 1.52         20
      1          0               0     88.500    730.800      1.626          19.702                 1.53         30
      1          0               0    129.200   1052.600      5.150          21.125                 1.91         40
      1          0               0    116.600    811.300      9.134          25.793                 1.96         50
      1          0               0     96.100    780.700     10.345          27.466                 2.19         60
      1          0               0     65.400    284.000      0.310           8.832                 1.14         10
      1          0               0    119.700    603.400      1.273          15.866                 1.27         20
      1          0               0    153.800   1152.000      3.120          20.382                 1.48         30
      1          0               0    143.500   1268.200      7.078          21.819                 1.85         40
      1          0               0    115.700   1412.100     12.833          24.177                 2.09         50
      1          0               0    125.800   1622.500     15.394          26.985                 2.26         60
      1          0               0     82.200    282.800      0.470           7.032                 1.44         10
      1          0               0    104.400    678.100      1.149          14.992                 1.34         20
      1          0               0    128.600    764.700      2.599          20.376                 1.48         30
      1          0               0    190.700   1189.000      5.314          27.112                 1.48         40
      1          0               0    138.100   1041.400     12.187          28.716                 1.75         50
      1          0               0     78.400    812.200      9.146          30.101                 2.01         60
      1          0               0    143.400    311.700      0.693           8.616                 1.17         10
      1          0               0    120.700    606.500      1.210          16.791                  1.2         20
      1          0               0    115.100    715.500      2.028          22.050                 1.37         30
      1          0               0    109.300   1063.400      3.249          24.452                 1.64         40
      1          0               0    159.500   1303.000      7.878          25.656                 1.96         50
      1          0               0     91.300   1287.500      7.175          27.124                 2.22         60
      1          0               0     58.000    280.200      0.292           8.307                 1.23         10
      1          0               0    145.100    778.900      1.683          14.275                 1.41         20
      1          0               0     95.100    925.900      1.979          21.587                 1.41         30
      1          0               0     73.700   1094.800      2.992          21.136                 1.91         40
      1          0               0    102.800   1231.800     10.043          20.993                 2.41         50
      1          0               0     83.200   1524.600     15.718          25.696                 2.35         60
      1          0               0    100.400    352.100      0.481           8.748                 1.15         10
      1          0               0    127.400    884.300      1.625          14.747                 1.37         20
      1          0               0     80.600    952.100      1.892          19.960                 1.51         30
      1          0               0     87.400   1075.500      4.024          21.450                 1.88         40
      1          0               0     97.500   1532.300      6.621          24.415                 2.06         50
      1          0               0     90.700   1090.200      9.783          26.142                 2.31         60
      1          0               0     49.600    173.300      0.243           9.101                 1.11         10
      1          0               0    142.100    578.100      1.462          18.344                  1.1         20
      1          0               0    109.400    763.400      1.947          23.878                 1.26         30
      1          0               0     52.700    468.100      1.742          28.186                 1.45         40
      1          0               0    154.200   1464.700      5.968          36.320                 1.39         50
      1          0               0    133.600   1834.700     10.831          33.917                 1.78         60
      1          0               0    119.200    374.400      0.589           8.438                  1.2         10
      1          0               0    128.300    928.200      1.310          16.903                 1.19         20
      1          0               0    113.900    764.300      1.956          21.341                 1.41         30
      1          0               0    119.800    710.600      3.081          28.814                  1.4         40
      1          0               0     58.100    826.800      2.536          29.370                 1.71         50
      1          0               0    140.100   1630.000      9.523          30.335                 1.98         60
      1          0               0    101.500    449.600      0.503           7.806                 1.29         10
      1          0               0    118.600    668.100      1.526          13.888                 1.45         20
      1          0               0    149.000   1073.900      3.646          18.623                 1.62         30
      1          0               0    132.900   1306.100      6.020          23.207                 1.73         40
      1          0               0    124.200   1389.200      5.633          27.905                  1.8         50
      1          0               0    132.000   1572.500      8.297          29.808                 2.03         60
      1          0               0     68.200    201.400      0.348           7.956                 1.27         10
      1          0               0    130.900    661.000      1.466          14.761                 1.36         20
      1          0               0    103.200    668.900      1.845          20.752                 1.45         30
      1          0               0     69.300    617.600      1.934          27.341                 1.48         40
      1          0               0     70.800    709.300      2.939          30.999                 1.64         50
      1          0               0     78.300    862.600      4.460          33.396                 1.82         60
      1          0               0    104.300    356.500      0.494           8.871                 1.16         10
      1          0               0    109.100    823.700      1.198          16.475                 1.23         20
      1          0               0    145.900   1263.000      2.371          23.091                  1.3         30
      1          0               0    142.500   1452.200      4.136          24.744                 1.63         40
      1          0               0    131.400   1642.200      5.991          28.187                 1.78         50
      1          0               0    119.100   1401.600      8.466          30.989                 1.95         60
      1          0               0     85.800    319.700      0.407           8.818                 1.15         10
      1          0               0     72.600    348.600      0.732          17.168                 1.17         20
      1          0               0     59.500    516.400      1.032          23.570                 1.28         30
      1          0               0     93.300    785.200      2.727          26.641                 1.51         40
      1          0               0     87.600   1033.900      4.017          26.886                 1.89         50
      1          0               0     95.800    970.100      7.853          31.314                 1.94         60
      1          0               0     77.100    326.600      0.445           6.029                 1.72         10
      1          0               0     76.800    382.400      0.944          13.279                 1.52         20
      1          0               0    102.800    759.200      2.001          18.489                 1.64         30
      1          0               0     88.400    990.000      4.279          17.529                 2.32         40
      1          0               0     62.200    834.700      8.098          19.777                 2.56         50
      1          0               0     53.500    878.100      7.588          22.830                 2.65         60
      1          0               0     41.200    159.400      0.217           7.893                 1.28         10
      1          0               0     75.100    433.700      0.946          14.477                 1.39         20
      1          0               0    152.100   1090.900      3.131          20.011                  1.5         30
      1          0               0     67.900    674.600      2.392          23.324                 1.72         40
      1          0               0     45.600    731.200      3.919          24.401                 2.07         50
      1          0               0     95.600   1023.000      8.142          26.710                 2.26         60
      1          0               0     72.200    286.900      0.333           9.276                 1.09         10
      1          0               0     49.000    314.500      0.557          16.647                 1.22         20
      1          0               0     78.300    543.800      1.336          24.352                 1.25         30
      1          0               0    137.400    633.100      3.736          29.434                 1.37         40
      1          0               0    108.900    841.000      3.865          32.826                 1.53         50
      1          0               0     97.100    856.600      6.197          35.428                 1.71         60
      1          0               0     74.900    330.000      0.357           9.140                  1.1         10
      1          0               0     70.900    668.600      0.996          13.364                 1.51         20
      1          0               0     80.600    683.000      1.902          19.277                 1.57         30
      1          0               0     78.500    991.700      2.471          26.777                  1.5         40
      1          0               0    104.200   1425.300      6.729          28.476                 1.77         50
      1          0               0    117.000   1792.500      9.823          32.649                 1.86         60
      1          0               0     99.300    325.600      0.498           8.526                 1.19         10
      1          0               0    127.500    644.400      1.407          15.637                 1.28         20
      1          0               0    131.200    872.000      2.270          22.470                 1.34         30
      1          0               0    130.100    935.900      3.263          28.065                 1.43         40
      1          0               0    147.000   1444.800      5.668          29.580                 1.69         50
      1          0               0    179.500   2048.600      9.204          32.847                 1.83         60
      1          0               0    132.500    501.000      0.641           8.416                 1.19         10
      1          0               0     78.400    469.100      0.847          15.510                  1.3         20
      1          0               0    110.200    976.500      2.299          19.573                 1.54         30
      1          0               0    120.400   1208.900      3.426          26.009                 1.55         40
      1          0               0    104.100   1165.700      5.631          27.386                 1.84         50
      1          0               0     91.200   1189.900     10.638          28.481                 2.12         60
      1          0               0    134.200    379.800      0.655           8.947                 1.14         10
      1          0               0    184.500   1018.200      2.403          13.744                 1.47         20
      1          0               0     90.000   1214.500      2.261          20.543                 1.47         30
      1          0               0    158.600   1544.800      5.373          24.574                 1.64         40
      1          0               0    139.300   1859.700     11.100          25.406                 1.98         50
      1          0               0     94.400   1664.300     16.918          26.536                 2.27         60
      1          0               0     65.500    207.600      0.304           9.565                 1.05         10
      1          0               0    114.700    558.600      1.265          15.922                 1.26         20
      1          0               0    132.700    954.400      2.414          21.867                 1.38         30
      1          0               0     70.400    885.400      2.318          25.233                 1.61         40
      1          0               0     64.800    895.400      3.557          26.418                  1.9         50
      1          0               0    118.000   1455.000     10.962          26.689                 2.26         60
      1          0               0    123.700    353.800      0.579           9.292                 1.08         10
      1          0               0     66.700    363.000      0.729          16.126                 1.25         20
      1          0               0    119.600    660.100      2.551          21.671                  1.4         30
      1          0               0     86.000    619.300      3.553          25.038                 1.61         40
      1          0               0     77.400    968.000      5.596          24.336                 2.08         50
      1          0               0     74.900   1242.000     12.056          24.482                 2.46         60
      1          0               0    121.500    477.800      0.576           9.155                 1.11         10
      1          0               0     83.100    569.600      0.893          16.194                 1.24         20
      1          0               0     90.200    726.700      1.772          21.499                  1.4         30
      1          0               0     82.800    638.400      2.736          26.878                 1.49         40
      1          0               0     75.200    845.000      4.259          25.856                 1.95         50
      1          0               0     80.800    779.600      7.158          29.519                 2.04         60
      1          0               0    117.200    312.200      0.604           7.232                 1.41         10
      1          0               0    122.300    538.400      1.489          13.881                 1.45         20
      1          0               0     98.400    792.800      2.087          19.201                 1.57         30
      1          0               0     73.400    725.700      2.737          23.876                 1.68         40
      1          0               0     94.100   1250.700      4.457          27.954                  1.8         50
      1          0               0    119.500   1396.100      9.214          29.406                 2.05         60
      1          0               0    111.600    303.200      0.636           7.806                 1.29         10
      1          0               0     81.800    512.400      1.086          15.560                 1.29         20
      1          0               0    133.100    862.800      2.949          19.666                 1.53         30
      1          0               0    112.200   1079.500      4.164          23.031                 1.74         40
      1          0               0    112.100   1283.500      7.981          24.822                 2.02         50
      1          0               0     95.900   1965.300      8.887          29.040                 2.07         60
      1          0               0     87.400    423.400      0.422           8.630                 1.18         10
      1          0               0    110.700    693.600      1.190          14.682                 1.37         20
      1          0               0    175.900    974.500      3.235          19.476                 1.54         30
      1          0               0     93.700   1024.600      3.009          23.201                 1.73         40
      1          0               0     83.900   1065.300      4.034          24.150                 2.08         50
      1          0               0     81.000   1106.300      6.052          26.122                 2.31         60
      1          0               0    143.400    461.600      0.659           9.444                 1.06         10
      1          0               0    113.000    494.500      1.324          16.571                 1.22         20
      1          0               0     89.300    501.200      1.769          19.053                 1.59         30
      1          0               0    168.200   1306.400      5.264          23.087                 1.75         40
      1          0               0    127.000   1391.700      7.451          25.346                 1.98         50
      1          0               0     87.100   1497.700      8.466          27.650                 2.21         60
      1          0               0     74.000    218.500      0.358           8.778                 1.15         10
      1          0               0     94.600    547.300      0.966          16.295                 1.23         20
      1          0               0     85.000    410.500      1.357          23.621                 1.28         30
      1          0               0    106.400    647.100      2.797          27.255                 1.48         40
      1          0               0    136.400   1004.000      9.862          28.427                 1.78         50
      1          0               0    111.500    896.200      9.797          32.381                 1.87         60
      1          0               0    107.700    290.700      0.548           7.529                 1.34         10
      1          0               0    121.700    576.900      1.444          14.078                 1.43         20
      1          0               0    169.600   1107.400      3.071          21.875                 1.38         30
      1          0               0     89.900    781.100      3.559          22.860                 1.76         40
      1          0               0    150.700    870.800      9.476          23.860                  2.1         50
      1          0               0     81.600   1054.600      7.929          26.480                 2.27         60
      1          0               0     59.300    268.500      0.304           8.034                 1.27         10
      1          0               0     82.900    471.300      0.928          15.538                 1.31         20
      1          0               0     73.500    533.400      1.629          20.034                 1.52         30
      1          0               0     73.600    833.400      2.711          22.841                 1.76         40
      1          0               0     55.600    793.000      3.731          22.817                 2.21         50
      1          0               0     63.200    980.300      8.538          25.546                 2.37         60
      1          0               0     74.800    282.600      0.384           7.575                 1.36         10
      1          0               0     93.900    508.600      1.118          14.633                 1.37         20
      1          0               0    109.900    748.100      2.402          18.864                  1.6         30
      1          0               0     89.900    718.400      3.031          22.841                 1.76         40
      1          0               0     96.800   1067.200      5.488          25.040                  2.0         50
      1          0               0     74.800   1096.800      5.406          27.066                 2.22         60
      1          0               0     78.500    367.300      0.374           8.632                 1.17         10
      1          0               0     89.200    488.600      0.966          16.058                 1.25         20
      1          0               0     95.500    767.900      1.864          20.949                 1.44         30
      1          0               0     95.900    969.800      2.864          24.694                 1.63         40
      1          0               0    117.100   1513.600      5.650          27.539                 1.82         50
      1          0               0     73.100   1176.600      5.858          30.549                 1.98         60
      1          0               0     73.700    326.500      0.363           7.923                 1.29         10
      1          0               0    142.700    572.800      1.603          14.129                 1.43         20
      1          0               0     70.700    537.800      1.497          18.661                 1.63         30
      1          0               0     69.500    662.100      2.531          23.137                 1.74         40
      1          0               0    125.300   1202.700      5.205          29.004                 1.73         50
      1          0               0    125.400   1590.800     10.774          26.408                 2.28         60
      1          0               0     61.300    241.100      0.295           8.954                 1.12         10
      1          0               0     89.100    487.100      0.976          15.590                 1.29         20
      1          0               0    123.100    627.700      2.306          19.751                 1.52         30
      1          0               0     87.900    854.300      2.664          25.082                  1.6         40
      1          0               0    172.400   1813.100      6.976          27.308                 1.83         50
      1          0               0     99.900   1588.200      8.181          27.291                 2.21         60
      1          0               0     81.400    279.500      0.416           7.912                  1.3         10
      1          0               0     87.200    388.300      1.025          14.478                 1.39         20
      1          0               0     84.900    685.700      1.758          21.499                 1.41         30
      1          0               0     77.700    636.600      2.715          25.255                 1.59         40
      1          0               0     70.600    982.000      3.454          30.834                 1.63         50
      1          0               0     92.900    979.100      7.893          33.457                 1.81         60
      1          0               0     63.500    283.200      0.305           9.083                 1.11         10
      1          0               0    136.200    598.100      1.493          15.800                 1.27         20
      1          0               0    102.500    637.300      1.843          20.487                 1.47         30
      1          0               0     79.200   1004.100      2.749          22.923                 1.75         40
      1          0               0     86.800   1358.000      6.067          24.083                 2.09         50
      1          0               0     81.900   1397.500      7.385          27.292                 2.21         60
      1          0               0     66.100    176.000      0.329           8.392                  1.2         10
      1          0               0    105.700    555.200      1.149          15.652                 1.28         20
      1          0               0    112.500   1067.200      2.247          19.339                 1.56         30
      1          0               0    122.900    899.400      3.753          23.107                 1.74         40
      1          0               0    131.400   1526.000      5.727          28.478                 1.78         50
      1          0               0     84.800   1242.100      6.675          29.204                 2.07         60
      1          0               0     99.100    413.100      0.465           9.239                 1.09         10
      1          0               0     53.800    365.200      0.607          15.455                 1.32         20
      1          0               0     51.800    595.600      1.126          17.236                 1.76         30
      1          0               0     89.300    988.500      3.331          21.887                 1.86         40
      1          0               0    131.700   1465.600      6.625          25.573                 1.98         50
      1          0               0     85.500   1291.900      7.792          28.808                 2.12         60
      1          0               0     47.700    211.300      0.255           8.220                 1.25         10
      1          0               0    104.000    585.400      1.284          13.490                 1.49         20
      1          0               0     94.700    738.100      1.893          19.588                 1.55         30
      1          0               0     96.300    816.900      3.258          25.823                 1.56         40
      1          0               0    174.700   1403.200      8.485          29.333                 1.72         50
      1          0               0    129.500   1226.000     10.064          32.013                 1.88         60
      1          0               0    123.400    289.600      0.596           8.710                 1.16         10
      1          0               0    105.100    656.100      1.136          16.493                 1.22         20
      1          0               0    112.600   1027.900      2.187          20.864                 1.45         30
      1          0               0    136.300   1080.700      3.975          23.615                 1.71         40
      1          0               0    159.500   1097.900      6.308          28.041                 1.79         50
      1          0               0     60.100   1131.700      6.045          25.687                 2.35         60
      1          0               0     66.200    305.800      0.320           8.918                 1.14         10
      1          0               0    114.200    545.700      1.233          15.738                 1.28         20
      1          0               0    131.200    887.000      3.046          18.923                 1.59         30
      1          0               0    128.600   1298.800      4.548          25.236                 1.59         40
      1          0               0     85.000   1174.500      4.544          26.715                 1.88         50
      1          0               0    140.800   1470.000     10.836          27.290                  2.2         60
      1          0               0    123.500    508.200      0.575           9.267                 1.09         10
      1          0               0     91.000    524.500      0.958          17.385                 1.16         20
      1          0               0     90.700    723.600      1.801          21.158                 1.42         30
      1          0               0    217.300   2038.100      5.875          27.769                 1.45         40
      1          0               0     84.000   1098.700      4.209          30.327                 1.67         50
      1          0               0    111.800   1553.400      7.341          34.959                 1.75         60
      1          0               0    111.700    268.700      0.531           8.423                 1.21         10
      1          0               0     73.000    426.600      0.868          14.185                 1.42         20
      1          0               0     52.400    510.800      1.107          20.760                 1.45         30
      1          0               0    114.400    914.800      3.227          25.958                 1.55         40
      1          0               0     95.600    982.100      4.337          28.279                 1.78         50
      1          0               0     94.200   1106.300      6.615          29.747                 2.03         60
      1          0               0    104.500    361.000      0.493           9.264                 1.09         10
      1          0               0    119.200    641.600      1.385          15.713                 1.28         20
      1          0               0    108.000    776.200      2.025          21.640                 1.39         30
      1          0               0    102.800    990.100      3.249          23.834                 1.68         40
      1          0               0    110.500   1438.900      6.229          27.156                 1.85         50
      1          0               0    109.400   1071.000     10.503          27.292                 2.21         60
      1          0               0     72.800    376.300      0.349           8.830                 1.14         10
      1          0               0     88.200    556.900      1.123          14.642                 1.38         20
      1          0               0    147.400   1068.000      3.570          17.758                 1.71         30
      1          0               0    130.600   1040.000      4.613          23.541                 1.72         40
      1          0               0     93.600    779.000      5.719          24.505                 2.05         50
      1          0               0     96.400    927.800      7.280          31.435                 1.91         60
      1          0               0     88.000    267.600      0.404           9.386                 1.07         10
      1          0               0    118.100    665.600      1.240          16.071                 1.25         20
      1          0               0     59.300    460.400      1.266          19.734                 1.54         30
      1          0               0    106.400    672.700      3.134          25.518                 1.58         40
      1          0               0     57.500    553.600      2.318          30.351                 1.66         50
      1          0               0    109.500   1188.000      6.771          28.706                  2.1         60
      1          0               0     98.100    401.500      0.611           8.923                 1.14         10
      1          0               0    129.000    568.100      1.266          18.146                 1.12         20
      1          0               0    136.700    943.600      2.234          23.563                 1.28         30
      1          0               0    116.400    938.400      3.389          26.933                  1.5         40
      1          0               0    118.200   1015.100      6.511          29.581                 1.71         50
      1          0               0     83.800    939.000      6.645          33.192                 1.82         60
      1          0               0    108.800    311.000      0.533           8.517                 1.18         10
      1          0               0    122.500    764.700      1.242          16.802                 1.19         20
      1          0               0     86.500   1085.600      2.119          17.177                 1.76         30
      1          0               0     83.000    967.600      3.082          22.583                 1.78         40
      1          0               0     93.000   1214.600      5.163          23.156                 2.17         50
      1          0               0    105.700   1261.100      9.713          26.528                 2.27         60
      1          0               0     70.900    262.300      0.328           9.316                 1.08         10
      1          0               0     98.300    765.400      1.082          15.847                 1.27         20
      1          0               0    123.500    853.900      2.180          21.809                 1.38         30
      1          0               0    135.200   1033.100      3.636          27.625                 1.47         40
      1          0               0    115.300   1326.900      5.843          29.513                 1.71         50
      1          0               0     42.200    740.700      3.372          28.137                 2.16         60
      1          0               0     95.300    307.300      0.452           8.878                 1.14         10
      1          0               0     48.300    321.500      0.541          15.528                 1.31         20
      1          0               0     71.200    471.200      1.826          18.980                 1.59         30
      1          0               0     73.200    667.200      2.973          22.699                 1.77         40
      1          0               0     97.600   1000.800      9.542          24.863                 2.02         50
      1          0               0    123.300   1229.600     27.009          25.346                 2.37         60
      1          0               0     62.600    265.700      0.300           8.500                 1.18         10
      1          0               0    120.300    721.600      1.356          15.330                 1.31         20
      1          0               0     68.800    792.600      1.803          17.826                 1.69         30
      1          0               0     77.000   1000.400      2.733          21.749                 1.85         40
      1          0               0    122.600   1407.800      7.292          26.679                 1.89         50
      1          0               0    144.400   1843.800     40.867          26.584                 2.27         60
      1          0               0     68.900    361.100      0.377           7.049                 1.47         10
      1          0               0     76.600    490.300      0.968          15.047                 1.34         20
      1          0               0    101.200    777.300      2.222          20.422                 1.47         30
      1          0               0    111.800    908.600      4.229          24.040                 1.68         40
      1          0               0    107.000   1145.800      6.602          27.153                 1.87         50
      1          0               0    128.200   1699.900     13.103          26.900                 2.24         60
      1          0               0    114.800    295.000      0.529           9.350                 1.08         10
      1          0               0     96.700    410.200      0.986          16.838                  1.2         20
      1          0               0     76.600    606.900      1.419          20.995                 1.44         30
      1          0               0     95.700    637.600      2.992          26.037                 1.54         40
      1          0               0    112.600    887.300      5.913          26.857                 1.87         50
      1          0               0    101.600    888.200      8.805          28.551                 2.12         60
      1          0               0    109.100    356.000      0.529           8.464                 1.19         10
      1          0               0    126.600    605.400      1.373          15.717                 1.28         20
      1          0               0     86.300    585.600      1.827          19.181                 1.58         30
      1          0               0    105.400   1020.900      3.361          23.563                 1.71         40
      1          0               0     62.800    994.100      4.200          24.783                 2.03         50
      1          0               0     85.500   1500.500      9.463          27.011                 2.23         60
      1          0               0     75.200    321.400      0.379           8.436                 1.22         10
      1          0               0    124.100    438.700      1.251          17.134                 1.17         20
      1          0               0     82.500    480.000      1.372          23.770                 1.27         30
      1          0               0    126.200   1140.100      4.040          24.387                 1.65         40
      1          0               0     91.800   1067.600      4.219          26.956                 1.87         50
      1          0               0     65.100    983.400      5.860          28.989                 2.09         60
      1          0               0    116.800    438.500      0.565           8.756                 1.15         10
      1          0               0     78.500    395.600      0.872          15.224                 1.32         20
      1          0               0     53.700    485.700      1.067          19.646                 1.53         30
      1          0               0     74.200    651.700      2.169          25.457                 1.57         40
      1          0               0     74.700   1003.500      4.202          26.149                 1.92         50
      1          0               0     74.200    869.100      4.750          28.916                 2.08         60
      1          0               0     64.900    248.800      0.342           7.398                 1.37         10
      1          0               0     97.800    534.600      1.183          14.935                 1.35         20
      1          0               0    103.600   1015.200      2.070          21.677                 1.39         30
      1          0               0     85.500   1174.700      2.964          24.207                 1.67         40
      1          0               0     97.500   1280.800      4.751          29.459                 1.71         50
      1          0               0    114.000   1441.400      8.915          29.241                 2.06         60
      1          0               0     52.700    254.800      0.260           8.275                 1.23         10
      1          0               0    135.700    648.800      1.430          15.749                 1.28         20
      1          0               0    116.100   1000.500      2.430          19.577                 1.54         30
      1          0               0     75.100    864.200      2.789          22.668                 1.78         40
      1          0               0    105.900   1531.800      5.033          25.444                 1.97         50
      1          0               0    118.600   1035.200     10.126          26.042                 2.32         60
      1          0               0     76.200    240.900      0.368           9.059                 1.12         10
      1          0               0     85.100    499.800      0.969          15.474                 1.31         20
      1          0               0    132.600    912.900      2.224          23.100                 1.31         30
      1          0               0    132.200   1155.800      3.503          27.178                 1.48         40
      1          0               0    187.800   1625.200      7.610          31.809                 1.58         50
      1          0               0    104.400   1182.700      7.227          32.740                 1.85         60
      1          0               0     86.600    241.700      0.438           8.139                 1.24         10
      1          0               0     98.000    499.500      1.228          13.672                 1.48         20
      1          0               0     99.400    609.900      1.969          19.995                 1.52         30
      1          0               0     75.500    797.600      2.755          25.691                  1.6         40
      1          0               0     76.100    926.700      6.295          25.339                  2.0         50
      1          0               0     63.300   1131.700     10.666          24.689                 2.48         60
      1          0               0    135.700    240.300      0.580           9.662                 1.04         10
      1          0               0    159.500    484.500      1.641          15.155                 1.33         20
      1          0               0     95.300    508.300      1.619          22.103                 1.37         30
      1          0               0     83.600    630.800      2.473          24.333                 1.65         40
      1          0               0     78.700    946.500      3.417          28.213                 1.79         50
      1          0               0     82.700   1245.800     10.240          24.723                 2.44         60
      1          0               0    119.900    267.900      0.552           8.550                 1.18         10
      1          0               0     67.800    445.900      0.786          14.647                 1.38         20
      1          0               0     91.100    588.300      1.625          20.721                 1.46         30
      1          0               0    115.600   1042.000      3.636          24.138                 1.67         40
      1          0               0    134.700   1352.900      5.232          28.822                 1.74         50
      1          0               0     97.400   1079.400      5.712          29.472                 2.05         60
      1          0               0     82.800    322.800      0.383           8.728                 1.17         10
      1          0               0     97.900    650.800      1.036          16.478                 1.22         20
      1          0               0     44.600    370.200      1.188          19.078                 1.59         30
      1          0               0    121.400   1162.800      5.676          20.601                 1.95         40
      1          0               0    149.500   1278.700     11.000          23.363                 2.15         50
      1          0               0     84.400   1129.200     11.162          22.868                 2.67         60
      1          0               0     87.800    404.400      0.461           8.432                 1.25         10
      1          0               0     65.500    559.500      0.789          15.841                 1.28         20
      1          0               0    105.800    770.000      1.798          23.041                 1.32         30
      1          0               0     73.400    699.600      2.164          25.623                 1.58         40
      1          0               0    100.300    931.500      4.386          28.202                 1.78         50
      1          0               0    158.900   1716.300      8.948          32.832                 1.83         60
      1          0               0     80.200    430.300      0.385           8.481                 1.19         10
      1          0               0     77.000    481.100      0.836          15.934                 1.26         20
      1          0               0    100.500    761.500      2.037          20.266                 1.49         30
      1          0               0     93.100   1082.200      3.074          24.275                 1.65         40
      1          0               0    101.800   1031.800      4.802          28.805                 1.74         50
      1          0               0    156.400   1501.100     10.813          31.836                 1.89         60
      1          0               0     40.600    190.900      0.198           7.975                 1.27         10
      1          0               0     74.900    455.200      0.852          14.607                 1.38         20
      1          0               0    105.200    719.100      1.697          23.099                  1.3         30
      1          0               0     98.300    820.200      2.815          25.790                 1.56         40
      1          0               0    111.400    952.600      4.030          33.282                 1.51         50
      1          0               0     79.400   1278.600      5.606          33.778                 1.78         60
      1          0               0    125.000    487.500      0.565           9.046                 1.12         10
      1          0               0    144.600    622.500      1.374          17.089                 1.17         20
      1          0               0    138.100    899.800      2.794          19.552                 1.54         30
      1          0               0    106.500    862.400      3.504          23.920                 1.69         40
      1          0               0     93.200   1157.300      4.385          27.571                 1.83         50
      1          0               0    103.800    937.100      8.767          27.401                  2.2         60
      1          0               0     58.200    208.100      0.266           9.108                 1.11         10
      1          0               0    138.400    532.800      1.311          17.965                 1.12         20
      1          0               0     71.500    596.200      1.470          21.547                  1.4         30
      1          0               0     64.500    563.100      1.826          25.786                 1.56         40
      1          0               0    100.300    902.700      7.686          25.893                 1.94         50
      1          0               0     81.900   1072.900      8.291          29.382                 2.06         60
      1          0               0     58.900    200.700      0.260           9.472                 1.06         10
      1          0               0     67.600    455.800      0.677          16.376                 1.23         20
      1          0               0    101.700    844.900      1.668          23.614                 1.28         30
      1          0               0    105.600   1063.700      2.668          28.337                 1.43         40
      1          0               0     78.400   1388.700      3.324          30.909                 1.66         50
      1          0               0    103.100   1786.800      6.638          32.530                 1.89         60
      1          0               0     76.400    192.500      0.347           8.737                 1.15         10
      1          0               0    153.500    628.500      1.532          16.132                 1.24         20
      1          0               0    105.000    941.900      2.500          17.911                 1.69         30
      1          0               0    134.000   1154.600      4.956          22.699                 1.77         40
      1          0               0     78.000   1124.300      4.251          24.382                 2.06         50
      1          0               0     86.600    905.500      5.468          28.905                 2.09         60
      1          0               0     75.000    233.900      0.353           8.401                  1.2         10
      1          0               0    133.300    437.700      1.299          16.797                  1.2         20
      1          0               0     86.400    614.900      1.655          20.109                  1.5         30
      1          0               0     99.400    910.900      2.883          25.692                 1.57         40
      1          0               0    101.000    956.800      4.162          28.469                 1.79         50
      1          0               0     80.100    894.500      6.355          28.035                 2.16         60
      1          0               0    121.500    378.700      0.549           9.118                 1.11         10
      1          0               0     95.100    603.400      1.016          14.922                 1.35         20
      1          0               0    159.200    872.000      2.569          23.045                 1.31         30
      1          0               0    116.600    973.700      2.993          27.816                 1.45         40
      1          0               0    133.800   1166.400      4.792          33.758                 1.49         50
      1          0               0    114.200   1409.100      6.808          34.074                 1.77         60
      1          0               0    134.900    430.500      0.628           8.417                  1.2         10
      1          0               0    119.600    527.100      1.299          13.451                 1.49         20
      1          0               0    161.200    899.500      2.820          19.336                 1.56         30
      1          0               0     57.100    695.100      1.868          23.091                 1.74         40
      1          0               0     88.800   1176.500      4.960          23.916                  2.1         50
      1          0               0    129.800   1426.000     15.181          27.261                 2.21         60
      1          0               0    129.100    347.300      0.559           9.578                 1.05         10
      1          0               0     83.200    415.900      0.930          14.343                  1.4         20
      1          0               0    148.500    695.700      2.680          20.219                 1.49         30
      1          0               0    126.900   1158.500      3.699          23.550                 1.71         40
      1          0               0    163.300   1448.600      6.387          27.483                 1.83         50
      1          0               0    159.700   1691.000      9.534          29.613                 2.04         60
      1          0               0    128.800    449.400      0.575           9.398                 1.07         10
      1          0               0    123.000    759.900      1.296          15.594                 1.29         20
      1          0               0    131.900   1066.700      2.212          22.563                 1.33         30
      1          0               0     99.800    741.200      2.401          29.149                 1.38         40
      1          0               0    118.000    879.200      4.537          30.849                 1.63         50
      1          0               0     77.700    779.600      4.992          32.336                 1.87         60
      1          0               0    115.300    293.900      0.518           9.362                 1.08         10
      1          0               0    123.600    602.800      1.200          17.689                 1.13         20
      1          0               0    106.200    683.700      1.624          24.552                 1.23         30
      1          0               0    106.900   1080.700      2.919          24.669                 1.62         40
      1          0               0     92.400   1349.900      4.134          27.108                 1.86         50
      1          0               0     79.200   1343.000      6.091          27.523                 2.19         60
      1          0               0    140.300    337.400      0.753           7.262                 1.39         10
      1          0               0     44.600    277.000      0.530          15.657                 1.28         20
      1          0               0    129.500   1032.300      2.190          23.114                  1.3         30
      1          0               0     79.800    966.600      2.555          27.620                 1.46         40
      1          0               0    124.000   1272.400      5.722          30.269                 1.66         50
      1          0               0     95.800   1317.900      6.722          31.629                 1.91         60
      1          0               0    116.700    302.200      0.507           9.406                 1.07         10
      1          0               0    113.000    531.700      1.163          15.368                 1.31         20
      1          0               0    110.500    914.300      1.947          20.675                 1.47         30
      1          0               0    110.400    888.300      3.255          24.471                 1.64         40
      1          0               0    105.100   1222.200      4.784          26.959                 1.86         50
      1          0               0     78.600   1305.900      5.228          28.875                 2.09         60
      1          0               0     70.600    168.500      0.328           9.266                 1.09         10
      1          0               0     62.900    394.900      2.090          11.960                  1.7         20
      1          0               0     92.300    621.200      2.210          18.829                  1.6         30
      1          0               0     69.700    741.300      3.779          21.509                 1.88         40
      1          0               0     72.200    798.700      5.080          27.019                 1.86         50
      1          0               0     66.400    917.600      5.870          28.071                 2.14         60
      1          0               0     88.900    256.300      0.417           8.587                 1.18         10
      1          0               0     48.300    328.200      0.484          16.211                 1.24         20
      1          0               0     77.200    642.500      1.323          22.142                 1.36         30
      1          0               0     41.600    463.800      1.189          26.654                 1.51         40
      1          0               0    107.500    960.100      6.152          27.360                 1.83         50
      1          0               0    104.400   1481.600      7.852          28.529                 2.11         60
      1          0               0     84.400    281.000      0.423           7.863                  1.3         10
      1          0               0    102.200    623.600      1.140          14.774                 1.37         20
      1          0               0    123.400    723.400      2.493          19.784                 1.52         30
      1          0               0    117.300   1068.300      3.418          26.204                 1.53         40
      1          0               0    113.100   1317.900      5.186          29.156                 1.72         50
      1          0               0     99.200   1041.100     10.036          29.612                 2.04         60
      1          0               0     82.900    241.100      0.375           9.279                 1.09         10
      1          0               0    105.300    670.800      1.199          15.139                 1.33         20
      1          0               0     94.600    977.100      2.039          19.574                 1.54         30
      1          0               0     99.000   1243.400      3.120          23.596                  1.7         40
      1          0               0    107.200   1753.600      5.164          26.693                 1.89         50
      1          0               0     96.300   1429.300      7.921          28.714                  2.1         60
      1          0               0     82.500    247.600      0.387           8.469                 1.19         10
      1          0               0     68.600    363.600      0.751          15.313                 1.31         20
      1          0               0     72.600    601.300      1.346          22.360                 1.36         30
      1          0               0     92.000    751.200      2.808          25.963                 1.56         40
      1          0               0    120.200   1056.000      5.231          28.321                 1.78         50
      1          0               0    109.600   1369.700     10.664          27.439                  2.2         60
      1          0               0     46.700    181.800      0.218           9.109                 1.11         10
      1          0               0    122.800    623.300      1.247          16.718                  1.2         20
      1          0               0    140.300   1063.900      2.402          21.511                  1.4         30
      1          0               0     78.100    802.300      2.625          23.985                 1.67         40
      1          0               0     80.900    911.700      4.754          27.581                 1.82         50
      1          0               0     88.500   1038.500      8.047          29.897                 2.02         60
      1          0               0     87.700    233.300      0.405           8.892                 1.13         10
      1          0               0    136.400    660.300      1.309          17.415                 1.15         20
      1          0               0    128.000    576.000      1.848          25.805                 1.17         30
      1          0               0     87.500   1074.200      2.218          28.267                 1.42         40
      1          0               0    155.400   1705.300      5.825          30.587                 1.64         50
      1          0               0    114.600   1365.600      6.819          31.058                 1.94         60
      1          0               0    111.300    209.700      0.500           9.126                 1.11         10
      1          0               0    143.200    608.000      1.738          14.715                 1.37         20
      1          0               0    140.600    868.200      2.960          19.266                 1.57         30
      1          0               0    109.200   1135.700      3.549          23.577                  1.7         40
      1          0               0    129.600   1436.600      6.374          24.870                 2.02         50
      1          0               0     81.600   1560.400     13.523          24.040                 2.52         60
      1          0               0     76.300    367.800      0.359           8.779                 1.16         10
      1          0               0     92.600    381.000      0.936          16.025                 1.26         20
      1          0               0    119.500    908.300      2.215          18.481                 1.63         30
      1          0               0    164.200   1211.300      4.572          25.447                 1.58         40
      1          0               0     53.300    596.900      2.441          27.028                 1.85         50
      1          0               0     69.000   1012.800      5.241          26.297                 2.29         60
      1          0               0     72.000    343.900      0.332           8.697                 1.17         10
      1          0               0     64.500    440.300      0.752          14.527                 1.39         20
      1          0               0    132.100   1218.000      3.074          19.056                 1.59         30
      1          0               0     94.600    778.500      3.059          22.475                 1.79         40
      1          0               0    133.500   1549.200      6.302          25.595                 1.97         50
      1          0               0     99.400   1002.800      7.865          27.684                 2.18         60
      1          0               0     78.800    267.500      0.363           8.970                 1.13         10
      1          0               0     88.300    383.200      0.892          16.602                 1.21         20
      1          0               0     98.200    671.100      1.629          23.684                 1.28         30
      1          0               0     69.200    676.100      2.254          25.465                 1.61         40
      1          0               0     94.800    815.100      4.404          28.504                 1.77         50
      1          0               0    107.400    947.500      7.938          28.442                 2.12         60
      1          0               0     60.500    202.100      0.291           7.878                 1.28         10
      1          0               0    100.800    513.400      1.125          14.562                 1.38         20
      1          0               0     84.700    784.400      1.842          17.995                 1.69         30
      1          0               0     75.400    767.100      2.661          22.284                  1.8         40
      1          0               0     92.600   1145.700      4.355          27.362                 1.83         50
      1          0               0     78.600   1245.800      6.764          27.196                 2.21         60
      1          0               0     77.100    265.100      0.348           8.894                 1.13         10
      1          0               0    121.400    759.000      1.490          14.001                 1.44         20
      1          0               0     76.400    820.600      1.725          18.745                 1.62         30
      1          0               0     99.100    946.000      3.109          21.705                 1.86         40
      1          0               0    150.800   1645.500      7.032          25.231                 1.99         50
      1          0               0     82.300    958.000      6.331          24.633                 2.47         60
      1          0               0    158.200    373.100      0.729           8.558                 1.18         10
      1          0               0    110.700    756.100      1.289          15.023                 1.37         20
      1          0               0    143.200    799.100      2.588          21.390                 1.41         30
      1          0               0     90.200    828.500      2.615          26.458                 1.52         40
      1          0               0    102.000   1019.400      4.685          26.399                 1.92         50
      1          0               0    126.300   1005.500      7.927          30.005                 2.02         60
      1          0               0     86.700    193.400      0.388           9.261                 1.09         10
      1          0               0    100.800    426.800      0.999          16.498                 1.22         20
      1          0               0    106.300    441.600      1.809          21.574                  1.4         30
      1          0               0     91.300    963.700      2.971          25.249                 1.61         40
      1          0               0    104.500   1042.900      3.862          30.497                 1.65         50
      1          0               0    115.300   1426.900      9.174          29.242                 2.07         60
      1          0               0     75.900    195.300      0.425           8.535                 1.18         10
      1          0               0     95.400    552.900      1.046          15.286                 1.32         20
      1          0               0    116.900    865.600      2.449          20.359                 1.48         30
      1          0               0    120.400    929.900      3.631          24.580                 1.63         40
      1          0               0     85.400    919.200      4.224          26.536                 1.89         50
      1          0               0     95.300   1005.700      7.712          28.444                 2.11         60
      1          0               0     74.200    293.200      0.351           8.431                 1.19         10
      1          0               0    124.400    377.700      1.297          15.326                 1.31         20
      1          0               0     92.300    709.500      1.455          23.779                 1.27         30
      1          0               0    139.800    930.300      3.415          28.648                 1.42         40
      1          0               0     67.200    931.500      2.706          30.182                 1.68         50
      1          0               0    106.500   1132.600      6.238          31.751                 1.91         60
      1          0               0    117.700    526.600      0.569           8.133                 1.24         10
      1          0               0    134.800    649.300      1.364          15.088                 1.33         20
      1          0               0    107.700    805.300      1.714          23.575                 1.29         30
      1          0               0     58.100    803.100      1.804          25.324                 1.59         40
      1          0               0     96.200   1022.600      3.788          29.361                 1.71         50
      1          0               0    101.300   1409.100      5.101          33.914                 1.77         60
      1          0               0    134.100    417.900      0.592           9.384                 1.07         10
      1          0               0     68.200    543.700      0.707          15.812                 1.27         20
      1          0               0    125.700    600.200      1.998          21.999                 1.37         30
      1          0               0    121.300   1257.200      3.244          26.664                 1.51         40
      1          0               0     86.400    874.500      3.581          29.575                  1.7         50
      1          0               0     66.000    909.100      5.031          29.838                 2.03         60
      1          0               0     44.200    210.800      0.202           9.219                 1.09         10
      1          0               0    132.500    560.000      1.243          18.438                  1.1         20
      1          0               0    125.100    937.300      1.834          27.461                  1.1         30
      1          0               0     89.300    822.500      1.985          32.272                 1.25         40
      1          0               0    104.800    868.100      3.995          33.344                 1.51         50
      1          0               0    111.000   1348.200      6.759          35.025                 1.73         60
      1          0               0     79.900    258.700      0.358           9.434                 1.06         10
      1          0               0     73.400    560.300      0.753          15.914                 1.26         20
      1          0               0     67.500    566.200      1.408          18.284                 1.65         30
      1          0               0     85.900    750.700      2.508          23.090                 1.74         40
      1          0               0     88.000   1170.700      5.258          25.352                 1.98         50
      1          0               0     70.500   1035.300      5.307          27.586                 2.18         60
      1          0               0     84.100    246.700      0.399           8.380                 1.21         10
      1          0               0     97.500    539.200      1.163          14.426                 1.41         20
      1          0               0    107.100    764.300      2.272          18.776                 1.61         30
      1          0               0     53.200    632.800      1.895          23.985                  1.7         40
      1          0               0     71.200    876.100      4.237          29.124                 1.73         50
      1          0               0     83.500    954.400      6.857          31.457                 1.94         60
      1          0               0    102.200    313.700      0.513           7.472                 1.38         10
      1          0               0     97.700    486.700      1.064          13.853                 1.46         20
      1          0               0    116.200    902.800      2.327          18.583                 1.62         30
      1          0               0     95.300    844.000      4.989          20.636                 1.95         40
      1          0               0     82.700   1080.100      6.303          24.521                 2.05         50
      1          0               0    103.400   1373.100     10.576          26.658                 2.26         60
      1          0               0     60.500    288.900      0.315           7.924                 1.32         10
      1          0               0    100.300    670.800      1.083          16.420                 1.24         20
      1          0               0     65.900    545.900      1.149          21.326                 1.43         30
      1          0               0    141.700   1543.700      4.073          22.579                 1.79         40
      1          0               0    124.100   1414.600      6.669          23.760                 2.13         50
      1          0               0    196.300   2643.000     13.260          28.172                 2.14         60
      1          0               0     46.700    164.100      0.226           8.441                 1.21         10
      1          0               0     65.000    363.300      0.652          15.980                 1.26         20
      1          0               0     94.100    614.800      1.549          21.901                 1.37         30
      1          0               0    147.900   1186.000      3.680          27.266                 1.48         40
      1          0               0     89.900    967.400      3.786          27.069                 1.86         50
      1          0               0    101.400   1105.400      7.617          26.013                 2.32         60
      1          0               0     46.100    179.100      0.219           8.421                 1.19         10
      1          0               0    169.400    577.200      1.707          16.279                 1.23         20
      1          0               0     80.700    588.100      1.401          21.555                  1.4         30
      1          0               0    119.700   1099.000      3.854          23.887                 1.68         40
      1          0               0    143.500   1966.100      6.266          29.109                 1.72         50
      1          0               0    188.200   2390.400     17.718          31.306                 1.92         60
      1          0               0    106.600    388.500      0.487           8.759                 1.15         10
      1          0               0     87.000    462.500      0.928          15.559                 1.29         20
      1          0               0    135.300    653.600      2.504          20.935                 1.44         30
      1          0               0    152.900   1095.100      4.268          24.742                 1.63         40
      1          0               0    111.400   1289.700      5.257          25.031                 2.02         50
      1          0               0    100.600   1265.600      6.740          29.088                 2.07         60
      1          0               0     61.600    285.600      0.302           8.250                 1.23         10
      1          0               0     88.700    437.500      0.921          15.784                 1.29         20
      1          0               0     91.200    561.400      1.473          22.293                 1.37         30
      1          0               0     70.700    680.500      2.643          25.211                 1.61         40
      1          0               0     83.000    790.000      4.443          26.940                 1.89         50
      1          0               0     64.600    875.800      5.180          28.384                 2.14         60
      1          0               0     92.900    288.900      0.459           8.045                 1.26         10
      1          0               0     84.700    429.200      0.900          15.545                 1.29         20
      1          0               0     45.700    475.800      0.974          21.221                 1.42         30
      1          0               0     72.200    855.400      2.340          24.176                 1.66         40
      1          0               0     81.800    905.300      4.441          25.059                 2.01         50
      1          0               0    122.200   1396.400     13.493          25.303                 2.38         60
      1          0               0    102.300    536.900      0.562           7.585                 1.36         10
      1          0               0     98.800    529.100      1.024          14.938                 1.35         20
      1          0               0     87.500    783.000      1.701          19.226                 1.57         30
      1          0               0    109.800   1147.000      4.273          21.669                 1.86         40
      1          0               0    109.400    993.900      6.437          23.649                 2.13         50
      1          0               0     67.800    899.600      6.426          24.336                  2.5         60
      1          0               0     41.200    163.900      0.190           9.012                 1.12         10
      1          0               0     67.100    387.200      0.725          17.091                 1.18         20
      1          0               0    200.700    940.500      3.368          23.408                 1.28         30
      1          0               0    123.200    973.900      2.917          28.841                 1.39         40
      1          0               0    141.100   1201.100      5.252          31.994                 1.57         50
      1          0               0    109.200   1423.400      6.472          31.748                  1.9         60
      1          0               0     77.600    348.300      0.376           8.196                 1.23         10
      1          0               0    104.300    696.800      1.059          16.124                 1.25         20
      1          0               0    121.700   1091.600      2.860          19.987                 1.51         30
      1          0               0    141.600   1367.800      5.589          24.919                 1.62         40
      1          0               0    104.900   1215.600      6.647          27.195                 1.84         50
      1          0               0    113.100   1519.000      9.365          30.649                 1.96         60
      1          0               0     88.900    381.200      0.435           8.169                 1.24         10
      1          0               0     76.700    440.000      0.762          16.446                 1.23         20
      1          0               0    124.600   1314.800      2.621          21.435                  1.4         30
      1          0               0    108.700   1186.200      3.892          24.085                 1.67         40
      1          0               0    127.500   1709.800      8.664          25.077                 2.01         50
      1          0               0     74.300   1054.400      6.874          27.884                 2.16         60
      1          0               0    112.300    405.600      0.522           8.736                 1.16         10
      1          0               0    140.300    613.500      1.463          16.464                 1.23         20
      1          0               0     53.100    422.600      0.929          22.245                 1.36         30
      1          0               0     78.500    647.400      2.154          26.171                 1.54         40
      1          0               0     45.800    579.800      2.255          26.817                 1.88         50
      1          0               0     57.200    936.900      4.894          31.073                 1.94         60
      1          0               0    136.400    521.700      0.614           9.184                  1.1         10
      1          0               0    101.500    515.400      0.963          18.097                 1.12         20
      1          0               0    108.000    850.500      1.783          23.255                  1.3         30
      1          0               0    120.900   1108.900      3.103          28.578                 1.41         40
      1          0               0    150.000   1644.100      5.130          32.585                 1.55         50
      1          0               0    125.400   1381.300      5.988          33.565                  1.8         60
      1          0               0     68.200    287.600      0.342           7.340                 1.38         10
      1          0               0    106.900    577.500      1.248          14.181                 1.43         20
      1          0               0    141.700   1300.800      2.560          21.617                  1.4         30
      1          0               0     82.800    994.400      2.438          25.693                 1.56         40
      1          0               0     99.900   1691.400      5.785          25.934                 1.94         50
      1          0               0     97.200   1581.800      8.902          30.792                 1.96         60
      1          0               0     53.000    199.700      0.251           8.351                  1.2         10
      1          0               0     84.200    316.100      0.961          12.492                 1.61         20
      1          0               0     46.600    408.200      1.031          17.966                 1.68         30
      1          0               0     85.100    644.100      3.700          20.471                 1.96         40
      1          0               0    102.200    885.700      7.512          22.461                 2.24         50
      1          0               0    115.200   1246.100     15.423          25.251                 2.39         60
      1          0               0     35.800    150.400      0.173           8.237                 1.22         10
      1          0               0     66.700    452.400      0.724          16.214                 1.25         20
      1          0               0    100.500    611.100      1.606          23.172                 1.31         30
      1          0               0    134.300   1118.200      3.278          29.500                 1.37         40
      1          0               0     63.900    774.800      2.490          29.613                  1.7         50
      1          0               0     98.200   1370.200      6.230          31.368                 1.93         60
      1          0               0     63.300    253.400      0.296           8.885                 1.13         10
      1          0               0     78.400    416.100      0.822          15.832                 1.28         20
      1          0               0     54.800    534.400      1.095          21.020                 1.45         30
      1          0               0    153.000   1105.800      4.213          26.531                 1.53         40
      1          0               0    120.600   1062.900      5.095          29.284                 1.72         50
      1          0               0     82.300    946.100      5.851          29.492                 2.04         60
      1          0               0     52.100    213.900      0.236           8.969                 1.12         10
      1          0               0     76.400    359.600      0.720          17.415                 1.15         20
      1          0               0     74.700    532.400      1.275          21.759                 1.39         30
      1          0               0    103.600   1113.400      3.033          24.169                 1.68         40
      1          0               0    126.500   1558.300      5.029          28.153                 1.79         50
      1          0               0    109.500   1263.000      7.801          28.792                  2.1         60
      1          0               0    107.700    510.800      0.484           8.706                 1.17         10
      1          0               0     77.900    511.200      0.872          14.760                 1.36         20
      1          0               0     83.500    686.500      1.496          19.055                 1.58         30
      1          0               0     86.400    920.200      2.874          21.361                 1.88         40
      1          0               0    125.800   1104.100      5.578          25.866                 1.94         50
      1          0               0     70.100    897.700      8.511          23.066                 2.63         60
      1          0               0     68.000    266.000      0.303           8.966                 1.13         10
      1          0               0    134.100    489.100      1.243          17.430                 1.16         20
      1          0               0    175.400    922.100      3.035          22.384                 1.34         30
      1          0               0    148.500   1283.500      4.325          24.214                 1.66         40
      1          0               0    118.600   1397.600      4.801          29.956                 1.68         50
      1          0               0     77.500    917.900      5.273          29.323                 2.06         60
      1          0               0     91.300    262.800      0.390           9.418                 1.07         10
      1          0               0    107.700    563.200      1.027          16.630                 1.21         20
      1          0               0    117.200    842.600      2.114          22.532                 1.35         30
      1          0               0    113.700   1033.600      3.559          26.665                 1.52         40
      1          0               0    146.700   1370.100      8.842          29.918                 1.69         50
      1          0               0    137.300   1697.000     11.402          32.422                 1.87         60
      1          0               0     79.700    293.400      0.372           8.671                 1.17         10
      1          0               0     85.000    438.400      0.918          16.572                 1.21         20
      1          0               0     79.000    506.500      1.339          22.444                 1.35         30
      1          0               0    116.300   1013.200      4.053          25.194                  1.6         40
      1          0               0     78.800    806.000      6.838          25.299                  2.0         50
      1          0               0     81.300   1202.100      6.387          28.680                 2.12         60
      1          0               0    111.000    372.800      0.519           8.259                 1.23         10
      1          0               0    118.300    318.800      1.230          14.486                 1.39         20
      1          0               0     67.500    531.100      1.234          19.695                 1.54         30
      1          0               0     86.000    842.900      2.428          23.190                 1.74         40
      1          0               0    135.400   1122.100      6.117          25.356                 1.99         50
      1          0               0     69.000    870.200      5.704          24.568                 2.45         60
      1          0               0    106.400    494.600      0.515           8.086                 1.25         10
      1          0               0    124.200    886.900      1.302          15.458                  1.3         20
      1          0               0    127.400   1103.300      2.229          20.360                 1.48         30
      1          0               0    131.400   1456.800      3.838          23.117                 1.74         40
      1          0               0     97.600   1477.300      4.040          26.983                 1.86         50
      1          0               0     91.700   1197.500      5.446          29.270                 2.06         60
      1          0               0     89.600    189.900      0.387           9.509                 1.06         10
      1          0               0     82.900    624.900      0.841          16.215                 1.24         20
      1          0               0    154.100   1226.200      2.500          21.963                 1.37         30
      1          0               0    118.200   1495.800      3.365          25.168                 1.59         40
      1          0               0     64.400   1155.600      3.723          27.986                  1.8         50
      1          0               0     84.400   1404.500      7.925          31.341                 1.93         60
      1          0               0    114.400    345.700      0.524           7.923                 1.28         10
      1          0               0    112.000    554.600      1.227          14.095                 1.43         20
      1          0               0    104.400    590.500      2.233          17.330                 1.74         30
      1          0               0    102.300    882.200      3.670          18.718                 2.15         40
      1          0               0    101.400   1036.600      5.212          21.866                  2.3         50
      1          0               0     62.600    819.400      4.998          24.054                  2.5         60
      1          0               0     87.800    288.100      0.384           9.212                 1.09         10
      1          0               0    106.700    458.600      1.347          12.377                 1.64         20
      1          0               0    162.700   1145.400      3.502          17.533                 1.73         30
      1          0               0    103.100    901.800      3.348          24.734                 1.62         40
      1          0               0     61.000    929.400      3.576          26.305                 1.93         50
      1          0               0    135.000   1221.700      7.842          30.010                 2.01         60
      1          0               0    102.700    324.500      0.474           7.859                 1.28         10
      1          0               0    105.300    503.400      1.099          14.802                 1.37         20
      1          0               0     82.300    604.800      1.496          21.649                  1.4         30
      1          0               0     91.500    791.600      2.303          27.165                 1.48         40
      1          0               0    116.900   1082.500      4.580          27.924                  1.8         50
      1          0               0     95.500   1136.600      5.131          31.486                 1.92         60
      1          0               0     84.100    205.700      0.363           9.397                 1.07         10
      1          0               0     77.600    458.200      0.754          16.211                 1.24         20
      1          0               0    114.800   1074.600      1.760          23.407                 1.29         30
      1          0               0    180.000   1245.700      4.225          26.071                 1.54         40
      1          0               0     80.200    874.100      3.902          27.095                 1.86         50
      1          0               0     96.600   1057.000      7.282          28.940                 2.08         60
      1          0               0     50.500    239.100      0.254           8.436                 1.22         10
      1          0               0     76.100    510.600      0.871          14.590                 1.38         20
      1          0               0     94.300    447.200      1.748          21.024                 1.44         30
      1          0               0    119.000    909.300      2.953          26.826                  1.5         40
      1          0               0     89.800    968.900      3.238          30.395                 1.65         50
      1          0               0    140.000   1330.900      7.612          31.952                 1.88         60
      1          0               0    134.000    357.500      0.697           7.575                 1.33         10
      1          0               0    122.100    626.400      1.941          13.539                 1.48         20
      1          0               0    126.700    641.500      2.558          20.004                  1.5         30
      1          0               0     93.700    922.900      4.021          22.742                 1.77         40
      1          0               0    105.900    986.600      6.462          26.547                 1.89         50
      1          0               0     83.800    923.100      7.180          29.000                 2.08         60
      1          0               0     87.700    255.700      0.387           9.084                 1.11         10
      1          0               0    113.200    501.400      1.103          16.968                 1.19         20
      1          0               0    107.100    654.500      1.784          22.890                 1.33         30
      1          0               0     59.900    769.000      1.837          26.020                 1.58         40
      1          0               0    109.600   1231.600      4.497          30.013                  1.7         50
      1          0               0     55.600    896.800      3.631          30.959                 1.96         60
      1          0               0     87.500    345.900      0.389           9.176                  1.1         10
      1          0               0    106.500    595.500      1.020          17.289                 1.16         20
      1          0               0     86.800    645.500      1.361          24.377                 1.24         30
      1          0               0     82.000    812.400      2.176          26.540                 1.52         40
      1          0               0    148.600   1225.500      5.627          28.628                 1.75         50
      1          0               0    111.000   1244.400      6.716          29.095                 2.08         60
      1          0               0     39.600    154.900      0.190           8.066                 1.25         10
      1          0               0    114.400    613.800      1.591          13.177                 1.52         20
      1          0               0    129.400    898.200      3.032          17.699                  1.7         30
      1          0               0     85.700    901.600      2.930          22.846                 1.76         40
      1          0               0     87.900    926.000      4.195          26.303                 1.91         50
      1          0               0     55.300    995.300      6.002          23.231                 2.63         60
      1          0               0     37.500    189.100      0.174           8.792                 1.17         10
      1          0               0    131.800    617.100      1.358          15.046                 1.33         20
      1          0               0    104.600    881.700      1.781          21.792                 1.39         30
      1          0               0     75.100    887.800      2.981          23.276                 1.74         40
      1          0               0     91.200   1393.300      4.716          28.045                 1.79         50
      1          0               0    106.200   2047.800     19.043          29.189                 2.07         60
      1          0               0     88.900    312.100      0.385           9.355                 1.08         10
      1          0               0     84.900    479.500      0.913          14.372                  1.4         20
      1          0               0     96.600    806.300      1.868          18.421                 1.64         30
      1          0               0     78.500    796.800      2.103          24.811                 1.62         40
      1          0               0     89.600   1158.300      3.272          27.550                 1.83         50
      1          0               0    104.600   1204.000      5.734          29.943                 2.01         60
      1          0               0     38.000    168.600      0.171           8.889                 1.13         10
      1          0               0    123.200    701.200      1.184          15.914                 1.27         20
      1          0               0    163.200   1235.100      2.880          19.259                 1.56         30
      1          0               0    109.100    931.600      3.053          24.771                 1.62         40
      1          0               0    106.500   1350.600      4.508          28.157                 1.79         50
      1          0               0    132.600   1368.800      6.819          32.110                 1.89         60
      1          0               0     80.000    280.200      0.347           9.135                 1.11         10
      1          0               0     95.500    568.500      0.928          17.194                 1.17         20
      1          0               0     83.400    648.700      1.543          21.493                 1.42         30
      1          0               0     89.000    762.700      2.219          28.027                 1.45         40
      1          0               0    118.700    829.300      4.004          31.505                  1.6         50
      1          0               0     79.400   1044.600      4.869          31.688                 1.93         60
      1          0               0    134.600    421.000      0.587           9.135                  1.1         10
      1          0               0    117.100    738.700      1.137          17.085                 1.18         20
      1          0               0     97.000    647.000      1.692          21.715                 1.39         30
      1          0               0    115.200    771.200      3.000          26.747                 1.51         40
      1          0               0     99.600   1030.900      3.998          27.722                 1.81         50
      1          0               0    103.500   1060.300      6.448          30.079                  2.0         60
      1          0               0     60.400    303.200      0.279           8.828                 1.15         10
      1          0               0    103.500    733.900      1.055          15.416                 1.31         20
      1          0               0    106.200    928.000      2.075          20.385                 1.48         30
      1          0               0    101.500   1036.000      2.779          26.370                 1.53         40
      1          0               0     77.600   1150.800      4.328          26.884                 1.87         50
      1          0               0     93.500   1302.300      7.453          26.901                 2.25         60
      1          0               0    104.100    249.100      0.489           7.727                 1.31         10
      1          0               0     67.200    498.900      0.814          13.621                 1.49         20
      1          0               0     85.800    887.000      2.225          19.383                 1.56         30
      1          0               0     59.400   1043.000      2.738          23.000                 1.75         40
      1          0               0     66.900   1222.800      5.770          25.069                 2.02         50
      1          0               0    125.400   1591.500      9.605          30.046                 2.02         60
      1          0               0     38.300    184.400      0.177           8.517                 1.19         10
      1          0               0    100.800    615.500      1.074          15.693                 1.28         20
      1          0               0     78.800    744.300      1.682          20.707                 1.46         30
      1          0               0     96.800   1057.500      3.080          24.769                 1.63         40
      1          0               0    125.600   1700.300      5.639          28.417                 1.77         50
      1          0               0     85.800   1229.100      6.401          29.795                 2.03         60
      1          0               0     48.400    178.900      0.281           6.560                 1.56         10
      1          0               0     72.100    427.900      0.815          14.026                 1.44         20
      1          0               0     93.100   1052.600      2.705          16.734                 1.82         30
      1          0               0     92.300    795.800      3.628          20.012                 2.01         40
      1          0               0     90.300   1108.400      5.080          22.291                 2.26         50
      1          0               0    138.200   1869.300     25.499          22.106                 2.74         60
      1          0               0     67.200    234.500      0.305           8.841                 1.14         10
      1          0               0     92.600    485.100      0.997          16.149                 1.25         20
      1          0               0    105.200    573.700      2.063          21.033                 1.44         30
      1          0               0    122.000    982.400      3.508          25.179                 1.59         40
      1          0               0    113.800   1084.700      4.414          28.549                 1.76         50
      1          0               0     95.500   1293.800     11.108          28.824                 2.09         60
      1          0               0     76.200    201.000      0.357           7.833                 1.29         10
      1          0               0    127.300    425.200      1.361          14.614                  1.4         20
      1          0               0    101.800    565.700      2.404          18.727                 1.61         30
      1          0               0     47.700    614.000      2.354          22.249                 1.82         40
      1          0               0    107.100    953.500     11.079          26.292                 1.91         50
      1          0               0     59.400   1020.300     10.246          27.173                 2.22         60
      1          0               0    119.300    346.400      0.543           8.724                 1.16         10
      1          0               0    127.100    516.500      1.249          15.183                 1.32         20
      1          0               0    125.000    900.000      2.768          16.929                 1.79         30
      1          0               0    149.000   1462.800      6.108          23.858                 1.69         40
      1          0               0    122.900   1120.000      8.635          23.912                  2.1         50
      1          0               0     76.000   1178.900     19.302          23.442                 2.58         60
      1          0               0     93.600    257.500      0.400           9.490                 1.06         10
      1          0               0    134.500    535.100      1.238          17.692                 1.14         20
      1          0               0     78.900    408.700      1.189          25.357                 1.19         30
      1          0               0    131.900    928.800      3.197          28.470                 1.41         40
      1          0               0    139.500   1366.300      4.937          31.729                 1.59         50
      1          0               0     75.900   1183.100      4.160          32.337                 1.88         60
      1          0               0    118.900    245.300      0.542           8.680                 1.16         10
      1          0               0     92.000    538.400      0.945          15.392                 1.31         20
      1          0               0    133.700    871.000      2.065          23.811                 1.27         30
      1          0               0     76.000    858.800      2.173          26.661                 1.51         40
      1          0               0    112.300   1218.500      4.687          29.919                 1.68         50
      1          0               0    109.200   1578.500      7.155          30.836                 1.95         60
      1          0               0     94.200    352.800      0.415           9.196                  1.1         10
      1          0               0    113.700    695.100      1.087          16.781                  1.2         20
      1          0               0    104.900    723.900      1.645          22.007                 1.37         30
      1          0               0     96.700   1044.600      2.394          26.306                 1.53         40
      1          0               0     83.600    828.000      2.757          30.629                 1.64         50
      1          0               0     99.800   1275.800      5.009          30.887                 1.95         60
      1          0               0     77.200    358.600      0.363           8.363                 1.22         10
      1          0               0     37.300    220.200      0.382          16.440                 1.24         20
      1          0               0    145.200   1042.200      2.351          22.101                 1.36         30
      1          0               0    115.300   1085.600      2.931          27.007                 1.49         40
      1          0               0    127.300    962.100      4.565          30.176                 1.66         50
      1          0               0    143.200   1213.600      7.409          32.456                 1.85         60
      1          0               0     60.100    164.600      0.256           9.474                 1.06         10
      1          0               0    112.200    485.500      1.084          15.860                 1.27         20
      1          0               0    123.900    746.900      3.000          18.713                 1.61         30
      1          0               0    101.100    851.200      4.648          18.517                 2.17         40
      1          0               0     60.500    859.300      6.095          20.484                 2.47         50
      1          0               0     93.500   1473.100     10.983          25.529                 2.36         60
      1          0               0    109.100    321.500      0.469           9.438                 1.07         10
      1          0               0    149.200    730.800      1.526          15.418                 1.31         20
      1          0               0    127.600   1136.800      2.050          22.143                 1.36         30
      1          0               0    127.600    983.700      3.017          26.868                 1.49         40
      1          0               0    105.100    861.900      3.738          30.436                 1.65         50
      1          0               0     64.000    728.900      3.077          32.575                 1.85         60
      1          0               0     75.800    320.800      0.357           8.343                 1.22         10
      1          0               0     81.900    520.400      0.773          17.810                 1.14         20
      1          0               0    134.400    959.900      2.052          23.550                 1.29         30
      1          0               0    134.000   1493.400      2.936          30.379                 1.33         40
      1          0               0    115.900   1478.800      4.141          35.926                  1.4         50
      1          0               0    119.200   1739.500      5.973          39.592                 1.52         60
      1          0               0     87.700    300.900      0.456           7.366                 1.37         10
      1          0               0    111.800    467.400      1.290          13.898                 1.45         20
      1          0               0    108.700    689.200      1.886          20.803                 1.45         30
      1          0               0    114.000    734.200      3.140          23.632                  1.7         40
      1          0               0     89.000    798.100      4.384          25.483                 1.97         50
      1          0               0    111.100    895.400      9.286          30.171                 1.99         60
      1          0               0     65.600    262.200      0.283           9.329                 1.08         10
      1          0               0    115.300    652.900      1.121          16.333                 1.23         20
      1          0               0     96.800    619.200      1.795          19.841                 1.52         30
      1          0               0     80.000    832.900      3.033          19.035                 2.11         40
      1          0               0    105.000   1489.100      8.134          22.669                 2.22         50
      1          0               0    107.700   1772.100      9.657          27.670                 2.19         60
      1          0               0    106.900    274.200      0.473           8.646                 1.16         10
      1          0               0    132.500    776.900      1.225          17.080                 1.17         20
      1          0               0    140.700   1081.600      2.313          22.278                 1.35         30
      1          0               0    117.000    809.000      2.990          27.647                 1.46         40
      1          0               0     79.900    937.600      3.224          29.650                  1.7         50
      1          0               0    118.200   1347.300      6.758          34.417                 1.75         60
      1          0               0     60.600    218.800      0.267           9.406                 1.07         10
      1          0               0     94.800    515.100      0.963          14.068                 1.43         20
      1          0               0    152.200    954.400      2.566          19.781                 1.52         30
      1          0               0    101.800    741.600      2.600          24.237                 1.68         40
      1          0               0     82.000   1235.700      3.896          23.988                  2.1         50
      1          0               0     88.900   1437.700      6.312          26.524                 2.28         60
      1          0               0     60.300    211.200      0.291           8.199                 1.24         10
      1          0               0     67.100    332.800      0.698          15.089                 1.33         20
      1          0               0    170.900   1168.100      3.286          18.506                 1.63         30
      1          0               0     80.200    766.000      2.360          23.611                  1.7         40
      1          0               0     70.200    768.300      3.927          22.457                 2.24         50
      1          0               0    100.300   1686.800     10.227          24.335                 2.48         60
      1          0               0     52.200    217.900      0.240           8.387                  1.2         10
      1          0               0     97.400    681.300      1.012          14.482                 1.39         20
      1          0               0     79.200    827.900      1.425          20.884                 1.45         30
      1          0               0     82.200   1101.400      2.988          23.509                 1.71         40
      1          0               0    102.400   1101.400      6.700          25.531                 1.96         50
      1          0               0    106.800   1621.500      9.849          27.190                 2.22         60
      1          0               0    126.600    362.100      0.558           9.188                  1.1         10
      1          0               0    113.900    730.400      1.119          16.917                 1.19         20
      1          0               0    136.700    634.300      2.213          22.810                 1.33         30
      1          0               0    106.600   1055.400      2.827          27.717                 1.47         40
      1          0               0    109.900   1143.600      3.989          32.126                 1.57         50
      1          0               0    128.400   1383.900      5.778          35.063                 1.73         60
      1          0               0     93.800    379.500      0.449           8.339                 1.21         10
      1          0               0     70.800    530.600      0.757          15.294                 1.32         20
      1          0               0    117.400    726.800      2.198          19.894                 1.52         30
      1          0               0    106.300   1125.100      3.942          23.229                 1.74         40
      1          0               0    132.700   1005.600      5.537          29.238                 1.72         50
      1          0               0    100.000   1497.300      7.320          29.791                 2.02         60
      1          0               0     63.800    202.600      0.284           8.799                 1.14         10
      1          0               0     85.100    467.500      0.837          15.584                 1.29         20
      1          0               0    110.300    749.600      1.888          19.364                 1.56         30
      1          0               0    119.200    729.600      3.057          25.737                 1.56         40
      1          0               0     71.500    729.000      4.032          24.373                 2.06         50
      1          0               0     83.600   1062.300      7.453          25.789                 2.34         60
      1          0               0     88.500    402.000      0.413           8.297                 1.22         10
      1          0               0     93.000    720.800      0.919          15.681                 1.29         20
      1          0               0     72.100    720.400      1.607          18.039                 1.67         30
      1          0               0    102.100   1158.600      2.849          24.969                 1.61         40
      1          0               0     76.600    928.000      3.127          28.068                 1.81         50
      1          0               0     89.100   1467.600      5.125          31.455                 1.93         60
      1          0               0     81.900    385.800      0.387           8.018                 1.26         10
      1          0               0     99.800    833.800      1.040          14.225                 1.41         20
      1          0               0    101.800   1365.700      2.027          18.606                 1.63         30
      1          0               0    111.800   1270.300      2.978          24.394                 1.65         40
      1          0               0     96.000   1409.800      4.759          26.133                 1.92         50
      1          0               0    140.200   1392.900     10.684          27.847                 2.17         60
      1          0               0     58.100    208.200      0.266           8.699                 1.15         10
      1          0               0    118.700    508.800      1.209          15.622                 1.29         20
      1          0               0     54.300    433.400      0.996          19.470                 1.56         30
      1          0               0     54.200    539.900      1.528          25.279                 1.59         40
      1          0               0    105.300   1000.000      4.192          27.245                 1.84         50
      1          0               0    105.500   1263.800      6.901          27.787                 2.17         60
      1          0               0     94.800    329.300      0.427           9.098                 1.12         10
      1          0               0     81.200    473.700      0.877          14.528                 1.39         20
      1          0               0    105.800    724.300      1.729          21.859                 1.38         30
      1          0               0    123.800   1404.600      3.422          24.333                 1.65         40
      1          0               0    130.700   1139.100      6.558          24.260                 2.08         50
      1          0               0     94.300   1305.600      8.087          25.681                 2.35         60
      1          0               0     86.100    424.300      0.382           8.885                 1.14         10
      1          0               0     71.500    484.900      0.873          13.299                 1.52         20
      1          0               0     66.900    756.700      1.293          17.537                 1.72         30
      1          0               0     99.300   1225.200      3.249          22.618                 1.78         40
      1          0               0    117.800   1454.200      5.429          25.452                 1.99         50
      1          0               0     78.100   1414.200      9.533          28.398                 2.13         60
