success  collision  collision_obst   makespan   flowtime    runtime     mean_groups     mean_groups_size     number
      1          0               0    114.800    272.000      0.492           9.561                 1.05         10
      1          0               0     96.200    397.800      1.104          14.012                 1.44         20
      1          0               0    145.600    861.700      2.414          21.634                 1.39         30
      1          0               0    169.600   1264.200      6.815          23.754                 1.69         40
      1          0               0     98.500   1069.400      5.612          25.627                 1.97         50
      1          0               0    108.700   1200.800      9.508          28.979                 2.08         60
      1          0               0     71.100    286.700      0.330           8.536                 1.19         10
      1          0               0    151.200    842.300      1.691          16.098                 1.25         20
      1          0               0     88.200    636.500      1.550          23.467                 1.29         30
      1          0               0    140.200   1145.100      3.877          26.308                 1.53         40
      1          0               0    156.300   1165.100     12.124          27.013                 1.87         50
      1          0               0    110.300   1421.700     11.098          30.200                 2.02         60
      1          0               0    111.500    438.400      0.545           7.850                 1.29         10
      1          0               0     93.000    708.000      1.308          11.849                 1.73         20
      1          0               0     95.600    941.200      2.181          17.915                 1.69         30
      1          0               0     94.400   1324.100      4.461          21.519                 1.88         40
      1          0               0    116.900   1528.500      6.500          26.788                 1.88         50
      1          0               0    133.800   1865.100      9.898          28.048                 2.16         60
      1          0               0    157.600    516.700      0.743           8.500                 1.18         10
      1          0               0    159.900    797.800      1.747          14.812                 1.36         20
      1          0               0    138.500   1276.000      2.442          21.926                 1.37         30
      1          0               0    133.100    808.300      4.473          26.813                  1.5         40
      1          0               0    136.500   1173.300      7.234          31.543                 1.59         50
      1          0               0     78.100    753.700      5.490          34.117                 1.78         60
      1          0               0    126.700    461.400      0.629           7.529                 1.36         10
      1          0               0    154.500    749.800      1.670          15.203                 1.32         20
      1          0               0    162.300   1183.200      2.657          22.543                 1.34         30
      1          0               0    104.400    949.200      2.455          30.324                 1.33         40
      1          0               0    103.800   1087.400      3.716          33.195                 1.52         50
      1          0               0    133.300   1416.100      6.532          36.462                 1.66         60
      1          0               0     75.600    278.800      0.340           9.028                 1.12         10
      1          0               0    163.500    843.400      1.679          16.435                 1.23         20
      1          0               0    121.500    866.200      2.103          23.227                  1.3         30
      1          0               0    135.900   1236.200      3.381          26.947                 1.49         40
      1          0               0     98.200   1179.900      5.552          28.778                 1.74         50
      1          0               0    102.900   1953.600      8.192          30.707                 1.96         60
      1          0               0    140.500    522.400      0.679           8.438                  1.2         10
      1          0               0    121.500    843.900      1.424          14.863                 1.36         20
      1          0               0    156.400   1268.700      3.076          21.095                 1.43         30
      1          0               0     94.900   1205.600      2.854          24.654                 1.63         40
      1          0               0     96.100   1199.600      6.458          28.356                 1.77         50
      1          0               0    138.500   1465.500     15.811          29.367                 2.05         60
      1          0               0     97.800    286.200      0.448           8.668                 1.16         10
      1          0               0    133.700   1291.100      1.441          15.838                 1.28         20
      1          0               0    107.600    939.400      2.194          21.270                 1.42         30
      1          0               0     97.000    797.400      2.823          27.287                 1.48         40
      1          0               0    139.500   1302.900      6.293          27.892                 1.81         50
      1          0               0    107.100   1434.400      9.314          28.120                 2.14         60
      1          0               0    130.800    424.900      0.693           7.730                 1.31         10
      1          0               0    128.000    835.600      1.466          14.184                 1.42         20
      1          0               0    112.700   1107.400      2.707          18.542                 1.63         30
      1          0               0    357.000   2297.000     13.195          24.350                 1.65         40
      1          0               0     72.500   1184.500      4.690          24.050                  2.1         50
      1          0               0     99.900   1701.700     14.755          24.078                  2.5         60
      1          0               0     89.100    327.700      0.396           9.258                 1.09         10
      1          0               0     89.700    542.000      0.971          16.293                 1.24         20
      1          0               0    105.400    774.000      3.361          19.050                 1.58         30
      1          0               0    138.200   1076.400      8.283          21.696                 1.85         40
      1          0               0     94.400   1519.100      7.027          24.479                 2.06         50
      1          0               0    126.500   1483.500     14.260          24.983                 2.41         60
      1          0               0    161.800    455.800      0.761           7.930                 1.27         10
      1          0               0    125.100    776.900      1.388          13.618                 1.48         20
      1          0               0    172.400   1312.600      3.176          18.105                 1.66         30
      1          0               0    115.200   1276.900      3.711          22.438                 1.79         40
      1          0               0     92.500   1228.500      5.466          23.738                 2.12         50
      1          0               0    134.400   1571.200     10.190          25.252                 2.39         60
      1          0               0     94.000    466.300      0.451           8.262                 1.23         10
      1          0               0    118.200    602.900      1.436          13.715                 1.47         20
      0          0               0   2000.000  60000.000     34.288          21.857                 1.37         30
      1          0               0    166.600   1624.400      4.335          27.848                 1.44         40
      1          0               0    210.700   2094.600      8.364          28.306                 1.78         50
      1          0               0    140.100   1475.000      8.048          31.271                 1.94         60
      1          0               0    137.600    292.700      0.606           9.711                 1.03         10
      1          0               0    108.500    803.400      1.273          14.994                 1.35         20
      1          0               0    129.000   1401.700      3.766          19.907                 1.51         30
      1          0               0    135.000   1750.800      6.034          25.008                 1.61         40
      1          0               0    115.100   1903.700      6.855          27.841                 1.82         50
      1          0               0    121.000   1695.600     10.958          28.976                  2.1         60
      1          0               0    135.900    592.000      0.642           8.543                 1.19         10
      1          0               0     62.200    392.700      0.767          14.223                 1.42         20
      1          0               0     70.600    718.500      1.349          22.096                 1.37         30
      1          0               0    223.200   2113.800      8.016          27.140                 1.49         40
      1          0               0    126.100   1569.900      7.062          29.928                 1.69         50
      1          0               0    109.600   1721.100     11.472          31.672                 1.91         60
      1          0               0     91.300    299.500      0.410           9.345                 1.08         10
      1          0               0    148.500    661.300      1.701          14.223                 1.41         20
      1          0               0     91.200    933.900      1.932          19.683                 1.54         30
      1          0               0    147.100   1340.900      4.312          25.115                  1.6         40
      1          0               0    132.400   1440.900      6.526          27.234                 1.84         50
      1          0               0    202.000   2335.600     18.275          27.841                 2.17         60
      1          0               0    130.800    385.400      0.584           9.479                 1.06         10
      1          0               0    133.300    628.000      1.386          16.365                 1.23         20
      0          0               0   2000.000  60000.000     30.102          23.907                 1.26         30
      0          0               0   2000.000  80000.000     48.615          28.930                 1.38         40
      0          0               0   2000.000 100000.000     69.341          31.942                 1.57         50
      0          0               0   2000.000 120000.000    100.595          31.895                 1.88         60
      1          0               0    140.000    288.300      0.606           9.611                 1.04         10
      1          0               0     74.700    413.300      0.867          15.466                 1.31         20
      1          0               0     89.500    548.400      1.551          20.302                  1.5         30
      1          0               0     61.800    568.000      1.761          23.592                  1.7         40
      1          0               0    179.000   1617.500      8.451          24.204                 2.08         50
      1          0               0    197.000   2373.700     15.231          23.838                 2.53         60
      1          0               0     57.600    211.800      0.268           8.297                 1.22         10
      1          0               0    194.000    774.400      2.011          17.018                 1.18         20
      1          0               0    165.700    776.800      3.240          20.342                 1.48         30
      1          0               0    119.600   1217.800      4.002          21.830                 1.84         40
      1          0               0    118.100   1322.700      6.329          24.025                 2.09         50
      1          0               0    195.300   2106.000     15.501          26.358                 2.29         60
      1          0               0    150.000    571.800      0.659           9.206                  1.1         10
      1          0               0    136.700    791.000      1.311          17.865                 1.13         20
      1          0               0    173.200   1061.000      2.978          21.399                 1.41         30
      1          0               0    163.900   1624.400      4.928          25.247                 1.61         40
      1          0               0    132.700   1724.400      7.551          26.979                 1.89         50
      1          0               0    119.900   1888.100      9.872          26.800                 2.26         60
      1          0               0     86.800    355.900      0.408           7.756                  1.3         10
      1          0               0     52.400    478.800      0.584          14.754                 1.37         20
      1          0               0    110.200    741.200      2.160          19.428                 1.55         30
      1          0               0    156.200   1415.600      4.726          25.184                 1.61         40
      1          0               0    151.700   1586.600      7.573          27.844                 1.82         50
      1          0               0     78.500   1184.800      9.883          25.487                 2.38         60
      1          0               0    138.300    375.000      0.639           8.500                 1.19         10
      1          0               0    172.000    528.300      1.609          18.237                  1.1         20
      1          0               0    141.900    964.500      2.624          21.007                 1.45         30
      1          0               0     91.800    843.100      2.557          24.459                 1.65         40
      1          0               0     65.100    815.500      2.677          26.713                 1.89         50
      0          0               0   2000.000 120000.000     83.930          33.880                 1.77         60
      1          0               0    101.100    437.200      0.498           7.328                 1.39         10
      1          0               0    115.900    666.400      1.202          14.977                 1.34         20
      1          0               0    125.100    627.600      2.170          21.016                 1.43         30
      1          0               0     68.800    758.600      2.135          24.696                 1.63         40
      1          0               0    159.100   1918.600      7.390          28.241                 1.77         50
      1          0               0    115.000   1560.100      9.254          30.004                  2.0         60
      1          0               0    108.300    406.000      0.469           9.249                 1.09         10
      1          0               0    106.500    719.300      1.075          15.747                 1.28         20
      1          0               0    111.900   1010.200      2.307          18.618                 1.63         30
      1          0               0    124.600   1621.400      3.860          24.722                 1.63         40
      1          0               0    147.900   1631.300      7.386          27.329                 1.85         50
      1          0               0    130.000   1997.700     12.520          28.026                 2.16         60
      1          0               0    111.300    301.500      0.505           8.787                 1.15         10
      1          0               0    163.500    707.900      1.683          14.798                 1.36         20
      1          0               0    130.000    837.500      2.373          19.762                 1.53         30
      1          0               0    145.900   1351.900      3.916          23.531                 1.71         40
      1          0               0    147.600   1829.300      5.942          26.767                 1.89         50
      1          0               0    127.000   1518.100      7.622          28.476                 2.12         60
      1          0               0     98.000    377.200      0.476           8.009                 1.26         10
      0          0               0   2000.000  40000.000     18.325          16.978                 1.18         20
      0          0               0   2000.000  60000.000     66.798          18.992                 1.58         30
      0          0               0   2000.000  80000.000     94.989          23.991                 1.67         40
      1          0               0    197.700   1912.400     19.415          24.225                 2.07         50
      1          0               0    135.700   1644.400     17.382          28.476                 2.11         60
      1          0               0    138.500    382.000      0.636           9.294                 1.08         10
      1          0               0     84.100    414.200      0.827          17.241                 1.17         20
      1          0               0    151.300    609.700      2.266          23.763                 1.27         30
      1          0               0    154.200   1249.200      3.434          28.529                 1.41         40
      1          0               0    155.400   1193.000      5.742          29.866                 1.69         50
      1          0               0    147.700   1485.000      8.429          30.260                  2.0         60
      1          0               0    174.400    437.800      0.779           9.232                 1.09         10
      1          0               0    120.800    639.700      1.282          14.130                 1.43         20
      1          0               0    236.600   1549.700      4.231          20.396                 1.47         30
      1          0               0    181.600   1179.200      5.380          23.890                 1.68         40
      1          0               0    199.600   1934.800      9.342          24.770                 2.03         50
      1          0               0    168.700   1795.800     11.733          26.482                 2.28         60
      1          0               0    144.100    434.200      0.644           8.961                 1.13         10
      1          0               0    149.900    774.500      1.529          16.141                 1.25         20
      1          0               0    168.200   1127.500      2.637          24.478                 1.23         30
      1          0               0    133.600   1239.500      3.224          28.143                 1.42         40
      1          0               0    139.600   1604.900      4.696          33.264                 1.51         50
      1          0               0    109.800   1529.500      5.770          34.668                 1.74         60
      1          0               0    136.800    431.500      0.581           9.541                 1.05         10
      1          0               0    132.100    841.000      1.355          15.488                  1.3         20
      1          0               0     82.100    853.000      1.628          17.414                 1.74         30
      1          0               0    158.900   1328.500      4.798          21.157                  1.9         40
      1          0               0    156.900   1873.600     11.804          22.388                 2.24         50
      1          0               0    153.500   2082.600     18.076          23.844                 2.53         60
      1          0               0    140.400    462.200      0.636           8.704                 1.15         10
      1          0               0     93.100    609.000      0.986          15.245                 1.33         20
      1          0               0    176.100    645.100      2.828          21.686                 1.39         30
      1          0               0     95.500    987.800      2.627          25.061                 1.62         40
      1          0               0    138.000   1154.500      5.137          28.628                 1.77         50
      1          0               0     94.100   1142.800      4.989          31.101                 1.96         60
      1          0               0     74.100    229.600      0.380           8.019                 1.26         10
      1          0               0     78.300    538.800      0.992          14.503                 1.39         20
      1          0               0    130.000   1186.900      2.999          17.632                 1.73         30
      1          0               0    110.200   1542.600      4.597          22.407                  1.8         40
      1          0               0    124.100   1713.500      6.965          26.840                 1.87         50
      1          0               0    119.500   2258.200      9.231          28.175                 2.14         60
      1          0               0    137.100    507.800      0.641           8.023                 1.26         10
      1          0               0    162.900    974.300      1.676          16.028                 1.25         20
      1          0               0    116.400   1176.300      2.244          21.532                 1.43         30
      1          0               0    129.200   1071.900      5.227          22.322                  1.8         40
      1          0               0     97.700   1095.000      5.475          25.658                 1.95         50
      1          0               0     76.400   1409.000      9.144          25.342                 2.38         60
      1          0               0     42.800    288.300      0.219           7.229                 1.42         10
      1          0               0     84.900    578.600      0.942          14.994                 1.34         20
      1          0               0    115.700    709.500      1.995          21.475                  1.4         30
      1          0               0    149.200   1281.000      4.209          24.304                 1.65         40
      1          0               0     94.600    808.200      4.124          26.325                 1.91         50
      1          0               0    167.100   1550.500     11.080          27.765                 2.17         60
      1          0               0    138.600    434.400      0.619           8.912                 1.13         10
      1          0               0    105.100    495.000      1.065          15.972                 1.26         20
      1          0               0    121.700    993.800      2.133          20.415                 1.48         30
      1          0               0    147.700   1615.100      4.084          24.536                 1.64         40
      1          0               0    155.600   1590.800      6.126          29.965                 1.68         50
      1          0               0    103.300   1591.300      6.162          33.757                 1.79         60
      1          0               0     91.800    264.500      0.411           8.428                 1.19         10
      1          0               0     88.500    603.600      1.012          13.701                 1.47         20
      1          0               0    157.400    975.600      2.609          22.257                 1.36         30
      1          0               0    157.700   1365.300      3.912          28.912                  1.4         40
      0          0               0   2000.000 100000.000     59.420          33.816                 1.48         50
      0          0               0   2000.000 120000.000     91.160          32.908                 1.82         60
      1          0               0    145.100    523.900      0.626           9.236                 1.09         10
      1          0               0     99.200    790.600      1.039          15.685                 1.28         20
      1          0               0    158.700   1486.700      2.894          20.643                 1.46         30
      1          0               0    118.800    895.300      3.168          26.938                  1.5         40
      1          0               0    102.700   1106.100      4.452          29.557                 1.71         50
      1          0               0    116.700   1299.300      7.686          31.258                 1.92         60
      1          0               0     76.800    272.900      0.343           9.009                 1.13         10
      1          0               0    115.000    772.500      1.237          15.845                 1.28         20
      1          0               0     93.500    969.400      2.125          17.690                 1.71         30
      1          0               0     94.400   1274.600      2.951          23.520                 1.73         40
      1          0               0    165.300   2067.200     11.152          26.008                 1.94         50
      1          0               0     90.900   1773.300      9.166          27.315                 2.21         60
      1          0               0    107.500    412.200      0.532           8.588                  1.2         10
      1          0               0    141.700    995.300      1.612          15.167                 1.34         20
      1          0               0    123.000   1416.500      2.214          20.912                 1.44         30
      1          0               0    158.400   1924.700      4.485          25.044                  1.6         40
      1          0               0    133.300   1671.600      6.733          27.622                 1.82         50
      1          0               0    111.100   1868.500     10.170          28.465                 2.11         60
      1          0               0    127.200    315.200      0.564           9.345                 1.08         10
      1          0               0    132.500    611.400      1.284          17.125                 1.17         20
      1          0               0    168.000    978.500      2.720          22.452                 1.34         30
      1          0               0    110.600   1029.500      2.900          27.042                 1.49         40
      1          0               0    214.000   2504.500      7.802          31.868                 1.57         50
      1          0               0    151.800   1577.000      8.894          34.704                 1.73         60
      1          0               0    132.000    484.800      0.571           9.265                 1.09         10
      1          0               0    142.700    628.900      1.354          17.547                 1.15         20
      1          0               0    113.400   1030.800      1.935          22.325                 1.37         30
      0          0               0   2000.000  80000.000     49.147          26.888                 1.49         40
      1          0               0    560.000   2392.800     36.254          24.815                 2.02         50
      1          0               0    544.700   2844.800     50.713          27.019                 2.22         60
      1          0               0     48.500    214.200      0.226           8.229                 1.24         10
      1          0               0     76.900    550.500      0.844          15.268                 1.31         20
      1          0               0    152.200    997.300      2.419          21.647                 1.39         30
      1          0               0     93.600   1006.100      2.479          26.351                 1.52         40
      1          0               0     83.700    847.100      3.065          31.998                 1.57         50
      1          0               0     92.700    794.300      4.681          35.740                 1.69         60
      1          0               0     84.400    322.400      0.372           9.095                  1.1         10
      1          0               0    114.600    662.400      1.204          15.517                  1.3         20
      1          0               0    125.200   1104.200      2.241          19.959                 1.51         30
      1          0               0     66.600   1044.000      1.989          23.231                 1.73         40
      1          0               0    155.200   1495.400      5.986          29.923                 1.69         50
      1          0               0     86.300   1565.300      4.821          31.038                 1.94         60
      1          0               0     70.800    285.800      0.319           8.750                 1.15         10
      1          0               0    127.900    742.000      1.280          17.669                 1.14         20
      1          0               0     83.300    618.100      1.389          23.916                 1.27         30
      1          0               0    168.900   1460.700      5.046          26.271                 1.53         40
      1          0               0    162.100   2102.100      7.119          29.908                 1.68         50
      1          0               0    158.800   2143.400     10.716          33.818                 1.79         60
      1          0               0     88.500    451.800      0.414           8.315                 1.23         10
      1          0               0    161.700   1160.900      1.704          15.395                 1.31         20
      1          0               0    159.900    961.600      3.096          18.992                 1.59         30
      1          0               0    143.700   1432.400      4.836          22.486                  1.8         40
      1          0               0   1999.800  16343.200     82.549          25.881                 1.93         50
      1          0               0    166.500   2472.100     12.418          25.688                 2.35         60
      1          0               0     39.800    187.400      0.187           8.048                 1.25         10
      1          0               0    113.100    635.800      1.312          15.383                 1.31         20
      1          0               0     82.300    876.800      1.544          21.535                 1.42         30
      1          0               0    117.600   1078.300      4.905          21.927                 1.84         40
      1          0               0     85.000    966.900      5.600          26.325                 1.91         50
      1          0               0     43.800    648.700      3.501          29.833                 2.02         60
      1          0               0    103.400    320.700      0.459           8.834                 1.14         10
      1          0               0    107.400    634.300      1.159          14.858                 1.35         20
      1          0               0    154.900   1422.300      2.816          20.318                 1.49         30
      1          0               0    150.800   1421.000      3.801          28.293                 1.42         40
      1          0               0    172.100   1823.200      5.941          33.327                 1.51         50
      1          0               0     92.000   1614.000      5.315          34.810                 1.74         60
      1          0               0     93.200    354.900      0.421           8.322                 1.22         10
      1          0               0    105.100    620.700      1.125          14.657                 1.37         20
      1          0               0    142.800   1025.600      2.351          22.199                 1.36         30
      1          0               0    139.400   1416.100      3.948          25.666                 1.57         40
      1          0               0    132.800   1415.500      6.332          26.656                 1.88         50
      0          0               0   2000.000 120000.000    108.976          28.921                 2.08         60
      1          0               0    139.600    411.900      0.610           9.459                 1.06         10
      1          0               0    115.300    535.400      1.236          13.934                 1.44         20
      1          0               0    101.900    882.700      1.905          21.513                  1.4         30
      1          0               0     93.200    767.000      2.578          24.780                 1.62         40
      1          0               0    127.100    934.000      5.510          26.562                 1.89         50
      1          0               0    109.700   1430.200      6.815          29.026                 2.07         60
      1          0               0    161.300    644.700      0.768           8.566                 1.18         10
      1          0               0    153.600    821.500      1.509          17.115                 1.18         20
      1          0               0    133.500   1010.400      2.335          22.563                 1.34         30
      1          0               0    140.700   1954.100      3.844          25.999                 1.55         40
      1          0               0    134.600   1626.800      5.974          29.040                 1.73         50
      1          0               0     81.200   1294.500      6.117          28.776                 2.09         60
      1          0               0     66.600    392.300      0.337           7.440                 1.36         10
      1          0               0    152.600   1145.400      1.716          14.818                 1.37         20
      1          0               0    132.100   1227.900      2.801          19.098                 1.58         30
      1          0               0    153.000   1710.100      5.686          23.362                 1.72         40
      1          0               0    140.700   1717.300      6.147          27.520                 1.83         50
      1          0               0    121.700   1284.700      9.424          30.219                 1.99         60
      1          0               0    119.400    456.400      0.523           8.831                 1.14         10
      1          0               0    109.000    688.900      1.200          15.032                 1.34         20
      1          0               0     96.300   1042.200      2.131          18.832                 1.62         30
      1          0               0     94.000   1324.200      2.828          22.696                 1.77         40
      1          0               0    108.600   2098.700      7.303          24.805                 2.03         50
      1          0               0     91.900   1982.500      9.604          26.684                 2.26         60
      1          0               0     99.300    375.500      0.452           9.065                 1.11         10
      1          0               0    126.800    872.600      1.524          13.648                 1.48         20
      1          0               0    120.400   1190.400      2.459          17.999                 1.68         30
      1          0               0    167.800   1579.700      5.067          21.706                 1.85         40
      1          0               0    111.200   1657.000      6.338          23.915                  2.1         50
      1          0               0    124.600   2133.700     12.804          25.812                 2.34         60
      1          0               0    166.800    506.300      0.716           9.636                 1.05         10
      1          0               0    146.100    998.900      2.100          11.870                  1.7         20
      1          0               0    138.200    983.700      3.079          19.196                 1.57         30
      1          0               0    147.000   1223.200      6.040          22.350                 1.82         40
      1          0               0    235.000   2470.800     12.381          24.894                 2.02         50
      1          0               0    129.000   1775.700     14.383          24.681                 2.45         60
      1          0               0    106.600    391.500      0.494           8.245                 1.22         10
      1          0               0     80.600    492.700      1.011          13.859                 1.46         20
      1          0               0    116.700    897.200      2.385          19.714                 1.53         30
      1          0               0    132.200   1029.400      4.154          24.199                 1.66         40
      0          0               0   2000.000 100000.000     85.701          28.917                 1.73         50
      1          0               0     71.000   1099.200      9.030          28.907                 2.11         60
      1          0               0    136.200    229.100      0.603           8.841                 1.14         10
      1          0               0    101.500    628.400      1.014          16.081                 1.25         20
      1          0               0    153.100    944.000      2.378          22.903                 1.32         30
      1          0               0    150.100   1573.900      5.300          23.631                  1.7         40
      1          0               0    131.900   1574.700      6.330          27.246                 1.84         50
      1          0               0    150.000   1782.500     11.024          29.185                 2.06         60
      1          0               0    114.300    500.800      0.572           7.482                 1.36         10
      1          0               0    122.700    859.900      1.439          14.913                 1.35         20
      1          0               0    152.200   1102.600      3.206          20.380                 1.48         30
      1          0               0    688.500   2677.700     15.124          26.849                 1.49         40
      1          0               0     93.600   1165.900      5.249          25.228                  2.0         50
      1          0               0    121.300   1422.600     10.808          28.492                 2.12         60
      1          0               0     80.100    244.800      0.375           8.397                  1.2         10
      1          0               0     64.300    426.500      0.712          14.778                 1.36         20
      1          0               0    139.700    799.700      3.140          18.599                 1.62         30
      1          0               0    120.600   1017.000      4.392          22.939                 1.77         40
      1          0               0    151.900   1655.000      6.382          28.239                 1.78         50
      1          0               0    121.800   1829.900      8.966          26.758                 2.26         60
      1          0               0     84.600    268.400      0.367           9.475                 1.06         10
      1          0               0    168.900    548.400      1.794          14.442                 1.39         20
      1          0               0    102.100    565.800      1.837          21.987                 1.37         30
      1          0               0    115.400    927.900      3.278          27.555                 1.45         40
      1          0               0     90.000    982.600      4.081          29.482                  1.7         50
      1          0               0    135.900   1391.400      7.734          32.819                 1.83         60
      1          0               0     53.700    249.500      0.241           8.944                 1.13         10
      1          0               0     82.200    540.700      0.821          17.106                 1.17         20
      1          0               0     97.200    862.800      1.634          22.260                 1.35         30
      1          0               0     76.400    925.700      2.067          27.784                 1.45         40
      1          0               0    110.900   1138.700      4.847          29.720                 1.69         50
      1          0               0     87.600   1131.100      5.888          30.814                 1.95         60
      1          0               0    147.800    608.200      0.710           7.635                 1.32         10
      1          0               0    187.000    743.300      1.933          15.413                  1.3         20
      0          0               0   2000.000  60000.000     31.040          20.976                 1.43         30
      0          0               0   2000.000  80000.000     49.910          25.976                 1.54         40
      1          0               0     96.800   1786.200      3.979          28.574                 1.77         50
      1          0               0    133.700   1267.500     10.764          27.230                 2.21         60
      1          0               0     71.200    335.800      0.329           8.511                 1.18         10
      1          0               0     49.900    480.600      0.533          14.643                 1.37         20
      1          0               0     72.100    752.300      1.365          19.517                 1.56         30
      1          0               0    125.800   1420.400      3.416          25.426                 1.58         40
      1          0               0    163.300   1767.000      6.418          29.819                 1.69         50
      1          0               0    139.600   1849.600      7.620          31.736                 1.91         60
      1          0               0     90.100    292.300      0.402           9.018                 1.12         10
      1          0               0    101.700    566.100      1.060          14.737                 1.37         20
      1          0               0    361.400   1522.600      6.160          19.173                 1.57         30
      1          0               0    151.600   1508.300      4.152          23.983                 1.68         40
      1          0               0    152.800   1596.500      9.221          25.829                 1.94         50
      0          0               0   2000.000 120000.000    135.814          29.740                 2.02         60
      1          0               0     74.100    339.100      0.342           8.321                 1.22         10
      1          0               0     93.400    841.000      1.175          13.539                 1.52         20
      1          0               0    170.400   1189.500      2.677          22.721                 1.33         30
      1          0               0    116.400    952.600      3.358          27.052                 1.49         40
      1          0               0    144.800   1523.000      5.685          28.729                 1.75         50
      1          0               0    122.900   1801.800      8.017          29.293                 2.07         60
      1          0               0     71.500    249.400      0.319           9.232                 1.09         10
      1          0               0    136.100    762.600      1.446          15.138                 1.33         20
      1          0               0    133.700    854.200      2.333          19.965                 1.51         30
      0          0               0   2000.000  80000.000     45.519          24.927                 1.61         40
      0          0               0   2000.000 100000.000     70.604          26.940                 1.86         50
      1          0               0    122.400   1504.200      7.216          29.144                 2.07         60
      1          0               0     89.200    483.600      0.450           7.113                 1.44         10
      1          0               0    122.800    634.800      1.354          15.258                 1.32         20
      1          0               0    121.900   1025.700      2.259          18.513                 1.63         30
      1          0               0    127.200   1270.300      3.702          23.159                 1.73         40
      1          0               0     83.000   1320.000      3.769          27.653                 1.82         50
      0          0               0   2000.000 120000.000     98.243          32.863                 1.83         60
      1          0               0     87.600    391.500      0.432           7.934                 1.31         10
      1          0               0     82.000    619.900      0.910          15.623                 1.29         20
      1          0               0    136.500    788.600      2.385          20.907                 1.45         30
      1          0               0     94.200    834.400      2.675          25.728                 1.56         40
      1          0               0    141.900   1451.500      5.581          30.032                 1.67         50
      1          0               0    164.200   2215.000     19.367          25.158                 2.39         60
      1          0               0     83.400    311.400      0.383           8.879                 1.13         10
      1          0               0    145.200    820.000      1.530          15.656                 1.28         20
      1          0               0    161.500   1610.000      3.077          21.027                 1.44         30
      1          0               0    176.400   1860.100      4.650          26.752                 1.51         40
      1          0               0    122.400   1751.400      5.816          29.625                 1.71         50
      1          0               0    144.900   2931.800     10.674          29.510                 2.05         60
      1          0               0     96.100    290.300      0.430           9.084                 1.11         10
      1          0               0    167.900    908.300      1.749          16.392                 1.23         20
      1          0               0    114.600   1087.500      2.225          21.648                  1.4         30
      1          0               0    113.000   1254.200      3.046          26.745                  1.5         40
      1          0               0     95.700   1591.600      4.008          30.734                 1.64         50
      1          0               0    105.900   1699.800     11.622          29.350                 2.05         60
      1          0               0    145.700    475.200      0.632           9.466                 1.06         10
      1          0               0    144.700   1113.000      1.474          16.276                 1.24         20
      1          0               0    145.700   1822.800      3.050          20.126                  1.5         30
      1          0               0    194.800   1464.300      5.173          26.469                 1.53         40
      0          0               0   2000.000 100000.000     69.793          29.839                 1.68         50
      0          0               0   2000.000 120000.000    115.342          27.927                 2.15         60
      1          0               0     92.000    311.200      0.426           8.467                 1.19         10
      1          0               0    119.400    597.300      1.265          15.889                 1.27         20
      1          0               0    119.300    750.900      2.070          23.039                 1.31         30
      1          0               0     81.200    850.900      2.369          26.172                 1.54         40
      1          0               0     95.900   1099.900      4.898          28.147                 1.78         50
      1          0               0    116.100   1347.500      7.669          28.844                 2.09         60
      1          0               0     60.900    248.700      0.305           6.883                 1.49         10
      1          0               0     66.900    437.500      0.764          12.800                 1.58         20
      1          0               0     43.600    460.000      1.003          16.837                 1.79         30
      1          0               0     68.700    893.200      2.062          23.520                 1.71         40
      1          0               0    119.200   1365.000      5.411          25.260                  2.0         50
      1          0               0    102.700   1217.300      9.419          26.575                 2.27         60
      1          0               0     87.500    334.100      0.416           7.987                 1.26         10
      1          0               0    201.400   1431.600      2.013          15.762                 1.27         20
      1          0               0    154.100   1341.900      2.683          21.742                 1.39         30
      1          0               0    164.100   1590.500      4.009          27.615                 1.46         40
      1          0               0   1933.500  16164.300     55.981          31.907                 1.57         50
      1          0               0    132.000   1775.200      8.115          29.467                 2.06         60
      1          0               0    109.600    491.900      0.482           9.063                 1.11         10
      1          0               0     79.100    663.800      0.964          13.607                 1.49         20
      1          0               0    129.600   1166.900      2.953          19.164                 1.57         30
      1          0               0    133.600   1121.900      8.064          21.037                 1.93         40
      1          0               0    136.000   1613.200     13.312          24.475                 2.05         50
      1          0               0    119.000   1783.400     20.377          25.228                 2.39         60
      1          0               0     95.300    458.800      0.439           8.286                 1.22         10
      1          0               0    142.700    893.400      1.407          17.008                 1.19         20
      1          0               0    110.400   1053.700      2.341          18.023                 1.69         30
      1          0               0     86.100   1035.800      2.936          24.366                 1.66         40
      0          0               0   2000.000 100000.000     70.602          30.881                 1.62         50
      0          0               0   2000.000 120000.000    113.353          28.829                 2.08         60
      1          0               0     92.200    349.600      0.413           8.892                 1.13         10
      1          0               0    127.700    929.700      1.404          15.709                  1.3         20
      1          0               0    144.700   1198.800      2.565          21.819                 1.39         30
      1          0               0    146.600   1254.200      3.716          28.258                 1.43         40
      1          0               0    126.100   1348.100      4.756          29.430                 1.71         50
      1          0               0    104.000   1505.500      7.067          28.516                 2.12         60
      1          0               0    131.700    538.900      0.570           9.145                  1.1         10
      0          0               0   2000.000  40000.000     19.392          15.985                 1.25         20
      0          0               0   2000.000  60000.000     30.463          22.050                 1.36         30
      0          0               0   2000.000  80000.000     54.731          23.963                 1.67         40
      1          0               0    164.500   1227.900     12.290          26.181                 1.92         50
      1          0               0     80.900   1453.700      8.781          24.251                  2.5         60
      1          0               0     99.000    423.600      0.450           8.566                 1.18         10
      1          0               0    101.900    668.900      1.085          15.397                 1.31         20
      1          0               0    129.400   1236.900      2.251          21.831                 1.39         30
      1          0               0    311.300   2996.600      8.367          24.779                 1.62         40
      1          0               0    182.300   2583.200      7.877          28.882                 1.74         50
      1          0               0    147.300   2688.000     15.459          25.445                 2.37         60
      1          0               0    117.400    277.500      0.549           8.648                 1.17         10
      1          0               0    127.900    695.500      1.282          16.077                 1.25         20
      1          0               0    163.600   1313.900      2.739          21.148                 1.43         30
      1          0               0    139.700   1329.600      3.806          23.941                 1.67         40
      1          0               0    139.900   1237.500      6.250          25.207                 1.99         50
      1          0               0    122.300   1442.900      8.829          27.935                 2.16         60
      1          0               0    118.600    412.200      0.545           8.327                 1.21         10
      1          0               0     91.800    415.200      1.035          14.710                 1.36         20
      1          0               0    183.800    997.200      3.402          20.298                 1.48         30
      1          0               0     70.700    575.600      1.943          23.642                  1.7         40
      1          0               0    112.000   1111.200      4.321          26.496                 1.89         50
      1          0               0    157.100   2056.300      8.401          28.645                  2.1         60
      1          0               0    170.100    426.700      0.728           9.574                 1.05         10
      1          0               0     82.700    524.400      0.804          17.961                 1.12         20
      1          0               0    183.200   1259.900      3.038          21.584                 1.39         30
      1          0               0     99.400   1122.200      2.955          23.789                 1.69         40
      1          0               0    111.000   1129.300      4.311          27.465                 1.84         50
      1          0               0    172.200   1549.200      9.539          30.990                 1.95         60
      1          0               0    144.100    443.000      0.662           8.376                  1.2         10
      1          0               0    100.200    516.300      1.177          14.197                 1.42         20
      1          0               0     82.500    739.500      1.456          21.652                 1.39         30
      1          0               0    141.900   1834.000      3.878          24.008                 1.67         40
      1          0               0    119.900   1346.100      4.875          28.421                 1.77         50
      1          0               0     68.500   1127.000      4.635          29.959                 2.02         60
      1          0               0    180.800    522.200      0.801           9.226                 1.09         10
      1          0               0    131.300    710.300      1.339          16.674                  1.2         20
      1          0               0     56.800    635.300      1.043          22.525                 1.34         30
      1          0               0     80.700    909.500      2.367          25.679                 1.56         40
      1          0               0     98.200   1231.300      4.179          26.685                 1.89         50
      1          0               0     68.200   1247.600      4.893          27.425                  2.2         60
      1          0               0     60.400    275.300      0.289           7.854                  1.3         10
      1          0               0    112.600    636.500      1.457          12.673                  1.6         20
      1          0               0     62.000    612.100      1.224          18.855                 1.61         30
      1          0               0    252.500   1734.000      6.909          24.508                 1.64         40
      1          0               0    148.100   1810.000      5.827          27.880                  1.8         50
      1          0               0    156.500   1875.100     11.282          26.767                 2.25         60
      0          0               0   2000.000  20000.000      8.977           7.994                 1.25         10
      1          0               0    116.600    546.000      1.208          15.395                 1.31         20
      1          0               0    125.300   1154.800      2.269          19.402                 1.55         30
      1          0               0    152.000   1351.800      4.229          25.350                 1.59         40
      1          0               0    133.900   1806.900      6.664          25.621                 1.97         50
      0          0               0   2000.000 120000.000    107.226          30.889                 1.94         60
      1          0               0    105.400    253.600      0.527           7.885                 1.29         10
      1          0               0     86.900    580.400      1.022          13.258                 1.52         20
      1          0               0    113.500    960.600      1.941          19.878                 1.51         30
      1          0               0    151.500   1178.200      5.631          21.167                  1.9         40
      1          0               0    148.500   1497.700     10.846          25.632                 1.97         50
      1          0               0    155.100   1283.100     15.394          28.273                 2.13         60
      1          0               0     77.200    343.900      0.346           8.860                 1.14         10
      1          0               0    145.600    814.300      1.480          16.185                 1.24         20
      1          0               0    228.600   1445.400      4.222          20.365                 1.48         30
      1          0               0    181.300   1729.400      8.214          21.904                 1.84         40
      1          0               0    146.500   1929.200     12.563          24.585                 2.06         50
      1          0               0    111.900   1925.600     11.820          26.078                 2.32         60
      1          0               0    101.200    360.400      0.540           7.107                 1.43         10
      1          0               0    102.500    701.500      1.177          14.614                 1.38         20
      1          0               0    128.700    907.100      2.593          20.129                  1.5         30
      1          0               0    215.400   1593.000      5.467          27.070                 1.49         40
      1          0               0    173.400   1379.100     13.787          28.619                 1.76         50
      1          0               0     73.400   1052.400      8.554          28.443                 2.13         60
      1          0               0    127.100    319.000      0.561           8.791                 1.14         10
      1          0               0    148.700    554.100      1.447          17.229                 1.16         20
      1          0               0    125.600   1121.900      2.079          22.650                 1.33         30
      1          0               0    115.300   1041.600      3.161          24.025                 1.67         40
      1          0               0    141.300   1489.700      6.906          25.765                 1.96         50
      1          0               0     89.400   1347.400      6.759          27.501                 2.19         60
      1          0               0    133.100    496.300      0.601           9.006                 1.12         10
      1          0               0    221.300   1057.400      2.460          14.215                 1.41         20
      1          0               0    128.800   1161.100      2.367          21.774                 1.39         30
      1          0               0    102.600   1509.400      3.608          21.575                 1.87         40
      1          0               0     84.500   1674.500      8.121          20.827                 2.45         50
      1          0               0    108.400   1893.600     17.472          25.375                 2.38         60
      1          0               0    134.400    501.400      0.616           8.610                 1.17         10
      1          0               0    164.500    981.700      2.024          15.255                 1.32         20
      1          0               0     90.300   1242.500      2.051          19.508                 1.55         30
      1          0               0    139.700   1728.900      5.105          22.062                 1.82         40
      1          0               0    127.800   1650.500      8.066          24.439                 2.05         50
      1          0               0    130.200   1774.500     11.174          26.987                 2.23         60
      1          0               0     58.800    205.300      0.262           9.143                  1.1         10
      1          0               0    139.800    638.900      1.349          17.928                 1.13         20
      1          0               0    179.500   1266.500      2.866          24.087                 1.25         30
      1          0               0    195.300   1096.600      4.614          30.239                 1.34         40
      1          0               0    103.900    960.400      3.477          34.962                 1.45         50
      1          0               0    107.200   1681.700      7.974          33.301                 1.81         60
      1          0               0    135.200    502.100      0.612           8.481                 1.19         10
      0          0               0   2000.000  40000.000     18.795          17.895                 1.12         20
      1          0               0    145.500    859.100      2.317          21.930                 1.37         30
      1          0               0    162.300   1044.700      3.804          29.251                 1.38         40
      1          0               0    112.500   1305.000      4.364          29.320                 1.71         50
      1          0               0    174.000   1891.400     10.983          30.326                 1.99         60
      1          0               0    117.300    533.600      0.556           7.826                 1.29         10
      1          0               0     99.300    720.700      1.329          13.538                  1.5         20
      1          0               0    127.400   1115.000      2.813          19.132                 1.58         30
      1          0               0    105.700   1354.000      3.944          23.478                 1.71         40
      1          0               0     99.500   1556.900      4.748          27.150                 1.85         50
      0          0               0   2000.000 120000.000    107.981          29.944                  2.0         60
      1          0               0     83.400    244.900      0.397           8.030                 1.25         10
      1          0               0    154.500    789.700      1.662          14.775                 1.36         20
      1          0               0    141.200    984.600      2.306          21.295                 1.41         30
      0          0               0   2000.000  80000.000     43.113          29.914                 1.34         40
      0          0               0   2000.000 100000.000     58.424          34.976                 1.43         50
      0          0               0   2000.000 120000.000     78.553          36.945                 1.63         60
      1          0               0    134.600    449.300      0.622           8.734                 1.16         10
      1          0               0    123.000    847.700      1.251          16.636                 1.21         20
      1          0               0    197.700   1796.500      3.065          23.407                 1.29         30
      1          0               0    148.800   1120.400      4.201          24.835                 1.62         40
      1          0               0    175.500   2143.700      6.787          29.191                 1.72         50
      1          0               0    298.800   2603.600     15.335          32.940                 1.83         60
      1          0               0    126.600    581.300      0.587           8.574                 1.18         10
      1          0               0     87.000    395.600      0.858          17.284                 1.17         20
      0          0               0   2000.000  60000.000     28.062          24.913                  1.2         30
      1          0               0    127.900   1029.400      3.571          27.110                 1.48         40
      1          0               0    138.400   1429.500      6.410          27.454                 1.84         50
      1          0               0    111.900   1523.100      7.405          31.493                 1.93         60
      1          0               0    102.800    449.000      0.524           6.451                 1.59         10
      1          0               0    116.400    812.500      1.393          13.588                 1.48         20
      1          0               0    104.300    762.200      2.131          17.882                  1.7         30
      1          0               0    120.300   1483.500      5.129          17.584                  2.3         40
      1          0               0     76.500   1247.700      6.963          20.340                 2.49         50
      1          0               0     51.000   1019.600      5.598          23.967                 2.52         60
      1          0               0     50.600    191.600      0.238           8.332                 1.21         10
      0          0               0   2000.000  40000.000     22.311          14.963                 1.34         20
      0          0               0   2000.000  60000.000     33.501          21.004                 1.43         30
      0          0               0   2000.000  80000.000     50.399          23.006                 1.74         40
      0          0               0   2000.000 100000.000     98.111          24.948                  2.0         50
      1          0               0     95.400   1335.100      6.205          28.008                 2.15         60
      1          0               0    129.400    344.800      0.548           9.505                 1.06         10
      1          0               0     98.000    392.100      0.949          17.544                 1.15         20
      1          0               0    159.300   1261.800      2.422          24.891                 1.22         30
      1          0               0    114.500    897.400      2.988          28.652                  1.4         40
      1          0               0    130.600   1091.600      4.429          32.642                 1.54         50
      1          0               0    111.900   1475.900      6.795          35.197                 1.72         60
      1          0               0     90.200    433.700      0.402           9.028                 1.12         10
      1          0               0    164.000   1323.400      1.875          14.130                 1.43         20
      1          0               0    105.000   1071.500      2.133          19.612                 1.54         30
      1          0               0    127.900   1495.700      3.583          27.241                 1.47         40
      1          0               0    127.500   1949.800      7.380          28.741                 1.75         50
      1          0               0    142.200   2407.000     10.295          32.727                 1.85         60
      1          0               0    141.600    453.600      0.649           8.597                 1.18         10
      1          0               0     95.100    807.800      0.991          16.514                 1.22         20
      1          0               0    174.200   1061.200      2.814          23.145                  1.3         30
      1          0               0    160.300   1450.700      3.974          27.380                 1.47         40
      1          0               0    200.600   2735.900      6.952          29.214                 1.72         50
      1          0               0    217.500   2761.300      9.958          32.841                 1.83         60
      1          0               0    120.100    554.800      0.552           8.275                 1.22         10
      1          0               0    108.600    606.200      1.099          15.613                 1.29         20
      1          0               0    109.300   1304.600      2.144          19.251                 1.57         30
      1          0               0    127.100   1599.100      3.654          25.486                 1.58         40
      1          0               0    119.100   1516.300      6.502          27.175                 1.85         50
      1          0               0    141.300   1666.600     12.129          28.931                 2.08         60
      1          0               0    171.000    529.800      0.788           8.955                 1.14         10
      0          0               0   2000.000  40000.000     20.249          14.925                 1.34         20
      1          0               0    173.000   2069.700      3.783          21.640                 1.39         30
      1          0               0    249.200   2267.300      7.216          25.131                  1.6         40
      1          0               0    177.100   3145.100     12.602          25.819                 1.95         50
      1          0               0    191.500   2746.900     27.891          27.734                 2.17         60
      1          0               0     98.400    256.300      0.430           9.490                 1.07         10
      1          0               0    152.700    742.900      1.633          15.821                 1.27         20
      1          0               0    167.900   1120.000      2.785          22.086                 1.36         30
      1          0               0    220.200   1791.500      5.246          26.672                 1.51         40
      1          0               0    200.700   2087.300      8.947          27.231                 1.84         50
      1          0               0    152.800   1876.400     14.370          25.694                 2.35         60
      1          0               0    141.000    459.200      0.626           9.129                 1.11         10
      1          0               0     90.500    489.500      0.925          16.466                 1.22         20
      1          0               0     77.900    655.400      1.520          20.944                 1.44         30
      1          0               0    118.800   1200.100      3.730          26.412                 1.52         40
      1          0               0     92.000   1059.200      4.229          26.205                 1.93         50
      1          0               0     92.800   1661.800     11.049          24.325                 2.48         60
      1          0               0    136.400    625.500      0.617           8.879                 1.14         10
      1          0               0    106.200    774.400      1.077          16.222                 1.24         20
      1          0               0    134.100   1138.700      2.410          21.733                 1.38         30
      1          0               0     71.600    704.700      2.365          26.510                 1.52         40
      1          0               0     95.600   1224.400      4.807          25.942                 1.94         50
      1          0               0    129.500   1270.800     12.724          29.028                 2.08         60
      1          0               0    146.100    385.700      0.699           7.259                  1.4         10
      1          0               0     96.400    649.700      1.196          12.997                 1.56         20
      1          0               0    128.100    970.900      2.489          19.514                 1.55         30
      1          0               0    114.000   1038.900      3.192          24.670                 1.63         40
      1          0               0     95.800   1570.300      4.082          28.163                 1.79         50
      1          0               0    115.200   1689.000      8.223          28.191                 2.14         60
      1          0               0    118.500    394.200      0.572           8.120                 1.25         10
      1          0               0     96.200    706.000      1.117          15.942                 1.26         20
      1          0               0    176.800   1126.800      3.801          19.692                 1.53         30
      1          0               0    115.700   1350.300      3.900          22.968                 1.75         40
      1          0               0    183.600   2475.100     10.455          25.752                 1.95         50
      1          0               0    121.500   2257.300     11.452          29.753                 2.02         60
      1          0               0    162.100    662.500      0.720           9.038                 1.12         10
      1          0               0    186.000    685.700      1.934          14.449                 1.39         20
      1          0               0    209.900   1211.000      3.517          19.462                 1.55         30
      1          0               0    124.700   1522.300      3.512          22.594                 1.77         40
      1          0               0    109.100   1436.100      4.692          24.701                 2.04         50
      1          0               0    109.400   1804.500      6.911          26.461                 2.28         60
      1          0               0    171.700    573.900      0.731           9.571                 1.05         10
      1          0               0    142.800    724.500      1.552          16.000                 1.26         20
      1          0               0     53.600    518.100      1.221          17.308                 1.75         30
      1          0               0    138.000   1183.500      3.856          23.512                 1.72         40
      1          0               0     72.900   1185.200      4.544          24.956                 2.03         50
      1          0               0     93.800   1899.700      8.441          27.761                 2.18         60
      1          0               0     90.800    271.600      0.410           8.691                 1.16         10
      1          0               0    145.500    871.900      1.419          16.938                 1.19         20
      1          0               0    176.100    878.000      2.595          24.279                 1.24         30
      1          0               0    131.200    988.300      3.639          26.176                 1.54         40
      1          0               0    158.600   1185.800      9.988          28.877                 1.75         50
      1          0               0    163.900   1380.500     12.523          32.568                 1.85         60
      1          0               0    140.800    365.000      0.692           7.359                 1.37         10
      1          0               0    144.700    680.200      1.617          13.923                 1.44         20
      1          0               0    214.000   1538.800      3.718          21.528                  1.4         30
      1          0               0     65.400    721.400      2.725          23.026                 1.75         40
      1          0               0     60.600    786.000      4.512          22.792                 2.22         50
      1          0               0    160.600   1945.200     14.002          26.420                 2.28         60
      1          0               0     94.700    433.100      0.428           8.728                 1.17         10
      1          0               0     74.800    567.400      0.848          15.353                 1.33         20
      1          0               0    113.100    869.100      2.146          19.874                 1.52         30
      1          0               0    119.100   1252.000      3.830          22.811                 1.76         40
      1          0               0    139.200   1694.400      7.210          23.580                 2.13         50
      1          0               0    176.900   1524.900     23.688          25.839                 2.34         60
      1          0               0    119.000    446.200      0.552           7.679                 1.31         10
      1          0               0    114.500    671.800      1.365          14.692                 1.37         20
      1          0               0    111.900    765.600      2.156          18.892                 1.59         30
      1          0               0    102.400   1122.000      3.158          22.926                 1.75         40
      1          0               0    119.600   1265.800      5.646          26.370                  1.9         50
      1          0               0    197.000   1803.900     12.403          27.210                 2.21         60
      1          0               0    102.100    467.100      0.458           8.631                 1.17         10
      1          0               0    101.100    632.500      1.044          16.325                 1.23         20
      1          0               0    163.100   1240.300      2.883          21.133                 1.42         30
      1          0               0    141.100   1620.700      3.804          24.777                 1.62         40
      1          0               0    109.900   1150.500      4.839          27.253                 1.85         50
      1          0               0     81.100   1399.500      7.400          29.353                 2.07         60
      1          0               0    113.600    500.500      0.519           8.255                 1.23         10
      1          0               0    172.300    709.900      1.836          14.169                 1.42         20
      1          0               0   1117.800   5795.400     19.318          18.020                 1.67         30
      1          0               0    140.100   1100.600      3.766          24.009                 1.67         40
      1          0               0     87.300    908.600      3.150          28.112                 1.79         50
      1          0               0    318.400   2786.000     18.709          26.682                 2.25         60
      1          0               0     70.000    288.200      0.308           8.929                 1.13         10
      1          0               0   1944.100   6107.400     18.791          15.043                 1.33         20
      1          0               0   1898.500   4446.300     31.465          19.056                 1.57         30
      1          0               0   1997.700  16274.300     51.724          24.053                 1.66         40
      1          0               0   1896.200   4846.500     61.654          27.007                 1.85         50
      1          0               0   1888.500   7458.100     94.847          28.919                 2.08         60
      1          0               0     99.400    316.700      0.464           7.853                  1.3         10
      1          0               0    114.200    521.900      1.173          14.750                 1.37         20
      1          0               0    120.400    881.800      2.025          21.493                  1.4         30
      1          0               0    189.800   1521.600      5.084          25.628                 1.57         40
      1          0               0     97.200   1480.800      3.972          31.520                 1.59         50
      1          0               0     96.400   1502.200      8.523          32.905                 1.85         60
      1          0               0     76.900    413.200      0.330           9.209                 1.09         10
      1          0               0    110.200    711.100      1.084          16.642                 1.21         20
      1          0               0   1967.000  10018.300     28.694          21.907                 1.37         30
      1          0               0    116.400   1646.700      4.229          22.804                 1.76         40
      1          0               0    104.100   1495.400      5.386          24.944                 2.01         50
      1          0               0    138.900   1848.400      8.201          28.790                 2.09         60
      1          0               0     81.200    222.400      0.364           8.482                 1.19         10
      1          0               0    110.000    688.900      1.107          15.556                 1.29         20
      1          0               0     91.300   1029.800      1.834          18.358                 1.64         30
      1          0               0    153.500   1355.400      4.451          23.295                 1.72         40
      1          0               0    136.800   2180.300      5.521          28.177                 1.79         50
      1          0               0    127.600   1580.700      8.146          30.650                 1.99         60
      1          0               0    120.300    501.800      0.516           9.356                 1.07         10
      1          0               0     74.000    511.000      0.755          15.592                 1.31         20
      1          0               0    147.900   1240.000      2.663          17.821                  1.7         30
      1          0               0     88.900   1146.500      3.059          21.643                 1.88         40
      1          0               0     82.400   1303.200      4.491          23.919                 2.13         50
      1          0               0     91.200   1463.900      8.628          28.422                 2.14         60
      1          0               0     56.500    255.500      0.258           8.635                 1.19         10
      1          0               0    151.700    781.500      1.826          13.396                 1.51         20
      1          0               0    127.300   1024.900      2.315          20.358                 1.49         30
      1          0               0    151.600   1480.700      4.179          25.647                 1.57         40
      0          0               0   2000.000 100000.000     71.110          29.930                 1.67         50
      0          0               0   2000.000 120000.000     98.774          32.830                 1.83         60
      1          0               0    146.800    357.300      0.656           8.851                 1.14         10
      1          0               0     91.800    681.700      0.953          15.644                 1.29         20
      1          0               0    142.500   1154.000      2.430          21.164                 1.43         30
      1          0               0     79.500   1026.000      2.323          22.909                 1.76         40
      1          0               0     84.000    936.800      3.311          27.575                 1.82         50
      1          0               0     86.200   1473.900      7.317          25.818                 2.34         60
      1          0               0    109.000    396.200      0.490           8.868                 1.15         10
      1          0               0    100.400    575.100      0.988          15.978                 1.26         20
      1          0               0    156.800   1124.700      3.206          18.992                 1.59         30
      1          0               0    146.300   1389.000      4.715          25.395                 1.58         40
      1          0               0    132.900   1198.000      5.866          26.934                 1.86         50
      1          0               0     96.300   1368.500      7.928          28.308                 2.13         60
      1          0               0    147.400    621.800      0.623           9.409                 1.07         10
      1          0               0    126.200    693.200      1.177          18.064                 1.11         20
      1          0               0    140.200    943.500      2.462          20.994                 1.43         30
      0          0               0   2000.000  80000.000     43.344          29.871                 1.34         40
      0          0               0   2000.000 100000.000     59.227          33.126                 1.51         50
      0          0               0   2000.000 120000.000     76.973          37.813                 1.59         60
      1          0               0    138.300    403.300      0.605           8.417                  1.2         10
      1          0               0     90.900    503.700      0.988          14.385                  1.4         20
      1          0               0     64.100    629.500      1.130          21.081                 1.43         30
      1          0               0    153.500   1624.600      3.805          26.051                 1.55         40
      1          0               0    126.600   1405.500      4.716          28.912                 1.75         50
      1          0               0     70.700   1123.800      5.525          29.045                 2.08         60
      1          0               0    147.100    498.800      0.626           9.276                 1.08         10
      1          0               0    145.600    822.300      1.547          15.861                 1.27         20
      1          0               0    134.000    948.900      2.162          22.476                 1.34         30
      1          0               0     91.300    936.200      2.633          24.410                 1.65         40
      1          0               0    132.600   1412.300      6.890          27.196                 1.84         50
      1          0               0    126.200   1743.100     10.146          27.142                 2.23         60
      1          0               0     76.600    406.300      0.334           9.046                 1.11         10
      1          0               0    133.800    660.600      1.648          14.439                  1.4         20
      1          0               0    140.600   1144.600      2.930          17.836                  1.7         30
      1          0               0    170.600   1451.400      5.613          23.738                  1.7         40
      1          0               0    110.600   1096.600      6.302          24.524                 2.05         50
      1          0               0    118.600   1186.200      7.142          32.240                 1.87         60
      1          0               0    110.300    323.500      0.467           9.188                  1.1         10
      1          0               0    141.700    766.700      1.368          16.179                 1.24         20
      1          0               0    146.500   1042.300      2.559          20.171                  1.5         30
      1          0               0     60.700    632.000      1.772          24.185                 1.67         40
      1          0               0     75.000    794.100      2.608          30.468                 1.66         50
      1          0               0    105.000   1240.000      5.669          29.130                 2.07         60
      1          0               0    108.500    463.500      0.494           8.429                  1.2         10
      1          0               0    127.100    586.200      1.187          17.504                 1.16         20
      1          0               0    151.200   1173.800      2.248          23.712                 1.27         30
      1          0               0    136.700   1465.600      3.516          26.881                  1.5         40
      1          0               0    139.600   1300.100      6.486          29.875                 1.69         50
      1          0               0    154.200   1496.000     10.918          33.215                 1.82         60
      1          0               0    135.000    390.800      0.600           8.661                 1.16         10
      1          0               0    118.700    619.700      1.138          17.158                 1.17         20
      0          0               0   2000.000  60000.000     41.217          17.993                 1.67         30
      0          0               0   2000.000  80000.000     53.048          23.948                 1.67         40
      1          0               0    155.300   1716.600      7.744          23.040                 2.18         50
      1          0               0    131.200   1608.300     11.334          26.963                 2.23         60
      1          0               0     85.400    325.600      0.361           9.372                 1.08         10
      1          0               0    121.700    896.600      1.208          16.182                 1.24         20
      1          0               0    125.800    940.900      2.078          21.649                  1.4         30
      1          0               0    180.100   1291.700      4.451          26.904                 1.51         40
      1          0               0     83.500   1102.700      3.923          28.522                  1.8         50
      1          0               0     58.700   1087.600      4.234          28.097                 2.17         60
      1          0               0    141.900    423.500      0.600           9.193                  1.1         10
      1          0               0     58.300    447.400      0.585          15.707                 1.29         20
      1          0               0     91.600    684.200      2.090          18.782                 1.61         30
      1          0               0    108.100    924.500      4.226          22.318                  1.8         40
      1          0               0    101.100   1231.100      9.158          24.049                 2.11         50
      1          0               0    131.100   1367.600     24.961          25.897                 2.32         60
      1          0               0   1971.900   4270.900      8.181           8.976                 1.11         10
      1          0               0     78.700    539.600      0.808          15.150                 1.33         20
      1          0               0    151.400   1430.200      3.611          17.550                 1.72         30
      1          0               0     98.600   1341.200      3.215          21.670                 1.85         40
      1          0               0    156.300   1722.300      8.179          26.867                 1.87         50
      0          0               0   2000.000 120000.000    540.023          27.917                 2.15         60
      1          0               0    110.600    511.700      0.557           7.513                 1.37         10
      1          0               0    136.600   1004.300      1.461          14.823                 1.36         20
      1          0               0     99.700    861.800      2.325          19.933                 1.51         30
      1          0               0    287.100   2266.000      7.969          24.511                 1.65         40
      1          0               0    182.200   1929.300      8.898          27.593                 1.83         50
      1          0               0    103.300   1691.200      9.742          26.920                 2.24         60
      1          0               0    144.800    376.600      0.619           9.420                 1.07         10
      1          0               0    113.300    524.300      1.095          16.661                 1.21         20
      0          0               0   2000.000  60000.000     28.310          23.889                 1.26         30
      0          0               0   2000.000  80000.000     44.095          26.949                 1.48         40
      1          0               0    133.900   1334.100      6.173          27.309                 1.84         50
      1          0               0    175.000   1666.000     12.464          29.291                 2.06         60
      1          0               0    108.100    407.800      0.469           8.784                 1.14         10
      1          0               0    150.400   1035.900      1.523          15.655                 1.28         20
      1          0               0     89.700    620.900      1.789          18.479                 1.63         30
      1          0               0     70.800    672.800      2.100          22.973                 1.75         40
      1          0               0     68.300   1189.000      4.030          24.635                 2.04         50
      1          0               0     92.600   1275.300      9.469          27.351                  2.2         60
      1          0               0    101.900    422.400      0.458           8.639                 1.18         10
      1          0               0    124.000    531.100      1.188          17.030                 1.18         20
      1          0               0    101.300    596.400      1.522          23.926                 1.26         30
      1          0               0    155.300   1185.700      4.323          24.753                 1.63         40
      1          0               0     79.800   1082.400      3.178          26.573                  1.9         50
      1          0               0    124.100   2070.000      8.820          29.900                 2.02         60
      1          0               0    141.000    546.300      0.623           8.806                 1.14         10
      1          0               0     91.400    539.600      0.960          15.193                 1.32         20
      1          0               0     71.600    640.100      1.293          19.455                 1.55         30
      1          0               0    165.900   1310.800      4.232          25.342                 1.58         40
      1          0               0    128.700   1457.400      6.061          26.629                 1.88         50
      1          0               0    114.500   1353.700      6.474          28.829                 2.08         60
      1          0               0     82.100    314.500      0.387           7.535                 1.34         10
      1          0               0     85.900    534.900      0.902          15.159                 1.34         20
      1          0               0    132.700   1237.900      2.392          21.298                 1.42         30
      1          0               0    110.000   1380.700      3.166          24.825                 1.62         40
      1          0               0    128.000   1781.700      5.516          29.533                  1.7         50
      1          0               0    150.300   1747.400     10.541          29.568                 2.03         60
      1          0               0     68.300    295.700      0.309           8.357                 1.22         10
      1          0               0    125.500    796.600      1.298          15.261                 1.32         20
      1          0               0    181.500   1698.200      3.666          18.767                 1.61         30
      1          0               0    196.700   1462.400      6.385          22.955                 1.75         40
      1          0               0    113.200   1296.900      5.113          25.131                  2.0         50
      1          0               0    112.900   1294.900      8.833          26.347                  2.3         60
      1          0               0     83.200    293.700      0.364           8.986                 1.14         10
      1          0               0    265.500   1286.300      2.573          16.172                 1.25         20
      1          0               0    164.900   1146.900      2.642          22.615                 1.33         30
      1          0               0    170.300   1749.100      3.931          27.376                 1.47         40
      0          0               0   2000.000 100000.000     60.596          31.937                 1.57         50
      0          0               0   2000.000 120000.000     94.751          34.818                 1.73         60
      1          0               0    130.800    352.900      0.596           8.141                 1.24         10
      1          0               0    118.600    643.200      1.316          13.863                 1.45         20
      1          0               0    127.500    751.500      2.448          20.486                 1.48         30
      1          0               0    104.400    967.900      2.929          26.599                 1.54         40
      1          0               0    104.800   1288.500      7.639          25.642                 1.98         50
      1          0               0     95.800   1539.700     13.752          24.791                 2.46         60
      1          0               0    169.700    299.900      0.706           9.633                 1.04         10
      1          0               0    246.500    654.100      2.456          15.342                 1.31         20
      1          0               0     82.300    598.100      1.436          21.939                  1.4         30
      1          0               0     92.600    881.300      2.530          24.595                 1.63         40
      1          0               0    189.600   1530.800      7.082          29.282                 1.72         50
      1          0               0    112.700   1556.100     11.195          26.064                 2.32         60
      1          0               0    159.000    342.400      0.689           8.586                 1.17         10
      1          0               0    161.300    798.200      1.658          14.320                  1.4         20
      1          0               0    106.200    703.000      1.793          20.707                 1.46         30
      1          0               0    160.700   1345.800      4.371          24.042                 1.67         40
      0          0               0   2000.000 100000.000     59.880          30.860                 1.62         50
      1          0               0    108.500   1847.300      5.623          29.429                 2.05         60
      1          0               0    118.000    414.800      0.521           8.674                 1.17         10
      1          0               0    107.400    797.200      1.047          16.939                 1.19         20
      1          0               0     56.800    549.000      1.151          19.454                 1.56         30
      1          0               0    129.600   1512.500      6.004          20.437                 1.97         40
      1          0               0    108.500   1291.400      7.994          23.724                 2.12         50
      1          0               0    137.900   1750.000     17.181          22.354                 2.72         60
      1          0               0    102.900    491.800      0.485           8.500                 1.22         10
      1          0               0    109.100    875.900      1.136          16.820                  1.2         20
      1          0               0     97.600    884.500      1.691          22.342                 1.36         30
      1          0               0    141.600   1049.000      3.551          25.850                 1.56         40
      1          0               0    101.400    962.100      4.422          28.753                 1.75         50
      1          0               0    119.600   2259.700      7.087          31.138                 1.94         60
      1          0               0     99.700    447.300      0.428           9.186                  1.1         10
      1          0               0    102.800    735.800      1.039          16.084                 1.25         20
      1          0               0    109.000    862.000      1.948          20.405                 1.48         30
      1          0               0    108.500   1215.100      3.337          24.218                 1.66         40
      1          0               0     90.400   1207.700      4.102          29.031                 1.73         50
      1          0               0    145.700   1984.500      9.632          31.257                 1.93         60
      1          0               0     56.400    266.000      0.261           7.778                  1.3         10
      1          0               0     93.500    652.500      0.992          14.937                 1.35         20
      1          0               0    121.200    902.800      1.802          23.424                 1.29         30
      1          0               0    150.000   1067.500      4.049          25.485                 1.57         40
      1          0               0     76.900   1173.300      3.314          31.984                 1.58         50
      1          0               0     99.000   1350.500      6.741          33.015                 1.82         60
      1          0               0    184.200    562.600      0.798           9.050                 1.12         10
      1          0               0    179.800    745.800      1.662          17.259                 1.16         20
      1          0               0    140.800    943.500      2.716          19.773                 1.52         30
      1          0               0    133.100   1179.500      3.793          23.609                  1.7         40
      1          0               0    115.800   1319.800      4.791          28.339                 1.77         50
      1          0               0    122.000   1472.900      7.339          28.694                  2.1         60
      1          0               0     99.500    326.700      0.429           9.031                 1.12         10
      1          0               0    173.100    814.100      1.581          18.014                 1.12         20
      1          0               0    119.200    866.300      1.979          21.946                 1.38         30
      1          0               0    127.900   1130.700      3.573          25.636                 1.57         40
      1          0               0    135.700   1130.200      9.089          26.343                 1.91         50
      1          0               0     93.100   1118.300      8.830          29.722                 2.04         60
      1          0               0     69.300    249.400      0.289           9.612                 1.05         10
      1          0               0    102.800    604.900      0.971          16.421                 1.22         20
      0          0               0   2000.000  60000.000     26.462          25.848                 1.16         30
      1          0               0    106.300   1529.600      2.798          26.490                 1.53         40
      1          0               0    342.000   3880.100     10.265          33.750                 1.49         50
      1          0               0     93.900   2179.100      5.300          31.757                 1.92         60
      1          0               0     98.000    234.700      0.423           8.843                 1.14         10
      1          0               0    171.400    614.000      1.695          15.723                 1.28         20
      1          0               0    138.700   1348.300      3.078          17.710                 1.71         30
      1          0               0    126.100   1453.200      4.309          22.231                 1.81         40
      1          0               0     92.900   1186.700      4.933          24.517                 2.05         50
      1          0               0    111.500   1157.900      6.428          28.239                 2.13         60
      1          0               0     81.400    256.300      0.359           8.611                 1.17         10
      1          0               0    151.000    814.600      1.442          16.770                  1.2         20
      1          0               0    102.900    759.300      1.808          20.467                 1.47         30
      1          0               0    134.100   1108.100      3.508          26.168                 1.54         40
      1          0               0    111.000   1398.700      4.531          27.292                 1.85         50
      1          0               0     99.800   1166.400      7.518          27.695                 2.18         60
      1          0               0    115.600    469.400      0.509           8.933                 1.13         10
      1          0               0    116.500    694.000      1.210          14.843                 1.36         20
      1          0               0    115.100    791.800      1.859          22.537                 1.34         30
      1          0               0    115.200   1545.000      2.960          26.921                 1.49         40
      1          0               0    137.900   1688.100      5.232          32.534                 1.55         50
      1          0               0    132.600   2192.200      7.965          33.346                 1.81         60
      1          0               0    155.900    460.400      0.697           8.384                  1.2         10
      1          0               0     88.800    653.300      0.953          13.896                 1.45         20
      1          0               0    129.200    945.300      2.241          19.250                 1.56         30
      1          0               0     73.100    999.400      2.279          23.306                 1.72         40
      1          0               0    134.100   1662.800      6.804          23.515                 2.13         50
      1          0               0    150.100   2355.800     17.731          26.843                 2.24         60
      1          0               0    157.800    432.300      0.666           9.596                 1.05         10
      1          0               0    110.200    586.800      1.138          14.858                 1.35         20
      1          0               0    118.300    946.700      2.080          20.335                 1.48         30
      1          0               0    170.200   1306.600      4.380          23.821                 1.69         40
      1          0               0    205.800   1782.400      8.319          27.397                 1.83         50
      1          0               0    209.700   3091.500     11.516          29.244                 2.06         60
      1          0               0    155.900    577.200      0.663           9.381                 1.07         10
      1          0               0    174.600   1031.900      1.704          16.045                 1.25         20
      1          0               0     97.100    832.400      1.538          22.401                 1.34         30
      1          0               0    151.800   1129.200      3.310          29.841                 1.34         40
      1          0               0    120.000    886.000      4.197          31.398                  1.6         50
      1          0               0    156.100   1495.500      8.718          32.958                 1.83         60
      1          0               0    149.500    371.100      0.632           9.336                 1.08         10
      1          0               0    146.800    621.400      1.349          18.046                 1.11         20
      1          0               0    180.700    932.100      2.625          24.723                 1.22         30
      1          0               0    131.900   1279.300      3.515          24.407                 1.64         40
      1          0               0    129.600   1649.300      5.597          26.681                 1.88         50
      1          0               0    120.600   1795.500      7.249          28.919                 2.08         60
      1          0               0    169.200    428.300      0.872           7.268                 1.39         10
      1          0               0     89.800    434.600      1.005          15.590                 1.29         20
      1          0               0    141.200    881.800      2.283          23.361                 1.29         30
      1          0               0    105.100   1289.800      3.210          27.669                 1.45         40
      1          0               0    110.900   1349.500      4.768          29.918                 1.68         50
      1          0               0    117.400   1544.700      7.760          31.811                 1.91         60
      0          0               0   2000.000  20000.000      8.489           8.980                 1.11         10
      1          0               0    115.600    683.200      1.170          15.165                 1.33         20
      0          0               0   2000.000  60000.000     28.916          21.861                 1.37         30
      1          0               0    146.500   1037.800      4.025          24.286                 1.66         40
      1          0               0    123.700   1535.600      5.806          26.161                 1.92         50
      1          0               0    207.200   2856.500     11.778          29.625                 2.04         60
      1          0               0     88.200    225.100      0.373           9.278                 1.08         10
      1          0               0    103.500    515.100      2.968          12.071                 1.67         20
      1          0               0     86.000    790.800      2.868          17.588                 1.72         30
      1          0               0     77.700    835.000      4.786          23.125                 1.74         40
      1          0               0     79.800   1113.700      5.025          27.127                 1.85         50
      1          0               0     83.200   1158.200      6.782          29.285                 2.06         60
      1          0               0    112.900    353.800      0.497           8.645                 1.17         10
      1          0               0     64.700    412.700      0.647          16.158                 1.24         20
      1          0               0     99.200   1010.100      1.689          21.818                 1.38         30
      1          0               0     60.900    651.600      1.697          25.887                 1.55         40
      1          0               0     68.100   1158.300      3.336          27.900                  1.8         50
      1          0               0    123.600   1653.400     10.041          28.072                 2.15         60
      1          0               0    130.900    444.300      0.595           8.167                 1.24         10
      1          0               0    105.100    730.000      1.142          15.075                 1.34         20
      1          0               0    143.500   1255.300      2.337          20.964                 1.44         30
      1          0               0    588.600   5084.400     15.056          27.592                 1.45         40
      1          0               0    597.800   4743.800     21.467          29.873                 1.67         50
      1          0               0    123.200   1886.300     10.899          30.403                 1.98         60
      1          0               0     96.400    318.600      0.422           9.189                  1.1         10
      1          0               0     95.600    748.700      1.048          14.962                 1.35         20
      1          0               0    116.700   1349.300      2.358          19.629                 1.54         30
      1          0               0    123.000   1232.000      3.757          23.515                 1.71         40
      1          0               0     89.600   1390.000      4.219          27.061                 1.86         50
      1          0               0    109.200   1533.900     10.842          29.322                 2.06         60
      1          0               0    107.600    320.500      0.478           8.451                 1.19         10
      1          0               0     83.100    429.500      0.922          15.424                  1.3         20
      1          0               0    142.100    692.700      2.149          23.351                 1.29         30
      1          0               0    209.800   1641.100      5.008          26.503                 1.52         40
      1          0               0    166.000   1923.400      6.295          28.402                 1.77         50
      1          0               0    109.800   1575.700      9.200          26.793                 2.26         60
      1          0               0     57.600    262.200      0.254           8.917                 1.14         10
      1          0               0    178.900    444.000      1.703          17.466                 1.15         20
      1          0               0    107.000    999.800      1.779          21.524                  1.4         30
      1          0               0    102.900   1015.300      3.237          24.323                 1.65         40
      1          0               0     97.200   1203.200      4.892          28.299                 1.77         50
      1          0               0    110.400   1396.000     10.919          30.799                 1.95         60
      1          0               0    104.400    385.500      0.455           9.080                 1.11         10
      1          0               0    177.300   1047.400      1.675          17.011                 1.18         20
      1          0               0    164.900    750.300      2.314          25.707                 1.17         30
      1          0               0    129.800   1508.100      2.793          28.673                  1.4         40
      1          0               0    146.500   1779.200      5.195          30.505                 1.64         50
      1          0               0    108.600   1514.300      5.895          30.346                 1.99         60
      1          0               0    129.600    328.400      0.550           9.002                 1.13         10
      1          0               0    132.700    609.100      1.493          14.656                 1.38         20
      1          0               0    150.700   1144.000      3.119          18.859                 1.61         30
      0          0               0   2000.000  80000.000     46.948          23.963                 1.67         40
      1          0               0    146.000   1546.500      7.465          23.985                 2.09         50
      1          0               0    214.400   2566.600     21.965          24.633                 2.45         60
      1          0               0     92.800    521.400      0.412           8.624                 1.18         10
      1          0               0    120.400    601.000      1.170          16.031                 1.26         20
      1          0               0    141.200   1238.700      2.341          18.938                 1.59         30
      1          0               0    137.000   1256.100      3.851          25.611                 1.57         40
      1          0               0    119.500   1043.200      5.015          26.182                 1.91         50
      1          0               0    108.900   1362.900      7.169          27.100                 2.22         60
      1          0               0     94.600    454.400      0.411           8.797                 1.16         10
      1          0               0     80.800    613.400      0.928          14.790                 1.37         20
      1          0               0    138.000   1363.400      3.241          18.382                 1.64         30
      1          0               0    128.700   1000.100      4.039          22.279                 1.81         40
      1          0               0     70.700   1126.800      3.361          24.560                 2.06         50
      1          0               0    109.300   1692.200      9.253          26.859                 2.28         60
      1          0               0     66.100    268.300      0.291           8.832                 1.15         10
      1          0               0    170.800    845.900      1.618          16.978                 1.18         20
      1          0               0    118.900    926.600      1.882          23.860                 1.28         30
      1          0               0     65.400    721.300      1.987          25.469                  1.6         40
      1          0               0    183.300   1233.900      7.680          28.941                 1.74         50
      1          0               0    124.700   1239.400      8.754          28.636                  2.1         60
      1          0               0     36.900    191.800      0.167           8.187                 1.23         10
      1          0               0    120.700    694.700      1.242          14.784                 1.36         20
      1          0               0    125.000    933.700      2.632          17.922                 1.69         30
      1          0               0     97.400   1229.400      3.447          21.927                 1.84         40
      0          0               0   2000.000 100000.000     76.304          27.027                 1.85         50
      1          0               0    109.300   1510.800      8.914          27.629                 2.18         60
      1          0               0     95.600    339.800      0.404           8.931                 1.13         10
      1          0               0    201.000   1063.400      2.080          14.237                 1.42         20
      1          0               0    112.300   1138.900      2.083          19.093                 1.58         30
      1          0               0    115.000   1308.200      3.380          21.282                  1.9         40
      1          0               0    139.000   1526.600      5.900          25.806                 1.95         50
      1          0               0    103.400   1301.200      7.064          24.544                 2.48         60
      1          0               0    126.000    347.600      0.564           8.338                 1.22         10
      1          0               0    137.900    926.200      1.385          15.846                 1.28         20
      0          0               0   2000.000  60000.000     30.165          20.940                 1.43         30
      0          0               0   2000.000  80000.000     42.469          27.892                 1.43         40
      0          0               0   2000.000 100000.000     59.434          28.855                 1.73         50
      0          0               0   2000.000 120000.000     84.487          30.881                 1.94         60
      1          0               0    102.900    239.600      0.430           9.398                 1.07         10
      1          0               0    121.500    581.000      1.168          16.292                 1.24         20
      1          0               0    130.600    608.100      2.085          21.832                 1.38         30
      1          0               0    114.700   1044.200      3.267          24.861                 1.63         40
      1          0               0    147.100   1223.900      4.913          30.684                 1.65         50
      1          0               0     81.200   1143.100      6.252          28.606                 2.12         60
      1          0               0     93.400    270.000      0.420           8.425                  1.2         10
      1          0               0    116.300    669.900      1.115          16.390                 1.23         20
      1          0               0    105.400    991.500      1.856          21.220                 1.42         30
      1          0               0    122.500   1273.800      3.943          24.329                 1.65         40
      1          0               0     70.100    930.500      3.736          26.060                 1.93         50
      1          0               0     93.200   1162.000      7.234          28.979                 2.08         60
      1          0               0     99.500    412.100      0.437           8.476                 1.19         10
      1          0               0     36.900    311.600      0.390          14.970                 1.36         20
      1          0               0    156.000    891.400      2.304          24.124                 1.25         30
      1          0               0    145.100   1436.200      3.278          28.025                 1.44         40
      1          0               0    101.100   1317.500      3.658          30.709                 1.64         50
      1          0               0    118.100   1769.300      6.013          32.412                 1.86         60
      1          0               0    142.600    435.000      0.645           8.156                 1.24         10
      1          0               0    169.100    781.600      1.622          15.249                 1.32         20
      1          0               0    118.500    937.900      1.825          23.419                 1.29         30
      1          0               0    133.300   1576.700      3.228          26.519                 1.51         40
      1          0               0    145.800   1992.700      5.202          28.967                 1.74         50
      1          0               0    121.200   1996.400      5.790          33.059                 1.82         60
      1          0               0    178.200    395.500      0.738           9.468                 1.06         10
      1          0               0     88.600    680.000      0.857          16.010                 1.26         20
      1          0               0    153.800    841.200      2.297          21.970                 1.37         30
      0          0               0   2000.000  80000.000     42.814          27.927                 1.43         40
      1          0               0    137.600   1223.500      5.291          29.784                 1.69         50
      1          0               0     90.100   1340.200      5.926          29.691                 2.04         60
      1          0               0     62.800    288.600      0.263           9.508                 1.06         10
      1          0               0    163.300    746.700      1.457          18.509                 1.09         20
      1          0               0    177.100   1103.500      2.378          28.011                 1.08         30
      1          0               0    102.800    899.900      2.111          32.030                 1.26         40
      1          0               0    138.200   1009.800      4.530          33.973                 1.48         50
      1          0               0    100.300   1146.500      5.557          35.254                 1.72         60
      1          0               0     95.400    328.500      0.399           9.525                 1.05         10
      1          0               0    103.200    759.100      0.999          15.857                 1.27         20
      1          0               0    117.500   1008.500      2.189          18.912                 1.59         30
      1          0               0    103.900   1029.900      2.718          23.222                 1.73         40
      1          0               0    549.300   2300.400     30.189          26.064                 1.92         50
      1          0               0    534.700   3226.900     45.678          28.156                 2.13         60
      1          0               0    149.500    304.900      0.648           8.468                 1.19         10
      1          0               0     89.100    600.300      1.020          14.384                 1.41         20
      1          0               0    123.200    828.200      2.507          18.641                 1.62         30
      1          0               0    113.100    807.400      3.852          24.629                 1.64         40
      1          0               0     88.200   1049.900      4.643          28.999                 1.74         50
      1          0               0    100.000   1119.600      7.390          31.298                 1.94         60
      1          0               0    117.400    344.000      0.549           7.578                 1.35         10
      1          0               0    124.800    687.900      1.332          13.912                 1.46         20
      1          0               0    133.200   1056.200      2.460          18.646                 1.62         30
      1          0               0     71.700    904.600      2.492          21.131                 1.91         40
      1          0               0     91.900   1099.200      5.535          24.629                 2.04         50
      1          0               0    133.800   1797.400     13.656          27.507                 2.19         60
      1          0               0     95.600    405.600      0.442           8.391                 1.24         10
      1          0               0    166.200   1028.600      1.608          17.235                 1.18         20
      1          0               0    118.500    778.400      1.934          21.494                 1.41         30
      1          0               0    178.200   1417.600      5.017          22.779                 1.78         40
      1          0               0    104.300   1832.500      5.704          23.150                 2.19         50
      1          0               0    212.300   3186.100     14.812          27.187                 2.22         60
      1          0               0     52.000    211.600      0.245           8.306                 1.24         10
      1          0               0     58.100    392.000      0.562          15.943                 1.27         20
      1          0               0     84.900    766.100      1.334          21.462                 1.41         30
      1          0               0    165.200   1558.200      3.620          27.481                 1.46         40
      1          0               0    106.400   1269.800      4.080          27.677                 1.81         50
      1          0               0    177.500   1879.600     11.453          26.473                 2.27         60
      1          0               0     38.500    195.800      0.180           8.249                 1.23         10
      1          0               0    205.800    703.900      2.001          16.334                 1.23         20
      1          0               0    135.000    899.600      2.202          21.532                  1.4         30
      1          0               0    128.700    989.600      4.899          23.716                 1.69         40
      1          0               0    135.300   1893.900      6.176          28.758                 1.74         50
      1          0               0    133.100   1534.800     13.311          31.815                 1.89         60
      1          0               0     80.800    337.100      0.354           8.516                 1.18         10
      1          0               0    105.300    572.600      1.097          15.414                  1.3         20
      1          0               0     66.300    656.600      1.246          20.472                 1.48         30
      1          0               0    155.200   1664.900      4.302          23.762                 1.69         40
      1          0               0    157.400   1734.000      6.849          25.431                 1.98         50
      1          0               0    128.800   1748.900      7.629          29.151                 2.07         60
      1          0               0     98.700    395.600      0.450           8.466                 1.21         10
      1          0               0    113.500    604.700      1.116          16.041                 1.26         20
      1          0               0     74.000    557.100      1.162          22.230                 1.37         30
      1          0               0    169.300   1066.300      4.639          25.699                 1.57         40
      1          0               0    160.200   1457.500      7.422          27.988                 1.81         50
      1          0               0    142.900   1932.200     10.844          28.672                 2.11         60
      1          0               0    117.100    361.000      0.541           8.104                 1.25         10
      1          0               0     88.800    557.900      0.933          15.421                  1.3         20
      1          0               0     51.800    511.100      0.936          21.716                 1.39         30
      1          0               0     83.300   1034.300      2.490          24.035                 1.67         40
      1          0               0     88.700   1497.100      4.718          25.931                 1.95         50
      1          0               0    129.100   1881.600     13.461          26.120                 2.32         60
      1          0               0     84.200    520.000      0.463           7.286                 1.43         10
      1          0               0     98.300    610.700      1.020          14.896                 1.35         20
      1          0               0    109.500   1035.600      1.955          19.688                 1.53         30
      1          0               0     87.100   1202.200      4.061          21.072                 1.93         40
      1          0               0     71.700   1216.000      4.146          23.201                 2.17         50
      1          0               0    141.700   1888.700      9.933          25.473                 2.37         60
      1          0               0     62.700    204.400      0.268           8.963                 1.12         10
      1          0               0    133.600    666.400      1.376          16.042                 1.25         20
      1          0               0    148.200   1007.800      2.186          24.601                 1.23         30
      1          0               0    144.900   1140.500      3.231          29.041                 1.38         40
      1          0               0    108.500   1186.800      3.992          31.606                 1.59         50
      1          0               0    133.000   2366.300      7.478          31.750                  1.9         60
      1          0               0    124.900    435.800      0.556           8.570                 1.17         10
      1          0               0    110.400    771.900      1.089          15.916                 1.27         20
      1          0               0    112.000   1285.100      2.388          20.062                 1.51         30
      1          0               0    141.200   1453.100      5.756          23.540                 1.72         40
      1          0               0    152.800   2325.700      9.516          27.324                 1.84         50
      1          0               0    138.500   1685.800     10.583          30.542                 1.97         60
      1          0               0    104.800    513.400      0.465           8.298                 1.21         10
      1          0               0    104.800    621.100      0.990          16.471                 1.23         20
      1          0               0    133.000   1189.900      2.831          21.644                  1.4         30
      1          0               0    131.500   1259.100      4.244          24.197                 1.66         40
      1          0               0    129.100   1775.700      8.854          25.128                 2.01         50
      1          0               0    195.700   2038.500     14.272          29.162                 2.06         60
      1          0               0    174.900    591.900      0.754           8.892                 1.14         10
      1          0               0    125.200    872.500      1.406          15.599                 1.31         20
      1          0               0    124.900    782.400      1.935          22.187                 1.36         30
      1          0               0     81.100    715.000      2.002          26.621                 1.51         40
      1          0               0     88.900    888.200      3.768          27.420                 1.83         50
      1          0               0    153.400   1440.800      9.473          32.043                 1.88         60
      1          0               0    153.800    563.500      0.642           9.386                 1.07         10
      1          0               0    233.400    649.900      2.050          18.969                 1.06         20
      1          0               0    108.700    794.100      1.683          23.145                  1.3         30
      1          0               0    169.800   1453.100      3.774          28.672                  1.4         40
      1          0               0    152.500   2101.700      5.608          30.586                 1.65         50
      1          0               0    155.900   2342.200      7.136          33.078                 1.82         60
      1          0               0     62.900    281.100      0.298           7.607                 1.34         10
      1          0               0    133.000    720.000      1.458          14.371                 1.41         20
      1          0               0    136.400   1111.300      2.270          22.148                 1.37         30
      1          0               0    130.800   1487.900      3.719          25.170                  1.6         40
      1          0               0    158.000   1879.100      9.297          26.861                 1.87         50
      0          0               0   2000.000 120000.000    106.645          32.864                 1.83         60
      1          0               0    102.100    229.600      0.446           8.730                 1.15         10
      1          0               0    140.500    429.100      1.595          12.368                 1.62         20
      0          0               0   2000.000  60000.000     45.483          17.043                 1.76         30
      1          0               0    100.000    960.800      4.031          20.640                 1.95         40
      1          0               0    120.700   1227.000      9.719          22.076                 2.28         50
      1          0               0    115.300   1382.200     15.980          25.816                 2.34         60
      1          0               0     46.500    186.100      0.213           8.357                 1.21         10
      1          0               0     80.900    593.500      0.826          16.362                 1.24         20
      1          0               0    137.600    847.600      2.154          23.226                 1.31         30
      1          0               0    153.200   1787.400      3.765          28.723                  1.4         40
      1          0               0     72.800   1002.400      3.040          29.442                 1.71         50
      1          0               0     82.900   1438.400      5.511          30.387                 1.99         60
      1          0               0     71.500    300.100      0.305           9.115                  1.1         10
      1          0               0     92.100    560.500      0.891          15.978                 1.26         20
      1          0               0    136.700    846.800      2.380          22.015                 1.38         30
      1          0               0   1995.800  12039.300     44.175          28.862                 1.39         40
      1          0               0    175.200   1730.000      7.135          29.084                 1.74         50
      0          0               0   2000.000 120000.000    105.882          31.879                 1.88         60
      1          0               0     48.100    236.200      0.204           9.345                 1.08         10
      1          0               0    141.900    552.200      1.314          17.825                 1.12         20
      1          0               0    126.900   1037.900      2.079          21.771                 1.38         30
      1          0               0   1980.300  14509.400     41.545          28.634                  1.4         40
      1          0               0    112.500   1698.000      5.787          27.037                 1.87         50
      1          0               0    150.100   2466.500     12.801          27.621                 2.18         60
      1          0               0    147.300    719.700      0.637           8.741                 1.16         10
      1          0               0     97.600    717.700      1.042          15.023                 1.34         20
      1          0               0    101.500    889.300      1.947          18.689                 1.62         30
      1          0               0    117.000   1213.900      3.940          21.684                 1.86         40
      1          0               0     91.700   1202.400      3.896          25.133                  2.0         50
      1          0               0    107.600   1400.500     12.428          23.189                  2.6         60
      1          0               0     88.800    348.300      0.382           9.137                  1.1         10
      1          0               0    169.200    689.400      1.580          17.268                 1.17         20
      1          0               0    194.800   1036.400      3.317          22.387                 1.35         30
      1          0               0    155.200   1431.600      4.228          23.982                 1.68         40
      1          0               0    105.300   1176.300      4.261          30.170                 1.67         50
      1          0               0    157.200   1970.600     10.430          29.514                 2.05         60
      1          0               0    116.500    327.100      0.488           9.439                 1.07         10
      1          0               0    110.500    732.600      1.068          17.040                 1.19         20
      1          0               0    129.800   1254.300      2.435          22.204                 1.36         30
      1          0               0    141.600   1515.700      4.434          27.041                  1.5         40
      1          0               0    171.000   2047.000     12.233          29.556                  1.7         50
      1          0               0    148.400   2243.400     12.611          33.134                 1.82         60
      1          0               0    114.500    388.900      0.503           8.963                 1.13         10
      1          0               0     97.400    520.000      0.969          16.376                 1.22         20
      1          0               0    146.000    948.200      2.224          23.121                 1.31         30
      1          0               0    165.200   1485.500      4.955          25.958                 1.55         40
      1          0               0    114.200   1092.200      9.434          25.754                 1.95         50
      1          0               0     88.900   1255.100      7.778          28.425                 2.13         60
      1          0               0    137.800    375.800      0.625           8.328                 1.22         10
      1          0               0    146.100    420.700      1.542          14.482                 1.39         20
      1          0               0    121.800    729.200      2.052          20.791                 1.46         30
      1          0               0    101.100   1037.500      2.736          23.316                 1.73         40
      1          0               0    125.200   1107.600      5.586          25.724                 1.97         50
      1          0               0    155.600   1594.800     11.102          25.194                 2.39         60
      1          0               0    125.000    580.500      0.561           8.236                 1.23         10
      1          0               0    153.700   1081.700      1.646          15.327                 1.32         20
      0          0               0   2000.000  60000.000     28.944          21.838                 1.38         30
      1          0               0    143.800   1603.300      4.026          23.174                 1.73         40
      1          0               0    132.800   2168.700      5.177          27.844                 1.81         50
      1          0               0    117.800   1551.200      6.472          29.276                 2.06         60
      1          0               0    114.700    305.500      0.475           9.466                 1.07         10
      1          0               0    111.700    789.200      1.119          16.265                 1.24         20
      1          0               0    145.600   1258.000      2.275          22.534                 1.34         30
      1          0               0    112.000   1254.300      3.111          25.411                 1.58         40
      1          0               0    123.200   1582.900      6.596          28.519                 1.76         50
      1          0               0    170.800   2376.500     14.253          32.013                 1.88         60
      1          0               0     82.100    356.000      0.380           7.797                 1.31         10
      1          0               0    134.900    808.500      1.429          14.293                 1.41         20
      1          0               0     49.800    585.400      1.059          17.584                 1.73         30
      1          0               0    160.000   1396.300      5.770          18.940                 2.12         40
      1          0               0    120.800   1115.000      5.899          22.120                 2.27         50
      1          0               0     55.500   1045.400      4.589          23.813                 2.54         60
      1          0               0    105.400    348.000      0.440           9.161                  1.1         10
      1          0               0    125.000    501.200      1.545          12.453                 1.63         20
      1          0               0    155.700   1115.400      3.384          18.120                 1.67         30
      1          0               0    118.300    881.300      3.620          25.549                 1.57         40
      1          0               0     58.200    909.200      2.996          27.155                 1.86         50
      1          0               0    116.000   1332.600      7.220          28.349                 2.13         60
      1          0               0    130.600    367.400      0.581           7.805                 1.29         10
      1          0               0    131.100    689.300      1.371          14.885                 1.36         20
      0          0               0   2000.000  60000.000     27.239          23.908                 1.26         30
      1          0               0    188.400   1519.200      4.275          27.588                 1.46         40
      0          0               0   2000.000 100000.000     59.493          29.869                 1.68         50
      1          0               0    141.600   1530.200      7.757          31.607                 1.91         60
      1          0               0    105.000    264.400      0.436           9.421                 1.07         10
      1          0               0     97.200    684.100      0.936          16.241                 1.24         20
      1          0               0    125.600    928.900      1.920          23.369                 1.29         30
      0          0               0   2000.000  80000.000     42.172          25.985                 1.54         40
      1          0               0    123.500   1715.900      5.549          28.049                 1.79         50
      1          0               0    112.900   1474.900      7.839          30.953                 1.95         60
      1          0               0     60.000    293.400      0.279           8.575                 1.19         10
      1          0               0    102.100    740.400      1.198          14.561                 1.39         20
      1          0               0    229.000   1465.300      3.971          21.741                 1.39         30
      1          0               0    125.700   1046.800      3.000          26.585                 1.52         40
      1          0               0     99.000    810.100      3.423          30.719                 1.64         50
      1          0               0    143.100   1407.400      7.644          32.120                 1.88         60
      1          0               0    118.200    359.900      0.605           7.719                 1.31         10
      1          0               0    170.600    931.500      2.680          13.338                 1.51         20
      1          0               0     91.200    789.700      2.100          19.239                 1.57         30
      1          0               0    112.400   1404.300      4.763          22.634                 1.77         40
      1          0               0     85.400    912.300      4.864          26.505                 1.89         50
      1          0               0     93.100   1307.900      8.520          28.562                 2.11         60
      1          0               0    109.700    320.900      0.469           9.220                  1.1         10
      1          0               0    149.700    601.600      1.397          17.193                 1.17         20
      1          0               0     78.100    582.800      1.319          22.037                 1.37         30
      1          0               0    136.700    942.900      3.329          28.132                 1.45         40
      1          0               0    123.500   1344.900      4.724          30.709                 1.66         50
      1          0               0    127.200   1481.400      7.554          32.634                 1.86         60
      1          0               0    148.500    507.200      0.644           9.125                 1.11         10
      1          0               0    138.500    862.200      1.332          17.634                 1.14         20
      1          0               0    119.500    806.600      1.770          24.766                 1.22         30
      1          0               0    188.900   1386.200      4.492          27.628                 1.46         40
      1          0               0    148.800   1364.100      6.137          28.336                 1.78         50
      1          0               0    136.800   1473.800      9.143          29.106                 2.08         60
      1          0               0     46.400    199.000      0.216           8.222                 1.23         10
      1          0               0    173.400    716.000      2.434          13.327                 1.51         20
      1          0               0    166.700   1208.700      3.846          17.615                 1.71         30
      1          0               0    129.700    972.800      4.677          23.003                 1.74         40
      1          0               0     97.000   1085.900      4.395          26.409                  1.9         50
      1          0               0    135.100   1770.100     13.845          23.498                 2.57         60
      1          0               0     43.400    230.000      0.190           8.857                 1.17         10
      1          0               0    117.800    609.800      1.194          15.353                 1.31         20
      1          0               0    123.700   1135.200      2.143          21.267                 1.42         30
      1          0               0     98.100   1293.400      4.120          23.081                 1.75         40
      1          0               0     95.000   1497.100      4.604          27.307                 1.84         50
      1          0               0    519.500   3802.900     61.873          30.689                 1.96         60
      1          0               0    125.100    440.400      0.531           9.376                 1.08         10
      0          0               0   2000.000  40000.000     18.414          14.983                 1.34         20
      0          0               0   2000.000  60000.000     33.411          19.000                 1.58         30
      0          0               0   2000.000  80000.000     44.076          25.741                 1.55         40
      0          0               0   2000.000 100000.000     54.500          30.876                 1.62         50
      1          0               0    127.900   1809.000      7.159          29.747                 2.03         60
      1          0               0     48.200    205.200      0.209           9.106                 1.11         10
      1          0               0    119.600    842.600      1.182          15.625                 1.29         20
      1          0               0    140.400   1071.700      2.559          19.011                 1.59         30
      1          0               0    128.000   1133.000      3.522          25.284                 1.59         40
      1          0               0    237.700   2003.600      8.773          28.602                 1.75         50
      1          0               0     74.400   1183.300      4.175          31.348                 1.93         60
      1          0               0     99.500    353.900      0.423           9.192                 1.11         10
      1          0               0    101.400    668.100      0.998          17.296                 1.16         20
      1          0               0     75.900    734.100      1.411          20.859                 1.46         30
      1          0               0     94.800   1032.800      2.364          27.502                 1.47         40
      1          0               0    160.000   1774.700      5.039          31.541                  1.6         50
      1          0               0    110.400   1428.300      6.049          32.091                 1.91         60
      1          0               0    164.500    532.300      0.700           9.092                 1.11         10
      1          0               0    147.900    721.200      1.384          17.571                 1.15         20
      1          0               0    185.300    898.000      2.918          21.970                 1.37         30
      1          0               0    140.200   1017.700      3.396          26.247                 1.53         40
      1          0               0    124.600   1406.600      4.513          27.786                  1.8         50
      1          0               0    123.000   1561.400      7.036          30.548                 1.97         60
      1          0               0     85.600    444.200      0.380           8.618                 1.17         10
      1          0               0    129.200   1046.300      1.367          15.034                 1.34         20
      1          0               0    131.500   1325.200      2.435          20.159                 1.49         30
      1          0               0    153.500   1591.800      4.409          25.983                 1.55         40
      1          0               0    135.300   1729.300      7.901          28.084                 1.79         50
      1          0               0    121.500   1691.400      9.302          27.902                 2.16         60
      1          0               0    128.400    312.000      0.596           7.737                 1.31         10
      1          0               0     84.800    736.200      0.911          14.054                 1.44         20
      1          0               0     96.600   1009.800      2.549          19.639                 1.55         30
      1          0               0     86.700   1609.200      3.507          23.768                  1.7         40
      1          0               0    177.200   2021.400      8.537          27.999                  1.8         50
      1          0               0    112.500   2016.200     10.693          29.131                 2.08         60
      1          0               0     48.000    221.100      0.218           8.560                 1.18         10
      1          0               0    120.200    731.300      1.238          15.892                 1.26         20
      1          0               0    110.100   1123.000      2.299          20.535                 1.47         30
      1          0               0    101.600   1064.100      2.894          24.921                 1.61         40
      1          0               0    139.400   1898.500      5.938          28.788                 1.74         50
      1          0               0    104.600   1442.100      8.415          27.719                 2.17         60
      1          0               0     57.500    192.700      0.321           6.506                 1.58         10
      1          0               0     86.000    587.300      0.943          14.135                 1.43         20
      0          0               0   2000.000  60000.000     40.879          18.718                  1.6         30
      1          0               0    106.900    970.300      4.140          20.499                 1.96         40
      1          0               0    247.100   2048.900     12.385          23.130                 2.18         50
      1          0               0    163.600   2335.400     28.656          22.163                 2.73         60
      1          0               0     91.000    303.800      0.395           9.015                 1.12         10
      1          0               0    146.300    584.500      1.533          16.185                 1.24         20
      1          0               0    146.900   1229.400      2.668          21.412                 1.41         30
      1          0               0    129.700    913.400      3.538          26.101                 1.54         40
      1          0               0    182.500   1608.600      7.002          27.978                  1.8         50
      1          0               0    126.100   1169.500     12.112          29.113                 2.07         60
      1          0               0     92.100    238.700      0.417           7.845                 1.29         10
      1          0               0     81.500    481.800      0.881          14.055                 1.43         20
      1          0               0     99.500    810.300      2.486          17.782                 1.71         30
      1          0               0     80.400    809.400      3.479          22.850                 1.78         40
      1          0               0     73.100   1020.500      7.579          25.436                 1.98         50
      1          0               0    105.600   1445.200     16.530          28.628                 2.11         60
      1          0               0    161.300    494.600      0.712           8.764                 1.15         10
      1          0               0    188.200    756.600      1.841          15.230                 1.32         20
      1          0               0    127.200   1005.000      2.743          16.921                  1.8         30
      1          0               0    167.000   1627.100      6.265          23.671                  1.7         40
      1          0               0    116.600   1089.700      7.653          23.769                 2.11         50
      1          0               0    104.800   1561.600     18.063          23.365                 2.58         60
      1          0               0    112.600    313.900      0.475           9.475                 1.06         10
      1          0               0    162.700    610.600      1.478          17.822                 1.13         20
      1          0               0    111.000    515.800      1.606          25.370                 1.19         30
      1          0               0    318.300   2390.700      6.695          29.446                 1.36         40
      1          0               0     84.300   1178.100      3.325          30.395                 1.67         50
      1          0               0    123.400   1831.700      5.897          34.147                 1.77         60
      1          0               0    161.900    319.100      0.712           8.613                 1.17         10
      1          0               0    116.000    650.500      1.139          15.666                 1.28         20
      1          0               0    189.400   1390.000      2.703          25.663                 1.18         30
      1          0               0     92.500   1044.200      2.494          26.960                 1.49         40
      0          0               0   2000.000 100000.000     64.764          30.888                 1.62         50
      1          0               0    123.700   1858.900      7.782          31.168                 1.94         60
      1          0               0    120.300    440.600      0.510           9.331                 1.08         10
      1          0               0    130.600    853.300      1.232          16.727                  1.2         20
      1          0               0    120.300    914.600      1.862          21.981                 1.37         30
      1          0               0    141.100   1552.100      3.277          25.649                 1.57         40
      1          0               0     73.700    944.700      2.420          31.024                 1.62         50
      1          0               0    109.000   1271.400      5.461          30.724                 1.96         60
      1          0               0    102.800    525.900      0.456           8.556                 1.19         10
      1          0               0     47.200    275.900      0.466          16.761                 1.21         20
      0          0               0   2000.000  60000.000     27.212          23.936                 1.25         30
      1          0               0    125.300   1473.100      3.243          26.567                 1.51         40
      0          0               0   2000.000 100000.000     57.982          31.924                 1.57         50
      0          0               0   2000.000 120000.000     88.319          33.009                 1.82         60
      1          0               0     70.700    213.000      0.294           9.601                 1.04         10
      1          0               0    128.900    633.400      1.249          15.926                 1.26         20
      1          0               0     43.400    485.600      1.233          17.516                 1.73         30
      1          0               0    110.900   1123.000      5.011          18.357                  2.2         40
      1          0               0    104.900   1236.900      9.852          21.300                 2.37         50
      1          0               0     89.500   1466.000      9.754          26.455                 2.27         60
      1          0               0    135.300    403.800      0.570           9.441                 1.07         10
      1          0               0    197.900   1095.200      1.992          15.589                 1.29         20
      1          0               0    137.500   1102.400      2.192          22.403                 1.34         30
      1          0               0    137.500   1082.600      3.253          26.955                 1.49         40
      1          0               0    152.900   1285.900      4.686          30.834                 1.62         50
      1          0               0     93.700    903.300      4.208          33.178                 1.81         60
      1          0               0    116.100    461.500      0.519           8.594                 1.18         10
      1          0               0    169.700    712.900      1.526          18.506                 1.09         20
      1          0               0    136.400   1031.900      2.056          23.660                 1.28         30
      1          0               0    147.600   1560.200      3.268          30.254                 1.33         40
      1          0               0    169.600   2298.700      5.021          36.688                 1.37         50
      1          0               0    176.100   2095.400      7.322          40.793                 1.48         60
      1          0               0    107.600    370.500      0.539           7.333                 1.38         10
      1          0               0     88.000    596.000      1.059          13.312                 1.52         20
      1          0               0    105.000    869.900      1.911          20.415                 1.48         30
      1          0               0    195.800   1342.700      5.328          23.470                 1.71         40
      1          0               0    110.000   1110.100      4.892          25.507                 1.97         50
      1          0               0     81.000   1049.000      7.420          29.238                 2.06         60
      1          0               0     89.000    296.500      0.373           9.520                 1.05         10
      1          0               0    152.500    914.000      1.449          16.545                 1.21         20
      1          0               0    109.700    809.100      1.970          19.469                 1.55         30
      0          0               0   2000.000  80000.000     52.626          20.986                 1.91         40
      0          0               0   2000.000 100000.000    158.457          24.060                 2.08         50
      0          0               0   2000.000 120000.000    175.036          29.956                  2.0         60
      1          0               0    122.900    430.100      0.545           8.391                  1.2         10
      1          0               0    145.600    859.700      1.336          17.012                 1.18         20
      1          0               0    114.900   1139.500      1.930          21.884                 1.38         30
      1          0               0    139.600   1243.600      3.616          27.484                 1.47         40
      1          0               0    121.000   1162.500      4.938          29.004                 1.73         50
      1          0               0    140.300   1756.600      7.271          35.338                 1.71         60
      1          0               0     82.100    298.500      0.353           9.391                 1.07         10
      1          0               0     99.000    565.300      1.002          14.259                 1.41         20
      1          0               0    161.700   1322.500      2.726          19.547                 1.54         30
      1          0               0    115.300   1219.900      2.937          23.827                  1.7         40
      1          0               0    105.900   1480.000      4.796          24.398                 2.08         50
      1          0               0    118.500   1939.600      7.278          29.004                 2.07         60
      1          0               0    122.500    396.400      0.556           8.206                 1.24         10
      1          0               0     92.700    540.800      0.934          14.950                 1.35         20
      1          0               0    164.400   1135.200      3.057          18.601                 1.63         30
      1          0               0    117.600   1354.200      3.243          23.764                 1.69         40
      1          0               0    129.700   1689.300      8.068          21.912                  2.3         50
      1          0               0     99.000   1930.700      8.617          25.046                 2.42         60
      0          0               0   2000.000  20000.000      8.279           8.990                 1.11         10
      0          0               0   2000.000  40000.000     17.998          15.937                 1.26         20
      0          0               0   2000.000  60000.000     29.762          22.004                 1.36         30
      0          0               0   2000.000  80000.000     52.068          25.001                  1.6         40
      1          0               0    353.900   3011.900     21.684          25.196                 1.99         50
      1          0               0     87.900   1578.900      8.563          27.240                 2.21         60
      1          0               0    151.900    429.200      0.628           9.311                 1.08         10
      1          0               0    125.900    948.900      1.221          16.625                 1.22         20
      1          0               0     85.900    794.200      1.437          22.083                 1.38         30
      1          0               0   1926.900   7131.000     44.439          29.836                 1.34         40
      1          0               0    144.400   2065.600      5.280          31.953                 1.57         50
      1          0               0   1918.000  10675.600     71.451          36.820                 1.63         60
      1          0               0    115.200    475.600      0.536           8.279                 1.22         10
      1          0               0    138.900    740.100      1.502          14.969                 1.35         20
      1          0               0    142.400   1092.800      2.603          20.013                 1.51         30
      1          0               0    143.500   1333.200      4.210          24.714                 1.63         40
      0          0               0   2000.000 100000.000     67.298          30.951                 1.62         50
      0          0               0   2000.000 120000.000    106.810          32.869                 1.83         60
      1          0               0    158.700    376.700      0.675           8.653                 1.16         10
      1          0               0    122.000    623.500      1.170          15.816                 1.27         20
      1          0               0    102.300    882.200      1.767          18.815                  1.6         30
      1          0               0    137.600   1107.700      3.443          25.188                  1.6         40
      1          0               0    115.400    945.000      6.271          24.428                 2.05         50
      1          0               0    100.300   1459.400      8.284          26.077                 2.31         60
      1          0               0    105.600    490.700      0.467           8.330                 1.21         10
      1          0               0    123.600    902.100      1.215          15.790                 1.28         20
      1          0               0     86.300    986.500      1.948          18.083                 1.67         30
      1          0               0    127.800   1672.500      3.323          25.540                 1.57         40
      1          0               0    131.100   1478.800      4.817          28.826                 1.75         50
      1          0               0    124.000   1886.000      6.148          32.240                 1.88         60
      1          0               0    104.200    479.500      0.471           8.203                 1.24         10
      1          0               0    127.700   1102.400      1.368          14.241                 1.41         20
      1          0               0    147.900   1627.900      2.699          18.847                 1.61         30
      1          0               0    137.900   1912.500      3.837          23.912                 1.68         40
      1          0               0    115.800   2115.300      5.763          26.263                 1.91         50
      1          0               0    135.300   2432.000     10.543          26.891                 2.24         60
      1          0               0     75.700    264.800      0.333           8.732                 1.15         10
      1          0               0    123.000    578.700      1.215          15.685                 1.29         20
      1          0               0     63.400    510.200      1.081          19.860                 1.52         30
      1          0               0     89.000    678.300      2.278          25.799                 1.56         40
      1          0               0    156.000   1717.400      6.498          26.697                 1.88         50
      1          0               0    126.800   1530.300      8.347          27.280                 2.22         60
      1          0               0    141.900    560.500      0.609           9.129                 1.11         10
      1          0               0     75.200    560.200      0.798          14.580                 1.38         20
      1          0               0    134.100    969.100      2.108          21.965                 1.37         30
      1          0               0    140.800   1480.900      3.648          24.481                 1.64         40
      1          0               0    114.800   1442.700      5.700          23.295                 2.17         50
      1          0               0    131.200   1947.800     10.936          25.931                 2.33         60
      1          0               0     92.300    478.400      0.401           8.907                 1.13         10
      1          0               0    107.300    691.400      1.130          13.606                 1.48         20
      1          0               0    114.200    762.900      2.110          18.007                 1.67         30
      1          0               0    538.700   2285.900     14.753          23.026                 1.74         40
      1          0               0    112.300   1650.200      5.025          26.052                 1.94         50
      1          0               0    129.100   2364.500     12.334          28.389                 2.12         60
