success  collision  collision_obst   makespan   flowtime    runtime     mean_groups     mean_groups_size     number
      1          0               0     79.100    190.500      0.344           9.355                 1.08         10
      1          0               0     69.400    282.100      0.725          14.019                 1.44         20
      1          0               0     60.700    524.000      1.192          19.890                 1.53         30
      1          0               0    111.600    817.400      4.587          23.210                 1.73         40
      1          0               0     72.600    727.700      3.485          25.798                 1.95         50
      1          0               0     69.900    860.300      5.772          27.761                 2.17         60
      1          0               0     39.100    155.400      0.178           8.923                 1.13         10
      1          0               0     69.800    532.300      0.771          15.401                 1.32         20
      1          0               0     70.300    511.500      1.156          22.765                 1.33         30
      1          0               0     73.900   1037.000      2.089          25.267                 1.59         40
      1          0               0    128.000   1673.600      9.113          26.948                 1.87         50
      1          0               0    119.300   1275.000     10.449          31.420                 1.93         60
      1          0               0     74.400    314.400      0.363           7.878                 1.29         10
      1          0               0     67.300    479.200      0.826          11.979                  1.7         20
      1          0               0     78.500    677.800      1.820          17.875                 1.69         30
      1          0               0     65.100    907.000      3.499          21.286                 1.89         40
      1          0               0     95.900    902.800      5.316          26.651                 1.88         50
      1          0               0     97.800   1347.600      8.458          27.593                 2.19         60
      1          0               0     87.700    304.800      0.413           8.505                 1.19         10
      1          0               0    108.300    561.300      1.159          14.575                 1.39         20
      1          0               0    111.300    826.900      1.948          21.939                 1.38         30
      1          0               0     75.800    660.000      3.181          24.607                 1.64         40
      1          0               0     77.500    566.200      4.738          29.062                 1.73         50
      1          0               0     79.700    666.700      6.308          33.008                 1.83         60
      1          0               0     82.500    264.200      0.434           7.619                 1.33         10
      1          0               0     68.200    440.100      0.712          15.537                  1.3         20
      1          0               0    101.900    664.200      1.638          22.785                 1.32         30
      1          0               0     82.900    750.000      2.062          29.551                 1.36         40
      1          0               0    135.500   1211.700      4.995          33.417                 1.51         50
      1          0               0     67.600    936.100      4.020          34.348                 1.76         60
      1          0               0    121.200    220.700      0.541           9.469                 1.07         10
      1          0               0    118.100    755.300      1.208          16.315                 1.24         20
      1          0               0     60.100    555.600      1.110          21.970                 1.38         30
      1          0               0    110.400   1125.800      3.627          26.461                 1.52         40
      1          0               0     92.800   1349.600      4.993          28.829                 1.74         50
      1          0               0     74.300   1188.500      5.968          30.110                  2.0         60
      1          0               0    102.600    372.400      0.494           8.271                 1.23         10
      1          0               0    120.400    733.300      1.249          15.037                 1.35         20
      1          0               0    100.000    809.000      2.072          21.382                 1.41         30
      1          0               0     98.100    980.500      2.882          25.038                 1.61         40
      1          0               0     83.100    951.000      7.264          27.805                 1.81         50
      1          0               0     84.000   1128.000     10.672          28.207                 2.13         60
      1          0               0     74.300    178.900      0.399           8.612                 1.17         10
      1          0               0     87.100    539.300      0.950          16.387                 1.24         20
      1          0               0     97.200    498.500      2.132          21.342                 1.42         30
      1          0               0     72.300    533.300      2.244          26.808                  1.5         40
      1          0               0     87.200    976.900      4.162          27.361                 1.85         50
      1          0               0     82.300   1279.900      8.006          27.009                 2.23         60
      1          0               0    106.900    241.800      0.622           7.715                 1.31         10
      1          0               0     91.000    641.000      1.084          14.186                 1.42         20
      1          0               0     65.900    886.100      1.694          17.669                 1.71         30
      1          0               0     81.800   1292.000      3.793          22.757                 1.77         40
      1          0               0     59.000    853.500      3.585          23.697                 2.12         50
      1          0               0     78.800   1188.700     14.832          22.289                 2.71         60
      1          0               0     61.900    238.800      0.306           9.142                  1.1         10
      1          0               0     48.700    366.900      0.553          15.774                 1.27         20
      1          0               0     85.500    826.900      2.008          21.543                  1.4         30
      1          0               0     99.000   1052.600      4.931          21.922                 1.84         40
      1          0               0     80.000    918.400      6.584          23.301                 2.16         50
      1          0               0    123.000   1707.700     15.853          23.358                 2.58         60
      1          0               0    111.300    380.700      0.560           8.432                 1.19         10
      1          0               0     94.800    506.200      1.092          13.564                 1.48         20
      1          0               0    144.500    847.700      3.172          17.237                 1.75         30
      1          0               0    113.000    955.100      3.994          21.984                 1.83         40
      1          0               0    129.100   1582.600      7.983          23.290                 2.15         50
      1          0               0     87.300   1255.500      8.461          23.875                 2.53         60
      1          0               0     63.100    295.900      0.316           8.537                 1.19         10
      1          0               0    110.000    485.400      1.350          14.025                 1.44         20
      1          0               0    142.200    786.800      2.770          21.463                  1.4         30
      1          0               0    162.700   1396.500      4.433          27.509                 1.46         40
      1          0               0     79.900   1033.700      4.466          26.930                 1.87         50
      1          0               0     98.900   1110.500      6.965          29.255                 2.06         60
      1          0               0     96.800    201.000      0.457           9.651                 1.04         10
      1          0               0     67.300    511.100      0.864          14.954                 1.35         20
      1          0               0     92.000    981.500      2.353          20.560                 1.47         30
      1          0               0    104.100   1229.800      4.300          25.896                 1.55         40
      1          0               0     97.800   1577.700      7.001          26.572                 1.89         50
      1          0               0     81.800   1339.900     10.091          26.682                 2.27         60
      1          0               0     87.700    402.900      0.445           8.897                 1.14         10
      1          0               0     69.800    470.300      0.810          14.924                 1.35         20
      1          0               0    109.600    835.500      2.299          23.097                 1.31         30
      1          0               0     91.500    823.300      3.557          26.110                 1.54         40
      1          0               0     70.000    943.400      5.085          28.871                 1.75         50
      1          0               0     75.900   1152.700      6.921          30.854                 1.96         60
      1          0               0     53.500    185.800      0.261           9.236                 1.09         10
      1          0               0     69.000    408.200      0.845          13.786                 1.46         20
      1          0               0    116.600    839.500      2.354          19.658                 1.53         30
      1          0               0     73.100    867.700      2.681          23.677                  1.7         40
      1          0               0    121.000   1438.700      6.931          26.379                  1.9         50
      1          0               0    119.100   1552.300     10.738          26.635                 2.26         60
      1          0               0     98.000    283.600      0.481           9.370                 1.07         10
      1          0               0    101.700    637.700      1.177          15.603                 1.29         20
      1          0               0    107.200    928.500      2.000          22.161                 1.36         30
      1          0               0     60.900    847.900      2.096          27.130                 1.48         40
      1          0               0     89.800    857.200      3.937          31.566                 1.59         50
      1          0               0    125.100   1377.400      7.381          32.092                 1.87         60
      1          0               0     59.200    174.400      0.281           9.463                 1.06         10
      1          0               0     58.700    288.000      0.707          15.438                 1.31         20
      1          0               0     42.100    357.100      0.879          19.492                 1.56         30
      1          0               0     37.900    380.000      1.210          23.425                 1.72         40
      1          0               0    107.300   1078.600      5.928          23.656                 2.13         50
      1          0               0    102.300   1444.500     10.680          22.711                 2.67         60
      1          0               0     40.200    151.200      0.217           8.194                 1.23         10
      1          0               0     98.000    278.500      1.359          14.519                 1.38         20
      1          0               0     48.300    392.300      1.102          20.337                 1.48         30
      1          0               0    128.400    735.500      5.667          20.428                 1.97         40
      1          0               0    106.400    922.100      6.923          23.645                 2.13         50
      1          0               0    100.800   1168.300     11.259          24.757                 2.43         60
      1          0               0     95.800    363.000      0.465           8.932                 1.13         10
      1          0               0     94.500    598.800      1.018          17.439                 1.16         20
      1          0               0     77.500    697.300      1.435          21.062                 1.43         30
      1          0               0     83.800   1031.900      3.192          24.277                 1.67         40
      1          0               0     79.800   1227.400      6.155          25.365                 1.99         50
      1          0               0     70.300   1311.900      8.188          24.760                 2.44         60
      1          0               0     65.200    230.000      0.354           7.686                 1.31         10
      1          0               0    115.800    532.300      1.269          16.057                 1.25         20
      1          0               0     87.600    629.200      1.859          20.219                 1.49         30
      1          0               0     81.800    756.000      2.755          25.282                  1.6         40
      1          0               0     52.100    791.000      3.967          25.745                 1.96         50
      1          0               0     57.200    867.100      9.023          25.530                 2.37         60
      1          0               0     92.000    195.100      0.471           8.542                 1.18         10
      1          0               0    115.300    350.100      1.213          17.481                 1.15         20
      1          0               0     67.300    607.100      1.429          19.923                 1.52         30
      1          0               0    110.800    860.300      3.514          24.137                 1.67         40
      1          0               0     57.600    716.500      3.061          25.420                 1.99         50
      1          0               0     81.000    984.200      5.648          30.419                 1.98         60
      1          0               0     63.000    304.500      0.367           7.151                 1.43         10
      1          0               0     67.900    403.900      0.773          15.308                 1.31         20
      1          0               0    125.500    588.300      2.360          21.241                 1.42         30
      1          0               0     88.600    721.400      2.869          25.236                 1.59         40
      1          0               0     97.200    956.400      5.659          27.818                  1.8         50
      1          0               0     70.100   1181.000      6.777          29.997                 2.01         60
      1          0               0     64.300    281.400      0.362           8.890                 1.13         10
      1          0               0     78.100    539.300      0.950          15.337                 1.32         20
      1          0               0     59.900    585.800      1.455          18.144                 1.67         30
      1          0               0    103.000    949.400      3.912          24.662                 1.63         40
      1          0               0     99.500   1238.000      6.252          26.824                 1.88         50
      1          0               0     93.400   1386.900     10.017          27.060                 2.23         60
      1          0               0     72.900    202.300      0.363           8.731                 1.15         10
      1          0               0     96.600    601.700      1.103          14.146                 1.42         20
      1          0               0    135.400    842.900      2.674          18.888                  1.6         30
      1          0               0     81.200    839.800      2.710          23.369                 1.73         40
      1          0               0    134.300   1558.100      6.833          25.811                 1.96         50
      1          0               0    117.700   1815.000      8.236          26.914                 2.25         60
      1          0               0     65.800    271.300      0.373           7.307                  1.4         10
      1          0               0     84.000    398.600      0.962          15.436                  1.3         20
      1          0               0    103.200    664.200      4.276          17.018                 1.79         30
      1          0               0     69.300    688.600      3.923          22.276                 1.81         40
      1          0               0    130.000   1531.400     13.114          23.885                  2.1         50
      1          0               0     62.100    871.400      9.047          27.378                  2.2         60
      1          0               0     97.900    262.900      0.551           9.370                 1.07         10
      1          0               0     65.000    310.100      0.727          16.803                  1.2         20
      1          0               0    124.800    447.100      2.158          22.541                 1.34         30
      1          0               0    104.600    776.000      2.905          26.211                 1.53         40
      1          0               0     64.300    914.400      3.211          27.493                 1.83         50
      1          0               0     93.200   1192.600      6.228          28.876                 2.09         60
      1          0               0    113.400    292.500      0.539           9.263                 1.08         10
      1          0               0     79.200    365.200      0.882          13.928                 1.45         20
      1          0               0    111.900    703.800      2.453          19.332                 1.56         30
      1          0               0     97.300    634.400      3.155          23.892                 1.68         40
      1          0               0     83.500    806.600      4.370          24.721                 2.03         50
      1          0               0    112.900   1584.400     10.217          25.585                 2.36         60
      1          0               0    107.800    291.200      0.531           8.649                 1.17         10
      1          0               0     89.900    670.000      1.023          15.831                 1.27         20
      1          0               0     77.600    604.100      1.460          23.660                 1.27         30
      1          0               0     85.100    921.400      2.290          28.353                 1.42         40
      1          0               0    102.000   1038.100      4.074          32.289                 1.56         50
      1          0               0     79.900    942.800      4.772          33.208                 1.82         60
      1          0               0     96.300    263.800      0.450           9.467                 1.06         10
      1          0               0    125.700    696.900      1.398          15.570                 1.29         20
      1          0               0     63.000    655.500      1.553          16.392                 1.85         30
      1          0               0    101.900   1142.900      3.902          19.927                 2.02         40
      1          0               0     94.000   1440.500      8.385          22.067                 2.28         50
      1          0               0     65.000   1403.200      7.872          23.740                 2.54         60
      1          0               0     80.400    375.100      0.393           8.682                 1.16         10
      1          0               0     56.400    385.900      0.674          14.956                 1.35         20
      1          0               0    144.600   1045.700      2.486          21.916                 1.37         30
      1          0               0     68.200    574.900      2.448          24.620                 1.65         40
      1          0               0     79.000    723.500      3.785          26.723                  1.9         50
      1          0               0     59.900    732.200      4.303          29.162                 2.08         60
      1          0               0     57.800    182.200      0.336           7.760                  1.3         10
      1          0               0     64.000    407.400      0.932          14.111                 1.44         20
      1          0               0     96.000    843.700      2.458          17.930                  1.7         30
      1          0               0     81.800   1135.200      3.740          23.028                 1.76         40
      1          0               0     66.800   1232.000      4.430          25.713                 1.95         50
      1          0               0     71.700   1595.300      7.706          27.530                 2.19         60
      1          0               0     89.000    273.200      0.451           7.970                 1.26         10
      1          0               0     98.900    596.100      1.084          16.446                 1.22         20
      1          0               0     70.300    743.500      1.484          21.472                 1.42         30
      1          0               0     90.000    790.300      4.156          22.298                  1.8         40
      1          0               0     70.600    982.500      5.128          25.588                 1.96         50
      1          0               0     53.400    933.000      7.042          25.105                 2.41         60
      1          0               0     31.000    200.600      0.170           7.200                 1.43         10
      1          0               0     60.500    383.000      0.719          14.881                 1.35         20
      1          0               0     95.100    617.100      1.761          21.803                 1.38         30
      1          0               0     88.900    639.000      3.024          23.910                 1.68         40
      1          0               0    125.900    977.300      5.681          26.030                 1.92         50
      1          0               0    110.900   1206.400      9.541          26.531                 2.27         60
      1          0               0     95.100    285.700      0.541           8.794                 1.15         10
      1          0               0    105.000    518.800      1.131          16.492                 1.22         20
      1          0               0     74.100    466.200      1.528          19.849                 1.53         30
      1          0               0     96.100   1044.700      3.188          23.227                 1.75         40
      1          0               0     98.800    860.600      4.530          29.527                  1.7         50
      1          0               0     73.500   1256.500      5.583          32.205                 1.87         60
      1          0               0     68.500    189.900      0.352           8.292                 1.21         10
      1          0               0     70.400    453.300      0.849          14.438                 1.39         20
      1          0               0    125.900    686.700      2.279          23.265                  1.3         30
      1          0               0    105.800    759.900      2.902          29.026                 1.39         40
      1          0               0    124.000    983.300      5.833          29.844                 1.69         50
      1          0               0     92.500    965.800      6.071          30.538                 1.98         60
      1          0               0     90.300    312.800      0.442           8.365                 1.21         10
      1          0               0     65.900    612.200      0.756          15.801                 1.28         20
      1          0               0     67.100    625.400      1.429          20.232                  1.5         30
      1          0               0    103.000   1115.600      3.063          26.865                  1.5         40
      1          0               0    114.800   1231.700      5.644          29.265                 1.72         50
      1          0               0     57.800   1125.400      4.138          30.919                 1.95         60
      1          0               0     61.500    181.100      0.302           9.050                 1.12         10
      1          0               0     83.200    481.000      0.927          16.270                 1.27         20
      1          0               0     75.900    790.300      1.774          18.174                 1.67         30
      1          0               0     80.300    990.600      2.963          23.077                 1.76         40
      1          0               0     85.300   1353.800      6.666          25.975                 1.94         50
      1          0               0     85.900   1631.200     11.681          28.451                 2.12         60
      1          0               0     78.600    296.400      0.442           8.837                 1.15         10
      1          0               0     70.100    478.900      1.031          14.797                 1.38         20
      1          0               0     77.800    682.400      1.760          20.749                 1.45         30
      1          0               0     94.900   1115.200      3.713          24.506                 1.64         40
      1          0               0     73.900    951.000      3.919          27.257                 1.85         50
      1          0               0     70.100   1198.200      6.467          27.937                 2.16         60
      1          0               0     85.400    250.600      0.422           9.116                 1.11         10
      1          0               0    131.200    617.200      1.437          17.032                 1.18         20
      1          0               0    137.600    937.000      2.612          22.160                 1.36         30
      1          0               0    116.700   1125.000      3.377          26.218                 1.53         40
      1          0               0    139.400   1806.500      6.136          30.486                 1.64         50
      1          0               0    101.900   1250.400      7.209          33.645                 1.79         60
      1          0               0    106.100    434.300      0.521           8.921                 1.13         10
      1          0               0    111.100    593.100      1.187          17.617                 1.15         20
      1          0               0     92.400    670.800      1.748          23.356                 1.32         30
      1          0               0     62.500    730.700      2.210          24.011                 1.68         40
      1          0               0     60.800    909.900      6.381          23.556                 2.13         50
      1          0               0     80.700   1300.500     12.966          25.924                 2.33         60
      1          0               0     32.500    151.100      0.189           8.302                 1.22         10
      1          0               0     62.500    377.800      0.906          15.122                 1.33         20
      1          0               0     84.700    599.700      1.611          21.491                  1.4         30
      1          0               0     56.000    581.000      1.737          27.354                 1.47         40
      1          0               0     51.700    659.800      2.324          30.956                 1.62         50
      1          0               0     69.600    727.200      4.329          33.659                 1.79         60
      1          0               0     58.700    201.600      0.306           9.136                  1.1         10
      1          0               0     87.600    545.600      0.996          15.233                 1.32         20
      1          0               0     91.100    799.500      1.808          20.079                  1.5         30
      1          0               0     80.900    887.700      2.650          23.502                 1.71         40
      1          0               0     84.800   1098.000      4.449          28.237                 1.79         50
      1          0               0    134.300   1999.100      9.070          30.427                 1.98         60
      1          0               0     48.600    214.400      0.243           8.944                 1.13         10
      1          0               0     89.000    483.700      0.970          17.603                 1.15         20
      1          0               0     54.500    455.900      1.021          23.365                  1.3         30
      1          0               0     82.700    736.500      3.389          25.122                  1.6         40
      1          0               0     94.500   1268.400      5.178          28.460                 1.76         50
      1          0               0     78.700   1119.900      6.396          31.441                 1.92         60
      1          0               0    100.300    332.900      0.525           8.128                 1.25         10
      1          0               0    106.100    731.500      1.222          15.707                 1.29         20
      1          0               0    154.800    735.800      3.447          18.439                 1.63         30
      1          0               0    108.400    999.900      4.537          22.188                 1.82         40
      1          0               0     88.100   1173.000      5.601          24.186                  2.1         50
      1          0               0     85.400   1172.600      8.139          25.102                 2.41         60
      1          0               0     29.400    109.900      0.151           8.231                 1.22         10
      1          0               0     87.600    448.700      1.073          15.534                 1.31         20
      1          0               0     57.500    568.700      1.228          20.779                 1.46         30
      1          0               0     81.700    953.200      4.128          21.780                 1.85         40
      1          0               0     80.400   1054.200      7.053          25.085                 2.01         50
      1          0               0     65.100    946.700      6.601          29.301                 2.06         60
      1          0               0     94.300    283.300      0.469           8.872                 1.13         10
      1          0               0     94.100    549.100      1.047          15.112                 1.33         20
      1          0               0     94.300    941.400      2.140          19.387                 1.56         30
      1          0               0     53.200    687.600      1.646          26.865                 1.49         40
      1          0               0    105.400   1129.600      4.858          32.500                 1.55         50
      1          0               0    109.100   1407.400      7.135          34.908                 1.74         60
      1          0               0     64.000    190.000      0.323           8.378                 1.21         10
      1          0               0     69.100    443.600      0.828          14.460                 1.39         20
      1          0               0     80.000    681.100      1.539          21.942                 1.37         30
      1          0               0     82.000    815.000      2.831          25.021                 1.61         40
      1          0               0     91.200   1209.200      5.539          25.476                 1.97         50
      1          0               0     58.600   1317.100      5.836          26.747                 2.25         60
      1          0               0     93.900    232.300      0.478           9.421                 1.07         10
      1          0               0    106.100    474.400      1.294          14.254                 1.41         20
      1          0               0     79.100    778.500      1.643          21.338                 1.41         30
      1          0               0     67.900    731.700      2.118          24.716                 1.62         40
      1          0               0     67.800    822.400      4.073          25.786                 1.95         50
      1          0               0     87.900   1135.900      6.693          29.317                 2.06         60
      1          0               0    104.700    304.700      0.546           8.564                 1.18         10
      1          0               0     54.300    350.700      0.692          16.182                 1.25         20
      1          0               0    106.000    865.600      1.948          22.842                 1.32         30
      1          0               0    109.200   1288.800      3.589          25.308                 1.59         40
      1          0               0    107.300   1677.600      5.622          28.752                 1.75         50
      1          0               0    117.200   1269.200     10.799          27.595                 2.18         60
      1          0               0     61.200    342.800      0.333           8.057                 1.26         10
      1          0               0    109.600    703.200      1.309          14.750                 1.37         20
      1          0               0     93.800   1018.700      2.385          18.101                 1.67         30
      1          0               0     98.800   1175.000      3.731          23.912                 1.68         40
      1          0               0    115.900   1320.400      6.163          27.293                 1.84         50
      1          0               0     87.100   1110.700      8.887          29.976                 2.01         60
      1          0               0     89.000    311.300      0.425           8.779                 1.14         10
      1          0               0     58.900    520.800      0.704          14.859                 1.36         20
      1          0               0     72.700    709.200      1.740          18.206                 1.67         30
      1          0               0     88.500   1148.300      3.310          22.027                 1.83         40
      1          0               0     56.100   1068.100      5.772          22.296                 2.27         50
      1          0               0     64.000   1358.600      9.773          25.417                 2.37         60
      1          0               0     57.400    251.000      0.280           8.916                 1.13         10
      1          0               0     89.900    493.100      1.103          12.834                 1.57         20
      1          0               0     78.900    632.900      1.772          17.660                 1.71         30
      1          0               0     91.600   1241.300      3.239          21.257                  1.9         40
      1          0               0     74.300   1179.000      5.145          24.533                 2.05         50
      1          0               0     89.500   1691.200     10.731          25.061                 2.41         60
      1          0               0    114.700    240.700      0.546           9.432                 1.07         10
      1          0               0    106.300    608.300      1.642          11.675                 1.74         20
      1          0               0    116.700    929.100      3.192          17.907                 1.69         30
      1          0               0    152.100   1171.300      6.323          21.108                  1.9         40
      1          0               0     98.600   1308.300      7.648          22.301                 2.26         50
      1          0               0     91.800   1304.300     11.922          23.626                 2.56         60
      1          0               0     92.600    304.800      0.444           8.341                 1.21         10
      1          0               0     56.700    328.100      0.713          13.598                 1.48         20
      1          0               0     89.900    778.300      1.694          20.438                 1.47         30
      1          0               0    102.800    729.000      3.884          22.341                  1.8         40
      1          0               0     83.100   1059.900      5.004          26.711                 1.88         50
      1          0               0     69.700    940.400      9.554          28.858                 2.09         60
      1          0               0     93.500    155.800      0.451           8.881                 1.13         10
      1          0               0     86.600    508.200      0.911          16.202                 1.24         20
      1          0               0    126.200    886.800      2.140          22.380                 1.35         30
      1          0               0    107.400    782.500      3.901          23.215                 1.73         40
      1          0               0     69.700    826.000      4.303          25.549                 1.97         50
      1          0               0    117.600   1832.200      9.792          28.240                 2.13         60
      1          0               0     85.800    302.900      0.468           7.230                  1.4         10
      1          0               0     99.200    724.300      1.222          14.595                 1.39         20
      1          0               0    140.700   1097.900      3.173          19.989                 1.51         30
      1          0               0     78.900   1230.600      3.233          23.650                  1.7         40
      1          0               0     91.900   1125.100      5.664          25.781                 1.95         50
      1          0               0    109.200   1266.100     10.511          28.706                  2.1         60
      1          0               0     56.800    181.800      0.286           8.262                 1.22         10
      1          0               0     43.700    266.800      0.503          14.801                 1.36         20
      1          0               0     54.200    381.300      1.521          17.792                 1.69         30
      1          0               0    152.300   1159.200      5.986          21.475                 1.87         40
      1          0               0    101.700   1363.700      5.400          27.595                 1.82         50
      1          0               0    135.100   1772.800     11.411          25.863                 2.33         60
      1          0               0    100.500    299.400      0.473           9.351                 1.08         10
      1          0               0    120.800    445.600      1.353          14.322                  1.4         20
      1          0               0     67.700    452.000      1.436          20.708                 1.46         30
      1          0               0    103.000    687.300      3.548          26.590                 1.51         40
      1          0               0     89.800    832.200      4.595          28.886                 1.74         50
      1          0               0     80.000    861.400      5.823          29.569                 2.04         60
      1          0               0     42.800    190.300      0.209           8.736                 1.15         10
      1          0               0     59.600    387.700      0.633          17.034                 1.18         20
      1          0               0    110.600    690.800      1.935          21.994                 1.37         30
      1          0               0     77.200   1023.700      2.145          27.560                 1.46         40
      1          0               0     77.900    867.200      3.580          30.596                 1.64         50
      1          0               0     70.700    840.000      6.237          29.846                 2.02         60
      1          0               0     97.800    423.300      0.502           7.485                 1.35         10
      1          0               0    132.900    523.100      1.450          15.375                  1.3         20
      1          0               0    114.900    624.200      2.079          21.631                 1.39         30
      1          0               0    130.700    598.100      4.041          25.422                 1.58         40
      1          0               0    125.500   1396.000      6.727          28.534                 1.76         50
      1          0               0    107.800   1462.300      9.764          26.457                 2.28         60
      1          0               0    122.200    369.200      0.591           8.660                 1.16         10
      1          0               0     48.000    360.500      0.541          14.723                 1.36         20
      1          0               0     96.000    635.500      1.784          19.200                 1.57         30
      1          0               0     76.400    791.500      2.505          23.628                  1.7         40
      1          0               0     94.800   1346.300      4.890          28.801                 1.75         50
      1          0               0    104.000   1447.800      7.387          29.804                 2.02         60
      1          0               0     81.100    257.100      0.369           9.382                 1.07         10
      1          0               0    137.700    485.800      1.468          15.105                 1.33         20
      1          0               0     77.000    521.400      1.659          18.575                 1.64         30
      1          0               0     97.600    793.700      3.494          22.355                 1.81         40
      1          0               0     74.800   1176.300      5.501          24.656                 2.05         50
      1          0               0    104.200   1202.600     10.221          25.810                 2.34         60
      1          0               0     56.600    239.200      0.296           8.329                 1.21         10
      1          0               0     71.600    621.900      0.896          14.145                 1.43         20
      1          0               0    142.800    969.500      2.369          23.083                 1.31         30
      1          0               0    108.900   1135.400      3.167          27.138                 1.49         40
      1          0               0    138.400   1581.900      5.661          29.033                 1.73         50
      1          0               0    127.800   2201.500      8.827          29.631                 2.04         60
      1          0               0     50.100    202.500      0.243           9.248                 1.09         10
      1          0               0     46.500    295.600      0.543          14.877                 1.36         20
      1          0               0    128.500    668.300      2.482          19.518                 1.55         30
      1          0               0    103.400   1003.500      3.499          21.767                 1.85         40
      1          0               0     87.300   1112.300      4.990          23.984                 2.09         50
      1          0               0     94.200   1305.000      6.983          28.856                 2.09         60
      1          0               0     72.000    297.900      0.376           7.521                 1.34         10
      1          0               0     78.600    546.800      0.944          14.445                 1.39         20
      1          0               0     72.600    673.200      1.478          19.006                 1.59         30
      1          0               0    125.700   1395.500      4.404          21.815                 1.84         40
      1          0               0     87.400   1090.700      4.398          26.709                 1.88         50
      1          0               0     73.000   1012.400      5.739          27.729                 2.17         60
      1          0               0     60.000    252.100      0.335           7.513                 1.36         10
      1          0               0     76.800    461.100      0.922          15.111                 1.34         20
      1          0               0     87.800    675.300      1.821          19.510                 1.54         30
      1          0               0     73.600    778.100      2.609          24.694                 1.63         40
      1          0               0     97.500   1117.100      4.974          27.649                 1.81         50
      1          0               0     92.700   1121.800     12.764          24.615                 2.45         60
      1          0               0     59.200    214.900      0.288           8.909                 1.13         10
      1          0               0     97.100    552.300      1.064          15.582                 1.29         20
      1          0               0     97.500    815.900      1.907          22.543                 1.35         30
      1          0               0    119.800   1323.200      3.563          26.479                 1.52         40
      1          0               0    109.400   1524.600      5.895          29.517                 1.71         50
      1          0               0     98.500   1860.500      8.278          28.374                 2.13         60
      1          0               0     76.200    249.500      0.367           9.211                  1.1         10
      1          0               0     81.700    698.500      0.956          15.092                 1.34         20
      1          0               0     76.500    828.000      1.489          21.838                 1.39         30
      1          0               0    111.700    909.800      2.993          27.663                 1.45         40
      1          0               0    109.900   1355.900      5.133          29.432                  1.7         50
      1          0               0     84.900   1197.900      9.176          28.984                 2.08         60
      1          0               0     95.300    234.600      0.445           9.182                  1.1         10
      1          0               0     87.600    572.300      0.979          15.880                 1.27         20
      1          0               0     92.100   1195.400      1.906          20.529                 1.47         30
      1          0               0    111.100   1123.000      3.747          25.427                 1.59         40
      1          0               0    121.000   1357.400      6.500          27.550                 1.82         50
      1          0               0     89.300   1508.900      9.266          26.742                 2.25         60
      1          0               0     50.100    240.700      0.268           7.637                 1.35         10
      1          0               0    104.600    518.200      1.283          15.908                 1.27         20
      1          0               0    101.200    617.400      2.074          22.762                 1.32         30
      1          0               0     67.200    621.800      2.264          26.388                 1.52         40
      1          0               0     90.000   1197.200      4.953          28.164                 1.78         50
      1          0               0     61.600    970.600      5.211          28.094                 2.15         60
      1          0               0     44.600    167.000      0.258           6.930                 1.48         10
      1          0               0     50.600    291.200      0.646          12.834                 1.57         20
      1          0               0     38.500    344.500      1.056          16.234                 1.87         30
      1          0               0     53.900    545.600      2.010          22.286                  1.8         40
      1          0               0     69.300    798.200      4.237          23.450                 2.14         50
      1          0               0     90.800    911.100      9.290          25.424                 2.37         60
      1          0               0     90.300    247.800      0.472           7.305                 1.39         10
      1          0               0    142.400    898.700      1.729          14.545                 1.38         20
      1          0               0    143.800   1162.400      2.942          20.263                 1.49         30
      1          0               0    123.700   1353.600      3.575          26.139                 1.54         40
      1          0               0     95.100   1252.400      4.576          27.877                  1.8         50
      1          0               0    117.800   1706.900      9.372          26.445                 2.28         60
      1          0               0     77.400    336.800      0.371           8.870                 1.14         10
      1          0               0     67.500    503.200      0.839          14.474                 1.41         20
      1          0               0    113.600   1100.900      2.792          19.186                 1.57         30
      1          0               0     70.300    906.000      5.051          20.326                 1.98         40
      1          0               0     92.200   1108.500      9.829          24.691                 2.03         50
      1          0               0     71.500   1047.000     18.504          26.214                  2.3         60
      1          0               0     70.500    319.600      0.356           8.373                 1.21         10
      1          0               0     85.800    614.400      1.006          16.000                 1.26         20
      1          0               0     74.500    778.600      2.214          17.105                 1.78         30
      1          0               0     44.400    662.200      1.808          23.536                 1.71         40
      1          0               0     86.300   1162.000      5.258          26.591                  1.9         50
      1          0               0     96.400   1704.800     11.428          24.255                  2.5         60
      1          0               0     59.300    243.000      0.293           8.740                 1.15         10
      1          0               0     71.400    558.900      0.809          15.297                 1.32         20
      1          0               0    109.900    741.700      2.157          21.038                 1.44         30
      1          0               0    104.900    969.000      3.286          27.733                 1.46         40
      1          0               0     91.000   1045.700      4.941          28.087                 1.79         50
      1          0               0     69.900   1045.200      5.572          28.637                 2.11         60
      1          0               0     56.700    222.400      0.272           9.055                 1.11         10
      1          0               0     87.900    492.800      0.957          15.374                 1.31         20
      1          0               0     75.400    632.800      1.401          21.675                 1.39         30
      1          0               0     92.400    876.800      4.112          23.106                 1.73         40
      1          0               0     74.700    996.800      5.944          25.365                 1.98         50
      1          0               0     93.100   1307.800     11.517          24.085                  2.5         60
      1          0               0     83.800    362.000      0.431           8.329                 1.21         10
      1          0               0     73.400    397.100      0.800          15.162                 1.33         20
      1          0               0     96.600    906.200      1.801          21.425                 1.42         30
      1          0               0     98.300    954.800      3.169          23.094                 1.75         40
      1          0               0     65.200   1071.100      3.658          26.532                 1.89         50
      1          0               0     83.200   1663.600     10.853          23.858                 2.52         60
      1          0               0     89.000    199.800      0.440           8.539                 1.19         10
      1          0               0     70.600    473.700      0.831          15.690                 1.28         20
      1          0               0     77.400    651.600      1.501          20.252                 1.49         30
      1          0               0     67.100    840.300      2.289          23.861                 1.68         40
      1          0               0    116.900   1053.800      6.155          24.739                 2.03         50
      1          0               0    118.300   1307.300      9.955          27.427                 2.19         60
      1          0               0    133.300    418.900      0.688           8.053                 1.25         10
      1          0               0    113.200    580.400      1.405          14.353                  1.4         20
      1          0               0     86.100    644.800      2.094          18.991                 1.59         30
      1          0               0    111.100   1022.100      3.965          23.523                 1.71         40
      1          0               0    113.100   1272.500      5.607          25.988                 1.93         50
      1          0               0    115.900   1474.700      7.590          27.944                 2.15         60
      1          0               0     43.800    163.300      0.211           9.313                 1.08         10
      1          0               0     46.700    348.600      0.548          16.773                 1.21         20
      1          0               0    117.500    937.600      2.266          20.909                 1.44         30
      1          0               0    120.000   1000.700      4.452          23.866                 1.69         40
      1          0               0    142.900   1436.700      7.142          26.227                 1.91         50
      1          0               0     82.500   1160.900      7.489          28.096                 2.14         60
      1          0               0     91.700    285.600      0.482           7.945                 1.27         10
      1          0               0    132.200    559.700      1.785          13.671                 1.47         20
      1          0               0    135.500    949.200      2.785          19.965                 1.51         30
      1          0               0    101.600   1249.300      3.741          22.719                 1.76         40
      1          0               0     79.700    692.700      4.301          27.105                 1.85         50
      1          0               0     88.600   1364.500      6.857          30.407                 1.99         60
      1          0               0    111.000    448.400      0.547           8.988                 1.12         10
      1          0               0     87.300    455.200      1.016          16.054                 1.25         20
      1          0               0     60.100    550.500      1.188          23.130                  1.3         30
      1          0               0     73.800    822.200      2.489          25.050                  1.6         40
      1          0               0     59.200    879.100      3.594          26.416                  1.9         50
      1          0               0     67.400   1140.500      5.662          27.217                 2.21         60
      1          0               0     44.300    211.000      0.262           7.632                 1.34         10
      1          0               0     78.700    601.200      1.079          13.349                 1.52         20
      1          0               0     96.700    661.100      2.449          18.369                 1.64         30
      1          0               0     67.300    791.000      2.548          24.330                 1.65         40
      1          0               0     81.100    993.300      4.072          28.027                 1.79         50
      1          0               0     49.400    729.100      4.632          26.032                 2.31         60
      1          0               0     98.600    353.700      0.530           8.056                 1.25         10
      1          0               0     75.300    390.300      0.982          14.572                 1.39         20
      1          0               0     79.200    613.500      1.845          17.931                 1.69         30
      1          0               0     98.800   1149.300      3.837          23.327                 1.73         40
      1          0               0     88.600   1231.800      5.844          24.058                 2.09         50
      1          0               0     82.800   1161.300      9.268          25.300                 2.38         60
      1          0               0     50.700    177.400      0.258           8.361                 1.21         10
      1          0               0     75.600    435.300      0.899          13.542                 1.48         20
      1          0               0     93.600    529.100      1.736          19.880                 1.51         30
      1          0               0     87.700    922.000      3.770          20.222                 1.99         40
      1          0               0     86.300    648.300      7.740          24.846                 2.02         50
      1          0               0     51.300    696.600      7.228          25.930                 2.32         60
      1          0               0     57.600    241.800      0.279           8.983                 1.13         10
      1          0               0     97.800    557.600      1.100          15.868                 1.27         20
      1          0               0    120.900    982.300      2.723          19.524                 1.54         30
      1          0               0    100.900   1007.900      5.619          21.764                 1.86         40
      1          0               0    111.300   1309.000     11.529          24.275                 2.09         50
      1          0               0     83.500   1272.400     12.638          25.509                 2.39         60
      1          0               0     77.900    262.000      0.458           7.060                 1.44         10
      1          0               0     80.700    588.800      0.967          14.611                 1.38         20
      1          0               0     89.900    540.400      1.797          19.663                 1.53         30
      1          0               0    137.300    916.700      4.074          25.394                 1.58         40
      1          0               0    128.300   1050.000     11.108          27.528                 1.83         50
      1          0               0    105.100   1021.400     12.485          29.185                 2.07         60
      1          0               0     46.600    191.700      0.226           8.843                 1.14         10
      1          0               0    117.700    481.000      1.235          16.623                 1.21         20
      1          0               0     79.000    539.400      1.516          21.587                 1.39         30
      1          0               0     59.300    724.600      2.065          23.258                 1.73         40
      1          0               0    103.000    968.500      5.843          25.438                 1.98         50
      1          0               0     81.400   1114.200      6.965          26.152                  2.3         60
      1          0               0     56.400    271.700      0.285           8.152                 1.24         10
      1          0               0    115.500    512.700      1.324          14.303                 1.41         20
      1          0               0     85.900    862.500      1.681          21.608                  1.4         30
      1          0               0     56.700    837.400      2.343          21.148                  1.9         40
      1          0               0     65.500   1288.700      6.865          21.111                  2.4         50
      1          0               0     73.700   1426.000     13.286          24.541                 2.46         60
      1          0               0     94.300    362.200      0.453           8.847                 1.13         10
      1          0               0    101.800    803.700      1.297          14.536                 1.39         20
      1          0               0     68.500    905.200      1.747          18.721                 1.62         30
      1          0               0    102.800   1455.100      5.557          21.619                 1.87         40
      1          0               0     76.600   1213.800      5.945          22.982                 2.19         50
      1          0               0     87.500   1428.300     10.657          25.677                 2.35         60
      1          0               0     43.000    164.400      0.246           9.049                 1.12         10
      1          0               0     65.200    337.300      0.749          17.394                 1.17         20
      1          0               0    127.000    740.100      2.297          24.715                 1.22         30
      1          0               0    114.200    726.800      3.497          29.502                 1.37         40
      1          0               0     79.400    846.000      3.936          32.781                 1.54         50
      1          0               0    106.900   1097.300      7.956          33.965                 1.78         60
      1          0               0     92.300    311.800      0.486           8.225                 1.23         10
      1          0               0    109.700    829.100      1.197          17.294                 1.16         20
      1          0               0    141.600    990.600      2.641          22.258                 1.36         30
      1          0               0     96.400    761.800      3.072          26.648                 1.51         40
      1          0               0    112.200    979.700      5.131          29.189                 1.72         50
      1          0               0     95.300   1173.700      6.540          30.190                  2.0         60
      1          0               0     87.400    481.200      0.455           7.810                 1.29         10
      1          0               0     61.600    512.100      0.881          13.313                 1.52         20
      1          0               0     89.600    883.600      1.884          19.695                 1.53         30
      1          0               0     95.000   1140.800      4.402          22.744                 1.77         40
      1          0               0    118.700   1645.100      5.827          27.745                 1.81         50
      1          0               0    109.600   1599.800      8.079          29.410                 2.05         60
      1          0               0     60.900    177.600      0.319           8.028                 1.26         10
      1          0               0    112.300    720.600      1.304          14.851                 1.35         20
      1          0               0     58.000    464.800      1.086          20.433                 1.47         30
      1          0               0     45.300    544.200      1.381          26.179                 1.56         40
      1          0               0     73.100    743.100      3.297          30.502                 1.65         50
      1          0               0    118.200   1388.200      6.885          32.495                 1.86         60
      1          0               0     90.600    303.900      0.455           8.355                 1.21         10
      1          0               0     91.100    651.200      0.988          16.147                 1.25         20
      1          0               0    109.200   1195.200      1.849          23.122                  1.3         30
      1          0               0    100.000   1142.900      3.498          23.003                 1.76         40
      1          0               0    115.500   1056.000      5.681          27.719                 1.81         50
      1          0               0    137.100   1527.300     10.167          29.508                 2.04         60
      1          0               0     72.400    252.900      0.358           8.688                 1.17         10
      1          0               0     96.100    409.000      0.991          17.171                 1.18         20
      1          0               0    121.300    738.100      2.095          24.261                 1.24         30
      1          0               0     79.800    643.600      2.615          26.959                  1.5         40
      1          0               0     93.800   1230.300      5.451          26.513                  1.9         50
      1          0               0    101.400   1296.100      8.819          29.748                 2.04         60
      1          0               0     71.900    304.500      0.400           6.232                 1.64         10
      1          0               0     72.800    462.400      0.932          13.462                  1.5         20
      1          0               0     63.100    560.000      1.398          18.238                 1.66         30
      1          0               0     74.000    819.600      3.793          17.947                 2.26         40
      1          0               0     74.100    792.400     10.012          20.551                 2.46         50
      1          0               0     60.300    801.800      8.742          22.842                 2.65         60
      1          0               0     34.200    129.400      0.186           8.117                 1.25         10
      1          0               0    133.000    695.200      1.806          14.908                 1.35         20
      1          0               0    101.200    586.500      2.003          21.571                  1.4         30
      1          0               0     62.200    691.700      2.573          22.842                 1.76         40
      1          0               0     55.300    816.900      3.805          24.671                 2.03         50
      1          0               0     60.100    833.400      5.995          24.832                 2.43         60
      1          0               0     60.700    221.900      0.299           8.824                 1.14         10
      1          0               0    127.600    328.700      1.267          17.931                 1.12         20
      1          0               0    145.200    797.700      2.467          23.661                 1.28         30
      1          0               0    165.800    790.600      4.712          28.039                 1.43         40
      1          0               0    127.000   1053.500      5.405          31.692                 1.59         50
      1          0               0    112.700   1061.300      9.954          34.830                 1.74         60
      1          0               0     95.200    369.600      0.468           9.184                  1.1         10
      1          0               0    118.600    936.600      1.507          14.751                 1.36         20
      1          0               0     71.000    669.000      1.713          19.555                 1.54         30
      1          0               0    110.400   1173.000      3.662          27.399                 1.47         40
      1          0               0     67.600   1158.700      4.500          27.691                 1.82         50
      1          0               0    103.200   1760.000     10.056          31.466                 1.92         60
      1          0               0     96.700    367.700      0.504           8.571                 1.19         10
      1          0               0    100.600    563.500      1.134          15.813                 1.27         20
      1          0               0    124.800    859.200      2.165          22.499                 1.34         30
      1          0               0    115.100    917.200      3.042          27.044                 1.48         40
      1          0               0    126.400   1846.900      5.519          27.859                  1.8         50
      1          0               0    112.600   1598.700      6.896          31.425                 1.91         60
      1          0               0     86.100    405.100      0.454           8.138                 1.24         10
      1          0               0     88.300    420.800      0.970          15.725                 1.28         20
      1          0               0     96.300    932.600      1.990          20.210                 1.49         30
      1          0               0     88.500   1103.700      2.777          25.371                 1.58         40
      1          0               0     92.200   1218.900      6.451          25.790                 1.95         50
      1          0               0     84.900   1190.500     10.648          26.843                 2.25         60
      1          0               0    116.900    343.600      0.577           8.907                 1.15         10
      1          0               0     91.800    803.200      1.354          12.819                 1.58         20
      1          0               0    111.800   1408.000      2.519          21.150                 1.43         30
      1          0               0    134.900   1601.800      5.221          24.552                 1.64         40
      1          0               0    107.300   1569.100      9.444          24.692                 2.04         50
      1          0               0     71.700   1670.600     14.255          26.895                 2.24         60
      1          0               0     68.300    223.300      0.325           9.457                 1.07         10
      1          0               0     99.000    433.000      1.184          15.893                 1.27         20
      1          0               0    114.600    662.200      2.234          21.650                 1.39         30
      1          0               0     91.600   1085.300      2.980          25.616                 1.58         40
      1          0               0    112.200   1386.500      6.793          25.881                 1.94         50
      1          0               0     69.800    996.300      8.854          24.915                 2.43         60
      1          0               0    128.200    470.300      0.615           9.099                 1.11         10
      1          0               0     68.200    323.900      0.785          16.403                 1.23         20
      1          0               0    125.500    670.900      2.823          22.000                 1.37         30
      1          0               0    103.500    994.500      4.499          25.000                 1.61         40
      1          0               0     74.400    836.200      5.566          24.579                 2.05         50
      1          0               0     86.900   1725.300     14.289          24.837                 2.43         60
      1          0               0    109.900    395.400      0.532           9.214                  1.1         10
      1          0               0    103.400    600.700      1.126          15.753                 1.28         20
      1          0               0     56.900    528.200      1.196          20.794                 1.45         30
      1          0               0     63.300    738.500      2.391          25.028                  1.6         40
      1          0               0     76.000    864.900      4.521          25.592                 1.97         50
      1          0               0     39.200    625.500      3.967          28.474                 2.12         60
      1          0               0    106.100    249.100      0.732           7.287                 1.39         10
      1          0               0     81.600    553.900      1.095          13.001                 1.56         20
      1          0               0     86.100    686.400      2.000          19.153                 1.58         30
      1          0               0     75.300    826.000      2.647          24.070                 1.67         40
      1          0               0     74.100   1146.500      4.725          26.738                 1.88         50
      1          0               0    115.200   1611.800     11.475          27.285                 2.21         60
      1          0               0     93.300    281.800      0.517           7.909                 1.27         10
      1          0               0     56.000    405.900      0.761          15.007                 1.34         20
      1          0               0     85.000    732.800      2.242          18.909                  1.6         30
      1          0               0    101.700   1136.000      4.595          22.719                 1.76         40
      1          0               0     97.600   1331.200      7.682          23.835                 2.11         50
      1          0               0    105.700   1618.000     12.347          28.731                 2.09         60
      1          0               0     93.800    386.100      0.532           8.707                 1.18         10
      1          0               0     85.900    523.100      1.064          14.703                 1.37         20
      1          0               0    169.200    996.700      3.348          19.135                 1.57         30
      1          0               0     73.000    854.100      2.710          22.495                 1.79         40
      1          0               0    130.100   1328.200      7.301          24.681                 2.04         50
      1          0               0     88.800   1134.500      7.286          25.757                 2.34         60
      1          0               0    114.100    378.500      0.606           8.813                 1.14         10
      1          0               0    107.900    659.000      1.310          16.001                 1.26         20
      1          0               0     43.400    344.500      1.132          17.804                  1.7         30
      1          0               0    115.500    812.100      4.003          21.885                 1.84         40
      1          0               0     67.600   1161.000      4.746          24.129                 2.08         50
      1          0               0     80.100   1380.200      8.766          27.504                 2.21         60
      1          0               0     67.600    191.900      0.339           8.595                 1.17         10
      1          0               0     74.600    412.900      0.833          16.796                  1.2         20
      1          0               0     76.300    366.800      1.302          23.353                 1.29         30
      1          0               0    138.900    723.400      4.194          27.587                 1.46         40
      1          0               0    102.200    896.500      9.280          28.407                 1.77         50
      1          0               0    101.600    915.800     11.735          32.153                 1.88         60
      1          0               0     91.400    237.500      0.567           7.546                 1.34         10
      1          0               0    121.600    622.500      1.598          14.215                 1.41         20
      1          0               0    124.000    787.200      2.569          21.698                  1.4         30
      1          0               0    117.500   1126.100      4.970          23.817                 1.69         40
      1          0               0    129.800   1273.400      9.960          24.379                 2.06         50
      1          0               0     98.000   1397.700     11.310          25.901                 2.33         60
      1          0               0     48.100    253.900      0.307           8.044                 1.27         10
      1          0               0     92.300    497.600      1.069          16.170                 1.26         20
      1          0               0     85.700    718.100      2.111          20.531                 1.48         30
      1          0               0     74.500    713.000      3.401          22.562                 1.78         40
      1          0               0     83.700    864.200      5.584          24.358                 2.06         50
      1          0               0     81.700   1236.000     10.284          25.804                 2.35         60
      1          0               0     64.400    250.500      0.350           7.840                 1.32         10
      1          0               0     90.000    515.400      1.190          14.841                 1.35         20
      1          0               0    111.200   1012.000      2.724          18.805                  1.6         30
      1          0               0     67.200    783.600      2.662          23.104                 1.74         40
      1          0               0     74.500    729.400      4.468          25.732                 1.95         50
      1          0               0     78.200   1145.100      6.925          24.808                 2.43         60
      1          0               0     41.900    204.400      0.222           8.542                 1.18         10
      1          0               0     75.300    465.900      0.872          15.891                 1.26         20
      1          0               0     85.400    647.700      1.828          20.547                 1.47         30
      1          0               0     97.700   1252.700      3.242          23.936                 1.68         40
      1          0               0     95.800   1425.100      4.477          27.180                 1.85         50
      1          0               0     73.000   1199.200      7.701          29.418                 2.06         60
      1          0               0     75.100    327.100      0.387           8.069                 1.26         10
      1          0               0    122.000    520.800      1.453          14.175                 1.42         20
      1          0               0     72.800    516.500      1.830          18.794                 1.61         30
      1          0               0     89.000    790.400      3.233          22.897                 1.76         40
      1          0               0     90.200    911.800      4.307          27.262                 1.85         50
      1          0               0     52.500    829.900      5.361          25.352                 2.38         60
      1          0               0     54.200    199.400      0.270           8.821                 1.14         10
      1          0               0     68.000    388.900      0.751          15.616                 1.29         20
      1          0               0    113.500    668.900      2.479          19.656                 1.53         30
      1          0               0    134.300   1213.600      4.722          24.141                 1.66         40
      1          0               0    136.700   1412.700      6.270          27.247                 1.84         50
      1          0               0     96.600   1587.700      7.650          27.693                 2.18         60
      1          0               0     67.100    241.700      0.351           7.431                 1.38         10
      1          0               0     80.200    324.300      0.954          14.294                 1.41         20
      1          0               0     76.500    596.300      1.550          21.441                 1.41         30
      1          0               0     74.500    758.000      2.620          24.581                 1.64         40
      1          0               0     68.900    913.600      3.861          30.395                 1.65         50
      1          0               0     58.200   1037.400      5.298          31.234                 1.93         60
      1          0               0     59.800    267.400      0.325           8.684                 1.17         10
      1          0               0    117.500    603.100      1.388          15.365                 1.31         20
      1          0               0     90.300    676.200      1.756          20.894                 1.44         30
      1          0               0     67.700    893.300      3.195          21.679                 1.86         40
      1          0               0     74.000   1136.300      4.964          24.797                 2.03         50
      1          0               0     83.100   1344.200      6.824          27.380                  2.2         60
      1          0               0     90.200    306.100      0.522           8.379                 1.21         10
      1          0               0     53.300    439.400      0.658          15.118                 1.33         20
      1          0               0    110.100    735.800      2.481          18.979                 1.59         30
      1          0               0     82.700   1009.900      3.003          22.943                 1.75         40
      1          0               0    111.900   1654.500      5.578          28.137                 1.81         50
      1          0               0    149.500   2147.900     11.874          29.821                 2.03         60
      1          0               0     89.600    370.300      0.449           9.397                 1.07         10
      1          0               0     44.200    355.300      0.587          15.077                 1.35         20
      1          0               0     38.700    528.800      1.094          16.770                 1.81         30
      1          0               0     65.700    863.500      2.563          21.123                 1.91         40
      1          0               0     68.900   1042.600      4.555          24.015                 2.12         50
      1          0               0    103.700   1104.300     10.496          27.828                 2.18         60
      1          0               0     37.900    176.600      0.222           8.029                 1.28         10
      1          0               0    131.400    711.300      1.821          13.568                 1.49         20
      1          0               0     97.700    789.900      2.222          20.100                  1.5         30
      1          0               0    124.400    969.000      4.298          26.578                 1.51         40
      1          0               0    128.600   1176.400      8.144          27.974                  1.8         50
      1          0               0     75.100    860.500     11.276          29.455                 2.05         60
      1          0               0     85.600    256.300      0.414           8.777                 1.15         10
      1          0               0     87.800    602.300      0.962          16.556                 1.21         20
      1          0               0     97.000    895.500      1.966          20.420                 1.48         30
      1          0               0    131.700    938.000      4.253          22.221                 1.81         40
      1          0               0     73.500    691.300      3.841          25.784                 1.95         50
      1          0               0     90.500   1163.900     10.336          23.552                 2.57         60
      1          0               0     99.400    363.700      0.514           9.031                 1.13         10
      1          0               0     80.100    386.900      0.927          16.194                 1.24         20
      1          0               0    116.400    886.500      2.780          19.266                 1.56         30
      1          0               0    108.600   1005.400      4.200          24.876                 1.61         40
      1          0               0     87.000   1311.500      5.084          26.151                 1.92         50
      1          0               0     84.200   1254.600      7.631          27.372                  2.2         60
      1          0               0    114.400    404.200      0.553           9.090                 1.11         10
      1          0               0     96.600    598.100      1.035          17.614                 1.15         20
      1          0               0     69.800    767.800      1.691          20.660                 1.46         30
      1          0               0    104.900   1151.700      4.534          26.987                 1.49         40
      1          0               0     66.700   1161.800      3.939          29.229                 1.73         50
      1          0               0     87.000   1354.900      7.966          33.561                 1.81         60
      1          0               0    104.700    240.100      0.517           8.494                 1.19         10
      1          0               0     50.800    324.300      0.646          14.315                 1.42         20
      1          0               0     85.800    463.400      1.882          20.416                 1.47         30
      1          0               0    103.300    939.200      3.098          26.165                 1.54         40
      1          0               0    119.700   1469.900      7.662          26.651                 1.89         50
      1          0               0     81.300   1128.200      6.715          28.451                 2.12         60
      1          0               0     70.100    244.000      0.335           9.314                 1.08         10
      1          0               0    100.600    605.300      1.171          15.766                 1.27         20
      1          0               0     97.800    707.300      2.081          22.233                 1.36         30
      1          0               0     87.300    817.200      3.321          23.088                 1.74         40
      1          0               0     53.100    889.900      3.260          26.256                 1.91         50
      1          0               0     86.700   1630.900      9.538          26.161                 2.31         60
      1          0               0     56.200    288.600      0.325           8.541                 1.18         10
      1          0               0     87.300    511.500      1.127          14.428                  1.4         20
      1          0               0    141.800    780.300      3.386          17.614                 1.71         30
      1          0               0     75.300    806.000      3.474          22.671                 1.78         40
      1          0               0     74.300    833.400      5.787          23.211                 2.17         50
      1          0               0    113.400    932.400      9.615          29.277                 2.06         60
      1          0               0     90.600    237.300      0.428           9.190                  1.1         10
      1          0               0    113.000    558.000      1.284          15.555                 1.29         20
      1          0               0     70.900    486.200      1.519          19.344                 1.56         30
      1          0               0    118.000    837.100      4.002          24.737                 1.63         40
      1          0               0     56.600    593.800      2.605          30.147                 1.66         50
      1          0               0     48.700    886.600      3.858          27.238                 2.21         60
      1          0               0     84.400    330.900      0.457           8.451                  1.2         10
      1          0               0     98.800    449.400      1.089          17.573                 1.15         20
      1          0               0    158.100   1003.700      2.818          23.405                 1.29         30
      1          0               0     85.600    880.700      2.899          25.621                 1.58         40
      1          0               0    140.500   1437.300      7.739          30.271                 1.66         50
      1          0               0     97.100   1113.600      8.567          32.625                 1.85         60
      1          0               0     99.100    267.900      0.521           8.450                 1.19         10
      1          0               0     74.500    483.300      0.845          16.715                  1.2         20
      1          0               0     81.900    948.200      2.174          17.101                 1.77         30
      1          0               0     75.600   1038.800      3.165          21.910                 1.84         40
      1          0               0    102.800   1428.000      7.385          21.045                 2.39         50
      1          0               0     65.200   1068.500     11.688          25.094                  2.4         60
      1          0               0     69.100    267.000      0.351           9.097                 1.11         10
      1          0               0     95.700    654.500      1.110          15.913                 1.27         20
      1          0               0    106.700    746.200      2.028          21.898                 1.38         30
      1          0               0    110.500    879.100      3.630          26.225                 1.56         40
      1          0               0     59.600    705.200      3.244          29.065                 1.74         50
      1          0               0     36.500    713.200      3.642          27.825                 2.17         60
      1          0               0     81.300    272.200      0.402           8.871                 1.14         10
      1          0               0     39.600    305.900      0.479          15.073                 1.35         20
      1          0               0     60.000    457.200      1.707          17.995                 1.68         30
      1          0               0     67.600    605.300      3.573          20.812                 1.93         40
      1          0               0     73.900    912.100      7.725          23.490                 2.14         50
      1          0               0     81.900   1178.200     19.570          23.897                 2.52         60
      1          0               0     58.100    222.200      0.285           8.470                 1.19         10
      1          0               0    101.200    659.600      1.205          14.821                 1.36         20
      1          0               0     70.500    646.800      2.097          16.713                  1.8         30
      1          0               0     56.000    688.500      2.183          20.882                 1.93         40
      1          0               0     67.300    981.900      4.118          25.906                 1.95         50
      1          0               0     97.400   1609.800     23.530          25.215                 2.39         60
      1          0               0     67.700    330.500      0.409           6.700                 1.55         10
      1          0               0     59.900    436.500      0.817          14.609                 1.38         20
      1          0               0     97.500    811.700      2.473          20.040                  1.5         30
      1          0               0     87.000    706.200      3.213          23.830                  1.7         40
      1          0               0     99.200   1302.600      6.999          26.518                 1.92         50
      1          0               0     86.300   1495.900     10.224          26.546                 2.28         60
      1          0               0     95.700    252.500      0.455           9.349                 1.08         10
      1          0               0    154.400    445.200      1.582          17.584                 1.15         20
      1          0               0     80.100    572.600      1.515          21.388                 1.41         30
      1          0               0     65.900    662.100      2.469          24.395                 1.65         40
      1          0               0     85.900    747.300      5.032          26.906                 1.87         50
      1          0               0     96.600    988.600      9.368          27.071                 2.23         60
      1          0               0     90.700    308.700      0.441           8.635                 1.17         10
      1          0               0     88.200    558.000      1.019          15.469                  1.3         20
      1          0               0    109.300    798.300      2.360          19.197                 1.57         30
      1          0               0     89.800    664.900      2.877          23.905                 1.68         40
      1          0               0     54.300    730.500      4.091          24.182                 2.08         50
      1          0               0     58.600    938.400      7.447          26.043                 2.31         60
      1          0               0     67.700    283.200      0.356           8.453                 1.21         10
      1          0               0     74.200    439.200      0.804          16.885                 1.19         20
      1          0               0     61.300    355.300      1.177          23.281                 1.29         30
      1          0               0    118.100   1082.700      4.684          23.837                 1.68         40
      1          0               0     59.800    795.700      3.828          26.548                  1.9         50
      1          0               0     59.100   1092.500      6.033          29.176                 2.07         60
      1          0               0     94.600    401.500      0.468           8.739                 1.15         10
      1          0               0     71.300    354.500      0.823          15.168                 1.32         20
      1          0               0     61.200    548.900      1.410          19.453                 1.55         30
      1          0               0     66.600    520.800      2.094          25.431                 1.58         40
      1          0               0     68.800   1050.700      3.833          26.628                 1.88         50
      1          0               0     84.000    866.600      7.032          28.232                 2.13         60
      1          0               0     41.000    195.800      0.222           7.912                 1.28         10
      1          0               0     59.900    407.100      0.764          14.556                 1.39         20
      1          0               0     97.000    838.100      1.945          22.047                 1.37         30
      1          0               0     82.900    868.900      3.255          23.925                 1.68         40
      1          0               0     78.600   1222.900      4.457          28.207                 1.78         50
      1          0               0    101.800   1292.000      8.710          28.328                 2.12         60
      1          0               0     45.400    209.700      0.230           8.319                 1.23         10
      1          0               0    109.400    556.200      1.209          15.761                 1.28         20
      1          0               0     84.800    710.400      1.860          18.871                  1.6         30
      1          0               0    103.600   1136.800      4.212          22.514                 1.79         40
      1          0               0     64.800    638.800      3.719          25.029                 2.02         50
      1          0               0     93.400   1142.200      9.046          25.011                 2.42         60
      1          0               0     74.300    289.000      0.391           9.141                 1.11         10
      1          0               0     80.200    538.300      0.989          15.102                 1.35         20
      1          0               0     95.900    732.200      1.877          22.346                 1.36         30
      1          0               0    109.800    911.300      3.302          26.384                 1.52         40
      1          0               0     46.400    631.700      2.778          27.672                 1.82         50
      1          0               0    104.600   1229.600      9.957          30.284                 1.99         60
      1          0               0     71.100    259.700      0.395           8.174                 1.24         10
      1          0               0     93.800    535.500      1.277          13.748                 1.48         20
      1          0               0     83.900    477.300      1.763          20.788                 1.46         30
      1          0               0     89.100    742.700      3.357          24.843                 1.63         40
      1          0               0     70.900   1032.700      8.089          23.192                 2.18         50
      1          0               0     81.400   1021.300     15.110          24.565                 2.46         60
      1          0               0    117.200    207.300      0.541           9.673                 1.04         10
      1          0               0    130.900    365.500      1.478          14.962                 1.34         20
      1          0               0     86.800    464.100      1.686          21.614                  1.4         30
      1          0               0    121.700   1244.600      4.231          24.220                 1.67         40
      1          0               0     71.400    905.700      3.894          26.826                 1.88         50
      1          0               0     87.500   1170.500     11.321          24.645                 2.45         60
      1          0               0    108.300    238.900      0.531           8.612                 1.17         10
      1          0               0    111.300    452.400      1.294          14.526                 1.38         20
      1          0               0     88.900    650.400      1.781          20.198                  1.5         30
      1          0               0     97.300    901.500      3.378          23.135                 1.74         40
      1          0               0     98.400   1185.300      4.652          27.249                 1.85         50
      1          0               0     90.100   1281.700      5.721          28.897                 2.08         60
      1          0               0     85.900    285.900      0.417           8.787                 1.15         10
      1          0               0     78.800    536.400      0.883          16.940                 1.19         20
      1          0               0     46.700    407.900      1.191          18.604                 1.63         30
      1          0               0    115.100   1240.400      5.923          20.412                 1.97         40
      1          0               0    130.800   1564.000     11.688          23.373                 2.16         50
      1          0               0     97.300   1268.300     12.832          22.538                  2.7         60
      1          0               0     75.900    342.400      0.400           8.509                 1.22         10
      1          0               0     84.700    634.400      0.969          16.779                 1.21         20
      1          0               0     99.000    775.600      1.971          22.695                 1.34         30
      1          0               0    132.900   1266.400      4.005          26.232                 1.54         40
      1          0               0     55.900    681.400      2.692          28.558                 1.77         50
      1          0               0     76.600   1025.500      5.257          32.129                 1.88         60
      1          0               0     83.000    287.200      0.402           8.987                 1.12         10
      1          0               0     72.100    578.100      0.814          16.505                 1.22         20
      1          0               0     77.800    784.300      2.171          18.886                  1.6         30
      1          0               0     68.600    792.600      3.255          23.421                 1.71         40
      1          0               0    106.800   1059.200      6.900          29.032                 1.73         50
      1          0               0     91.200   1450.500      8.505          29.980                 2.01         60
      1          0               0     32.100    161.400      0.172           8.240                 1.23         10
      1          0               0     66.600    485.400      0.847          14.517                 1.39         20
      1          0               0    156.300    909.100      2.828          22.276                 1.35         30
      1          0               0     60.800    633.900      2.099          24.523                 1.64         40
      1          0               0     64.900    879.800      2.985          32.357                 1.55         50
      1          0               0    114.500   1094.000      8.864          32.460                 1.85         60
      1          0               0    131.900    441.800      0.678           9.154                  1.1         10
      1          0               0    105.700    472.700      1.216          17.049                 1.18         20
      1          0               0     87.300    735.000      1.835          20.089                  1.5         30
      1          0               0     93.400    929.000      3.469          23.318                 1.74         40
      1          0               0     92.700   1240.400      4.479          28.613                 1.75         50
      1          0               0    126.800   1372.300     10.291          26.390                 2.28         60
      1          0               0     48.300    176.300      0.239           9.046                 1.12         10
      1          0               0    110.400    640.100      1.192          17.745                 1.13         20
      1          0               0     72.600    590.700      1.455          21.213                 1.42         30
      1          0               0     77.100    682.700      2.590          25.996                 1.55         40
      1          0               0     81.300    951.000      6.808          25.343                 1.98         50
      1          0               0     59.500    780.300      7.154          29.252                 2.07         60
      1          0               0     52.800    171.500      0.254           9.521                 1.06         10
      1          0               0     78.700    461.400      0.995          16.723                  1.2         20
      1          0               0     93.100    814.900      1.776          22.606                 1.33         30
      1          0               0    106.300   1279.500      3.352          27.212                 1.48         40
      1          0               0     85.700   1338.200      4.237          29.660                 1.71         50
      1          0               0     66.400   1524.000      5.442          30.276                 2.01         60
      1          0               0     65.600    160.800      0.321           8.889                 1.13         10
      1          0               0    110.500    446.600      1.299          15.713                 1.29         20
      1          0               0     98.400    871.200      2.577          17.737                  1.7         30
      1          0               0    135.300   1223.600      5.258          22.405                 1.79         40
      1          0               0     61.500    693.800      3.903          24.620                 2.04         50
      1          0               0     98.800   1153.400      6.862          28.860                 2.09         60
      1          0               0     56.500    176.400      0.285           8.607                 1.17         10
      1          0               0    124.700    452.800      1.292          16.763                  1.2         20
      1          0               0     61.200    394.300      1.312          20.356                 1.48         30
      1          0               0    105.400    736.200      3.404          24.287                 1.65         40
      1          0               0     69.800    942.100      3.814          25.946                 1.95         50
      1          0               0     88.100    979.700     10.114          26.656                 2.27         60
      1          0               0     84.300    341.100      0.404           9.069                 1.11         10
      1          0               0     74.200    593.900      0.884          14.473                 1.39         20
      1          0               0     80.700    648.600      1.575          22.450                 1.35         30
      1          0               0    103.600   1077.500      3.074          27.957                 1.44         40
      1          0               0    103.000   1151.600      4.798          33.309                 1.51         50
      1          0               0     74.900   1329.000      5.649          32.944                 1.83         60
      1          0               0    105.500    316.500      0.528           8.385                  1.2         10
      1          0               0     51.000    409.800      0.609          13.727                 1.46         20
      1          0               0     74.400    699.900      1.676          18.851                  1.6         30
      1          0               0     97.400    881.700      3.317          22.862                 1.76         40
      1          0               0    100.200   1447.200      6.709          22.939                 2.19         50
      1          0               0     95.300   1450.000     13.901          25.164                  2.4         60
      1          0               0    121.700    296.300      0.572           9.513                 1.06         10
      1          0               0    118.900    394.300      1.377          14.443                 1.39         20
      1          0               0     46.200    489.700      1.078          20.076                  1.5         30
      1          0               0     75.600    839.400      2.853          22.713                 1.78         40
      1          0               0     77.800   1115.300      4.174          26.581                  1.9         50
      1          0               0    123.700   1978.300     10.062          27.783                 2.18         60
      1          0               0    128.000    296.200      0.648           9.477                 1.06         10
      1          0               0    116.100    774.400      1.302          15.681                 1.29         20
      1          0               0     84.800    599.000      1.773          22.476                 1.34         30
      1          0               0    128.500    955.900      3.408          29.584                 1.35         40
      1          0               0     75.900    617.000      3.490          31.024                 1.62         50
      1          0               0     87.300    895.300      6.429          32.298                 1.87         60
      1          0               0    121.400    323.400      0.585           9.414                 1.07         10
      1          0               0    105.300    510.400      1.154          18.314                  1.1         20
      1          0               0    109.200    600.900      1.924          24.521                 1.23         30
      1          0               0    113.400    701.600      3.604          24.914                 1.61         40
      1          0               0     77.500   1146.400      4.485          26.827                 1.87         50
      1          0               0    114.300   1604.200     12.160          26.360                 2.29         60
      1          0               0    108.300    339.400      0.633           7.459                 1.36         10
      1          0               0     50.100    347.200      0.700          15.008                 1.34         20
      1          0               0     85.700    698.400      1.773          23.449                 1.28         30
      1          0               0     77.000    914.700      2.710          28.404                 1.42         40
      1          0               0    103.400    982.300      5.549          29.304                 1.72         50
      1          0               0     83.300   1064.600      6.678          31.639                 1.91         60
      1          0               0    110.400    286.400      0.559           9.441                 1.07         10
      1          0               0     94.800    464.400      1.149          15.330                 1.32         20
      1          0               0    115.300   1214.000      2.517          20.059                 1.51         30
      1          0               0    100.600   1250.600      3.330          23.981                 1.67         40
      1          0               0     78.000   1021.500      4.795          26.244                 1.91         50
      1          0               0    116.400   1636.000      8.622          28.807                 2.09         60
      1          0               0     53.800    167.300      0.265           9.054                 1.12         10
      1          0               0     54.900    371.200      1.771          11.834                 1.71         20
      1          0               0     58.500    565.700      2.563          17.333                 1.76         30
      1          0               0     75.100    751.200      5.204          21.640                 1.86         40
      1          0               0     62.800    716.800      4.559          26.323                 1.91         50
      1          0               0     65.100    845.000      8.527          28.086                 2.15         60
      1          0               0     94.800    281.400      0.506           9.187                  1.1         10
      1          0               0     38.400    291.000      0.507          16.107                 1.24         20
      1          0               0     62.900    574.700      1.336          22.033                 1.37         30
      1          0               0     79.300    602.000      2.461          26.916                 1.49         40
      1          0               0     75.400    871.300      5.017          27.280                 1.84         50
      1          0               0     79.700   1314.400      6.409          29.225                 2.06         60
      1          0               0     86.000    319.000      0.449           7.879                 1.29         10
      1          0               0     78.000    423.900      0.929          14.829                 1.37         20
      1          0               0    115.900    810.500      2.651          19.260                 1.56         30
      1          0               0     83.300    869.600      3.004          25.377                 1.58         40
      1          0               0     98.000   1178.600      5.221          26.738                 1.88         50
      1          0               0    243.300   1916.900     31.255          28.219                 2.13         60
      1          0               0     58.700    236.100      0.288           8.981                 1.12         10
      1          0               0     88.300    597.000      1.115          14.983                 1.34         20
      1          0               0     85.800    927.400      2.131          18.663                 1.62         30
      1          0               0     83.500   1011.900      3.193          22.655                 1.77         40
      1          0               0    117.900   1757.200      6.471          26.307                 1.91         50
      1          0               0    120.700   1877.700     10.785          28.655                  2.1         60
      1          0               0     81.100    223.500      0.523           8.372                  1.2         10
      1          0               0     60.200    356.200      0.706          16.138                 1.25         20
      1          0               0     79.600    550.400      1.547          22.775                 1.32         30
      1          0               0    106.400    928.200      3.876          24.600                 1.64         40
      1          0               0    152.500   1212.800      8.132          26.959                 1.86         50
      1          0               0    101.700   1508.200     11.047          27.467                 2.19         60
      1          0               0     46.900    224.000      0.237           8.744                 1.17         10
      1          0               0    110.700    569.700      1.274          16.763                  1.2         20
      1          0               0     81.800    723.600      1.711          21.351                 1.41         30
      1          0               0     44.700    510.100      1.738          24.423                 1.65         40
      1          0               0     67.000    807.900      4.148          27.722                 1.81         50
      1          0               0     74.700    901.200      7.872          30.621                 1.97         60
      1          0               0     73.200    271.300      0.356           9.083                 1.11         10
      1          0               0    125.000    727.500      1.340          16.875                 1.19         20
      1          0               0     75.100    453.900      1.253          24.820                 1.21         30
      1          0               0     74.200    731.500      2.068          27.691                 1.45         40
      1          0               0    121.200   1400.000      6.043          28.869                 1.74         50
      1          0               0     83.000   1175.400      5.961          29.351                 2.05         60
      1          0               0     96.400    236.100      0.485           9.041                 1.12         10
      1          0               0    139.100    545.700      1.854          14.861                 1.36         20
      1          0               0     99.100    661.400      2.228          19.288                 1.57         30
      1          0               0     99.400   1119.100      4.242          22.900                 1.76         40
      1          0               0    134.200   1143.600      7.891          25.287                 1.98         50
      1          0               0     87.400   1453.700     12.335          23.719                 2.55         60
      1          0               0     68.200    327.500      0.361           8.765                 1.16         10
      1          0               0     79.300    366.700      0.964          15.441                 1.31         20
      1          0               0    101.100    808.300      2.241          17.535                 1.72         30
      1          0               0    120.600   1240.100      4.375          23.683                  1.7         40
      1          0               0     58.800    606.000      3.500          25.437                 1.97         50
      1          0               0     99.700   1636.600      9.436          25.851                 2.33         60
      1          0               0     84.400    345.300      0.425           8.757                 1.17         10
      1          0               0     63.200    442.600      0.890          14.761                 1.37         20
      1          0               0     99.600    972.900      2.702          19.001                 1.59         30
      1          0               0    107.400    800.100      4.561          21.708                 1.86         40
      1          0               0     87.100   1193.900      5.145          24.691                 2.04         50
      1          0               0     54.700    851.400      4.998          26.126                 2.31         60
      1          0               0     39.600    160.100      0.216           8.472                 1.19         10
      1          0               0     96.900    357.000      1.067          16.543                 1.22         20
      1          0               0     93.900    533.100      1.740          23.117                 1.31         30
      1          0               0     44.900    422.000      1.725          25.822                 1.61         40
      1          0               0    105.000    900.100      8.150          26.765                 1.88         50
      1          0               0    122.100   1573.400     13.034          26.228                  2.3         60
      1          0               0     19.600    124.400      0.100           8.408                  1.2         10
      1          0               0     74.300    457.900      0.887          14.643                 1.38         20
      1          0               0     77.100    652.300      1.829          18.673                 1.62         30
      1          0               0     80.100    755.100      3.143          22.715                 1.77         40
      1          0               0     92.600   1109.100      5.316          26.900                 1.87         50
      1          0               0     71.100   1041.500      6.612          28.097                 2.14         60
      1          0               0     68.700    231.200      0.330           8.840                 1.14         10
      1          0               0    122.600    643.900      1.457          14.171                 1.42         20
      1          0               0     88.200    660.000      1.925          19.364                 1.56         30
      1          0               0     76.900    846.700      2.688          21.884                 1.84         40
      1          0               0     83.400   1066.500      5.021          24.686                 2.04         50
      1          0               0     95.600   1118.100      8.830          24.132                 2.51         60
      1          0               0    148.000    384.500      0.742           8.453                 1.19         10
      1          0               0    112.200    620.200      1.268          15.586                  1.3         20
      1          0               0    136.300    832.800      2.775          21.167                 1.42         30
      1          0               0     80.800    669.200      2.908          24.787                 1.62         40
      1          0               0    101.700    967.600      5.031          26.043                 1.94         50
      1          0               0     61.700   1093.400      5.408          26.332                 2.29         60
      1          0               0     72.600    171.700      0.363           9.269                 1.09         10
      1          0               0    109.700    489.600      1.153          16.491                 1.22         20
      1          0               0     90.700    573.700      1.847          21.245                 1.43         30
      1          0               0    102.300    997.400      3.145          25.563                 1.58         40
      1          0               0    130.500   1404.500      5.373          31.116                 1.62         50
      1          0               0     58.700    756.500      5.573          28.826                  2.1         60
      1          0               0     62.600    201.300      0.334           8.398                  1.2         10
      1          0               0     58.700    375.200      0.677          15.632                 1.28         20
      1          0               0     50.000    574.800      1.223          19.504                 1.55         30
      1          0               0     76.900    813.700      2.871          23.899                 1.68         40
      1          0               0    106.100   1137.700      6.778          26.255                 1.91         50
      1          0               0     74.000   1119.800      6.530          28.588                 2.11         60
      1          0               0    106.700    396.100      0.561           8.435                 1.19         10
      1          0               0    113.300    337.600      1.273          15.380                 1.31         20
      1          0               0     87.500    662.500      1.522          23.622                 1.28         30
      1          0               0    118.600    760.400      3.283          28.334                 1.43         40
      1          0               0    100.500   1126.100      4.610          30.882                 1.64         50
      1          0               0     86.500   1345.700      6.511          31.179                 1.93         60
      1          0               0     88.400    289.400      0.453           8.198                 1.23         10
      1          0               0     65.100    484.800      0.733          15.146                 1.33         20
      1          0               0     87.700    736.800      1.588          23.206                  1.3         30
      1          0               0     79.700    784.200      2.492          26.295                 1.53         40
      1          0               0    100.200   1359.700      4.677          27.967                  1.8         50
      1          0               0     88.000   1502.100      5.711          32.197                 1.87         60
      1          0               0    116.600    293.000      0.564           9.479                 1.06         10
      1          0               0     81.400    575.700      0.878          15.928                 1.26         20
      1          0               0    116.200    760.400      2.005          21.849                 1.38         30
      1          0               0    102.900    946.200      3.168          26.937                  1.5         40
      1          0               0    112.000   1056.200      6.085          28.952                 1.73         50
      1          0               0     73.900    934.500      5.730          29.143                 2.07         60
      1          0               0     40.100    187.000      0.192           9.479                 1.06         10
      1          0               0    112.600    507.800      1.210          18.187                 1.11         20
      1          0               0    112.300    797.800      1.847          26.955                 1.13         30
      1          0               0     87.000    785.200      2.290          31.569                 1.28         40
      1          0               0    139.700   1128.000      6.318          32.487                 1.55         50
      1          0               0    152.500   1662.600     12.173          34.640                 1.74         60
      1          0               0     71.700    239.500      0.346           9.487                 1.06         10
      1          0               0     92.700    673.700      1.032          15.515                  1.3         20
      1          0               0     82.900    700.800      1.920          18.733                 1.61         30
      1          0               0     51.400    628.800      1.997          22.566                 1.78         40
      1          0               0     66.400    954.000      4.308          25.125                  2.0         50
      1          0               0     73.300    868.500      6.471          27.281                 2.21         60
      1          0               0     76.700    220.400      0.382           8.446                 1.19         10
      1          0               0     63.400    485.100      0.831          14.478                  1.4         20
      1          0               0     69.600    649.300      1.668          18.605                 1.62         30
      1          0               0    108.000    692.300      4.484          23.720                  1.7         40
      1          0               0     73.400    993.700      5.029          29.184                 1.73         50
      1          0               0     73.600    954.800      7.191          30.856                 1.97         60
      1          0               0     79.600    265.900      0.430           7.545                 1.36         10
      1          0               0     88.400    427.800      1.104          13.643                 1.48         20
      1          0               0     63.100    647.100      1.533          18.609                 1.63         30
      1          0               0     54.000    684.300      2.622          20.570                 1.96         40
      1          0               0     55.500    756.000      4.534          24.009                 2.09         50
      1          0               0     94.700   1093.300     11.500          26.366                 2.28         60
      1          0               0     63.000    305.000      0.346           8.033                  1.3         10
      1          0               0    110.300    752.800      1.227          16.851                 1.21         20
      1          0               0     60.400    517.600      1.270          20.601                 1.48         30
      1          0               0     96.300    943.600      3.249          21.762                 1.86         40
      1          0               0     88.200   1330.300      5.857          23.074                 2.19         50
      1          0               0    118.500   1785.200     12.844          26.149                  2.3         60
      1          0               0     84.800    258.600      0.415           9.198                  1.1         10
      1          0               0     72.400    444.300      0.835          15.771                 1.28         20
      1          0               0     84.600    561.600      1.584          21.697                 1.39         30
      1          0               0    108.500    884.100      3.032          27.027                 1.49         40
      1          0               0     78.500   1001.600      4.049          26.687                 1.89         50
      1          0               0    123.200   1296.900     10.604          25.235                 2.39         60
      1          0               0     39.000    163.900      0.201           8.026                 1.26         10
      1          0               0    122.100    518.700      1.338          16.314                 1.23         20
      1          0               0    105.700    645.800      2.164          21.634                 1.39         30
      1          0               0     75.600    994.400      3.072          23.798                 1.69         40
      1          0               0    101.000   1515.500      6.044          28.040                 1.79         50
      1          0               0     95.400   1430.400     11.305          30.105                  2.0         60
      1          0               0     89.000    391.900      0.460           8.767                 1.15         10
      1          0               0     76.700    408.200      0.878          15.605                 1.29         20
      1          0               0     60.900    483.000      1.409          19.972                 1.51         30
      1          0               0    117.700   1019.800      3.919          23.596                 1.71         40
      1          0               0     93.200   1141.100      5.320          24.666                 2.04         50
      1          0               0     96.800   1210.700      7.701          28.034                 2.15         60
      1          0               0     52.400    228.000      0.297           8.088                 1.26         10
      1          0               0     91.200    493.000      1.035          15.508                  1.3         20
      1          0               0     48.100    365.100      0.929          21.326                 1.44         30
      1          0               0    106.400    851.900      4.488          24.354                 1.65         40
      1          0               0     85.600   1192.700      4.953          25.943                 1.94         50
      1          0               0     87.500   1287.000     10.776          26.504                 2.28         60
      1          0               0     86.800    276.700      0.453           8.074                 1.25         10
      1          0               0     73.800    444.000      0.870          15.249                 1.32         20
      1          0               0     40.600    430.900      1.039          20.729                 1.45         30
      1          0               0     73.300    842.800      2.795          23.576                 1.71         40
      1          0               0     81.600   1162.700      5.629          24.385                 2.06         50
      1          0               0     87.900   1677.400     11.475          24.737                 2.45         60
      1          0               0    100.600    410.300      0.578           7.494                 1.36         10
      1          0               0     94.200    479.500      1.117          14.615                 1.38         20
      1          0               0     73.400    720.200      1.758          18.420                 1.65         30
      1          0               0    158.700   1386.300      8.345          19.904                 2.02         40
      1          0               0    107.100   1056.700      7.222          22.729                 2.21         50
      1          0               0    121.700   1174.100     13.243          22.889                 2.63         60
      1          0               0     30.200    119.000      0.146           9.219                 1.09         10
      1          0               0     67.500    414.300      0.830          16.086                 1.25         20
      1          0               0     82.500    719.400      1.513          23.976                 1.26         30
      1          0               0    129.400    778.300      3.682          28.489                 1.41         40
      1          0               0    108.100   1105.200      4.779          31.652                 1.58         50
      1          0               0     77.300   1478.700      5.450          31.376                 1.92         60
      1          0               0     95.500    325.900      0.508           8.523                 1.18         10
      1          0               0     39.400    323.800      0.486          15.744                 1.29         20
      1          0               0    100.600    971.500      2.695          19.516                 1.56         30
      1          0               0    138.100   1519.000      6.734          23.214                 1.73         40
      1          0               0     83.300   1171.500      5.648          27.025                 1.86         50
      1          0               0    111.100   1109.100     10.012          30.447                 1.98         60
      1          0               0     75.600    345.400      0.392           8.177                 1.24         10
      1          0               0     74.300    514.700      0.804          16.573                 1.22         20
      1          0               0     87.700    900.000      2.325          21.208                 1.42         30
      1          0               0     80.600   1017.600      3.141          23.828                 1.69         40
      1          0               0     93.600   1585.400      6.772          24.405                 2.07         50
      1          0               0     83.400   1248.500      8.722          25.788                 2.34         60
      1          0               0    116.100    441.900      0.563           8.795                 1.15         10
      1          0               0    129.400    643.800      1.441          16.343                 1.23         20
      1          0               0     53.300    422.000      1.015          21.889                 1.38         30
      1          0               0     73.100    641.100      2.167          26.687                 1.51         40
      1          0               0    120.000   1100.000      6.308          27.081                 1.85         50
      1          0               0     95.500   1409.800      7.589          30.263                 1.99         60
      1          0               0    142.800    515.200      0.695           9.250                 1.09         10
      1          0               0     83.600    398.800      0.865          18.028                 1.12         20
      1          0               0    104.500    914.800      1.908          22.766                 1.33         30
      1          0               0     88.600    972.000      2.878          28.024                 1.44         40
      1          0               0     95.600   1157.200      4.143          31.631                  1.6         50
      1          0               0     96.000   1115.400      5.831          32.779                 1.85         60
      1          0               0     48.000    210.100      0.243           7.921                 1.28         10
      1          0               0     94.100    526.100      1.133          14.791                 1.36         20
      1          0               0    103.000    875.400      2.094          21.557                  1.4         30
      1          0               0     73.100    973.300      2.935          24.055                 1.67         40
      1          0               0     84.500   1275.400      6.554          24.114                 2.09         50
      1          0               0     69.600   1239.200      7.559          29.760                 2.03         60
      1          0               0     46.400    181.100      0.240           8.338                 1.21         10
      1          0               0     57.400    290.700      0.711          12.594                  1.6         20
      1          0               0     91.500    433.600      2.058          18.250                 1.65         30
      1          0               0     55.300    566.300      3.136          19.685                 2.04         40
      1          0               0    133.100   1058.000     11.362          21.682                 2.32         50
      1          0               0     93.900   1353.400     11.965          25.069                 2.41         60
      1          0               0     31.500    151.100      0.169           8.197                 1.23         10
      1          0               0     66.400    320.900      0.705          17.035                 1.19         20
      1          0               0     96.300    631.400      1.753          23.651                 1.28         30
      1          0               0     96.000   1013.300      2.758          28.244                 1.43         40
      1          0               0     67.900    917.000      3.134          29.851                 1.69         50
      1          0               0     59.500   1057.200      5.600          28.938                 2.09         60
      1          0               0     54.200    195.000      0.277           8.828                 1.14         10
      1          0               0     42.500    363.700      0.485          15.496                 1.31         20
      1          0               0     43.100    444.000      1.011          20.503                 1.48         30
      1          0               0    131.600   1184.400      4.222          25.957                 1.56         40
      1          0               0     79.300    784.300      4.029          29.044                 1.73         50
      1          0               0     69.800    974.800      5.929          28.904                 2.08         60
      1          0               0     31.000    133.000      0.154           9.026                 1.12         10
      1          0               0    109.200    359.200      1.129          17.898                 1.12         20
      1          0               0    145.900   1113.200      2.737          21.918                 1.38         30
      1          0               0     73.900    825.900      2.723          23.472                 1.72         40
      1          0               0    106.000   1509.300      5.676          27.654                 1.82         50
      1          0               0     91.100   1388.700      8.922          27.520                 2.21         60
      1          0               0    105.300    472.600      0.537           8.456                 1.19         10
      1          0               0     98.300    617.200      1.223          15.092                 1.33         20
      1          0               0     81.400    636.100      1.820          18.166                 1.66         30
      1          0               0     81.200    868.900      3.759          20.372                 1.98         40
      1          0               0    106.400   1096.800      6.078          24.586                 2.04         50
      1          0               0     79.100   1219.200     11.143          23.094                 2.61         60
      1          0               0     61.400    240.400      0.303           9.107                  1.1         10
      1          0               0    117.000    439.300      1.239          17.125                 1.18         20
      1          0               0    150.000    739.700      2.895          22.344                 1.35         30
      1          0               0     65.100    738.700      2.305          23.257                 1.73         40
      1          0               0     77.000    934.300      3.749          30.079                 1.67         50
      1          0               0     65.300    975.200      5.311          28.351                 2.13         60
      1          0               0     75.700    247.100      0.355           9.419                 1.07         10
      1          0               0     89.800    607.100      1.036          16.278                 1.25         20
      1          0               0     99.900    835.000      2.193          21.806                 1.39         30
      1          0               0     89.500   1192.100      3.533          25.822                 1.56         40
      1          0               0    127.900   1412.500     11.640          29.152                 1.73         50
      1          0               0     58.300   1130.300      6.808          30.417                 1.99         60
      1          0               0     76.400    295.300      0.377           8.849                 1.15         10
      1          0               0     65.200    338.500      0.786          16.480                 1.22         20
      1          0               0     79.200    585.100      1.605          21.894                 1.38         30
      1          0               0     96.600    838.400      3.851          24.781                 1.62         40
      1          0               0     60.800    764.900      5.366          25.148                  2.0         50
      1          0               0     83.500   1063.400     11.721          27.558                 2.19         60
      1          0               0    101.500    353.800      0.521           8.354                 1.21         10
      1          0               0    107.100    361.900      1.400          14.197                 1.42         20
      1          0               0     49.000    492.500      1.024          20.076                 1.51         30
      1          0               0     87.700    858.300      3.158          22.449                  1.8         40
      1          0               0     93.000    853.800      5.958          23.692                 2.13         50
      1          0               0     76.800    960.500      8.570          23.780                 2.54         60
      1          0               0     90.200    430.800      0.464           7.785                 1.31         10
      1          0               0    104.100    733.600      1.232          15.359                 1.31         20
      1          0               0    108.100   1177.200      2.100          20.448                 1.47         30
      1          0               0     93.500   1093.200      3.432          23.173                 1.73         40
      1          0               0     98.400   1272.100      5.375          26.813                 1.88         50
      1          0               0     91.800    961.600      8.085          27.178                 2.21         60
      1          0               0     73.400    155.200      0.352           9.069                 1.11         10
      1          0               0     68.100    517.400      0.794          15.811                 1.27         20
      1          0               0     84.200    816.800      1.643          20.778                 1.45         30
      1          0               0     82.000   1195.100      2.734          24.744                 1.62         40
      1          0               0    113.600   1543.800      7.524          28.258                 1.78         50
      1          0               0     62.800   1203.600      6.003          31.384                 1.92         60
      1          0               0    100.600    306.400      0.600           7.871                 1.28         10
      1          0               0     84.700    474.500      1.016          14.142                 1.42         20
      1          0               0    100.000    640.700      2.436          17.586                 1.71         30
      1          0               0     73.200    890.000      3.215          19.040                 2.12         40
      1          0               0     63.200    767.900      4.858          21.658                 2.32         50
      1          0               0    168.600   1824.000     14.878          24.472                 2.46         60
      1          0               0     78.600    184.700      0.380           9.391                 1.08         10
      1          0               0     76.800    435.400      1.075          12.478                 1.62         20
      1          0               0     80.500    723.200      2.047          19.330                 1.57         30
      1          0               0     74.800    943.900      3.135          24.457                 1.64         40
      1          0               0     54.300    858.400      3.917          25.571                 1.98         50
      1          0               0     67.600    949.800      5.450          27.007                 2.23         60
      1          0               0     96.300    270.200      0.493           7.826                 1.29         10
      1          0               0     82.600    512.500      0.971          14.414                  1.4         20
      1          0               0    116.500    788.000      2.311          22.767                 1.33         30
      1          0               0     97.500    804.400      2.772          27.334                 1.47         40
      1          0               0     80.100    925.300      4.306          27.235                 1.85         50
      1          0               0     75.700   1072.600      5.391          30.852                 1.95         60
      1          0               0     67.400    177.400      0.321           9.337                 1.08         10
      1          0               0    133.900    641.500      1.472          16.953                 1.19         20
      1          0               0    105.600    827.200      1.861          24.341                 1.24         30
      1          0               0     90.000   1019.100      2.630          26.556                 1.51         40
      1          0               0     81.300   1343.500      4.764          28.218                 1.78         50
      1          0               0     79.400   1053.400      8.098          28.293                 2.13         60
      1          0               0     45.500    211.900      0.240           8.582                 1.19         10
      1          0               0     64.200    444.600      0.816          14.678                 1.37         20
      1          0               0     53.600    292.400      1.163          20.550                 1.47         30
      1          0               0     87.400    825.100      2.750          25.879                 1.55         40
      1          0               0     68.000    869.100      3.271          29.953                 1.68         50
      1          0               0    144.400   1690.900      9.528          31.058                 1.94         60
      1          0               0     84.300    251.100      0.481           7.657                 1.32         10
      1          0               0    106.900    692.200      1.908          13.629                 1.47         20
      1          0               0    136.600    772.100      3.589          18.390                 1.64         30
      1          0               0     98.000   1016.500      5.149          22.393                 1.79         40
      1          0               0     52.700    661.700      5.005          26.230                 1.92         50
      1          0               0     80.300   1030.900      9.859          27.415                  2.2         60
      1          0               0     85.000    253.900      0.436           9.111                 1.11         10
      1          0               0    128.100    613.000      1.392          17.035                 1.19         20
      1          0               0     88.700    559.800      1.791          21.603                  1.4         30
      1          0               0    115.600    876.600      3.583          26.863                 1.51         40
      1          0               0    119.300   1087.900      5.767          30.038                 1.68         50
      1          0               0     86.300   1118.200      6.949          30.820                 1.96         60
      1          0               0     82.000    388.700      0.412           9.015                 1.13         10
      1          0               0    113.900    781.400      1.188          17.471                 1.15         20
      1          0               0     85.300    729.600      1.617          23.964                 1.26         30
      1          0               0    116.700    937.400      3.439          27.888                 1.44         40
      1          0               0    114.800   1078.900      5.568          27.786                 1.81         50
      1          0               0     67.300    909.000      5.936          27.481                  2.2         60
      1          0               0     28.600    142.700      0.156           8.014                 1.26         10
      1          0               0    124.400    666.100      2.028          13.195                 1.52         20
      1          0               0    136.200   1049.100      3.754          17.479                 1.73         30
      1          0               0     73.800    900.100      3.020          22.262                 1.81         40
      1          0               0    121.700   1124.100      7.793          24.431                 2.05         50
      1          0               0     69.300   1378.200      8.713          24.111                 2.51         60
      1          0               0     37.500    165.600      0.190           8.512                 1.22         10
      1          0               0     78.800    443.600      0.955          14.925                 1.35         20
      1          0               0     97.000    808.800      1.814          22.480                 1.35         30
      1          0               0     65.600    862.900      3.132          23.312                 1.73         40
      1          0               0     99.100   1497.000      7.264          27.127                 1.85         50
      1          0               0     87.300   1759.000     25.908          27.639                 2.19         60
      1          0               0     92.400    312.400      0.470           9.352                 1.08         10
      1          0               0     36.900    282.600      0.458          14.775                 1.36         20
      1          0               0    119.900    639.300      2.292          20.748                 1.46         30
      1          0               0    116.100   1228.900      3.730          24.309                 1.65         40
      1          0               0     76.700   1178.200      3.604          27.379                 1.84         50
      1          0               0     72.500   1299.200      5.561          29.203                 2.07         60
      1          0               0     37.300    147.900      0.210           9.147                  1.1         10
      1          0               0    147.600    864.700      1.610          15.982                 1.26         20
      1          0               0     86.900    712.900      1.958          18.614                 1.62         30
      1          0               0    100.900   1152.300      3.558          23.873                 1.68         40
      1          0               0    117.300   1228.100      5.783          28.089                 1.79         50
      1          0               0    102.800   1178.000      7.501          29.920                 2.02         60
      1          0               0     73.400    247.000      0.354           9.094                 1.11         10
      1          0               0     85.000    511.000      0.923          17.256                 1.17         20
      1          0               0     62.900    582.600      1.370          20.755                 1.47         30
      1          0               0     63.600    697.900      1.988          27.403                 1.48         40
      1          0               0     88.200   1053.600      4.259          29.740                  1.7         50
      1          0               0     64.400    998.600      4.578          30.488                 1.99         60
      1          0               0    121.600    335.100      0.711           9.442                 1.07         10
      1          0               0    100.500    471.700      1.139          17.034                 1.18         20
      1          0               0    102.600    823.800      2.004          21.756                 1.39         30
      1          0               0     77.500    784.600      2.428          26.613                 1.51         40
      1          0               0     81.400    804.600      3.877          27.284                 1.84         50
      1          0               0     38.200    672.000      3.022          29.474                 2.05         60
      1          0               0     91.500    333.500      0.446           9.179                  1.1         10
      1          0               0     65.100    521.700      0.779          14.854                 1.36         20
      1          0               0     81.000    645.700      1.685          20.767                 1.45         30
      1          0               0    113.900   1422.300      4.085          25.772                 1.56         40
      1          0               0     71.500   1164.800      4.250          26.901                 1.87         50
      1          0               0     71.600   1410.900      9.559          25.585                 2.36         60
      1          0               0     99.500    225.300      0.556           7.761                  1.3         10
      1          0               0     79.500    619.100      0.963          14.888                 1.35         20
      1          0               0     87.900    930.400      2.609          20.160                 1.49         30
      1          0               0     83.700   1254.600      3.618          24.755                 1.62         40
      1          0               0     82.300   1523.000      7.227          26.236                 1.92         50
      1          0               0     97.000   1533.000     12.673          28.440                 2.13         60
      1          0               0     38.100    182.000      0.217           8.491                 1.18         10
      1          0               0    116.000    556.900      1.536          16.025                 1.25         20
      1          0               0     87.500    873.100      2.333          20.870                 1.44         30
      1          0               0     92.600   1096.300      3.286          24.324                 1.66         40
      1          0               0     85.900   1258.500      5.221          27.109                 1.85         50
      1          0               0     99.100   1209.900      9.980          29.074                 2.08         60
      1          0               0     36.100    127.600      0.278           6.565                 1.56         10
      1          0               0     80.800    436.200      1.045          14.069                 1.43         20
      1          0               0     82.600    875.500      2.777          17.133                 1.76         30
      1          0               0    128.000   1014.800      5.613          19.575                 2.05         40
      1          0               0    119.200   1615.000      8.537          22.127                 2.28         50
      1          0               0     85.200   1655.000     21.689          21.385                 2.84         60
      1          0               0     57.800    177.400      0.291           8.721                 1.16         10
      1          0               0     68.500    494.600      0.809          15.755                 1.29         20
      1          0               0     90.400    621.700      2.106          20.752                 1.46         30
      1          0               0    111.700    737.900      3.616          25.039                  1.6         40
      1          0               0    108.500   1132.200      5.234          27.367                 1.84         50
      1          0               0     62.700    651.600      7.749          29.056                 2.07         60
      1          0               0     65.400    180.300      0.425           7.735                  1.3         10
      1          0               0     89.700    512.000      1.290          13.734                 1.49         20
      1          0               0     79.300    539.500      2.420          17.695                 1.72         30
      1          0               0     71.300    627.000      4.438          22.381                 1.81         40
      1          0               0     89.500   1046.000     12.526          25.415                 1.98         50
      1          0               0     92.000   1263.000     18.427          27.554                 2.19         60
      1          0               0    119.600    361.700      0.607           8.650                 1.17         10
      1          0               0    118.600    477.100      1.296          15.245                 1.32         20
      1          0               0    103.800    912.000      2.879          15.967                  1.9         30
      1          0               0    117.100   1131.500      5.837          21.704                 1.85         40
      1          0               0    107.500    847.500      8.770          23.287                 2.15         50
      1          0               0    104.400   1358.000     32.995          22.302                 2.71         60
      1          0               0     85.000    226.400      0.401           9.559                 1.05         10
      1          0               0     92.400    546.000      0.967          17.035                 1.18         20
      1          0               0     79.700    374.300      1.340          24.897                 1.21         30
      1          0               0     62.100    661.600      2.012          27.684                 1.46         40
      1          0               0     81.800   1116.700      3.642          30.247                 1.67         50
      1          0               0     64.100    997.200      4.676          31.504                 1.92         60
      1          0               0    106.100    301.700      0.533           8.437                  1.2         10
      1          0               0     92.800    649.700      1.024          16.042                 1.26         20
      1          0               0    123.900    740.900      2.111          24.400                 1.24         30
      1          0               0     52.700    684.100      1.955          26.175                 1.54         40
      1          0               0     76.900   1098.700      4.957          27.873                  1.8         50
      1          0               0     95.300   1847.400      8.965          29.686                 2.03         60
      1          0               0     75.200    295.900      0.374           8.989                 1.12         10
      1          0               0    106.900    576.200      1.161          16.673                  1.2         20
      1          0               0     70.700    570.200      1.442          21.672                 1.39         30
      1          0               0    112.500   1412.600      3.230          26.510                 1.51         40
      1          0               0     76.700    856.700      3.630          29.930                 1.67         50
      1          0               0    109.700   1606.700      7.463          29.369                 2.05         60
      1          0               0     72.900    367.800      0.401           8.451                  1.2         10
      1          0               0     81.300    313.300      0.868          17.688                 1.14         20
      1          0               0    112.800   1026.400      2.285          21.387                 1.41         30
      1          0               0     88.300    823.600      2.494          27.461                 1.46         40
      1          0               0     94.300   1045.300      5.003          30.146                 1.66         50
      1          0               0    126.200    900.900      8.799          31.036                 1.94         60
      1          0               0     54.500    149.700      0.273           9.495                 1.06         10
      1          0               0     91.700    473.400      1.204          15.045                 1.34         20
      1          0               0    100.100    690.200      3.255          18.459                 1.64         30
      1          0               0     39.100    515.500      2.427          18.742                 2.15         40
      1          0               0    108.200   1164.200     12.740          21.102                 2.38         50
      1          0               0    101.400   1329.700     16.459          24.971                 2.41         60
      1          0               0     96.300    285.100      0.458           9.401                 1.07         10
      1          0               0     82.900    567.600      0.955          15.357                 1.31         20
      1          0               0    106.500   1015.400      2.209          22.054                 1.37         30
      1          0               0     79.800    713.400      2.388          26.739                  1.5         40
      1          0               0     94.900    783.700      3.886          31.494                 1.59         50
      1          0               0    124.400   1236.200      7.603          32.117                 1.87         60
      1          0               0     98.600    427.600      0.495           8.543                 1.19         10
      1          0               0    130.200    584.000      1.353          18.097                 1.12         20
      1          0               0     60.000    544.700      1.167          22.352                 1.35         30
      1          0               0    120.200   1352.000      3.324          29.631                 1.36         40
      1          0               0    139.100   1439.300      5.070          35.175                 1.43         50
      1          0               0    109.900   1554.500      6.566          38.231                 1.58         60
      1          0               0     89.100    267.800      0.485           7.526                 1.34         10
      1          0               0    109.400    541.400      1.389          14.103                 1.44         20
      1          0               0     79.500    497.900      1.764          20.531                 1.47         30
      1          0               0    111.600    694.900      4.032          22.732                 1.77         40
      1          0               0    101.900    872.300      6.094          24.400                 2.06         50
      1          0               0     68.100    920.800     10.191          27.501                 2.19         60
      1          0               0     57.500    216.600      0.292           8.871                 1.14         10
      1          0               0     97.000    696.500      1.211          15.370                 1.31         20
      1          0               0     84.700    633.300      1.880          19.896                 1.51         30
      1          0               0     97.000   1304.500      5.108          18.730                 2.16         40
      1          0               0     71.700   1134.700      6.867          21.580                 2.33         50
      1          0               0    106.100   1394.300     14.158          25.940                 2.32         60
      1          0               0     95.600    217.700      0.466           8.842                 1.14         10
      1          0               0    115.400    533.100      1.249          16.756                  1.2         20
      1          0               0     83.800    679.500      1.735          21.461                 1.41         30
      1          0               0    118.500    881.700      3.670          28.008                 1.44         40
      1          0               0    128.300    999.700      5.519          31.158                 1.61         50
      1          0               0    103.700   1474.100      7.818          33.725                 1.79         60
      1          0               0     54.500    188.300      0.265           9.365                 1.08         10
      1          0               0     80.400    527.500      0.937          13.907                 1.45         20
      1          0               0    110.900    810.900      2.335          19.702                 1.53         30
      1          0               0     63.800    791.000      2.200          22.268                 1.82         40
      1          0               0     88.100   1173.100      4.794          24.254                 2.08         50
      1          0               0     81.600   1322.100      6.375          27.270                 2.21         60
      1          0               0     66.100    210.000      0.347           8.160                 1.24         10
      1          0               0     65.000    375.200      0.776          14.537                 1.39         20
      1          0               0    166.100   1093.100      3.619          18.471                 1.63         30
      1          0               0     86.600    918.500      3.080          23.311                 1.73         40
      1          0               0     63.300    886.200      4.789          21.294                 2.36         50
      1          0               0    105.400   1562.900     11.215          23.555                 2.56         60
      1          0               0     44.900    174.200      0.230           8.223                 1.23         10
      1          0               0     38.100    290.200      0.496          13.278                 1.52         20
      1          0               0     74.000    826.700      1.677          19.891                 1.51         30
      1          0               0     53.000    802.200      2.049          22.908                 1.75         40
      1          0               0     58.400    848.700      4.812          25.991                 1.94         50
      1          0               0     72.300   1188.000      8.887          26.361                 2.29         60
      1          0               0     76.100    236.000      0.378           9.336                 1.08         10
      1          0               0     93.800    681.000      0.996          16.575                 1.22         20
      1          0               0    120.800    868.000      2.397          21.637                  1.4         30
      1          0               0    117.000   1160.400      3.758          25.756                 1.57         40
      1          0               0    106.200   1368.800      5.673          30.555                 1.65         50
      1          0               0    105.900   1750.300      6.345          33.764                 1.79         60
      1          0               0     83.600    299.500      0.446           8.214                 1.23         10
      1          0               0     94.000    598.400      1.135          14.754                 1.36         20
      1          0               0     76.600    769.600      1.641          19.658                 1.53         30
      1          0               0     84.400    905.900      2.929          24.130                 1.68         40
      1          0               0    102.200   1087.200      5.364          28.384                 1.77         50
      1          0               0     95.000   1300.400      7.528          29.371                 2.05         60
      1          0               0    113.700    270.300      0.565           8.661                 1.16         10
      1          0               0    103.100    631.200      1.108          16.207                 1.24         20
      1          0               0     99.300    841.400      1.945          19.131                 1.58         30
      1          0               0     81.500    639.300      2.609          22.827                 1.76         40
      1          0               0     52.700    627.000      3.496          23.146                 2.17         50
      1          0               0    101.200   1366.600     10.101          25.135                  2.4         60
      1          0               0     76.400    294.900      0.399           8.480                 1.19         10
      1          0               0     84.900    602.700      0.936          15.499                  1.3         20
      1          0               0     88.000    746.100      2.034          18.637                 1.62         30
      1          0               0     87.900   1085.900      2.821          25.777                 1.56         40
      1          0               0     99.400   1519.200      4.844          28.228                 1.78         50
      1          0               0     90.700   1419.400      6.759          29.717                 2.03         60
      1          0               0     77.300    392.900      0.389           8.198                 1.23         10
      1          0               0     85.800    657.400      0.967          14.076                 1.43         20
      1          0               0    102.000   1147.300      2.242          19.676                 1.53         30
      1          0               0    135.700   1686.900      4.215          24.217                 1.66         40
      1          0               0     86.100   1348.100      5.018          26.156                 1.92         50
      1          0               0    113.300   1569.400     11.589          26.612                 2.27         60
      1          0               0     53.100    189.000      0.268           8.682                 1.16         10
      1          0               0    105.500    335.900      1.197          16.102                 1.25         20
      1          0               0     70.700    486.800      1.532          19.898                 1.52         30
      1          0               0     96.100    609.800      2.966          25.280                 1.59         40
      1          0               0    107.100    975.000      5.209          26.665                 1.88         50
      1          0               0     74.400   1038.100      6.726          26.960                 2.23         60
      1          0               0    116.800    311.300      0.573           9.120                 1.12         10
      1          0               0     60.900    388.300      0.810          14.205                 1.42         20
      1          0               0    114.800    661.700      2.373          21.105                 1.43         30
      1          0               0     76.800    926.700      2.581          24.220                 1.66         40
      1          0               0     64.700    855.400      4.397          22.968                  2.2         50
      1          0               0     93.400   1554.200      9.294          25.534                 2.36         60
      1          0               0     71.200    335.900      0.356           8.813                 1.14         10
      1          0               0     85.500    540.700      1.158          13.448                  1.5         20
      1          0               0     68.700    638.900      1.652          18.048                 1.67         30
      1          0               0     91.500   1218.300      4.228          20.974                 1.92         40
      1          0               0     89.300   1310.000      5.587          24.776                 2.03         50
      1          0               0     84.600   1773.600     10.372          27.132                 2.22         60
