success  collision  collision_obst   makespan   flowtime    runtime     mean_groups     mean_groups_size     number
      1          0               0     79.800    193.100      0.412           9.347                 1.08         10
      1          0               0     69.800    284.100      1.073          13.983                 1.45         20
      1          0               0     97.800    622.400      2.040          20.979                 1.45         30
      1          0               0    110.600    728.600      4.051          23.534                 1.71         40
      1          0               0     88.500    723.100      3.822          25.853                 1.94         50
      1          0               0     79.100    959.100      5.943          29.344                 2.06         60
      1          0               0     39.100    155.300      0.174           8.928                 1.13         10
      1          0               0     83.800    562.000      0.842          15.647                  1.3         20
      1          0               0     69.500    530.100      1.082          23.186                  1.3         30
      1          0               0    150.400   1001.600      3.309          27.670                 1.45         40
      1          0               0    187.700   1503.400     11.345          27.755                 1.81         50
      1          0               0     79.500   1128.800      7.170          30.494                  2.0         60
      1          0               0     82.000    266.400      0.379           7.965                 1.28         10
      1          0               0     76.700    554.500      0.972          11.965                  1.7         20
      1          0               0     84.200    707.700      1.670          18.412                 1.64         30
      1          0               0     79.600    988.700      2.786          22.407                 1.79         40
      1          0               0    106.000   1036.900      5.134          27.259                 1.84         50
      1          0               0     66.500    952.000      5.523          27.645                 2.18         60
      1          0               0     84.800    293.600      0.406           8.548                 1.18         10
      1          0               0    113.200    537.600      1.278          14.582                 1.38         20
      1          0               0    118.000    751.100      2.102          21.797                 1.39         30
      1          0               0     92.000    703.600      3.547          26.241                 1.54         40
      1          0               0     81.800    665.800      4.339          31.394                  1.6         50
      1          0               0     60.800    584.000      4.156          34.632                 1.74         60
      1          0               0     87.600    251.100      0.452           7.589                 1.34         10
      1          0               0     68.000    428.000      0.709          15.496                  1.3         20
      1          0               0    109.600    687.000      1.799          22.773                 1.32         30
      1          0               0     65.600    682.800      1.647          29.079                 1.39         40
      1          0               0     70.600    622.500      2.857          32.571                 1.55         50
      1          0               0    119.100   1264.100      6.031          36.507                 1.66         60
      1          0               0    113.200    212.700      0.537           9.426                 1.07         10
      1          0               0    116.900    657.100      1.187          16.674                 1.21         20
      1          0               0     63.900    650.300      1.201          22.452                 1.35         30
      1          0               0    118.600   1078.600      2.927          26.655                 1.51         40
      1          0               0     82.000    908.400      4.459          29.150                 1.72         50
      1          0               0    101.700   1580.300      8.044          30.935                 1.94         60
      1          0               0    106.400    379.200      0.519           8.260                 1.23         10
      1          0               0    122.500    776.600      1.344          15.105                 1.34         20
      1          0               0    118.700    945.900      2.140          21.170                 1.43         30
      1          0               0     95.400    861.500      2.720          25.366                 1.59         40
      1          0               0     90.200    879.400      6.410          28.462                 1.77         50
      1          0               0    104.000   1429.200     13.369          28.868                 2.09         60
      1          0               0     74.300    170.100      0.349           8.607                 1.17         10
      1          0               0     81.000    529.700      0.885          16.501                 1.24         20
      1          0               0     99.800    500.100      2.105          21.774                  1.4         30
      1          0               0     67.200    469.700      2.145          26.878                  1.5         40
      1          0               0     99.200    818.400      4.655          27.911                 1.81         50
      1          0               0     84.200   1033.200      7.319          28.504                 2.11         60
      1          0               0    105.100    234.800      0.552           7.715                 1.31         10
      1          0               0     90.000    645.500      1.061          14.121                 1.43         20
      1          0               0    108.800    935.000      2.603          18.165                 1.66         30
      1          0               0     78.900   1244.200      3.818          22.392                 1.79         40
      1          0               0     86.500   1045.900      5.626          24.480                 2.05         50
      1          0               0     76.400   1237.200     11.601          23.470                 2.57         60
      1          0               0     63.700    241.300      0.294           9.133                 1.11         10
      1          0               0     59.300    383.700      0.628          15.924                 1.26         20
      1          0               0    116.300    913.000      2.709          21.935                 1.38         30
      1          0               0    110.800   1024.600      5.224          22.947                 1.75         40
      1          0               0     84.500    860.300      6.192          24.009                 2.09         50
      1          0               0     88.600   1164.800     10.044          24.436                 2.47         60
      1          0               0    112.300    380.600      0.551           8.240                 1.22         10
      1          0               0    104.200    574.100      1.207          13.276                 1.52         20
      1          0               0    149.500    922.900      3.256          17.627                 1.71         30
      1          0               0    125.900    972.100      4.035          22.571                 1.78         40
      1          0               0    152.200   1866.000      9.640          23.501                 2.13         50
      1          0               0     97.100   1291.600      8.790          24.290                 2.49         60
      1          0               0     63.500    296.500      0.310           8.537                 1.19         10
      1          0               0     93.900    360.500      1.134          14.016                 1.44         20
      1          0               0    120.900    638.900      2.328          21.288                 1.42         30
      1          0               0    130.500   1206.700      3.539          27.637                 1.45         40
      1          0               0    100.400   1102.700      4.034          28.496                 1.77         50
      1          0               0    104.000   1194.600      6.166          30.899                 1.96         60
      1          0               0     96.900    201.100      0.435           9.639                 1.04         10
      1          0               0     68.000    558.700      0.823          14.850                 1.36         20
      1          0               0    105.300   1137.200      2.792          20.170                 1.49         30
      1          0               0     99.800   1272.500      4.162          25.902                 1.55         40
      1          0               0     88.100   1308.600      5.960          27.969                  1.8         50
      1          0               0     69.700   1139.200      8.433          28.574                 2.14         60
      1          0               0     87.100    405.900      0.424           8.799                 1.16         10
      1          0               0    117.900    493.800      1.416          15.075                 1.33         20
      1          0               0    105.600    770.900      2.059          22.853                 1.32         30
      1          0               0     77.600    921.000      2.802          26.954                 1.51         40
      1          0               0     84.000   1114.000      4.705          30.548                 1.65         50
      1          0               0    100.900   1589.500      7.359          31.491                 1.92         60
      1          0               0     51.400    188.000      0.239           9.101                 1.11         10
      1          0               0    107.400    490.100      1.216          13.927                 1.44         20
      1          0               0    115.300    678.900      2.223          19.895                 1.52         30
      1          0               0     76.300    784.100      2.432          24.096                 1.67         40
      1          0               0    116.600   1254.600      6.010          27.396                 1.83         50
      1          0               0    106.800   1531.000     10.366          27.346                 2.21         60
      1          0               0     98.000    287.500      0.450           9.328                 1.08         10
      1          0               0    104.000    649.700      1.135          15.958                 1.26         20
      1          0               0    130.200   1028.300      2.254          22.567                 1.33         30
      1          0               0     63.700    769.100      2.020          27.608                 1.46         40
      1          0               0    113.200   1027.100      4.726          31.566                 1.59         50
      1          0               0    187.800   1540.300      9.977          33.054                 1.82         60
      1          0               0     59.200    174.600      0.266           9.461                 1.06         10
      1          0               0     59.900    297.500      0.689          15.419                 1.31         20
      1          0               0     45.000    357.400      0.881          19.620                 1.55         30
      1          0               0     43.700    422.500      1.336          23.741                  1.7         40
      1          0               0    140.000   1214.400      6.767          24.431                 2.06         50
      1          0               0     59.300    906.300      5.594          23.465                 2.59         60
      1          0               0     40.200    151.200      0.198           8.199                 1.23         10
      1          0               0     99.000    282.500      1.225          14.543                 1.38         20
      1          0               0     50.300    404.600      1.050          20.636                 1.46         30
      1          0               0    135.300    718.200      4.990          21.673                 1.85         40
      1          0               0    114.300   1013.300      6.806          24.097                 2.09         50
      1          0               0     92.300    819.500     10.128          25.485                 2.37         60
      1          0               0     95.800    360.600      0.450           8.936                 1.13         10
      1          0               0     96.300    526.100      0.976          17.511                 1.15         20
      1          0               0    124.200    648.500      2.140          21.495                  1.4         30
      1          0               0     87.100   1067.600      3.017          24.310                 1.68         40
      1          0               0    103.000   1346.900      6.142          26.827                 1.89         50
      1          0               0     83.400   1395.400      9.222          25.995                 2.33         60
      1          0               0     63.900    201.000      0.329           7.700                 1.31         10
      1          0               0    116.000    504.900      1.209          16.025                 1.25         20
      1          0               0     81.800    566.500      1.696          19.872                 1.52         30
      1          0               0     90.700    879.700      3.167          24.175                 1.67         40
      1          0               0     82.000    943.500      4.914          27.884                 1.81         50
      1          0               0     59.200    700.500      8.052          26.449                  2.3         60
      1          0               0     96.600    204.800      0.455           8.505                 1.19         10
      1          0               0    115.300    349.600      1.116          18.085                 1.11         20
      1          0               0     68.500    609.300      1.369          20.342                 1.49         30
      1          0               0    117.000    780.200      3.242          24.889                 1.62         40
      1          0               0    144.000    875.700      6.238          27.278                 1.85         50
      1          0               0    149.900   1139.300      7.829          32.746                 1.84         60
      1          0               0     66.000    306.600      0.361           7.129                 1.44         10
      1          0               0     77.800    497.500      0.812          15.166                 1.32         20
      1          0               0    126.200    564.000      2.260          21.246                 1.41         30
      1          0               0    100.000    679.600      2.659          26.471                 1.52         40
      1          0               0    101.300   1024.800      4.503          29.203                 1.72         50
      1          0               0    127.500   1284.500     10.118          30.232                 1.99         60
      1          0               0     80.800    316.900      0.380           8.707                 1.16         10
      1          0               0     78.900    535.700      0.860          15.365                 1.32         20
      1          0               0     76.400    626.900      1.799          18.360                 1.65         30
      1          0               0     85.000    909.300      2.944          25.580                 1.58         40
      1          0               0    121.700   1075.400      5.724          28.027                  1.8         50
      1          0               0     78.800   1195.300      8.083          27.755                 2.18         60
      1          0               0     72.900    202.200      0.346           8.735                 1.15         10
      1          0               0     98.800    590.800      1.081          14.480                 1.39         20
      1          0               0    137.600    725.100      2.471          19.987                 1.51         30
      1          0               0     81.200    819.500      2.518          23.115                 1.75         40
      1          0               0     63.700    844.100      3.514          24.881                 2.06         50
      1          0               0    101.800   1204.000      6.709          27.813                 2.18         60
      1          0               0     69.600    296.200      0.383           7.634                 1.34         10
      1          0               0     84.400    412.300      0.879          16.323                 1.23         20
      1          0               0    109.400    590.300      4.217          17.773                  1.7         30
      1          0               0     91.200    841.200      4.801          23.090                 1.74         40
      1          0               0    129.600   1207.500     11.234          25.250                 1.99         50
      1          0               0     74.200    960.000     10.220          28.230                 2.13         60
      1          0               0     99.900    241.000      0.455           9.354                 1.08         10
      1          0               0     66.500    313.100      0.678          17.183                 1.18         20
      1          0               0    116.300    432.000      1.830          23.653                 1.28         30
      1          0               0    149.100    905.000      3.535          28.468                 1.41         40
      1          0               0    107.400    915.900      4.023          30.583                 1.65         50
      1          0               0     81.300   1070.800      4.749          30.036                 2.01         60
      1          0               0    113.900    293.000      0.533           9.273                 1.08         10
      1          0               0     56.100    311.200      0.661          14.241                 1.42         20
      1          0               0    118.600    581.000      2.326          19.855                 1.52         30
      1          0               0     81.400    593.500      2.612          23.803                 1.69         40
      1          0               0    172.200   1550.300      9.014          25.244                 1.99         50
      1          0               0    134.200   1587.800     11.239          26.421                 2.28         60
      1          0               0    108.400    292.700      0.513           8.644                 1.17         10
      1          0               0     94.700    513.300      1.072          16.032                 1.26         20
      1          0               0     77.800    513.300      1.375          23.868                 1.26         30
      1          0               0     97.000    870.700      2.441          28.558                 1.41         40
      1          0               0    105.700    945.700      4.089          32.737                 1.54         50
      1          0               0     99.300   1162.400      5.186          34.624                 1.75         60
      1          0               0     96.400    264.000      0.447           9.404                 1.07         10
      1          0               0     67.000    439.700      0.727          14.961                 1.34         20
      1          0               0     68.000    681.700      1.572          16.635                 1.82         30
      1          0               0    121.700   1095.200      4.265          20.654                 1.95         40
      1          0               0    120.400   1319.500     10.882          21.798                 2.31         50
      1          0               0     98.100   1158.400     11.118          24.751                 2.44         60
      1          0               0     80.400    327.100      0.381           8.677                 1.16         10
      1          0               0     62.700    381.500      0.728          14.911                 1.36         20
      1          0               0    108.700    402.000      1.846          22.044                 1.36         30
      1          0               0     74.100    563.100      2.320          25.200                 1.61         40
      1          0               0     83.000    721.600      3.589          28.005                 1.82         50
      1          0               0     64.000    789.300      4.318          29.425                 2.07         60
      1          0               0     57.400    186.600      0.309           7.761                  1.3         10
      1          0               0     99.000    507.300      1.253          14.336                 1.41         20
      1          0               0    108.300   1019.900      2.617          17.826                  1.7         30
      1          0               0     81.200   1025.800      3.588          22.655                 1.79         40
      1          0               0     97.200   1430.400      5.920          26.435                  1.9         50
      1          0               0     65.800   1320.000      5.683          27.845                 2.17         60
      1          0               0     92.200    278.800      0.456           7.938                 1.27         10
      1          0               0    102.500    595.900      1.055          16.294                 1.23         20
      1          0               0    114.200   1072.700      2.032          21.863                 1.39         30
      1          0               0    101.400    799.700      3.982          23.117                 1.74         40
      1          0               0     94.400   1145.300      6.041          25.557                 1.96         50
      1          0               0     67.100    942.700      7.696          25.656                 2.35         60
      1          0               0     32.900    206.400      0.174           7.182                 1.43         10
      1          0               0     66.700    397.000      0.778          14.985                 1.34         20
      1          0               0     94.900    572.400      1.721          21.527                  1.4         30
      1          0               0     96.300    513.400      3.146          23.942                 1.67         40
      1          0               0    127.800    924.400      5.561          25.977                 1.93         50
      1          0               0     70.200    912.400      5.752          27.439                 2.19         60
      1          0               0     99.400    256.600      0.476           8.795                 1.15         10
      1          0               0    150.100    531.200      1.560          15.989                 1.25         20
      1          0               0     82.100    519.500      1.635          20.114                 1.52         30
      1          0               0     96.100    779.800      3.117          23.146                 1.75         40
      1          0               0     85.100    879.400      3.871          29.984                 1.67         50
      1          0               0     79.600   1088.700      6.322          33.597                 1.79         60
      1          0               0     70.300    192.000      0.343           8.230                 1.22         10
      1          0               0     70.500    401.400      0.847          14.437                 1.39         20
      1          0               0    141.800    663.900      2.404          23.344                 1.29         30
      1          0               0    120.000    774.000      2.949          29.234                 1.38         40
      1          0               0    111.700    935.900      4.758          29.733                  1.7         50
      1          0               0    129.000   1092.400      8.025          30.222                 1.99         60
      1          0               0     90.600    313.300      0.431           8.374                  1.2         10
      1          0               0     81.600    639.500      0.910          15.600                 1.29         20
      1          0               0     77.200    679.900      1.509          20.180                  1.5         30
      1          0               0    152.800   1206.100      4.085          27.570                 1.46         40
      1          0               0    114.700   1042.500      4.847          29.933                 1.68         50
      1          0               0    126.900   1377.300      7.141          32.092                 1.87         60
      1          0               0     61.200    173.900      0.296           9.020                 1.13         10
      1          0               0     83.200    473.500      0.899          16.305                 1.26         20
      1          0               0     96.300    938.900      2.258          18.002                 1.69         30
      1          0               0     79.100    855.300      2.708          23.802                 1.71         40
      1          0               0     87.900   1201.000      5.952          26.449                  1.9         50
      1          0               0    112.200   1722.600     11.158          29.709                 2.03         60
      1          0               0     78.600    296.400      0.380           8.840                 1.15         10
      1          0               0     74.200    545.000      0.880          14.972                 1.36         20
      1          0               0     81.800    717.100      1.499          20.754                 1.45         30
      1          0               0     92.400   1069.900      3.298          24.409                 1.65         40
      1          0               0     84.100   1180.500      3.933          27.621                 1.82         50
      1          0               0     70.400   1139.400      6.807          28.800                 2.09         60
      1          0               0     91.300    241.800      0.429           9.130                 1.11         10
      1          0               0    133.700    446.800      1.343          17.001                 1.18         20
      1          0               0    371.400   1893.100      6.109          22.696                 1.33         30
      1          0               0    132.900   1095.400      3.584          27.372                 1.47         40
      1          0               0     77.800   1073.500      3.164          31.612                 1.59         50
      1          0               0    102.500   1175.800      6.212          35.666                 1.69         60
      1          0               0    110.100    452.600      0.515           8.894                 1.14         10
      1          0               0    113.500    560.800      1.155          17.436                 1.16         20
      1          0               0     92.900    706.100      1.643          23.082                 1.33         30
      1          0               0     70.900    702.700      2.573          23.787                  1.7         40
      1          0               0     69.300    888.500      5.798          23.978                  2.1         50
      1          0               0    136.400   1241.300     16.405          26.682                 2.25         60
      1          0               0     32.500    134.700      0.163           8.255                 1.23         10
      1          0               0     59.900    355.300      0.672          15.073                 1.33         20
      1          0               0     84.800    579.600      1.430          21.670                 1.39         30
      1          0               0     55.700    627.500      1.457          27.898                 1.44         40
      1          0               0     67.900    708.900      2.682          31.604                 1.59         50
      1          0               0     85.900   1038.300      4.750          35.036                 1.72         60
      1          0               0     61.800    208.700      0.283           9.117                  1.1         10
      1          0               0     92.100    511.100      0.971          15.825                 1.27         20
      1          0               0     82.600    724.100      1.697          19.617                 1.53         30
      1          0               0     84.500   1007.400      2.574          23.383                 1.72         40
      1          0               0     99.400   1245.400      4.563          29.366                 1.72         50
      1          0               0     75.300   1132.400      4.870          31.297                 1.93         60
      1          0               0     48.100    214.300      0.245           8.940                 1.13         10
      1          0               0     86.800    462.600      0.921          17.714                 1.14         20
      1          0               0    109.600    649.100      1.766          25.168                 1.21         30
      1          0               0    120.200    994.200      3.919          26.800                  1.5         40
      1          0               0    104.700   1107.000      4.748          29.908                 1.68         50
      1          0               0    130.100   1441.400      8.237          34.059                 1.77         60
      1          0               0    105.200    350.000      0.525           8.002                 1.28         10
      1          0               0     97.700    491.300      1.051          15.497                  1.3         20
      1          0               0    162.000   1112.900      3.329          18.452                 1.63         30
      1          0               0     69.000    661.000      2.929          21.578                 1.88         40
      1          0               0     98.000   1150.800      5.091          24.518                 2.07         50
      1          0               0     75.800   1140.000      6.510          25.132                 2.41         60
      1          0               0     29.400    109.900      0.138           8.235                 1.22         10
      1          0               0     83.300    435.400      0.933          15.682                  1.3         20
      1          0               0     52.200    522.200      1.048          20.851                 1.46         30
      1          0               0     71.000    701.400      3.289          21.161                 1.91         40
      1          0               0     98.900   1201.900      7.927          24.878                 2.02         50
      1          0               0     57.100    818.300      4.283          30.347                  2.0         60
      1          0               0     95.500    284.100      0.435           8.862                 1.13         10
      1          0               0    101.600    572.400      1.044          15.134                 1.33         20
      1          0               0     96.400   1012.000      1.792          20.982                 1.44         30
      1          0               0     63.100    762.900      1.631          27.060                 1.48         40
      1          0               0    103.800   1177.200      3.889          33.424                 1.51         50
      1          0               0     89.900   1137.800      5.206          36.018                 1.69         60
      1          0               0     64.500    190.500      0.307           8.391                 1.21         10
      1          0               0     95.000    702.100      1.081          14.668                 1.37         20
      1          0               0     95.900    732.600      1.746          22.340                 1.35         30
      1          0               0     74.400    877.700      2.404          25.499                 1.58         40
      1          0               0     81.900   1140.800      4.398          26.595                 1.89         50
      1          0               0     79.700   1254.600      6.178          28.407                 2.12         60
      1          0               0     96.500    198.600      0.438           9.405                 1.07         10
      1          0               0    103.600    435.800      1.090          14.234                 1.41         20
      1          0               0     78.500    682.900      1.554          21.367                 1.41         30
      1          0               0     68.400    566.700      1.944          24.904                 1.61         40
      1          0               0     81.600    777.200      4.001          26.097                 1.92         50
      1          0               0     77.500    975.300      5.646          28.946                 2.09         60
      1          0               0    108.400    308.600      0.514           8.537                 1.19         10
      1          0               0     52.600    344.400      0.601          16.179                 1.25         20
      1          0               0    103.000    661.100      1.702          22.753                 1.33         30
      1          0               0     97.500   1263.900      2.842          25.528                 1.57         40
      1          0               0    117.900   1798.700      4.730          29.801                 1.69         50
      1          0               0     96.100   1095.600      6.591          29.535                 2.04         60
      1          0               0     58.900    341.800      0.306           8.098                 1.25         10
      1          0               0    120.300    780.900      1.356          14.808                 1.37         20
      1          0               0    101.900   1000.500      2.319          18.468                 1.64         30
      1          0               0     93.800   1029.700      3.299          23.383                 1.72         40
      1          0               0    115.800   1220.300      5.568          27.526                 1.83         50
      1          0               0     95.900   1196.300      8.192          30.650                 1.96         60
      1          0               0     90.000    312.200      0.410           8.771                 1.15         10
      1          0               0     79.800    526.200      0.924          15.029                 1.34         20
      1          0               0     83.300    707.000      1.775          18.828                 1.61         30
      1          0               0    101.700   1216.200      3.457          23.223                 1.73         40
      0          0               0   2000.000 100000.000    115.423          24.969                  2.0         50
      1          0               0     73.800   1343.600      9.281          26.165                 2.31         60
      1          0               0     57.900    251.700      0.275           8.917                 1.13         10
      1          0               0     93.900    461.900      1.098          13.450                  1.5         20
      1          0               0     90.900    720.500      1.848          17.769                  1.7         30
      1          0               0    101.000   1069.000      3.555          20.951                 1.92         40
      1          0               0     91.400   1277.200      6.231          24.569                 2.05         50
      1          0               0    112.300   1518.400     12.615          25.281                 2.39         60
      1          0               0    114.600    240.600      0.542           9.446                 1.07         10
      1          0               0    107.200    594.800      1.673          11.940                 1.69         20
      1          0               0    175.400   1040.600      4.618          18.599                 1.62         30
      1          0               0    147.800   1037.900      5.953          22.550                 1.78         40
      1          0               0    114.800   1228.900      7.983          23.956                  2.1         50
      1          0               0    116.200   1251.400     13.743          25.225                  2.4         60
      1          0               0     82.100    318.600      0.423           8.152                 1.24         10
      1          0               0     63.200    338.700      0.792          13.530                 1.49         20
      1          0               0     93.800    750.700      1.702          20.692                 1.45         30
      1          0               0     95.000    685.100      3.544          23.415                 1.71         40
      1          0               0    182.300   1089.200      9.118          28.331                 1.77         50
      1          0               0    129.000   1364.000     19.066          30.039                 2.01         60
      1          0               0     93.500    155.800      0.437           8.882                 1.13         10
      1          0               0     85.900    517.800      0.891          16.293                 1.24         20
      1          0               0    118.300    683.800      1.994          22.560                 1.34         30
      1          0               0     73.400    771.500      2.752          23.200                 1.73         40
      1          0               0    111.800   1058.500      5.760          27.277                 1.84         50
      1          0               0     83.900   1308.200      7.143          29.154                 2.07         60
      1          0               0     86.000    303.600      0.455           7.415                 1.36         10
      1          0               0    103.600    736.300      1.233          14.715                 1.37         20
      1          0               0    114.000    763.400      2.502          20.606                 1.47         30
      1          0               0     94.900   1109.300      3.592          24.053                 1.67         40
      1          0               0    180.900   1186.900     11.375          25.999                 1.93         50
      1          0               0    113.800   1388.000     10.450          28.826                 2.09         60
      1          0               0     56.800    216.300      0.279           7.951                 1.27         10
      1          0               0     43.000    243.700      0.541          14.740                 1.37         20
      1          0               0     56.600    385.100      1.477          18.281                 1.65         30
      1          0               0    134.000   1189.700      4.718          23.008                 1.75         40
      1          0               0    113.400   1399.300      5.314          29.696                 1.69         50
      1          0               0    117.200   1841.600      9.161          28.865                  2.1         60
      1          0               0     98.400    291.200      0.451           9.359                 1.08         10
      1          0               0    128.100    377.600      1.441          14.171                 1.42         20
      1          0               0    101.300    572.700      1.910          21.002                 1.43         30
      1          0               0    123.300    753.900      3.733          27.152                 1.48         40
      1          0               0     96.700    734.000      4.466          29.995                 1.67         50
      1          0               0     84.000    827.300      5.198          32.427                 1.86         60
      1          0               0     42.800    187.400      0.202           8.818                 1.14         10
      1          0               0     63.800    397.600      0.665          17.000                 1.18         20
      1          0               0    114.200    635.400      2.031          22.010                 1.37         30
      1          0               0     79.700    776.200      2.126          27.681                 1.45         40
      1          0               0     87.400    767.800      4.158          29.970                 1.67         50
      1          0               0     73.500    862.800      5.754          29.457                 2.04         60
      1          0               0    128.500    570.400      0.655           7.353                 1.38         10
      1          0               0    169.200    728.800      1.802          15.291                 1.31         20
      1          0               0    120.900    586.800      2.077          22.015                 1.37         30
      1          0               0     76.200    536.800      2.442          25.571                 1.57         40
      1          0               0    130.700   1081.300      6.877          29.127                 1.72         50
      1          0               0     91.800   1074.200      8.157          26.532                 2.27         60
      1          0               0    121.900    370.400      0.625           8.676                 1.16         10
      1          0               0     49.900    348.800      0.582          14.659                 1.37         20
      1          0               0     94.100    621.100      1.743          19.874                 1.52         30
      1          0               0     63.900    671.700      2.032          24.213                 1.66         40
      1          0               0    100.200   1009.600      5.040          29.233                 1.73         50
      1          0               0    104.800   1707.000      6.809          30.650                 1.97         60
      1          0               0     81.100    253.000      0.361           9.397                 1.07         10
      1          0               0    137.800    487.100      1.424          15.101                 1.33         20
      1          0               0    110.200    547.700      2.144          19.238                 1.58         30
      1          0               0     79.300    739.600      2.828          23.322                 1.74         40
      1          0               0     71.900    868.500      4.859          26.327                 1.92         50
      1          0               0     85.700   1143.000      8.347          27.131                 2.24         60
      1          0               0     55.800    233.600      0.267           8.493                 1.19         10
      1          0               0    105.500    674.900      1.362          14.028                 1.45         20
      1          0               0    107.500    838.100      1.833          22.574                 1.34         30
      1          0               0    111.400    996.500      3.077          27.384                 1.48         40
      1          0               0    138.300   1233.300      5.438          29.185                 1.72         50
      1          0               0    136.500   1902.700      8.777          29.991                 2.02         60
      1          0               0     54.100    178.800      0.256           9.146                  1.1         10
      1          0               0     46.500    287.400      0.523          14.860                 1.36         20
      1          0               0    134.300    703.000      2.413          20.359                 1.48         30
      1          0               0    144.600   1039.800      4.531          22.484                 1.79         40
      1          0               0    121.800   1150.800      6.458          25.262                 1.99         50
      1          0               0    130.200   1481.700      8.309          29.740                 2.03         60
      1          0               0     70.200    301.800      0.361           7.359                 1.37         10
      1          0               0     90.800    557.900      1.010          14.905                 1.36         20
      1          0               0    109.800    872.800      2.073          19.082                 1.58         30
      1          0               0     64.900    711.400      2.267          22.273                  1.8         40
      1          0               0     78.400   1058.000      3.702          27.181                 1.85         50
      1          0               0    101.800   1097.600      7.086          28.752                 2.09         60
      1          0               0     62.200    258.600      0.326           8.021                 1.29         10
      1          0               0     71.200    469.300      0.836          15.466                 1.31         20
      1          0               0     93.100    678.700      1.749          20.517                 1.47         30
      1          0               0     87.700    816.700      2.647          25.694                 1.56         40
      1          0               0    103.900    900.900      4.478          29.254                 1.72         50
      1          0               0     89.700   1397.100     12.949          24.570                 2.45         60
      1          0               0     59.200    206.900      0.282           8.929                 1.13         10
      1          0               0     99.200    495.700      1.083          15.587                 1.29         20
      1          0               0    111.400    845.700      2.126          22.601                 1.34         30
      1          0               0     64.200    908.000      2.053          26.223                 1.54         40
      1          0               0     97.600   1214.300      5.130          29.715                 1.71         50
      1          0               0    168.200   1850.000     12.260          29.468                 2.04         60
      1          0               0     81.800    255.300      0.385           9.197                  1.1         10
      1          0               0     82.000    605.100      1.041          15.062                 1.34         20
      0          0               0   2000.000  60000.000     31.410          22.928                 1.31         30
      1          0               0     78.900    812.700      2.363          27.687                 1.45         40
      1          0               0    101.500    836.300      4.601          31.165                 1.61         50
      1          0               0     86.200   1155.200      9.271          29.060                 2.07         60
      1          0               0     95.100    234.700      0.457           9.363                 1.08         10
      1          0               0     95.300    544.100      1.053          15.831                 1.27         20
      1          0               0    105.900   1148.300      2.024          21.346                 1.42         30
      1          0               0    136.700   1284.400      4.238          26.701                 1.51         40
      1          0               0     64.200    918.000      3.098          28.081                 1.79         50
      1          0               0    134.600   1438.800     10.199          27.626                 2.18         60
      1          0               0     63.600    241.300      0.317           7.854                 1.31         10
      1          0               0    105.100    529.600      1.169          15.902                 1.27         20
      1          0               0     88.500    474.300      1.713          22.786                 1.32         30
      1          0               0    111.500    879.800      3.342          26.054                 1.54         40
      1          0               0    115.800   1261.400      5.596          28.918                 1.73         50
      1          0               0     60.000    714.500      4.891          28.520                 2.11         60
      1          0               0     44.500    163.200      0.244           6.930                 1.48         10
      1          0               0     50.600    322.700      0.593          12.832                 1.57         20
      1          0               0     42.100    354.500      1.049          16.501                 1.85         30
      1          0               0     46.000    443.900      1.696          22.689                 1.77         40
      1          0               0     90.600    777.300      4.578          25.088                 2.01         50
      1          0               0     87.000    818.500      8.298          26.902                 2.24         60
      1          0               0     88.100    329.600      0.445           7.258                  1.4         10
      1          0               0    144.500   1035.700      1.613          15.329                 1.31         20
      1          0               0    159.200   1401.500      3.005          21.861                 1.38         30
      1          0               0    148.000   1389.100      3.717          27.420                 1.47         40
      1          0               0    102.300   1122.400      4.512          29.504                 1.71         50
      1          0               0     99.100   1209.900      6.317          29.725                 2.03         60
      1          0               0     77.800    326.200      0.385           8.932                 1.13         10
      1          0               0     61.300    465.500      0.788          13.860                 1.46         20
      1          0               0    103.800    820.300      2.408          19.297                 1.56         30
      1          0               0     87.300   1152.200      6.235          20.611                 1.96         40
      1          0               0    104.200   1155.400     11.664          24.633                 2.04         50
      1          0               0    198.000   2243.600     26.372          27.025                 2.23         60
      1          0               0     80.200    365.900      0.378           7.920                 1.29         10
      1          0               0     78.900    514.800      0.844          16.146                 1.25         20
      1          0               0     77.800    756.800      1.920          17.539                 1.74         30
      1          0               0     95.600    934.100      3.053          25.127                 1.61         40
      1          0               0    120.400   1294.300      6.114          26.997                 1.87         50
      1          0               0     92.500   1240.500      8.004          26.766                 2.26         60
      1          0               0     59.500    239.800      0.272           8.929                 1.13         10
      1          0               0    949.300   3245.600      9.643          15.948                 1.26         20
      1          0               0    108.700    815.700      2.026          21.570                  1.4         30
      1          0               0    107.700    906.300      3.152          27.842                 1.45         40
      1          0               0     72.700   1006.400      3.607          28.850                 1.75         50
      1          0               0     89.300   1240.800      6.790          28.651                 2.11         60
      1          0               0     77.300    279.800      0.375           8.713                 1.16         10
      1          0               0     84.600    571.300      0.855          15.548                 1.29         20
      1          0               0     77.500    654.900      1.352          21.714                 1.39         30
      1          0               0    128.500    786.700      5.119          23.300                 1.72         40
      1          0               0    105.900    863.000      7.081          25.646                 1.96         50
      1          0               0     95.700   1077.000     10.904          24.621                 2.45         60
      1          0               0     83.600    337.800      0.403           8.316                 1.21         10
      1          0               0     73.700    396.200      0.756          15.438                 1.31         20
      1          0               0    101.600    790.100      1.804          21.881                 1.39         30
      1          0               0    120.300   1376.200      3.568          23.637                  1.7         40
      1          0               0     50.300   1037.500      3.133          26.368                 1.91         50
      1          0               0    114.000   2029.000     12.731          25.147                  2.4         60
      1          0               0     87.700    199.600      0.442           8.552                 1.19         10
      1          0               0     74.300    423.300      0.799          15.848                 1.27         20
      1          0               0     86.000    606.200      1.526          20.677                 1.46         30
      1          0               0     62.000    809.200      2.056          23.840                 1.68         40
      1          0               0    110.600   1197.300      5.694          25.722                 1.95         50
      1          0               0    113.400   1312.900      7.998          28.243                 2.13         60
      1          0               0    137.500    323.600      0.682           8.043                 1.25         10
      1          0               0    115.400    553.500      1.288          14.705                 1.37         20
      1          0               0    135.700    719.500      2.627          19.929                 1.51         30
      1          0               0     97.900    728.200      2.753          23.919                 1.68         40
      1          0               0    122.700   1134.700      4.952          26.584                 1.88         50
      1          0               0    107.300   1182.000      6.492          28.543                 2.11         60
      1          0               0     48.200    171.500      0.219           9.237                 1.09         10
      1          0               0     46.400    351.100      0.517          16.539                 1.22         20
      1          0               0    138.700   1033.500      2.370          21.444                  1.4         30
      1          0               0     61.600    754.700      2.469          23.091                 1.75         40
      1          0               0     90.700   1048.100      4.426          26.416                  1.9         50
      1          0               0    136.000   1252.000      8.548          30.906                 1.95         60
      1          0               0    106.200    312.600      0.526           8.417                  1.2         10
      1          0               0    134.800    552.100      1.608          14.053                 1.43         20
      1          0               0    139.600    733.500      2.384          20.934                 1.44         30
      1          0               0    103.100   1191.100      3.042          24.099                 1.66         40
      1          0               0     83.000    693.500      3.770          28.148                 1.78         50
      1          0               0     97.900   1144.400      5.858          31.583                 1.91         60
      1          0               0    107.300    398.200      0.497           8.858                 1.14         10
      1          0               0     76.900    444.000      0.863          15.931                 1.26         20
      1          0               0     58.600    523.600      1.050          23.341                 1.29         30
      1          0               0     70.100    749.300      2.136          24.822                 1.62         40
      1          0               0     61.000    939.800      2.943          27.298                 1.84         50
      1          0               0     62.500   1034.700      4.586          27.762                 2.17         60
      1          0               0     44.200    186.700      0.225           7.756                 1.32         10
      1          0               0     68.700    503.100      0.962          12.971                 1.56         20
      1          0               0     98.300    540.100      1.904          18.602                 1.62         30
      1          0               0     61.000    861.800      1.945          24.611                 1.63         40
      1          0               0     69.100    840.100      2.932          28.457                 1.76         50
      1          0               0    118.100   1402.600      9.022          26.742                 2.25         60
      1          0               0     80.300    298.600      0.394           8.146                 1.24         10
      1          0               0     75.200    366.200      0.843          14.754                 1.37         20
      1          0               0     95.700    590.800      1.805          19.136                 1.58         30
      1          0               0    112.900   1108.000      3.275          24.987                 1.61         40
      1          0               0    113.100   1436.700      5.848          26.052                 1.93         50
      1          0               0     58.500   1032.200      5.038          26.964                 2.24         60
      1          0               0     51.100    177.800      0.251           8.384                 1.21         10
      1          0               0     79.200    470.800      0.974          13.184                 1.52         20
      1          0               0    132.000    621.300      2.271          19.870                 1.51         30
      1          0               0    101.600    815.800      3.898          20.965                 1.92         40
      1          0               0     98.400    667.000      8.011          25.878                 1.95         50
      1          0               0     48.200    606.200      5.905          27.093                 2.23         60
      1          0               0     57.600    241.400      0.267           8.977                 1.13         10
      1          0               0     97.800    482.800      1.019          16.143                 1.25         20
      1          0               0    160.400   1050.400      3.271          20.247                 1.49         30
      1          0               0     92.700   1027.800      4.777          22.041                 1.84         40
      1          0               0    126.600   1310.800     11.594          24.084                  2.1         50
      1          0               0    116.700   1470.300     14.389          26.957                 2.26         60
      1          0               0     80.100    264.500      0.449           7.044                 1.44         10
      1          0               0     85.200    529.500      0.996          14.723                 1.37         20
      1          0               0    105.000    601.900      2.166          20.408                 1.48         30
      1          0               0    117.400    846.900      3.204          26.961                 1.49         40
      1          0               0    153.000   1115.000     12.752          28.900                 1.74         50
      1          0               0    117.900   1029.700     11.920          30.723                 1.97         60
      1          0               0     48.700    193.800      0.225           8.807                 1.15         10
      1          0               0     98.300    414.300      0.987          16.800                  1.2         20
      1          0               0     79.000    423.500      1.360          22.327                 1.35         30
      1          0               0     65.600    606.000      2.070          24.049                 1.67         40
      1          0               0     87.700    938.400      4.490          26.070                 1.93         50
      1          0               0     82.900   1126.200      6.375          28.187                 2.14         60
      1          0               0     53.700    247.200      0.269           8.261                 1.23         10
      1          0               0    148.600    747.600      1.665          14.473                 1.39         20
      1          0               0     94.000    982.900      1.719          22.541                 1.34         30
      1          0               0    132.100   1089.300      4.716          21.927                 1.83         40
      1          0               0    144.800   1579.900     13.268          21.352                 2.35         50
      1          0               0    100.000   1593.400     14.803          26.031                 2.31         60
      1          0               0     94.100    309.500      0.441           8.870                 1.13         10
      1          0               0    108.300    738.300      1.373          14.648                 1.38         20
      1          0               0     92.400   1109.500      2.008          19.353                 1.56         30
      1          0               0     81.800   1004.200      3.682          22.678                 1.77         40
      1          0               0     84.800   1027.600      5.766          24.042                 2.09         50
      1          0               0    104.300   1430.500     10.632          26.464                 2.28         60
      1          0               0     44.000    165.800      0.212           8.993                 1.12         10
      1          0               0     67.200    319.800      0.697          17.423                 1.17         20
      1          0               0     99.500    531.600      1.696          24.522                 1.23         30
      1          0               0    118.700    651.800      2.968          30.482                 1.33         40
      1          0               0    130.300   1316.400      4.998          35.892                 1.41         50
      1          0               0     92.400   1327.600      6.481          34.482                 1.76         60
      1          0               0     95.000    300.200      0.462           8.204                 1.23         10
      1          0               0    119.500    815.700      1.256          16.854                 1.19         20
      1          0               0    126.600    932.000      2.131          22.024                 1.37         30
      1          0               0    155.500    959.300      4.092          28.552                 1.41         40
      1          0               0     99.600    964.400      4.193          29.769                 1.69         50
      1          0               0     99.300   1024.500      6.738          29.990                 2.01         60
      1          0               0     87.400    406.100      0.428           7.808                 1.29         10
      1          0               0     85.700    575.300      1.177          13.154                 1.53         20
      1          0               0     90.000    880.700      1.861          19.499                 1.55         30
      1          0               0    161.000   1312.700      6.146          23.369                 1.72         40
      1          0               0    113.900   1331.800      4.923          28.805                 1.74         50
      1          0               0    110.700   1508.000      7.075          30.088                  2.0         60
      1          0               0     60.900    177.600      0.303           8.028                 1.25         10
      1          0               0     98.400    518.700      1.123          15.014                 1.34         20
      1          0               0     61.200    485.400      1.132          20.397                 1.47         30
      1          0               0     41.700    504.900      1.226          26.012                 1.57         40
      1          0               0     90.600    749.500      3.608          31.423                 1.61         50
      1          0               0    127.100   1303.100      6.525          33.692                 1.79         60
      1          0               0     90.300    303.500      0.439           8.700                 1.17         10
      1          0               0     86.700    552.800      0.913          16.602                 1.22         20
      1          0               0    111.800    998.100      1.852          23.784                 1.27         30
      1          0               0    108.100   1149.500      3.445          24.104                 1.68         40
      1          0               0    153.300   1359.500      6.454          29.280                 1.71         50
      1          0               0    123.000    994.000      8.268          32.246                 1.88         60
      1          0               0     87.600    330.600      0.417           8.798                 1.15         10
      1          0               0     99.800    369.000      0.964          17.552                 1.15         20
      1          0               0     81.800    556.500      1.350          23.785                 1.27         30
      1          0               0     89.200    685.500      2.479          28.064                 1.44         40
      1          0               0    104.400   1173.300      5.457          27.104                 1.86         50
      1          0               0    109.600   1320.700      7.873          31.747                 1.92         60
      1          0               0     73.100    343.100      0.403           6.226                 1.66         10
      1          0               0     79.100    607.200      1.041          13.546                  1.5         20
      1          0               0     75.200    571.000      1.467          19.056                 1.58         30
      1          0               0     98.700   1019.400      4.615          18.729                 2.15         40
      1          0               0     65.900    824.900      7.100          20.446                 2.48         50
      1          0               0     47.100    709.600      6.147          22.970                 2.64         60
      1          0               0     34.200    127.300      0.177           8.111                 1.25         10
      1          0               0     72.700    427.400      0.893          14.813                 1.36         20
      1          0               0    105.900    561.700      1.889          22.006                 1.38         30
      1          0               0     75.600    707.800      2.793          24.087                 1.67         40
      1          0               0    111.300    976.700      6.684          26.315                 1.91         50
      1          0               0     69.100    851.700      6.316          26.728                 2.26         60
      1          0               0     58.400    219.500      0.267           8.961                 1.12         10
      1          0               0    127.800    329.300      1.218          18.146                 1.11         20
      1          0               0    138.500    974.000      2.191          24.567                 1.23         30
      1          0               0     90.500    736.500      2.545          28.561                 1.41         40
      1          0               0    139.200   1088.800      5.269          33.117                 1.52         50
      1          0               0     75.100    771.300      5.294          35.005                 1.74         60
      1          0               0     95.100    380.400      0.432           9.079                 1.11         10
      1          0               0    127.100    880.400      1.508          14.567                 1.38         20
      1          0               0     77.800    661.400      1.787          19.240                 1.57         30
      1          0               0     95.600   1015.800      3.109          27.082                 1.49         40
      1          0               0     91.900   1164.600      5.277          28.471                 1.77         50
      1          0               0     72.600   1356.700      8.008          31.704                 1.91         60
      1          0               0     94.300    308.600      0.457           8.560                 1.19         10
      1          0               0    105.100    582.700      1.202          15.691                 1.28         20
      1          0               0    112.200    762.000      1.924          22.430                 1.34         30
      1          0               0    118.300    949.400      3.017          27.780                 1.44         40
      1          0               0    146.100   1663.100      6.240          28.813                 1.75         50
      1          0               0    119.000   1618.500      6.232          32.372                 1.86         60
      1          0               0     73.800    289.500      0.356           8.366                  1.2         10
      1          0               0     89.000    415.600      0.902          15.726                 1.28         20
      1          0               0    108.700    925.800      1.990          20.453                 1.47         30
      1          0               0    107.300   1333.700      3.023          25.788                 1.56         40
      1          0               0     93.800   1208.500      4.971          27.346                 1.84         50
      1          0               0   1542.000   4175.700    100.295          29.946                  2.0         60
      1          0               0    122.400    325.800      0.576           8.908                 1.15         10
      1          0               0    105.000    750.300      1.454          13.099                 1.55         20
      1          0               0    116.200   1039.300      2.520          21.169                 1.43         30
      1          0               0    112.600   1272.400      3.733          25.189                  1.6         40
      1          0               0   1211.200   9429.200    110.874          26.286                  1.9         50
      1          0               0     80.000   1446.800     14.602          26.981                 2.23         60
      1          0               0     69.100    182.700      0.310           9.452                 1.07         10
      1          0               0    103.200    514.600      1.131          15.656                 1.29         20
      1          0               0     58.300    445.800      1.068          21.190                 1.42         30
      1          0               0    107.300   1077.500      3.095          26.491                 1.53         40
      1          0               0    111.400   1256.400      5.904          27.070                 1.86         50
      1          0               0     91.400   1145.200     10.543          26.504                 2.28         60
      1          0               0    119.800    490.300      0.561           9.014                 1.12         10
      1          0               0    151.400    405.000      1.478          16.999                 1.18         20
      1          0               0     61.300    515.100      1.325          20.465                 1.48         30
      1          0               0     75.900    601.900      3.193          24.789                 1.62         40
      1          0               0     66.100    800.600      4.345          24.348                 2.07         50
      1          0               0     95.400   1769.700     10.915          24.877                 2.42         60
      1          0               0     80.600    318.600      0.369           8.988                 1.13         10
      1          0               0    109.000    661.300      1.109          15.858                 1.27         20
      1          0               0     77.600    559.400      1.489          21.295                 1.41         30
      1          0               0     79.100    508.900      2.545          26.922                 1.49         40
      1          0               0     86.100    859.100      4.389          26.618                 1.89         50
      1          0               0     47.500    666.100      4.118          29.606                 2.04         60
      1          0               0    106.100    249.100      0.522           7.285                 1.39         10
      1          0               0     81.900    559.100      0.959          13.389                 1.52         20
      1          0               0    112.100    807.700      2.304          19.323                 1.56         30
      1          0               0     80.900    707.700      2.410          24.108                 1.67         40
      1          0               0     82.200   1240.500      3.849          27.464                 1.83         50
      1          0               0    109.100   1515.300      8.337          28.675                  2.1         60
      1          0               0     93.500    279.900      0.466           7.892                 1.28         10
      1          0               0     70.900    406.700      0.949          14.920                 1.35         20
      1          0               0   1628.100   3734.200     32.441          19.943                 1.51         30
      1          0               0    105.900   1108.000      3.754          23.276                 1.72         40
      1          0               0    104.800   1231.900      7.205          24.742                 2.03         50
      1          0               0    102.200   1794.100     10.372          29.412                 2.05         60
      1          0               0     68.900    290.000      0.327           8.350                 1.22         10
      1          0               0     88.000    486.000      0.934          14.675                 1.37         20
      1          0               0    167.800   1001.600      2.894          19.179                 1.57         30
      1          0               0     77.800    936.100      2.480          22.491                 1.78         40
      1          0               0    115.400   1374.900      5.729          23.941                  2.1         50
      1          0               0     99.100   1103.600      7.259          25.880                 2.33         60
      1          0               0    120.500    330.900      0.533           9.389                 1.07         10
      1          0               0    113.100    694.800      1.160          16.378                 1.23         20
      1          0               0     51.400    352.700      1.095          18.179                 1.67         30
      1          0               0    128.500    856.000      3.970          22.455                 1.79         40
      1          0               0     77.700   1009.700      4.165          25.290                 1.99         50
      1          0               0    103.400   1623.200      8.485          29.042                  2.1         60
      1          0               0     65.400    189.800      0.295           8.772                 1.15         10
      1          0               0     75.300    360.000      0.726          16.778                  1.2         20
      1          0               0     76.900    370.600      1.177          23.633                 1.28         30
      1          0               0     82.700    531.900      2.138          27.181                 1.49         40
      1          0               0    120.600    920.100      8.029          28.601                 1.76         50
      1          0               0    106.500    728.200      8.938          32.613                 1.86         60
      1          0               0     89.300    236.100      0.440           7.570                 1.33         10
      1          0               0    122.200    553.700      1.380          14.048                 1.43         20
      1          0               0    144.700    983.100      2.538          21.691                  1.4         30
      1          0               0    141.100    915.900      5.068          23.838                 1.69         40
      1          0               0     83.900    718.300      5.765          24.564                 2.05         50
      1          0               0    108.800   1254.600     10.149          25.755                 2.34         60
      1          0               0     47.200    230.400      0.229           8.057                 1.27         10
      1          0               0     98.900    522.300      1.005          16.002                 1.27         20
      1          0               0     88.000    646.700      1.742          20.675                 1.47         30
      1          0               0     80.400    754.600      2.735          22.738                 1.77         40
      1          0               0     91.800   1060.900      4.830          24.753                 2.03         50
      1          0               0     83.200   1280.400      7.307          26.410                 2.29         60
      1          0               0     64.600    250.700      0.329           7.833                 1.32         10
      1          0               0     92.300    524.700      1.136          14.840                 1.35         20
      1          0               0    114.700    988.500      2.491          18.713                 1.61         30
      1          0               0     81.400    712.200      2.806          23.010                 1.75         40
      1          0               0     70.400    737.500      3.615          26.371                  1.9         50
      1          0               0     81.800   1338.600      6.160          26.172                  2.3         60
      1          0               0     45.000    206.600      0.206           8.511                 1.18         10
      1          0               0     75.200    429.200      0.794          16.043                 1.25         20
      1          0               0     95.500    734.300      1.682          21.027                 1.43         30
      1          0               0    109.500   1292.400      3.054          24.378                 1.65         40
      1          0               0     90.800   1238.600      3.828          28.537                 1.76         50
      1          0               0     83.600   1180.200      7.160          31.194                 1.95         60
      1          0               0     78.600    329.100      0.368           8.041                 1.27         10
      1          0               0    114.300    549.900      1.203          14.073                 1.44         20
      1          0               0     78.500    512.700      1.527          18.913                  1.6         30
      1          0               0    101.100    838.700      2.865          23.296                 1.73         40
      1          0               0     89.800    892.200      3.665          27.845                 1.81         50
      1          0               0     57.500    949.000      5.269          25.744                 2.34         60
      1          0               0     54.200    199.300      0.254           8.823                 1.14         10
      1          0               0    177.400    617.700      1.814          15.204                 1.32         20
      1          0               0    124.700    644.800      2.220          19.573                 1.54         30
      1          0               0    139.700   1025.800      4.030          24.286                 1.65         40
      1          0               0    148.700    984.000      5.719          27.357                 1.83         50
      1          0               0    293.600   2092.200     18.089          28.777                 2.09         60
      1          0               0     64.000    238.700      0.317           7.720                 1.33         10
      1          0               0     82.900    331.500      0.888          14.536                 1.39         20
      1          0               0     99.100    770.100      1.640          22.334                 1.35         30
      1          0               0     76.700    589.800      2.162          25.125                  1.6         40
      1          0               0     64.500    879.300      3.084          31.340                  1.6         50
      1          0               0    138.600   1418.500     10.897          33.025                 1.83         60
      1          0               0     58.400    254.900      0.271           8.680                 1.17         10
      1          0               0    118.400    500.700      1.243          15.696                 1.28         20
      1          0               0     83.400    560.600      1.424          21.011                 1.43         30
      1          0               0     98.300    938.300      3.369          22.881                 1.76         40
      1          0               0     74.700   1206.300      4.840          24.838                 2.02         50
      1          0               0     87.400   1201.600      5.289          28.009                 2.15         60
      1          0               0     93.700    319.700      0.429           8.352                 1.21         10
      1          0               0     56.100    408.900      0.610          15.098                 1.33         20
      1          0               0    136.900    892.800      2.567          19.057                 1.58         30
      1          0               0     77.500    920.700      2.474          22.738                 1.77         40
      1          0               0    152.200   1875.100      6.899          28.973                 1.75         50
      1          0               0    100.000   1410.500      7.253          30.302                  2.0         60
      1          0               0     85.700    365.900      0.406           9.322                 1.08         10
      1          0               0     44.500    368.900      0.566          15.321                 1.33         20
      1          0               0     38.300    479.100      0.952          17.003                 1.79         30
      1          0               0    103.200   1028.900      3.210          22.547                 1.79         40
      1          0               0     84.700   1085.700      4.487          24.956                 2.04         50
      1          0               0    100.700   1098.500      8.283          28.685                 2.12         60
      1          0               0     39.100    179.600      0.216           8.008                 1.28         10
      1          0               0    108.700    527.900      1.463          13.533                 1.49         20
      1          0               0     94.700    646.800      1.820          20.383                 1.48         30
      1          0               0    142.700   1219.900      3.915          26.982                 1.49         40
      1          0               0    147.200   1194.100      7.104          29.082                 1.73         50
      1          0               0     48.700    730.300      4.770          30.717                 1.96         60
      1          0               0     85.600    256.400      0.404           8.786                 1.14         10
      1          0               0     71.800    512.200      0.750          15.978                 1.26         20
      1          0               0    129.200    916.500      2.228          20.991                 1.44         30
      1          0               0     77.200    728.000      2.224          23.302                 1.73         40
      1          0               0     86.100    792.500      3.562          27.591                 1.83         50
      1          0               0    109.500   1311.100     13.467          25.338                 2.38         60
      1          0               0     93.000    352.500      0.424           9.027                 1.13         10
      1          0               0    104.600    558.100      1.040          16.238                 1.24         20
      1          0               0    112.100   1020.500      2.649          18.558                 1.62         30
      1          0               0    119.000   1077.600      3.966          25.303                 1.59         40
      1          0               0     65.900    803.400      3.100          27.853                  1.8         50
      1          0               0     81.200    895.800      6.807          28.144                 2.14         60
      1          0               0    113.700    391.100      0.501           9.341                 1.07         10
      1          0               0     96.800    554.000      0.934          17.721                 1.14         20
      1          0               0     84.900    783.000      1.732          20.515                 1.47         30
      1          0               0    103.600   1082.300      3.026          26.825                  1.5         40
      1          0               0    125.700   1126.400      5.216          31.957                 1.59         50
      1          0               0     87.200   1329.400      6.278          34.447                 1.77         60
      1          0               0    106.100    242.900      0.478           8.550                 1.18         10
      1          0               0     51.700    305.900      0.639          14.250                 1.42         20
      1          0               0     64.700    427.100      1.273          20.530                 1.47         30
      1          0               0    110.200    990.700      2.857          26.218                 1.53         40
      1          0               0    113.700   1052.500      4.853          28.540                 1.76         50
      1          0               0     59.600    795.000      5.056          29.050                 2.08         60
      1          0               0     70.400    246.000      0.313           9.310                 1.08         10
      1          0               0    111.700    665.600      1.184          15.750                 1.28         20
      1          0               0     89.200   1036.500      1.646          21.971                 1.37         30
      1          0               0     97.100   1127.400      3.382          22.711                 1.78         40
      1          0               0     57.300    767.000      3.279          27.106                 1.85         50
      1          0               0     96.400   1343.800      7.737          27.639                 2.19         60
      1          0               0     64.700    305.200      0.312           8.739                 1.15         10
      1          0               0     67.400    481.400      0.811          14.723                 1.37         20
      1          0               0    153.500    910.500      3.422          18.175                 1.66         30
      1          0               0     73.500    714.500      2.605          23.912                 1.69         40
      1          0               0     76.900    877.100      4.952          24.566                 2.05         50
      1          0               0     57.400    768.800      4.420          30.207                 1.99         60
      1          0               0     92.600    238.000      0.426           9.113                 1.11         10
      1          0               0    114.000    520.000      1.157          15.986                 1.26         20
      1          0               0     73.300    488.700      1.320          20.225                  1.5         30
      1          0               0    119.200    606.700      3.199          25.767                 1.56         40
      1          0               0     49.300    505.300      1.904          30.580                 1.64         50
      1          0               0     67.100    969.300      4.475          28.262                 2.13         60
      1          0               0     80.100    312.600      0.373           8.598                 1.18         10
      1          0               0     93.500    466.400      0.906          17.870                 1.14         20
      1          0               0    143.000    821.700      2.214          23.992                 1.26         30
      1          0               0    109.800    984.000      2.985          26.832                 1.51         40
      1          0               0    119.300   1089.600      5.724          30.299                 1.66         50
      1          0               0    110.600   1446.900      8.348          33.364                 1.81         60
      1          0               0    104.900    276.500      0.486           8.407                  1.2         10
      1          0               0     78.300    542.800      0.794          16.843                 1.19         20
      1          0               0     92.100    846.300      2.135          17.258                 1.76         30
      1          0               0    101.500    913.700      3.424          22.322                  1.8         40
      1          0               0     99.700   1267.200      6.300          21.841                  2.3         50
      1          0               0     70.800    950.900      7.858          26.201                  2.3         60
      1          0               0     69.100    262.600      0.311           9.153                 1.11         10
      1          0               0     99.600    663.600      1.055          16.120                 1.25         20
      1          0               0    115.900    668.100      1.971          21.802                 1.39         30
      1          0               0    200.600   1257.200      5.064          27.621                 1.47         40
      1          0               0     53.100    680.800      2.420          29.168                 1.74         50
      1          0               0     36.800    735.400      2.842          28.188                 2.15         60
      1          0               0     81.300    271.500      0.380           8.870                 1.14         10
      1          0               0     37.500    293.700      0.432          15.021                 1.35         20
      1          0               0     61.100    465.400      1.595          18.800                 1.61         30
      1          0               0     69.100    612.500      3.174          22.126                 1.81         40
      1          0               0     81.100    891.600      7.239          24.827                 2.03         50
      1          0               0     64.000    887.700     13.279          25.420                 2.37         60
      1          0               0     58.100    224.100      0.265           8.410                 1.19         10
      1          0               0    109.900    512.000      1.148          15.290                 1.32         20
      1          0               0     90.300    700.900      2.220          17.702                  1.7         30
      1          0               0     65.300    674.000      2.119          21.490                 1.88         40
      1          0               0     88.600   1263.000      4.700          26.828                 1.88         50
      1          0               0    132.200   1453.600     35.039          26.925                 2.24         60
      1          0               0     69.900    330.600      0.362           6.927                  1.5         10
      1          0               0     59.900    420.600      0.735          14.917                 1.35         20
      1          0               0     72.400    605.000      1.721          20.206                 1.49         30
      1          0               0    141.100    813.800      4.378          24.521                 1.65         40
      1          0               0     93.500   1239.000      5.128          27.207                 1.87         50
      1          0               0     98.300   1575.000      9.513          26.919                 2.25         60
      1          0               0     95.700    252.500      0.420           9.348                 1.08         10
      1          0               0    149.900    436.500      1.437          17.632                 1.14         20
      1          0               0     84.100    530.000      1.460          21.655                 1.39         30
      1          0               0     64.800    645.400      1.936          24.702                 1.63         40
      1          0               0     52.700    668.300      3.146          25.753                 1.95         50
      1          0               0     55.100    866.500      5.251          26.971                 2.24         60
      1          0               0     87.200    299.200      0.406           8.662                 1.16         10
      1          0               0     89.300    606.800      0.966          15.636                 1.29         20
      1          0               0     81.500    628.200      1.611          18.637                 1.62         30
      1          0               0     82.000    640.000      2.376          23.757                 1.69         40
      1          0               0     75.100    734.000      4.025          25.245                 1.99         50
      1          0               0     91.800    980.300      9.455          27.735                 2.17         60
      1          0               0     64.400    287.600      0.313           8.452                 1.21         10
      1          0               0     76.300    455.200      0.752          16.708                  1.2         20
      1          0               0     88.900    458.800      1.507          23.574                 1.28         30
      1          0               0    225.500   1328.700      6.417          24.747                 1.62         40
      1          0               0     77.100    792.300      3.427          27.396                 1.85         50
      1          0               0     96.800   1562.800      6.777          30.451                 1.98         60
      1          0               0     94.900    379.200      0.435           8.733                 1.15         10
      1          0               0     70.400    380.100      0.735          15.166                 1.32         20
      1          0               0     66.900    554.500      1.320          19.374                 1.56         30
      1          0               0    139.000    949.300      3.804          25.209                 1.59         40
      1          0               0     82.300    820.400      3.965          27.041                 1.85         50
      1          0               0     53.100    806.200      4.313          28.288                 2.13         60
      1          0               0     41.000    196.000      0.203           7.912                 1.28         10
      1          0               0     59.900    411.100      0.655          14.860                 1.36         20
      1          0               0     93.600    830.100      1.717          22.256                 1.35         30
      1          0               0     87.000    956.000      2.860          24.568                 1.64         40
      1          0               0     81.000   1209.200      3.973          28.510                 1.77         50
      1          0               0    106.300   1398.200      7.986          29.230                 2.06         60
      1          0               0     45.400    210.600      0.217           8.295                 1.23         10
      1          0               0     44.600    332.700      0.502          14.596                 1.37         20
      1          0               0    115.500    814.100      2.322          18.461                 1.63         30
      1          0               0     57.900    741.600      2.191          22.176                 1.83         40
      1          0               0    109.000   1017.900      5.389          24.861                 2.02         50
      1          0               0    106.200   1299.700      8.149          26.175                 2.31         60
      1          0               0     75.400    290.200      0.353           9.127                 1.11         10
      1          0               0     96.400    497.000      1.054          15.466                 1.32         20
      1          0               0    104.300    757.000      1.689          22.915                 1.32         30
      1          0               0    135.900    920.100      3.262          27.938                 1.44         40
      1          0               0     47.400    631.900      2.433          29.171                 1.73         50
      1          0               0    102.000   1180.200      7.138          32.634                 1.86         60
      1          0               0     73.400    210.300      0.344           8.230                 1.23         10
      1          0               0     91.300    453.300      1.132          13.696                 1.48         20
      1          0               0     86.900    462.300      1.577          20.827                 1.46         30
      1          0               0    103.600    687.200      3.154          27.159                  1.5         40
      1          0               0     88.600    788.100      8.486          25.582                 1.99         50
      1          0               0     75.200    983.100      9.973          26.154                 2.32         60
      1          0               0    119.400    223.400      0.514           9.574                 1.05         10
      1          0               0    714.900   1700.800      7.065          15.873                 1.26         20
      1          0               0    129.000    705.600      2.191          22.293                 1.35         30
      1          0               0    108.800    765.000      3.099          24.665                 1.63         40
      1          0               0    117.400   1131.800      4.835          29.287                 1.72         50
      1          0               0     99.100   1295.100     11.158          26.049                 2.31         60
      1          0               0    115.100    246.600      0.531           8.693                 1.16         10
      1          0               0    142.400    523.300      1.538          14.583                 1.37         20
      1          0               0     93.100    628.500      1.756          21.019                 1.44         30
      1          0               0    102.000    919.200      3.168          23.796                 1.69         40
      1          0               0    121.800   1167.700      4.845          28.873                 1.75         50
      1          0               0     85.400   1205.900      4.674          30.309                 1.99         60
      1          0               0     85.900    285.900      0.393           8.778                 1.15         10
      1          0               0     91.500    531.700      0.985          16.749                  1.2         20
      1          0               0     51.700    437.200      1.213          18.646                 1.62         30
      1          0               0     85.800   1113.400      4.095          20.479                 1.97         40
      1          0               0    120.200   1081.000      9.713          23.261                 2.16         50
      1          0               0    101.000   1487.800     12.594          22.456                  2.7         60
      1          0               0     75.400    341.700      0.418           8.511                 1.22         10
      1          0               0    100.700    625.800      1.042          17.152                 1.18         20
      1          0               0    102.100    739.600      1.837          22.712                 1.34         30
      1          0               0    107.300    777.400      2.969          26.151                 1.55         40
      1          0               0     80.700    754.100      3.309          29.625                  1.7         50
      1          0               0    114.800   1125.800      6.269          32.929                 1.83         60
      1          0               0     83.000    285.700      0.376           8.995                 1.12         10
      1          0               0     80.500    602.800      0.864          16.186                 1.24         20
      1          0               0     78.400    684.800      1.664          19.282                 1.56         30
      1          0               0     73.300    835.500      2.505          24.256                 1.66         40
      1          0               0    118.400   1193.300      6.348          29.117                 1.72         50
      1          0               0    130.100   2101.100     10.078          31.293                 1.92         60
      1          0               0     32.400    161.700      0.158           8.238                 1.23         10
      1          0               0    115.800    629.200      1.201          15.123                 1.33         20
      1          0               0    153.000    761.700      2.473          22.625                 1.33         30
      1          0               0    133.200    911.100      3.675          26.118                 1.54         40
      1          0               0     80.200    851.600      3.074          33.168                 1.52         50
      1          0               0    116.000   1264.500      7.402          34.754                 1.73         60
      1          0               0    129.300    388.800      0.606           9.172                  1.1         10
      1          0               0    109.800    473.000      1.091          17.134                 1.17         20
      1          0               0     88.200    662.100      1.840          20.374                 1.48         30
      1          0               0    158.600   1224.200      4.799          23.919                 1.68         40
      1          0               0    111.600   1029.000      4.568          29.443                 1.71         50
      1          0               0    116.700   1108.000      8.570          27.603                 2.18         60
      1          0               0     50.900    179.600      0.227           9.161                  1.1         10
      1          0               0    176.000    580.000      1.662          17.965                 1.12         20
      1          0               0    123.800    847.800      2.186          22.540                 1.34         30
      1          0               0     67.900    668.000      2.044          26.445                 1.52         40
      1          0               0     82.200    949.700      6.723          25.675                 1.96         50
      1          0               0     71.100    870.900      7.564          29.938                 2.02         60
      1          0               0     50.600    169.400      0.231           9.542                 1.05         10
      1          0               0     81.100    489.200      0.776          16.602                 1.21         20
      1          0               0     87.700    749.700      1.514          23.392                 1.29         30
      1          0               0    124.200   1307.800      3.313          28.452                 1.42         40
      1          0               0    107.800   1353.400      4.451          31.520                 1.62         50
      1          0               0    142.100   1728.900      7.853          35.611                 1.72         60
      1          0               0     66.900    162.100      0.318           8.839                 1.14         10
      1          0               0    124.900    423.900      1.331          15.600                 1.29         20
      1          0               0     99.600    890.900      2.228          17.823                 1.69         30
      1          0               0    150.800   1239.600      5.219          22.700                 1.77         40
      1          0               0    105.500   1017.500      5.135          25.083                  2.0         50
      1          0               0     94.900   1051.200      5.827          28.322                 2.13         60
      1          0               0     56.400    176.500      0.263           8.617                 1.17         10
      1          0               0    124.300    453.400      1.287          16.919                 1.19         20
      1          0               0   1020.000   5117.300     16.530          21.801                 1.38         30
      1          0               0     98.900    871.700      2.592          25.775                 1.56         40
      1          0               0     86.400    943.000      3.402          28.321                 1.78         50
      1          0               0     77.800   1051.100      5.646          27.904                 2.16         60
      1          0               0     81.500    343.800      0.360           9.001                 1.12         10
      1          0               0     96.200    607.100      0.974          14.843                 1.36         20
      1          0               0     81.800    586.700      1.398          22.314                 1.36         30
      1          0               0    131.200   1073.200      3.202          28.047                 1.43         40
      1          0               0    111.000   1184.100      4.325          33.420                  1.5         50
      1          0               0     84.900   1294.200      5.098          34.046                 1.77         60
      1          0               0    107.300    293.100      0.503           8.379                  1.2         10
      1          0               0    106.500    458.700      1.138          13.577                 1.48         20
      1          0               0     65.800    635.500      1.283          19.052                 1.58         30
      1          0               0    112.400    921.400      3.113          22.997                 1.74         40
      1          0               0    110.100   1253.800      5.702          23.924                  2.1         50
      1          0               0    107.400   1750.200     14.354          25.671                 2.35         60
      1          0               0    127.400    387.500      0.566           9.440                 1.06         10
      1          0               0    118.900    394.900      1.377          14.531                 1.38         20
      1          0               0     55.500    556.900      1.221          20.198                 1.49         30
      1          0               0     79.400    811.700      2.809          22.940                 1.76         40
      1          0               0     80.500   1067.900      3.773          26.534                  1.9         50
      1          0               0    133.100   1909.000      8.703          28.795                  2.1         60
      1          0               0    131.700    303.900      0.576           9.473                 1.06         10
      1          0               0    129.800    825.100      1.300          15.874                 1.27         20
      1          0               0    113.900    859.300      1.953          22.716                 1.32         30
      1          0               0     99.000    703.100      2.202          28.984                 1.38         40
      1          0               0     76.900    629.700      3.030          30.862                 1.63         50
      1          0               0     91.200    920.600      5.504          32.417                 1.87         60
      1          0               0    118.400    317.300      0.527           9.399                 1.07         10
      1          0               0     92.300    320.800      0.868          18.174                  1.1         20
      1          0               0    117.100    557.300      1.779          24.684                 1.22         30
      1          0               0    118.100    714.100      3.008          25.746                 1.56         40
      1          0               0     92.500   1193.700      4.068          26.871                 1.87         50
      1          0               0     91.600   1318.500      6.868          26.843                 2.25         60
      1          0               0    112.800    282.800      0.583           7.490                 1.35         10
      1          0               0     53.100    336.500      0.685          15.130                 1.33         20
      1          0               0     95.300    735.600      1.665          23.408                 1.29         30
      1          0               0     90.600    893.300      2.674          28.515                 1.41         40
      1          0               0    118.300    973.900      5.360          30.385                 1.66         50
      1          0               0     86.600   1050.000      5.845          32.645                 1.86         60
      1          0               0    102.500    266.800      0.441           9.475                 1.06         10
      1          0               0     94.700    491.300      0.993          15.157                 1.33         20
      1          0               0    146.900    847.200      2.464          20.465                 1.48         30
      1          0               0    158.900    881.600      4.199          24.515                 1.64         40
      1          0               0    116.500   1222.300      5.019          27.341                 1.84         50
      1          0               0     94.000   1529.500      6.109          28.930                 2.08         60
      1          0               0     54.400    163.000      0.242           9.090                 1.11         10
      1          0               0     54.600    313.500      1.479          12.185                 1.66         20
      1          0               0     54.900    563.400      2.029          17.767                 1.71         30
      1          0               0    178.600   1259.100     11.613          22.056                 1.82         40
      1          0               0     54.300    633.800      3.687          26.363                  1.9         50
      1          0               0     59.900    828.200      5.115          29.205                 2.06         60
      1          0               0     99.900    288.700      0.450           9.169                  1.1         10
      1          0               0     40.400    290.800      0.412          16.166                 1.24         20
      1          0               0     68.800    549.900      1.241          22.106                 1.36         30
      1          0               0     68.200    586.900      1.749          26.833                  1.5         40
      1          0               0     76.000    793.500      3.945          27.768                  1.8         50
      1          0               0     77.400   1332.900      5.475          29.574                 2.04         60
      1          0               0     86.700    269.100      0.420           7.973                 1.27         10
      1          0               0     82.100    454.400      0.905          15.050                 1.36         20
      1          0               0    109.300    657.600      2.207          19.644                 1.53         30
      1          0               0    110.900   1003.900      3.379          26.105                 1.54         40
      1          0               0    117.700   1171.900      5.366          27.534                 1.83         50
      1          0               0    102.600   1508.200      9.751          30.721                 1.96         60
      1          0               0     58.900    241.300      0.266           8.993                 1.12         10
      1          0               0     94.000    569.900      0.993          15.369                 1.31         20
      1          0               0    143.800   1298.400      2.733          20.119                  1.5         30
      1          0               0    101.900   1045.100      3.102          23.467                 1.71         40
      1          0               0     89.800   1437.900      4.242          27.339                 1.84         50
      1          0               0    131.100   1640.200      9.154          29.594                 2.03         60
      1          0               0     81.100    222.700      0.365           8.313                 1.21         10
      1          0               0     57.000    295.600      0.569          16.270                 1.24         20
      1          0               0    109.500    669.500      1.679          23.468                 1.28         30
      1          0               0     84.700    734.000      2.449          25.360                 1.59         40
      1          0               0    107.600   1185.600      4.118          28.286                 1.77         50
      1          0               0    111.500   1417.100      9.803          29.002                 2.08         60
      1          0               0     47.800    213.000      0.225           8.954                 1.15         10
      1          0               0    121.200    597.800      1.255          16.664                  1.2         20
      1          0               0    106.600    833.700      1.767          21.659                 1.39         30
      1          0               0     49.200    468.600      1.661          24.264                 1.66         40
      1          0               0     80.400    903.000      4.373          27.142                 1.85         50
      1          0               0     67.900    903.500      6.206          31.004                 1.94         60
      1          0               0     75.500    247.000      0.350           8.999                 1.12         10
      1          0               0    115.400    630.800      1.135          16.675                 1.21         20
      1          0               0     82.200    549.900      1.282          24.751                 1.22         30
      1          0               0     67.800    783.300      1.651          28.174                 1.43         40
      1          0               0    125.500   1272.400      4.840          30.618                 1.64         50
      1          0               0     84.500    934.100      4.703          31.037                 1.94         60
      1          0               0     94.500    197.000      0.412           9.161                  1.1         10
      1          0               0    120.200    553.700      1.423          14.758                 1.37         20
      1          0               0    119.000    728.800      2.359          19.126                 1.58         30
      1          0               0     80.700    980.500      2.687          23.660                  1.7         40
      1          0               0    108.200   1387.700      6.143          24.674                 2.03         50
      1          0               0    114.100   1446.000     11.602          25.591                 2.35         60
      1          0               0     65.800    323.900      0.316           8.695                 1.17         10
      1          0               0     93.300    357.400      0.994          15.816                 1.28         20
      1          0               0    125.100   1060.600      2.365          18.206                 1.66         30
      1          0               0    172.100   1346.200      5.181          25.427                 1.58         40
      1          0               0    127.000   1292.800      6.137          26.431                  1.9         50
      1          0               0    106.500   1152.200     10.668          26.797                 2.25         60
      1          0               0     82.600    337.500      0.391           8.879                 1.15         10
      1          0               0     61.400    454.000      0.828          14.505                  1.4         20
      1          0               0    104.000    919.200      2.613          19.031                 1.59         30
      1          0               0     88.700    668.600      3.123          22.400                  1.8         40
      1          0               0    125.300   1380.200      5.830          26.314                 1.91         50
      1          0               0     38.600    777.600      3.453          26.363                 2.29         60
      1          0               0     44.000    164.600      0.205           8.859                 1.14         10
      1          0               0     86.400    397.400      0.848          16.966                 1.19         20
      1          0               0     93.900    539.300      1.537          23.667                 1.28         30
      1          0               0     57.400    440.900      1.762          26.943                 1.54         40
      1          0               0    103.100    845.800      5.322          28.325                 1.78         50
      1          0               0    118.000   1102.200      8.485          28.322                 2.13         60
      1          0               0     19.600    124.400      0.094           8.398                  1.2         10
      1          0               0     91.000    519.100      1.014          14.721                 1.37         20
      1          0               0     79.100    750.500      1.822          17.877                  1.7         30
      1          0               0     78.400    779.000      2.817          22.802                 1.76         40
      1          0               0    121.800   1247.500      6.661          27.082                 1.85         50
      1          0               0     83.300   1064.200      8.419          28.191                 2.14         60
      1          0               0     68.700    231.100      0.325           8.841                 1.14         10
      1          0               0    121.200    580.000      1.435          14.064                 1.43         20
      1          0               0     97.300    835.300      2.317          19.184                 1.57         30
      1          0               0    109.700    956.100      3.366          22.335                  1.8         40
      1          0               0     85.200   1011.200      4.881          24.595                 2.05         50
      1          0               0     83.400    954.900      7.654          24.442                 2.48         60
      1          0               0    156.600    363.400      0.761           8.483                 1.19         10
      1          0               0     92.500    507.200      1.077          15.613                  1.3         20
      1          0               0    127.100    822.900      3.780          21.589                  1.4         30
      1          0               0     78.100    702.100      2.857          25.923                 1.56         40
      1          0               0    122.300    916.600      5.402          27.745                 1.82         50
      1          0               0     67.700    948.900      4.873          28.671                 2.11         60
      1          0               0     72.600    171.900      0.333           9.263                 1.09         10
      1          0               0    106.000    386.800      1.091          16.450                 1.23         20
      1          0               0    110.500    551.000      1.898          21.422                 1.41         30
      1          0               0    112.500   1090.400      3.359          25.672                 1.57         40
      1          0               0    140.700   1491.800      5.859          31.036                 1.63         50
      1          0               0    141.900   1446.900     12.085          29.609                 2.04         60
      1          0               0     62.500    192.500      0.305           8.405                  1.2         10
      1          0               0     92.900    461.400      0.980          16.158                 1.24         20
      1          0               0     73.500    670.300      1.633          19.990                 1.51         30
      1          0               0    103.100    968.800      3.207          24.928                 1.61         40
      1          0               0     82.700   1070.600      5.460          26.222                 1.91         50
      1          0               0     80.400    998.300      8.150          28.991                 2.07         60
      1          0               0    106.200    326.200      0.502           8.406                  1.2         10
      1          0               0    120.500    382.700      1.319          15.276                 1.32         20
      1          0               0    108.100    589.900      1.742          24.006                 1.25         30
      1          0               0    115.600    772.500      2.917          28.452                 1.42         40
      1          0               0     88.900    948.700      3.484          31.080                 1.63         50
      1          0               0     79.500   1319.000      4.460          33.008                 1.83         60
      1          0               0     83.600    395.500      0.414           7.962                 1.27         10
      1          0               0     70.800    500.300      0.739          15.032                 1.34         20
      1          0               0     86.700    648.200      1.472          23.720                 1.28         30
      1          0               0     88.100    961.900      2.416          26.885                 1.49         40
      1          0               0     91.800   1193.800      3.535          29.252                 1.72         50
      1          0               0     92.000   1246.800      5.127          33.100                 1.82         60
      1          0               0    117.000    358.900      0.526           9.421                 1.07         10
      1          0               0     83.100    502.100      0.882          15.954                 1.26         20
      1          0               0     83.600    607.800      1.365          21.636                 1.39         30
      1          0               0    108.400   1043.700      2.864          26.850                  1.5         40
      1          0               0     87.400    935.300      3.664          29.879                 1.68         50
      1          0               0     70.100    929.400      5.487          30.167                  2.0         60
      1          0               0     40.100    187.000      0.190           9.484                 1.06         10
      1          0               0    122.000    415.900      1.304          18.734                 1.08         20
      1          0               0    141.800    872.700      2.403          27.733                 1.09         30
      1          0               0     88.900    715.200      2.294          31.975                 1.26         40
      1          0               0     91.700    638.700      3.543          33.130                 1.52         50
      1          0               0     89.900   1000.200      7.001          33.824                 1.78         60
      1          0               0     71.700    227.600      0.325           9.435                 1.06         10
      1          0               0     65.000    410.400      0.693          15.549                  1.3         20
      1          0               0     85.600    695.500      1.798          18.876                  1.6         30
      1          0               0     56.300    657.900      2.163          22.616                 1.78         40
      1          0               0    107.900   1050.200      6.286          25.907                 1.94         50
      1          0               0     55.900    842.000      4.281          27.510                 2.19         60
      1          0               0     78.000    217.300      0.363           8.390                  1.2         10
      1          0               0     88.100    613.300      1.036          14.057                 1.44         20
      1          0               0     99.300    580.300      2.021          18.710                 1.61         30
      1          0               0     63.100    599.900      2.130          24.312                 1.66         40
      1          0               0     61.400    829.700      3.374          29.469                 1.71         50
      1          0               0    266.400   1664.700     19.604          32.266                 1.87         60
      1          0               0     79.600    265.800      0.403           7.557                 1.36         10
      1          0               0     90.600    484.900      1.067          13.660                 1.48         20
      1          0               0    103.200    713.700      2.116          18.828                  1.6         30
      1          0               0     54.000    641.700      2.965          20.719                 1.95         40
      1          0               0     71.300    978.400      4.515          25.097                  2.0         50
      1          0               0    101.800   1274.100     12.501          26.502                 2.27         60
      1          0               0     67.800    291.900      0.336           8.453                 1.22         10
      1          0               0    116.200    746.000      1.256          16.943                 1.21         20
      1          0               0     80.600    597.400      1.472          21.207                 1.43         30
      1          0               0    126.500   1130.500      3.809          22.640                 1.79         40
      1          0               0    106.900   1274.300      5.836          24.094                  2.1         50
      1          0               0    110.100   1652.500      8.889          28.094                 2.14         60
      1          0               0     91.200    271.100      0.465           9.139                  1.1         10
      1          0               0     74.700    428.200      0.904          15.770                 1.28         20
      1          0               0    110.700    658.400      2.082          21.829                 1.38         30
      1          0               0    139.800   1267.600      3.676          27.472                 1.46         40
      1          0               0     76.900    838.100      3.603          27.022                 1.86         50
      1          0               0     86.900   1116.300      6.917          25.572                 2.36         60
      1          0               0     37.600    162.700      0.195           7.987                 1.26         10
      1          0               0    124.200    496.800      1.279          16.317                 1.23         20
      1          0               0     97.200    589.600      1.704          21.537                  1.4         30
      1          0               0     95.700   1026.500      3.206          23.894                 1.68         40
      1          0               0     98.900   1350.700      5.527          28.414                 1.76         50
      1          0               0     94.500   1519.100      8.892          31.599                  1.9         60
      1          0               0     92.200    375.300      0.426           8.718                 1.15         10
      1          0               0     59.800    347.900      0.651          15.517                  1.3         20
      1          0               0     63.400    495.100      1.289          19.831                 1.52         30
      1          0               0    143.600   1009.300      4.017          23.990                 1.68         40
      1          0               0     89.600   1028.100      4.315          25.035                 2.02         50
      1          0               0     77.000   1059.700      5.167          28.530                 2.12         60
      1          0               0     52.300    229.100      0.255           8.075                 1.26         10
      1          0               0     97.200    490.800      0.964          15.841                 1.28         20
      1          0               0     51.600    360.900      0.894          21.690                 1.41         30
      1          0               0    106.700    750.400      3.038          25.881                 1.56         40
      1          0               0     86.000    907.100      3.859          28.921                 1.75         50
      1          0               0     97.900   1507.900      8.064          28.361                 2.13         60
      1          0               0     86.300    275.800      0.409           8.096                 1.25         10
      0          0               0   2000.000  40000.000     21.444          15.966                 1.25         20
      1          0               0     50.600    476.600      1.165          20.966                 1.44         30
      1          0               0     89.400    825.800      3.188          24.068                 1.67         40
      1          0               0     89.300   1081.100      5.783          25.153                  2.0         50
      1          0               0    108.700   1410.400     15.570          25.011                 2.41         60
      1          0               0    109.600    439.800      0.555           7.474                 1.36         10
      1          0               0     91.900    481.300      1.023          14.905                 1.35         20
      1          0               0     73.600    571.500      2.317          18.865                  1.6         30
      1          0               0    115.900   1256.200      7.406          21.375                 1.88         40
      1          0               0    109.900    872.700      6.742          23.874                 2.11         50
      1          0               0     98.100    907.400      7.724          25.684                 2.36         60
      1          0               0     30.200    118.000      0.134           9.136                  1.1         10
      1          0               0     61.400    337.100      0.686          16.415                 1.22         20
      1          0               0     82.800    605.600      1.314          24.079                 1.25         30
      1          0               0     87.500    591.500      2.412          28.719                  1.4         40
      1          0               0     75.700    802.900      3.253          32.017                 1.57         50
      1          0               0     77.100   1145.200      5.096          31.686                  1.9         60
      1          0               0     95.400    325.700      0.464           8.501                 1.18         10
      1          0               0     39.100    330.000      0.436          15.499                 1.31         20
      1          0               0    127.300    977.800      2.974          20.468                 1.48         30
      1          0               0    148.400   1419.700      6.421          23.939                 1.68         40
      1          0               0     97.500   1002.200      6.097          27.072                 1.85         50
      1          0               0     97.000   1065.000     11.154          30.635                 1.96         60
      1          0               0     88.100    363.100      0.423           8.135                 1.24         10
      1          0               0    177.200    765.200      1.786          16.763                  1.2         20
      1          0               0     70.700    827.900      1.761          21.044                 1.43         30
      1          0               0     79.700    763.600      2.867          23.812                 1.69         40
      1          0               0    117.100   1523.300      7.004          25.736                 1.95         50
      1          0               0    156.600   1348.500     11.992          28.997                 2.08         60
      1          0               0    115.700    409.500      0.533           8.705                 1.16         10
      1          0               0     99.400    705.200      1.031          16.023                 1.26         20
      1          0               0     59.300    397.900      1.020          22.288                 1.35         30
      1          0               0     60.900    538.600      1.674          26.501                 1.52         40
      1          0               0     92.500    744.800      4.052          28.436                 1.77         50
      1          0               0     78.400    936.000      5.863          31.052                 1.94         60
      1          0               0    141.300    516.000      0.625           9.233                 1.09         10
      1          0               0    109.200    477.100      1.018          18.429                 1.09         20
      1          0               0    132.100   1032.500      2.027          23.188                  1.3         30
      1          0               0    192.600   1109.000      4.836          28.539                 1.41         40
      1          0               0     97.500   1037.900      3.492          32.268                 1.56         50
      1          0               0     73.700    844.800      4.467          32.372                 1.87         60
      1          0               0     44.000    200.000      0.221           7.866                 1.29         10
      1          0               0    127.900    562.800      1.465          15.242                 1.32         20
      1          0               0    104.900    821.600      2.010          22.458                 1.35         30
      1          0               0     76.000   1142.500      2.703          24.084                 1.67         40
      1          0               0     96.400   1482.600      6.586          25.593                 1.97         50
      1          0               0     68.800   1271.400      7.677          30.372                 1.99         60
      1          0               0     47.300    182.500      0.233           8.338                 1.21         10
      1          0               0     59.600    254.100      0.739          12.576                  1.6         20
      1          0               0     95.100    447.600      2.129          18.354                 1.64         30
      1          0               0     90.000    619.000      4.399          20.016                  2.0         40
      1          0               0     77.000    761.200      7.851          21.810                 2.31         50
      1          0               0     61.300    917.800     11.256          25.710                 2.35         60
      1          0               0     31.400    132.900      0.158           8.201                 1.23         10
      1          0               0     66.100    313.400      0.685          17.121                 1.18         20
      1          0               0     94.600    597.000      1.814          23.150                 1.31         30
      1          0               0    229.200   1710.400      6.631          29.288                 1.37         40
      1          0               0     71.800    913.600      2.769          30.070                 1.68         50
      1          0               0     63.600   1046.800      5.230          29.759                 2.03         60
      1          0               0     50.500    195.100      0.240           8.661                 1.17         10
      1          0               0     61.800    382.100      0.651          15.623                  1.3         20
      1          0               0     43.300    446.000      0.926          20.443                 1.49         30
      1          0               0     98.100   1028.300      2.845          25.753                 1.57         40
      1          0               0     74.500    823.900      3.443          28.942                 1.74         50
      1          0               0     92.800    860.200      6.360          29.597                 2.04         60
      1          0               0     31.400    133.400      0.144           8.994                 1.12         10
      1          0               0     51.700    194.400      0.497          17.290                 1.16         20
      1          0               0    152.600    904.800      2.440          22.088                 1.37         30
      1          0               0    116.700    871.300      3.231          25.358                  1.6         40
      1          0               0     92.400   1252.300      4.502          27.173                 1.85         50
      1          0               0     86.100   1327.600      7.626          27.578                  2.2         60
      1          0               0    100.300    440.900      0.452           8.354                 1.21         10
      1          0               0    112.700    597.800      1.168          15.157                 1.33         20
      1          0               0     77.900    687.400      1.481          18.467                 1.64         30
      1          0               0    109.500    937.800      3.603          21.503                 1.87         40
      1          0               0    105.200    929.800      4.519          25.945                 1.94         50
      1          0               0     78.500   1039.800      9.641          23.345                 2.58         60
      1          0               0    102.600    315.500      0.460           9.166                  1.1         10
      1          0               0     91.400    474.300      0.874          17.346                 1.17         20
      1          0               0     96.900    452.200      1.714          22.598                 1.33         30
      1          0               0    137.300    975.700      3.787          24.763                 1.62         40
      1          0               0    127.800   1306.000      4.947          31.117                 1.61         50
      1          0               0     71.200    927.800      4.875          29.274                 2.06         60
      1          0               0     75.700    247.200      0.328           9.420                 1.07         10
      1          0               0     98.200    521.300      0.972          16.425                 1.23         20
      1          0               0     96.700    842.500      2.013          21.992                 1.38         30
      1          0               0     96.400    971.200      3.485          26.066                 1.55         40
      1          0               0    113.800   1360.700      8.858          29.342                 1.72         50
