success  collision  collision_obst   makespan   flowtime    runtime     mean_groups     mean_groups_size     number
      1          0               0    196.200    469.500      0.289           9.572                 1.05         10
      1          0               0    166.100    648.200      0.489          13.952                 1.44         20
      1          0               0    168.100   1219.500      0.777          21.489                  1.4         30
      1          0               0    180.600   1294.100      1.371          24.146                 1.66         40
      1          0               0    140.300   1232.000      1.378          26.203                 1.92         50
      1          0               0    152.600   1557.700      2.408          29.509                 2.05         60
      1          0               0    187.400    438.000      0.279           9.489                 1.06         10
      1          0               0    171.800   1009.900      0.572          16.201                 1.24         20
      1          0               0    130.500    939.000      0.578          23.610                 1.28         30
      1          0               0    146.400   1550.700      0.967          25.961                 1.55         40
      1          0               0    160.900   2038.400      2.037          26.147                 1.93         50
      1          0               0    131.800   1737.700      2.155          30.774                 1.98         60
      1          0               0    161.700    538.100      0.253           7.834                  1.3         10
      1          0               0    134.000   1003.100      0.444          12.098                 1.69         20
      1          0               0    154.700   1378.800      0.787          18.226                 1.66         30
      1          0               0    154.900   1879.200      1.187          22.019                 1.83         40
      1          0               0    157.500   1661.200      1.764          26.655                 1.88         50
      1          0               0    164.900   2079.000      3.222          27.847                 2.16         60
      1          0               0    195.300    666.100      0.310           8.684                 1.16         10
      1          0               0    193.300   1134.500      0.632          14.299                 1.42         20
      1          0               0    130.800    967.600      0.631          21.518                 1.41         30
      1          0               0    154.800    910.700      1.106          27.139                 1.48         40
      1          0               0    100.300    932.300      0.984          31.386                  1.6         50
      1          0               0    159.200   1615.600      2.404          34.141                 1.77         60
      1          0               0    164.600    527.100      0.280           7.308                 1.41         10
      1          0               0    221.400    990.500      0.729          15.189                 1.33         20
      1          0               0    122.900    895.800      0.570          22.610                 1.33         30
      1          0               0    165.100   1435.100      1.023          30.753                 1.31         40
      1          0               0    141.700   1575.800      1.262          34.193                 1.48         50
      1          0               0    145.700   1570.900      1.782          36.193                 1.67         60
      1          0               0    114.000    496.600      0.179           9.204                 1.09         10
      1          0               0    112.800    744.900      0.366          15.828                 1.27         20
      1          0               0    183.700   1748.800      0.898          22.905                 1.31         30
      1          0               0    166.100   1694.600      1.107          27.114                 1.48         40
      1          0               0    155.200   1696.400      1.647          29.338                 1.71         50
      1          0               0    192.800   2717.800      3.344          31.554                 1.91         60
      1          0               0    193.700    712.900      0.324           8.311                 1.23         10
      1          0               0    128.100    920.200      0.439          14.617                 1.39         20
      1          0               0    164.500   1512.500      0.842          20.831                 1.45         30
      1          0               0    207.400   1832.400      1.434          26.326                 1.53         40
      1          0               0    132.000   1379.100      1.560          28.263                 1.78         50
      1          0               0    160.000   1893.200      3.697          29.640                 2.03         60
      1          0               0    134.000    317.700      0.215           8.640                 1.17         10
      1          0               0    185.600   1078.600      0.605          17.100                 1.19         20
      1          0               0    168.000   1056.900      0.863          21.566                 1.41         30
      1          0               0     98.600    811.100      0.749          25.925                 1.55         40
      1          0               0    145.300   1418.200      1.537          27.053                 1.87         50
      1          0               0    310.900   2198.100      4.768          28.518                 2.11         60
      1          0               0    173.700    399.800      0.275           7.707                 1.31         10
      0          0               1     28.100    562.000      0.092          15.637                 1.29         20
      1          0               0    113.900   1114.800      0.609          18.421                 1.64         30
      1          0               0    144.900   1780.500      1.189          22.671                 1.77         40
      1          0               0    112.100   1640.500      1.557          24.698                 2.03         50
      1          0               0    112.000   1844.000      2.162          24.288                 2.49         60
      1          0               0    113.500    457.100      0.178           9.066                 1.11         10
      1          0               0    113.600    609.500      0.373          16.257                 1.24         20
      1          0               0    168.300   1073.800      0.918          21.380                 1.41         30
      1          0               0    136.100    990.200      1.178          22.640                 1.78         40
      1          0               0    155.600   1689.400      1.835          24.286                 2.07         50
      1          0               0    182.200   1656.900      3.265          25.636                 2.35         60
      1          0               0    196.000    551.900      0.312           7.978                 1.26         10
      1          0               0    151.800    944.400      0.492          13.440                  1.5         20
      1          0               0    274.100   1830.600      1.398          17.568                 1.72         30
      1          0               0    131.600   1294.800      1.179          22.163                 1.82         40
      1          0               0    115.200   1373.400      1.454          24.137                 2.08         50
      1          0               0    190.400   1916.000      3.296          25.403                 2.37         60
      1          0               0    126.000    564.400      0.309           8.133                 1.24         10
      1          0               0    156.500    679.700      0.890          13.785                 1.46         20
      1          0               0    296.300   1743.500      1.616          20.842                 1.45         30
      1          0               0    214.600   2237.000      1.855          28.026                 1.43         40
      1          0               0    192.200   2017.300      2.133          28.289                 1.78         50
      1          0               0    209.100   2150.100      3.351          31.886                  1.9         60
      1          0               0    184.900    497.400      0.289           9.690                 1.03         10
      1          0               0    148.000   1193.200      0.489          15.242                 1.32         20
      1          0               0    139.200   1811.400      0.773          19.722                 1.53         30
      0          0               0   2000.000  80000.000     17.474          26.884                 1.49         40
      0          0               0   2000.000 100000.000     24.007          29.844                 1.68         50
      1          0               0    135.500   2074.200      2.414          28.860                 2.09         60
      1          0               0    179.900    728.100      0.302           8.600                 1.17         10
      1          0               0    103.500    509.400      0.357          14.369                  1.4         20
      1          0               0    227.600   1653.200      1.149          23.321                 1.29         30
      1          0               0    125.400   1344.300      1.150          27.087                  1.5         40
      0          0               0   2000.000 100000.000     24.101          31.894                 1.57         50
      1          0               0    174.700   2181.700      2.791          32.103                 1.88         60
      1          0               0    176.400    499.900      0.278           9.453                 1.06         10
      1          0               0    183.300    920.600      0.605          13.989                 1.44         20
      1          0               0    161.300   1286.400      0.809          20.224                 1.49         30
      1          0               0    223.000   1680.000      1.642          24.856                 1.62         40
      1          0               0    183.800   1774.800      2.030          27.932                 1.79         50
      0          0               1     85.100   5106.000      1.531          27.035                 2.25         60
      1          0               0    143.800    499.600      0.231           9.232                 1.09         10
      1          0               0    188.000    693.700      0.611          16.941                 1.19         20
      1          0               0    217.700   1824.000      1.089          23.294                 1.29         30
      1          0               0    123.000   1316.200      1.102          27.889                 1.45         40
      1          0               0    128.400   1433.000      1.852          32.089                 1.56         50
      1          0               0    163.000   2021.800      2.198          31.960                 1.88         60
      1          0               0    139.400    341.000      0.234           9.575                 1.05         10
      0          0               0   2000.000  40000.000      6.423          16.939                 1.18         20
      1          0               0    108.500    881.700      0.528          20.053                 1.51         30
      1          0               0    109.700    806.300      0.770          24.207                 1.66         40
      1          0               0    282.200   2252.300      3.702          24.395                 2.06         50
      0          0               0   2000.000 120000.000     29.770          26.772                 2.24         60
      1          0               0     77.000    287.900      0.123           8.266                 1.22         10
      1          0               0    230.000    916.800      0.783          14.497                 1.38         20
      1          0               0     85.000    652.700      0.424          20.515                 1.47         30
      1          0               0    173.000   1102.000      1.276          22.312                  1.8         40
      1          0               0    168.100   1469.700      1.954          24.983                 2.01         50
      0          0               0   2000.000 120000.000     35.947          26.032                 2.31         60
      1          0               0    185.500    687.200      0.293           9.010                 1.12         10
      1          0               0    154.500    935.900      0.496          17.363                 1.16         20
      1          0               0    189.600   1624.400      0.919          21.821                 1.38         30
      1          0               0    185.500   1516.700      1.397          25.021                 1.62         40
      1          0               0    161.000   2049.800      1.833          26.493                 1.91         50
      1          0               0    146.000   2744.100      2.331          25.982                 2.33         60
      1          0               0    117.100    382.300      0.189           7.996                 1.26         10
      1          0               0     70.100    621.900      0.231          15.104                 1.34         20
      0          0               0   2000.000  60000.000     10.809          19.862                 1.51         30
      1          0               0    202.600   1539.600      1.640          24.907                 1.63         40
      1          0               0    204.200   1711.200      2.330          28.129                  1.8         50
      1          0               0    116.500   1225.600      2.018          26.416                 2.29         60
      0          0               0   2000.000  20000.000      3.183           8.000                 1.25         10
      1          0               0    238.800    677.200      0.819          18.201                  1.1         20
      1          0               0    154.500   1137.900      0.806          20.843                 1.46         30
      1          0               0    241.100   1771.100      2.168          25.284                 1.59         40
      1          0               0    114.200   1265.500      1.613          27.219                 1.86         50
      1          0               0    125.700   1340.400      1.743          31.235                 1.93         60
      1          0               0    137.300    581.600      0.222           7.417                 1.37         10
      1          0               0    145.000    714.100      0.460          15.173                 1.32         20
      1          0               0    242.400    979.100      1.176          20.569                 1.46         30
      1          0               0    191.900   1123.700      1.307          27.047                 1.49         40
      0          0               0   2000.000 100000.000     20.919          28.961                 1.73         50
      0          0               0   2000.000 120000.000     30.795          29.995                  2.0         60
      1          0               0    116.000    444.200      0.181           9.255                 1.09         10
      1          0               0    149.700    927.300      0.497          15.739                 1.28         20
      1          0               0    124.500   1286.900      0.684          19.027                 1.59         30
      1          0               0    143.800   1563.500      1.177          25.484                 1.58         40
      1          0               0    177.700   1894.100      2.171          27.417                 1.83         50
      0          0               0   2000.000 120000.000     29.216          30.777                 1.95         60
      1          0               0    136.400    358.000      0.220           8.866                 1.13         10
      1          0               0    232.100   1030.200      0.753          14.302                  1.4         20
      1          0               0    192.400   1393.200      0.960          20.195                  1.5         30
      1          0               0    233.500   1611.700      1.711          24.457                 1.64         40
      0          0               0   2000.000 100000.000     20.396          27.891                 1.79         50
      1          0               0    196.100   2837.100      2.762          28.699                 2.11         60
      1          0               0    106.400    483.000      0.171           7.991                 1.27         10
      1          0               0    137.100    583.400      0.430          16.732                  1.2         20
      1          0               0    168.400   1191.500      0.981          18.735                 1.61         30
      1          0               0    172.400   1207.500      1.729          23.341                 1.72         40
      1          0               0    144.400   1422.100      1.894          24.474                 2.06         50
      1          0               0    222.000   1760.300      3.767          28.190                 2.13         60
      1          0               0    186.100    526.400      0.298           9.240                 1.09         10
      1          0               0    103.400    511.800      0.332          17.396                 1.16         20
      1          0               0    183.400    830.400      0.855          23.558                 1.28         30
      1          0               0    175.100   1383.600      1.170          27.985                 1.44         40
      1          0               0    265.200   2502.900      2.709          30.715                 1.64         50
      1          0               0    149.900   1836.200      2.520          30.121                 2.01         60
      1          0               0    237.900    585.500      0.380           9.230                 1.09         10
      1          0               0    122.400    616.500      0.401          14.158                 1.43         20
      1          0               0    174.400    806.100      0.874          20.322                 1.48         30
      1          0               0    249.800   1403.200      1.801          23.464                 1.71         40
      1          0               0    243.300   2578.600      2.554          24.460                 2.05         50
      1          0               0    185.300   1750.400      3.403          26.158                 2.31         60
      1          0               0    125.400    446.400      0.205           8.636                 1.17         10
      1          0               0    191.100   1032.000      0.632          16.096                 1.25         20
      1          0               0    170.400    946.300      0.882          24.622                 1.22         30
      0          0               1     58.800   2352.000      0.635          27.311                 1.47         40
      0          0               1     49.900   2495.000      0.839          30.575                 1.65         50
      0          0               1     76.300   4578.000      1.443          33.700                  1.8         60
      1          0               0    187.000    555.000      0.296           9.511                 1.06         10
      1          0               0    196.000   1096.000      0.634          15.682                 1.28         20
      1          0               0    154.400   1629.300      0.791          17.788                  1.7         30
      1          0               0    203.900   1673.500      1.491          21.419                 1.87         40
      1          0               0    174.100   1821.100      2.150          22.320                 2.25         50
      1          0               0    136.100   2210.900      2.388          23.900                 2.53         60
      1          0               0    175.200    593.200      0.298           8.667                 1.16         10
      1          0               0     92.700    779.100      0.330          14.963                 1.36         20
      1          0               0    300.300   1561.900      1.540          22.072                 1.36         30
      1          0               0     94.300    953.300      0.694          25.549                 1.58         40
      1          0               0    106.100   1088.900      1.056          28.304                 1.79         50
      1          0               0    121.500   1365.900      1.679          31.243                 1.93         60
      1          0               0    105.600    373.400      0.173           7.963                 1.26         10
      1          0               0    245.900   1202.100      0.860          14.834                 1.36         20
      1          0               0    572.500   3584.600      3.211          18.029                 1.67         30
      1          0               0    174.400   2180.100      1.459          22.771                 1.78         40
      1          0               0    132.200   2055.300      1.942          25.494                 1.97         50
      0          0               1     81.100   4866.000      1.669          28.166                 2.15         60
      1          0               0    192.100    629.500      0.316           8.134                 1.24         10
      1          0               0    204.600   1233.000      0.660          16.223                 1.24         20
      1          0               0    154.000   1312.100      0.767          21.909                  1.4         30
      1          0               0    117.300   1322.800      0.892          23.347                 1.72         40
      1          0               0    118.700   1563.000      1.395          26.305                 1.91         50
      1          0               0    112.200   1793.300      2.327          25.217                 2.39         60
      1          0               0     57.000    355.500      0.093           7.623                 1.32         10
      1          0               0    237.100   1086.600      0.790          13.794                 1.46         20
      1          0               0    232.700   1224.100      1.130          21.148                 1.42         30
      1          0               0     79.700    668.800      0.586          23.759                 1.69         40
      1          0               0    164.800   1167.500      1.692          26.961                 1.86         50
      1          0               0    176.600   2210.000      2.953          27.251                 2.21         60
      1          0               0    112.100    433.600      0.183           8.969                 1.13         10
      1          0               0    169.200    842.800      0.549          16.427                 1.22         20
      1          0               0    170.400   1179.700      0.856          20.123                 1.51         30
      1          0               0    180.200   1593.100      1.311          24.230                 1.66         40
      1          0               0    192.400   2052.000      2.337          29.999                 1.67         50
      1          0               0    171.200   2505.500      2.480          34.059                 1.77         60
      1          0               0    133.800    380.700      0.215           8.567                 1.18         10
      1          0               0    116.800    821.400      0.405          14.124                 1.43         20
      1          0               0    283.200   1362.400      1.380          23.305                 1.29         30
      1          0               0    210.600   1630.600      1.430          29.324                 1.37         40
      0          0               1     31.600   1580.000      0.348          27.703                 1.82         50
      0          0               0   2000.000 120000.000     29.009          32.866                 1.83         60
      1          0               0    177.100    591.400      0.294           8.545                 1.18         10
      1          0               0    117.800   1133.300      0.422          15.843                 1.27         20
      1          0               0    144.500   1128.700      0.751          19.879                 1.52         30
      1          0               0    209.900   1464.900      1.548          26.671                 1.51         40
      0          0               0   2000.000 100000.000     20.744          29.984                 1.67         50
      1          0               0    106.500   1366.300      1.556          32.132                 1.87         60
      1          0               0    117.700    317.100      0.193           9.048                 1.12         10
      1          0               0    127.600    793.300      0.423          16.286                 1.25         20
      1          0               0    111.400   1304.400      0.637          18.000                 1.68         30
      1          0               0    113.700   1570.800      0.901          23.115                 1.75         40
      1          0               0    124.000   1886.900      1.403          26.800                 1.88         50
      1          0               0    131.400   2310.200      3.116          28.693                  2.1         60
      1          0               0    149.000    590.000      0.248           8.719                 1.17         10
      1          0               0    171.600   1116.800      0.587          15.116                 1.35         20
      1          0               0    175.400   1664.900      0.888          19.951                 1.51         30
      1          0               0    199.800   2137.500      1.528          24.517                 1.64         40
      1          0               0    124.900   1578.900      1.329          27.718                 1.82         50
      1          0               0    156.800   2677.600      2.506          28.239                 2.13         60
      1          0               0    255.300    536.700      0.420           9.472                 1.06         10
      1          0               0    237.800   1108.300      0.790          16.836                 1.19         20
      1          0               0    246.300   1115.500      1.216          22.429                 1.34         30
      1          0               0    205.200   1868.800      1.497          26.827                  1.5         40
      1          0               0    268.200   2566.300      3.006          31.720                 1.58         50
      0          0               1      3.400    204.000      0.054          32.765                 1.94         60
      1          0               0    222.600    728.400      0.366           9.058                 1.11         10
      0          0               0   2000.000  40000.000      6.391          17.953                 1.11         20
      1          0               0     91.800   1106.100      0.472          20.962                 1.46         30
      0          0               0   2000.000  80000.000     14.212          26.861                 1.49         40
      1          0               0    127.800   1379.600      1.491          24.820                 2.02         50
      1          0               0    154.600   2011.400      2.879          26.349                 2.28         60
      1          0               0     62.400    303.400      0.099           8.335                 1.22         10
      1          0               0    105.400    694.900      0.343          15.256                 1.31         20
      1          0               0    235.800   1054.900      1.105          21.623                 1.39         30
      1          0               0    115.800   1044.900      0.765          27.222                 1.47         40
      1          0               0     75.000    914.800      0.686          32.244                 1.56         50
      1          0               0    155.900   1334.000      1.940          36.008                 1.67         60
      1          0               0    120.400    384.400      0.190           9.244                 1.09         10
      1          0               0    136.900    963.100      0.452          15.189                 1.32         20
      1          0               0    142.000   1485.600      0.851          19.375                 1.56         30
      1          0               0    132.000   1402.200      1.360          22.749                 1.77         40
      1          0               0    192.000   1909.000      2.505          29.665                  1.7         50
      1          0               0    138.700   2061.500      1.936          31.497                 1.91         60
      1          0               0     92.100    352.500      0.146           8.891                 1.13         10
      1          0               0    121.300    715.400      0.384          17.763                 1.14         20
      1          0               0    136.400    856.900      0.648          24.730                 1.23         30
      1          0               0    170.600   1509.100      1.248          26.172                 1.53         40
      1          0               0    229.900   2532.500      2.607          31.953                 1.57         50
      1          0               0    222.800   2345.700      3.524          34.711                 1.74         60
      1          0               0    157.400    604.900      0.252           8.075                 1.27         10
      0          0               0   2000.000  40000.000      6.369          15.899                 1.26         20
      1          0               0    210.000   1283.800      1.106          18.339                 1.65         30
      1          0               0    208.800   2044.700      1.594          22.643                 1.78         40
      1          0               0    162.000   2140.800      1.775          24.773                 2.05         50
      1          0               0    128.200   1838.300      2.496          25.051                 2.41         60
      1          0               0     47.600    196.600      0.076           8.193                 1.23         10
      1          0               0    133.900    688.300      0.446          15.691                  1.3         20
      1          0               0    117.500   1072.900      0.584          21.207                 1.43         30
      1          0               0    155.500   1500.700      1.242          22.082                 1.82         40
      1          0               0    108.700   1394.100      1.289          25.446                 1.99         50
      1          0               0    174.500   1695.400      2.972          29.987                 2.01         60
      1          0               0    134.500    412.900      0.214           8.904                 1.13         10
      1          0               0    182.600    978.400      0.592          15.403                  1.3         20
      1          0               0    161.200   1541.000      0.807          19.736                 1.53         30
      1          0               0    100.800   1327.600      0.694          27.507                 1.46         40
      1          0               0    243.100   2083.000      2.214          33.589                 1.49         50
      1          0               0    163.900   2132.800      2.204          36.249                 1.67         60
      1          0               0    119.800    410.900      0.189           8.395                 1.21         10
      1          0               0    155.500    860.700      0.504          14.579                 1.38         20
      1          0               0    198.900   1493.400      0.953          22.512                 1.34         30
      1          0               0    195.600   1606.300      1.380          26.103                 1.54         40
      1          0               0    152.800   1525.700      1.998          26.656                 1.88         50
      1          0               0    180.800   2116.900      3.696          28.664                  2.1         60
      1          0               0    192.100    442.700      0.304           9.515                 1.05         10
      1          0               0    211.400    727.800      0.706          14.223                 1.41         20
      1          0               0    152.500   1608.600      0.818          21.201                 1.42         30
      1          0               0    156.500   1204.700      1.303          25.612                 1.56         40
      1          0               0    153.700   1321.900      1.790          26.369                  1.9         50
      1          0               0    122.300   1533.100      1.691          29.244                 2.06         60
      1          0               0    211.400    590.000      0.337           8.607                 1.17         10
      1          0               0     91.800    631.500      0.301          16.239                 1.24         20
      1          0               0    216.900   1449.700      1.014          23.420                 1.29         30
      1          0               0    196.800   2019.400      1.545          26.388                 1.53         40
      1          0               0    126.800   1717.700      1.521          29.142                 1.72         50
      0          0               0   2000.000 120000.000     29.367          29.984                  2.0         60
      1          0               0    201.600   1067.400      0.328           8.350                 1.21         10
      1          0               0    196.600   1406.100      0.653          15.006                 1.35         20
      1          0               0    156.800   1623.800      0.846          18.804                  1.6         30
      1          0               0    145.500   1987.200      1.206          22.941                 1.75         40
      1          0               0    216.500   2306.800      2.797          27.195                 1.85         50
      1          0               0    132.000   1578.000      2.316          29.995                 2.01         60
      1          0               0    149.000    543.000      0.271           8.762                 1.15         10
      1          0               0    101.100    862.100      0.381          14.593                 1.38         20
      1          0               0    137.600   1336.900      1.115          19.269                 1.57         30
      1          0               0    149.200   1657.500      1.089          22.944                 1.75         40
      0          0               0   2000.000 100000.000     25.816          24.943                 2.01         50
      1          0               0    129.600   2488.100      2.140          27.248                 2.21         60
      1          0               0    142.700    558.400      0.229           8.951                 1.13         10
      1          0               0    148.200    921.800      0.489          14.229                 1.42         20
      1          0               0    185.100   1821.700      0.959          17.984                 1.68         30
      1          0               0    138.500   1622.600      1.086          21.191                  1.9         40
      1          0               0    180.200   2036.600      1.978          24.927                 2.01         50
      0          0               0   2000.000 120000.000     35.775          25.922                 2.32         60
      1          0               0    221.600    469.900      0.351           9.423                 1.07         10
      1          0               0    195.500   1383.100      0.697          12.203                 1.66         20
      1          0               0    236.900   1090.200      1.252          18.876                 1.59         30
      1          0               0    174.700   2019.100      1.422          22.515                 1.79         40
      0          0               0   2000.000 100000.000     24.836          24.960                  2.0         50
      1          0               0    144.800   2250.700      2.505          25.197                  2.4         60
      1          0               0    142.000    521.700      0.222           8.314                 1.21         10
      1          0               0     99.900    629.200      0.331          14.058                 1.44         20
      1          0               0    173.100   1240.900      0.905          19.910                 1.51         30
      1          0               0     94.700   1031.800      0.727          23.334                 1.73         40
      1          0               0    294.600   1552.200      3.019          29.454                  1.7         50
      1          0               0    149.600   1638.300      2.495          29.766                 2.02         60
      1          0               0    175.900    296.700      0.274           8.881                 1.13         10
      1          0               0    144.400    852.600      0.460          16.053                 1.25         20
      1          0               0    201.000   1305.800      0.955          22.463                 1.34         30
      0          0               0   2000.000  80000.000     16.434          24.906                 1.61         40
      0          0               0   2000.000 100000.000     21.587          26.052                 1.92         50
      1          0               0    199.500   2367.600      3.261          29.200                 2.06         60
      1          0               0    112.700    521.100      0.192           7.566                 1.34         10
      1          0               0    191.400   1715.400      0.667          14.232                 1.43         20
      1          0               0    298.600   2308.900      1.538          20.268                 1.48         30
      1          0               0    263.800   2357.200      1.933          25.191                 1.59         40
      1          0               0    147.100   1786.700      1.793          25.829                 1.96         50
      1          0               0    130.500   2190.900      2.275          28.677                  2.1         60
      1          0               0    111.500    324.400      0.177           8.422                 1.19         10
      1          0               0    143.500    724.200      0.468          15.367                 1.32         20
      1          0               0    283.300   1618.200      1.601          18.738                 1.61         30
      1          0               0    230.600   2009.000      1.902          23.152                 1.74         40
      1          0               0    174.000   1675.200      1.897          28.328                 1.77         50
      1          0               0    257.800   3190.700      4.048          27.934                 2.16         60
      1          0               0    195.300    545.900      0.314           9.409                 1.07         10
      1          0               0    261.500    735.100      0.853          14.226                 1.41         20
      1          0               0    106.300    645.900      0.541          22.024                 1.37         30
      0          0               1     39.800   1592.000      0.310          25.347                 1.59         40
      0          0               1     12.000    600.000      0.132          29.475                 1.73         50
      0          0               0   2000.000 120000.000     28.146          32.964                 1.82         60
      1          0               0     70.400    344.900      0.115           9.162                  1.1         10
      1          0               0    103.100    653.800      0.341          17.165                 1.17         20
      1          0               0    133.900   1231.400      0.669          21.940                 1.37         30
      1          0               0    139.900   1501.600      0.947          27.267                 1.47         40
      1          0               0    144.800   1635.000      2.132          29.229                 1.72         50
      0          0               0   2000.000 120000.000     30.018          31.025                 1.93         60
      1          0               0    254.200   1154.000      0.411           7.893                 1.28         10
      1          0               0    237.600    955.100      0.754          15.419                  1.3         20
      1          0               0    118.100    811.700      0.570          21.273                 1.42         30
      1          0               0    203.600   1795.100      1.452          25.877                 1.55         40
      0          0               0   2000.000 100000.000     22.695          28.023                 1.78         50
      1          0               0    145.700   1693.800      2.422          27.150                 2.22         60
      1          0               0     86.100    444.100      0.141           8.560                 1.18         10
      1          0               0     84.500    639.300      0.275          14.859                 1.35         20
      1          0               0    134.800   1129.300      0.650          20.228                 1.49         30
      1          0               0    183.600   1858.400      1.275          25.464                 1.58         40
      1          0               0    170.600   1658.300      1.655          29.982                 1.68         50
      1          0               0    136.300   2270.000      1.972          31.628                 1.91         60
      1          0               0    168.500    404.100      0.259           9.596                 1.05         10
      1          0               0    265.300    996.300      0.826          15.072                 1.33         20
      1          0               0    213.900   1164.400      1.056          19.403                 1.55         30
      1          0               0    158.700   1340.500      1.176          23.911                 1.71         40
      1          0               0    120.600   1705.300      1.441          25.884                 1.96         50
      1          0               0    144.100   2310.900      2.396          26.431                  2.3         60
      1          0               0    128.200    602.800      0.206           8.036                 1.27         10
      1          0               0    119.500   1136.100      0.406          13.906                 1.48         20
      1          0               0    165.300   1297.400      0.796          22.895                 1.32         30
      1          0               0    231.500   1816.800      1.621          27.505                 1.46         40
      1          0               0    221.000   2192.000      2.220          29.114                 1.72         50
      1          0               0    176.500   1936.500      2.483          29.898                 2.02         60
      1          0               0    103.900    346.000      0.164           9.253                 1.09         10
      1          0               0    102.500    580.400      0.335          15.140                 1.33         20
      0          0               0   2000.000  60000.000      9.466          20.919                 1.44         30
      1          0               0    220.400   1534.300      1.651          22.809                 1.77         40
      1          0               0    229.400   2091.000      2.562          25.503                 1.96         50
      1          0               0    107.100   1553.800      1.620          28.668                  2.1         60
      1          0               0    126.700    615.900      0.208           7.442                 1.37         10
      1          0               0    162.200   1100.900      0.531          15.428                  1.3         20
      1          0               0    200.000   1220.900      0.978          18.358                 1.64         30
      1          0               0    163.300   1684.800      1.249          22.677                 1.77         40
      1          0               0    102.300   1536.900      1.108          27.243                 1.85         50
      1          0               0    181.100   2236.700      2.937          29.064                 2.07         60
      1          0               0    131.900    516.100      0.224           8.378                 1.22         10
      1          0               0    231.500   1367.800      0.779          16.373                 1.23         20
      1          0               0    117.300    940.900      0.614          21.014                 1.43         30
      1          0               0    268.100   1896.900      2.318          25.945                 1.55         40
      1          0               0    149.500   1429.000      1.682          29.467                  1.7         50
      1          0               0    151.700   2111.800      2.948          24.672                 2.44         60
      1          0               0    110.800    407.600      0.183           8.968                 1.12         10
      1          0               0    199.100   1195.000      0.658          14.872                 1.35         20
      1          0               0    194.100   1764.300      0.985          22.094                 1.38         30
      1          0               0    250.600   2355.500      1.766          26.925                  1.5         40
      1          0               0    254.600   2905.100      3.236          29.437                 1.71         50
      0          0               0   2000.000 120000.000     30.764          29.920                 2.01         60
      1          0               0    123.800    364.800      0.199           9.032                 1.12         10
      1          0               0    196.000   1279.100      0.655          15.981                 1.26         20
      1          0               0    136.800   1105.900      0.706          21.807                 1.39         30
      0          0               1     31.700   1268.000      0.235          26.366                 1.53         40
      1          0               0    185.700   2030.200      1.848          32.066                 1.56         50
      0          0               0   2000.000 120000.000     31.866          30.005                  2.0         60
      1          0               0    182.600    604.100      0.292           9.401                 1.07         10
      1          0               0    154.800   1245.900      0.505          15.811                 1.27         20
      1          0               0    176.600   1843.900      0.894          21.595                  1.4         30
      0          0               0   2000.000  80000.000     13.642          29.734                 1.35         40
      0          0               0   2000.000 100000.000     20.366          31.770                 1.58         50
      0          0               0   2000.000 120000.000     30.712          28.801                 2.09         60
      1          0               0    105.400    486.100      0.181           7.633                 1.36         10
      1          0               0    179.700    777.200      0.600          16.002                 1.26         20
      1          0               0    169.300    858.900      0.837          23.237                 1.29         30
      1          0               0    125.000   1163.600      0.904          26.639                 1.51         40
      1          0               0    192.000   2117.500      2.012          28.672                 1.75         50
      1          0               0    158.700   1865.700      2.618          28.417                 2.12         60
      1          0               0     78.000    301.300      0.126           7.168                 1.42         10
      1          0               0     89.700    541.800      0.302          12.953                 1.55         20
      1          0               0    107.600    686.800      0.574          16.902                 1.78         30
      1          0               0    191.400   1346.800      1.547          23.508                  1.7         40
      1          0               0    190.500   1706.400      2.149          25.422                 1.98         50
      0          0               0   2000.000 120000.000     35.982          28.875                 2.08         60
      1          0               0    131.800    482.600      0.212           8.032                 1.25         10
      0          0               1    110.100   2202.000      0.358          15.583                 1.29         20
      1          0               0    488.700   3265.900      2.337          21.851                 1.38         30
      1          0               0    239.200   2349.400      1.649          27.752                 1.45         40
      0          0               0   2000.000 100000.000     19.928          30.894                 1.62         50
      1          0               0    158.100   2313.100      2.201          29.034                 2.08         60
      1          0               0    199.200    672.200      0.322           9.230                 1.09         10
      1          0               0    157.100    815.800      0.539          14.647                 1.39         20
      1          0               0    175.100   1558.500      0.970          19.302                 1.56         30
      1          0               0    149.100   1554.100      1.447          20.705                 1.96         40
      1          0               0    172.100   2023.300      2.719          24.615                 2.04         50
      1          0               0    211.400   2396.000      4.367          27.022                 2.23         60
      1          0               0    131.000    580.700      0.206           8.656                 1.16         10
      1          0               0    130.400   1004.500      0.424          16.615                 1.22         20
      1          0               0    170.400   1315.700      0.893          18.274                 1.65         30
      1          0               0     88.500   1091.600      0.675          24.260                 1.67         40
      0          0               0   2000.000 100000.000     22.526          30.825                 1.62         50
      0          0               0   2000.000 120000.000     31.007          28.850                 2.08         60
      1          0               0    128.100    481.600      0.201           8.931                 1.13         10
      1          0               0    198.200   1236.500      0.653          16.080                 1.26         20
      1          0               0    198.400   1527.900      0.982          21.967                 1.38         30
      1          0               0    214.500   1651.500      1.486          28.406                 1.42         40
      1          0               0    188.400   2195.700      1.953          29.316                 1.71         50
      1          0               0    154.800   1824.600      2.164          29.422                 2.05         60
      0          0               0   2000.000  20000.000      3.155           8.994                 1.11         10
      1          0               0    199.300   1243.500      0.667          15.504                  1.3         20
      1          0               0    221.600   1740.600      1.064          22.622                 1.33         30
      1          0               0    202.500   1383.800      1.653          23.105                 1.74         40
      1          0               0    167.800   1737.600      1.956          25.976                 1.93         50
      1          0               0    146.500   1843.700      2.727          24.110                  2.5         60
      1          0               0    153.800    721.400      0.242           8.548                 1.18         10
      1          0               0    161.000   1184.300      0.517          15.311                 1.32         20
      0          0               0   2000.000  60000.000      9.378          22.915                 1.31         30
      1          0               0    212.000   2099.900      1.564          23.723                 1.69         40
      1          0               0    150.200   2230.700      1.584          27.764                 1.81         50
      1          0               0    134.000   2547.100      2.315          25.548                 2.36         60
      1          0               0    156.100    361.600      0.253           8.657                 1.17         10
      1          0               0    195.900    929.300      0.634          16.136                 1.25         20
      1          0               0    176.100   1269.000      0.894          20.586                 1.46         30
      1          0               0    173.000   1544.300      1.482          24.777                 1.62         40
      1          0               0    178.100   1693.200      2.644          25.436                 1.97         50
      1          0               0    173.100   2043.900      2.455          28.649                  2.1         60
      1          0               0    260.500    671.500      0.416           8.585                 1.17         10
      1          0               0    176.200   1017.000      0.579          14.439                 1.39         20
      1          0               0    153.900   1083.500      0.835          19.651                 1.53         30
      1          0               0    143.300   1028.200      1.017          23.992                 1.67         40
      1          0               0    171.200   1603.000      1.640          27.253                 1.84         50
      1          0               0    166.700   2223.900      2.227          29.322                 2.05         60
      1          0               0    221.400    502.600      0.358           9.546                 1.05         10
      1          0               0    109.200    651.200      0.361          17.933                 1.12         20
      1          0               0    211.900   1587.200      1.038          21.929                 1.37         30
      1          0               0    111.100   1216.400      0.815          24.838                 1.62         40
      1          0               0     85.600   1316.300      0.917          26.796                 1.87         50
      1          0               0    137.200   1689.100      2.007          30.248                 1.99         60
      1          0               0    179.500    557.500      0.293           8.527                 1.18         10
      1          0               0    178.700    872.200      0.613          14.364                  1.4         20
      1          0               0    542.800   2292.700      2.653          21.412                  1.4         30
      0          0               1      6.200    248.000      0.064          24.532                 1.69         40
      0          0               1      6.200    310.000      0.106          25.952                 1.99         50
      1          0               0    172.600   2313.200      2.600          30.765                 1.96         60
      1          0               0    225.100    783.300      0.370           9.175                  1.1         10
      1          0               0    161.400    886.700      0.532          16.405                 1.22         20
      1          0               0    117.700    833.300      0.573          23.568                 1.28         30
      0          0               1     55.200   2208.000      0.423          24.904                 1.62         40
      1          0               0    114.600   1530.300      1.212          27.189                 1.86         50
      0          0               0   2000.000 120000.000     30.635          27.963                 2.15         60
      1          0               0     84.700    352.700      0.141           8.041                 1.27         10
      1          0               0    114.600    879.500      0.400          13.121                 1.56         20
      1          0               0     77.000    827.100      0.387          19.183                 1.58         30
      0          0               0   2000.000  80000.000     14.690          24.984                  1.6         40
      0          0               1      6.800    340.000      0.068          29.338                 1.76         50
      0          0               1      6.800    408.000      0.093          28.926                 2.14         60
      0          0               0   2000.000  20000.000      3.200           7.986                 1.25         10
      1          0               0    158.700    766.000      0.505          15.144                 1.33         20
      1          0               0    225.500   1219.100      1.080          19.800                 1.52         30
      0          0               0   2000.000  80000.000     14.220          24.353                 1.64         40
      0          0               0   2000.000 100000.000     20.729          27.280                 1.83         50
      0          0               0   2000.000 120000.000     30.868          30.848                 1.95         60
      1          0               0    122.100    337.800      0.198           7.988                 1.27         10
      1          0               0    131.500    643.200      0.442          13.643                 1.48         20
      1          0               0    115.700   1087.700      0.569          20.117                  1.5         30
      1          0               0    168.200   1175.800      1.483          21.089                 1.92         40
      1          0               0    177.600   1591.200      3.121          25.909                 1.95         50
      1          0               0     58.400    839.400      1.301          27.048                 2.23         60
      1          0               0    121.400    495.400      0.191           8.856                 1.13         10
      1          0               0    240.900   1005.300      0.765          16.284                 1.23         20
      1          0               0    247.800   1821.500      1.308          20.115                  1.5         30
      1          0               0    199.600   1829.800      1.829          22.341                  1.8         40
      1          0               0    143.800   2092.300      2.176          23.918                 2.12         50
      1          0               0    242.000   2550.200      4.226          27.516                  2.2         60
      1          0               0    138.900    477.400      0.233           7.143                 1.42         10
      1          0               0    182.100   1171.500      0.601          14.607                 1.38         20
      1          0               0    190.200   1164.800      0.949          20.651                 1.46         30
      1          0               0    297.900   2058.800      2.076          27.768                 1.45         40
      1          0               0    261.600   2441.900      3.786          28.976                 1.73         50
      1          0               0     88.100   1311.600      2.057          28.742                 2.11         60
      1          0               0    169.000    402.000      0.272           8.728                 1.15         10
      1          0               0    106.700    414.000      0.334          17.119                 1.17         20
      1          0               0    155.600   1371.900      0.765          21.617                 1.39         30
      1          0               0    163.900   1341.800      1.322          24.546                 1.64         40
      1          0               0    174.200   1657.200      1.881          26.428                 1.91         50
      1          0               0    154.300   1904.800      2.690          28.208                 2.14         60
      1          0               0    109.500    479.200      0.178           8.772                 1.15         10
      1          0               0    264.100   1418.600      0.894          14.307                  1.4         20
      1          0               0    127.100   1410.200      0.640          21.808                 1.39         30
      1          0               0    151.600   2202.700      1.213          20.566                 1.96         40
      1          0               0    109.800   2175.100      1.645          21.112                  2.4         50
      1          0               0    110.200   2271.500      2.401          25.678                 2.35         60
      1          0               0    161.800    566.600      0.258           8.781                 1.15         10
      1          0               0    181.800   1258.200      0.612          14.915                 1.36         20
      0          0               0   2000.000  60000.000     10.292          20.849                 1.44         30
      1          0               0    217.000   2116.400      2.128          22.005                 1.82         40
      1          0               0    681.100   3066.500      8.167          24.823                 2.02         50
      1          0               0    162.600   2037.700      3.421          26.835                 2.25         60
      1          0               0     91.400    337.600      0.145           8.976                 1.12         10
      1          0               0    238.600   1020.300      0.821          18.294                 1.11         20
      1          0               0    203.500   1255.600      0.996          24.643                 1.22         30
      1          0               0    225.700   1082.700      1.487          30.383                 1.33         40
      1          0               0    182.100   1418.500      1.736          35.920                 1.41         50
      1          0               0    162.800   2223.000      2.465          34.767                 1.73         60
      1          0               0    163.300    549.200      0.260           8.424                 1.19         10
      1          0               0    192.800   1186.800      0.622          17.142                 1.18         20
      1          0               0    203.200   1025.600      0.957          22.576                 1.34         30
      1          0               0    200.800   1603.800      1.887          27.663                 1.46         40
      1          0               0    200.100   1735.200      2.319          29.564                  1.7         50
      1          0               0    156.300   2033.600      2.296          29.213                 2.06         60
      1          0               0    166.500    744.600      0.271           7.892                 1.28         10
      1          0               0    123.800    990.800      0.419          13.689                 1.48         20
      1          0               0    184.800   1663.500      0.932          19.525                 1.54         30
      1          0               0    166.800   1656.400      1.260          24.035                 1.68         40
      1          0               0    139.800   1897.400      1.703          27.793                 1.81         50
      0          0               0   2000.000 120000.000     31.229          30.037                  2.0         60
      1          0               0    109.800    325.900      0.181           7.980                 1.26         10
      1          0               0    218.900   1218.700      0.759          14.361                  1.4         20
      1          0               0    156.200   1189.000      0.992          21.261                 1.42         30
      0          0               0   2000.000  80000.000     15.042          29.908                 1.34         40
      1          0               0    111.100   1369.500      1.134          31.163                 1.63         50
      0          0               0   2000.000 120000.000     26.710          36.820                 1.63         60
      1          0               0    181.000    538.300      0.290           9.023                 1.12         10
      1          0               0    161.700   1053.100      0.516          16.986                 1.19         20
      1          0               0    216.400   1932.800      1.032          23.298                 1.29         30
      0          0               0   2000.000  80000.000     15.868          25.853                 1.55         40
      1          0               0    201.200   2428.500      2.284          28.656                 1.75         50
      1          0               0    270.600   1904.000      4.150          32.700                 1.85         60
      1          0               0    172.900    644.700      0.277           8.915                 1.13         10
      1          0               0    240.200    696.100      0.763          17.968                 1.12         20
      0          0               0   2000.000  60000.000      9.999          23.011                  1.3         30
      1          0               0    153.800   1294.800      1.151          27.007                 1.49         40
      0          0               1     26.400   1320.000      0.355          23.955                 2.11         50
      0          0               0   2000.000 120000.000     28.587          35.752                 1.68         60
      1          0               0    148.000    654.800      0.252           6.386                 1.62         10
      1          0               0    136.300    800.900      0.482          13.204                 1.54         20
      1          0               0    163.200   1162.300      0.847          18.407                 1.64         30
      1          0               0    111.500   1442.200      0.981          18.290                 2.22         40
      1          0               0    116.500   1429.200      1.581          19.996                 2.53         50
      1          0               0     99.200   1398.200      2.357          23.224                  2.6         60
      1          0               0     74.600    248.100      0.121           8.174                 1.24         10
      1          0               0    128.200    705.400      0.452          14.397                  1.4         20
      1          0               0    211.900   1416.300      1.042          22.166                 1.36         30
      1          0               0    141.700   1159.100      1.031          25.018                 1.61         40
      1          0               0    163.500   1822.900      1.820          26.513                 1.89         50
      1          0               0    120.300   1512.300      2.020          27.354                  2.2         60
      1          0               0    120.800    494.000      0.193           9.500                 1.06         10
      1          0               0    134.900    502.100      0.428          17.610                 1.15         20
      1          0               0    243.600   1257.200      1.140          25.783                 1.17         30
      1          0               0    113.500    850.700      0.785          29.240                 1.38         40
      1          0               0    155.700   1288.600      1.486          32.634                 1.54         50
      1          0               0    145.400   1374.500      1.905          35.420                 1.71         60
      1          0               0    124.100    564.000      0.207           9.072                 1.11         10
      1          0               0    165.800   1059.900      0.577          14.711                 1.38         20
      1          0               0    163.200   1406.600      0.863          19.638                 1.53         30
      1          0               0    220.100   2110.200      1.617          27.817                 1.44         40
      1          0               0    231.700   2509.800      2.482          29.368                 1.71         50
      1          0               0    141.900   2327.800      2.349          31.530                 1.92         60
      1          0               0    189.700    624.500      0.314           8.443                 1.21         10
      1          0               0    190.500   1720.300      0.633          16.220                 1.24         20
      1          0               0    144.300   1140.700      0.710          24.039                 1.25         30
      1          0               0    208.700   2262.700      1.739          27.725                 1.45         40
      1          0               0    277.800   2124.000      3.216          29.860                 1.68         50
      1          0               0    273.600   3738.600      3.673          32.624                 1.84         60
      1          0               0    130.500    561.900      0.208           8.432                 1.19         10
      1          0               0    139.000    769.700      0.441          15.491                  1.3         20
      0          0               1     90.700   2721.000      0.448          19.743                 1.54         30
      1          0               0    178.000   1688.100      1.328          26.098                 1.54         40
      1          0               0    382.100   2599.700      4.060          28.345                 1.77         50
      1          0               0    179.300   2597.000      3.011          28.855                 2.09         60
      1          0               0    170.100    668.900      0.283           8.305                 1.22         10
      1          0               0    182.200   1479.700      0.645          13.355                 1.51         20
      1          0               0    196.800   1998.100      1.080          21.604                  1.4         30
      1          0               0    285.400   2933.300      2.140          24.926                 1.61         40
      0          0               0   2000.000 100000.000     23.650          26.805                 1.87         50
      1          0               0    158.500   2683.600      2.845          27.691                 2.18         60
      1          0               0    131.100    365.100      0.207           9.556                 1.05         10
      1          0               0    165.700    891.700      0.531          15.815                 1.27         20
      1          0               0    154.100   1033.900      0.721          22.178                 1.36         30
      1          0               0    115.000   1514.500      0.802          25.142                 1.61         40
      1          0               0    240.200   2084.500      2.405          27.494                 1.83         50
      1          0               0    156.400   2142.300      2.614          25.948                 2.33         60
      1          0               0    192.100    610.100      0.306           9.099                 1.12         10
      1          0               0    126.700    613.500      0.413          16.376                 1.23         20
      1          0               0    208.800   1259.900      1.034          22.149                 1.36         30
      1          0               0    146.100   1103.000      1.078          25.810                 1.55         40
      1          0               0    231.100   2032.600      2.500          25.811                 1.95         50
      0          0               0   2000.000 120000.000     32.089          26.871                 2.23         60
      1          0               0    194.900    729.600      0.298           9.271                 1.09         10
      1          0               0    211.000   1110.800      0.653          16.733                 1.21         20
      1          0               0    165.100   1465.500      0.794          22.050                 1.37         30
      1          0               0    148.400   1671.800      1.026          27.465                 1.46         40
      1          0               0    162.600   1169.400      1.584          27.431                 1.84         50
      1          0               0    174.300   1558.100      3.775          29.165                 2.07         60
      1          0               0    139.300    495.200      0.213           7.471                 1.36         10
      1          0               0    184.800   1069.800      0.602          13.222                 1.53         20
      1          0               0    157.600   1365.100      0.773          19.173                 1.58         30
      1          0               0    142.200   1265.500      0.921          25.297                 1.58         40
      1          0               0    140.200   1922.300      1.358          28.335                 1.78         50
      1          0               0    201.500   2910.600      2.689          29.339                 2.06         60
      1          0               0    170.400    536.100      0.259           8.070                 1.25         10
      1          0               0    141.400    906.600      0.461          15.459                  1.3         20
      1          0               0    168.900   1440.100      0.867          19.063                 1.58         30
      1          0               0    220.300   2171.900      1.624          23.337                 1.72         40
      1          0               0    151.900   2059.600      1.682          25.812                 1.94         50
      1          0               0    184.000   2891.400      2.761          29.884                 2.01         60
      1          0               0    215.200    701.000      0.328           9.147                  1.1         10
      1          0               0    154.100    881.900      0.486          14.773                 1.36         20
      1          0               0    267.000   1422.500      1.252          19.383                 1.55         30
      1          0               0    113.600   1171.500      0.778          23.343                 1.72         40
      0          0               0   2000.000 100000.000     20.753          24.968                  2.0         50
      1          0               0    132.700   1895.400      2.111          26.259                 2.29         60
      1          0               0     82.200    236.800      0.126           9.280                 1.08         10
      1          0               0    176.300    859.700      0.560          15.997                 1.27         20
      1          0               0     91.300    976.800      0.475          17.307                 1.77         30
      1          0               0    230.800   1795.700      1.606          23.282                 1.73         40
      1          0               0    146.700   1426.400      1.559          25.556                 1.97         50
      1          0               0    130.600   2407.800      2.028          28.046                 2.16         60
      1          0               0    122.700    368.900      0.184           8.817                 1.14         10
      1          0               0    140.100    808.200      0.422          17.433                 1.15         20
      1          0               0    152.300    736.100      0.716          23.955                 1.26         30
      1          0               0    194.800   1223.500      1.271          27.841                 1.45         40
      1          0               0    239.200   1542.200      2.681          29.429                  1.7         50
      1          0               0    217.400   1525.100      3.069          32.928                 1.84         60
      1          0               0    183.400    463.000      0.294           7.600                 1.33         10
      1          0               0    108.900    568.600      0.359          14.232                 1.42         20
      1          0               0    171.800   1376.800      0.823          21.601                 1.39         30
      0          0               0   2000.000  80000.000     14.400          23.978                 1.67         40
      1          0               0    265.000   2121.000      2.925          24.011                 2.09         50
      0          0               0   2000.000 120000.000     32.909          25.106                 2.39         60
      1          0               0     93.500    436.300      0.152           8.196                 1.24         10
      1          0               0    114.900    729.600      0.372          15.928                 1.28         20
      0          0               0   2000.000  60000.000      9.612          22.786                 1.32         30
      1          0               0    141.700   1385.800      1.107          22.680                 1.78         40
      1          0               0    145.400   1687.600      1.641          23.994                  2.1         50
      1          0               0     89.300   1376.800      1.387          26.777                 2.26         60
      1          0               0    165.700    457.300      0.268           7.727                 1.31         10
      1          0               0    114.400    734.700      0.380          14.656                 1.37         20
      1          0               0    176.400   1122.700      0.875          18.831                  1.6         30
      1          0               0    158.600   1537.700      1.111          23.724                 1.69         40
      1          0               0    140.600   1459.800      1.426          25.523                 1.96         50
      0          0               0   2000.000 120000.000     29.228          26.019                 2.31         60
      1          0               0    147.400    675.900      0.235           8.646                 1.16         10
      1          0               0    174.000    835.500      0.564          16.196                 1.24         20
      1          0               0    179.400   1381.900      0.862          21.338                 1.41         30
      1          0               0    149.500   1917.200      1.223          24.581                 1.63         40
      1          0               0    177.400   2410.200      1.798          27.084                 1.86         50
      1          0               0    147.200   2135.900      2.043          31.387                 1.92         60
      1          0               0    168.900    597.200      0.274           8.037                 1.27         10
      1          0               0    217.100   1142.600      0.695          14.038                 1.44         20
      1          0               0    141.800    860.700      0.714          18.699                 1.61         30
      1          0               0    154.900   1337.600      1.272          23.671                  1.7         40
      1          0               0    122.800   1075.600      1.152          26.927                 1.87         50
      1          0               0    117.600   1569.000      1.676          25.977                 2.32         60
      1          0               0     92.000    423.000      0.143           9.163                  1.1         10
      1          0               0    146.900    800.100      0.472          15.556                 1.29         20
      1          0               0    229.400   1105.100      1.129          19.758                 1.52         30
      1          0               0    255.200   1962.300      1.788          24.466                 1.64         40
      0          0               0   2000.000 100000.000     21.246          26.090                 1.92         50
      1          0               0    194.800   2915.600      2.854          28.143                 2.14         60
      1          0               0    141.400    470.400      0.224           7.994                 1.28         10
      1          0               0    114.500    629.000      0.378          14.070                 1.44         20
      1          0               0    117.100   1026.400      0.575          21.149                 1.43         30
      1          0               0    125.000   1159.400      0.874          25.040                 1.61         40
      1          0               0    138.700   1749.600      1.248          33.116                 1.52         50
      1          0               0    169.800   2223.100      2.370          34.032                 1.78         60
      1          0               0     97.800    457.800      0.154           8.996                 1.12         10
      1          0               0    224.400   1250.500      0.727          16.504                 1.22         20
      1          0               0    200.600    963.100      0.950          21.264                 1.42         30
      1          0               0    136.500   1699.100      1.012          22.329                  1.8         40
      0          0               0   2000.000 100000.000     20.615          25.917                 1.93         50
      0          0               0   2000.000 120000.000     27.355          30.863                 1.95         60
      1          0               0    108.900    285.600      0.174           8.616                 1.17         10
      1          0               0    185.100    865.400      0.587          16.125                 1.25         20
      1          0               0    193.900   1684.600      0.941          19.672                 1.53         30
      0          0               0   2000.000  80000.000     15.429          23.913                 1.67         40
      0          0               0   2000.000 100000.000     18.656          30.781                 1.63         50
      1          0               0    257.800   2740.200      3.599          31.190                 1.94         60
      1          0               0     97.500    561.700      0.155           8.673                 1.17         10
      1          0               0    158.300    908.300      0.512          16.842                  1.2         20
      1          0               0    316.300   1977.000      1.547          18.409                 1.64         30
      1          0               0    139.900   1431.000      1.024          22.142                 1.83         40
      1          0               0    144.700   2078.800      1.537          24.764                 2.06         50
      0          0               0   2000.000 120000.000     29.609          29.894                 2.01         60
      1          0               0     81.800    345.700      0.135           8.079                 1.28         10
      1          0               0    197.200   1065.800      0.661          13.417                 1.51         20
      0          0               1     24.600    738.000      0.127          20.533                 1.49         30
      1          0               0    152.500   1774.800      1.073          26.352                 1.52         40
      1          0               0    140.700   1550.300      1.396          28.872                 1.74         50
      1          0               0    252.400   3140.700      3.602          31.795                 1.89         60
      1          0               0    211.500    506.000      0.340           8.928                 1.12         10
      1          0               0    203.100   1406.600      0.659          16.051                 1.25         20
      1          0               0    199.600   1417.700      0.987          21.163                 1.43         30
      1          0               0    163.700   1601.100      1.287          23.983                 1.69         40
      1          0               0    157.200   1430.100      1.818          28.113                 1.79         50
      1          0               0    176.200   2176.600      3.548          26.218                  2.3         60
      1          0               0    153.900    578.400      0.243           8.801                 1.15         10
      1          0               0    175.100   1082.200      0.563          16.012                 1.26         20
      1          0               0    231.500   1700.400      1.253          19.074                 1.58         30
      0          0               0   2000.000  80000.000     14.973          25.047                  1.6         40
      1          0               0    118.600   1768.100      1.257          26.878                 1.86         50
      1          0               0    159.900   2147.500      2.465          27.814                 2.16         60
      1          0               0    199.800    669.900      0.309           9.416                 1.07         10
      1          0               0    156.300    959.800      0.483          17.850                 1.12         20
      1          0               0    173.800   1511.100      0.886          21.090                 1.43         30
      0          0               0   2000.000  80000.000     13.492          28.903                 1.38         40
      0          0               0   2000.000 100000.000     18.413          33.856                 1.48         50
      0          0               0   2000.000 120000.000     25.810          37.774                 1.59         60
      1          0               0    173.400    515.000      0.277           8.367                  1.2         10
      1          0               0    106.400    676.700      0.361          14.114                 1.43         20
      1          0               0    115.500    958.200      0.593          20.781                 1.45         30
      1          0               0    171.600   1639.400      1.290          26.457                 1.52         40
      0          0               0   2000.000 100000.000     18.295          28.917                 1.73         50
      0          0               0   2000.000 120000.000     27.981          30.914                 1.94         60
      1          0               0    172.100    595.800      0.260           9.307                 1.08         10
      1          0               0    215.800   1108.600      0.698          15.589                 1.29         20
      1          0               0    163.900   1480.300      0.777          22.073                 1.37         30
      1          0               0    135.600   1390.900      0.937          24.071                 1.67         40
      1          0               0    198.700   2703.400      2.043          27.142                 1.85         50
      1          0               0    161.900   2160.800      3.508          27.534                 2.19         60
      1          0               0    133.000    522.400      0.207           8.929                 1.13         10
      1          0               0    162.400    872.600      0.537          14.678                 1.38         20
      1          0               0    177.800   1143.100      0.919          17.939                 1.68         30
      1          0               0    231.700   1789.800      1.652          24.129                 1.67         40
      1          0               0    107.500   1030.900      1.091          25.478                 1.98         50
      1          0               0    217.400   1783.200      2.782          32.570                 1.85         60
      1          0               0    152.400    402.600      0.230           9.289                 1.08         10
      1          0               0    208.500   1097.200      0.627          16.200                 1.24         20
      1          0               0    115.600    808.800      0.542          20.124                  1.5         30
      1          0               0    195.500   1405.400      1.289          25.561                 1.58         40
      1          0               0    108.500   1018.500      0.940          31.625                 1.59         50
      1          0               0    118.300   1450.900      1.449          30.050                  2.0         60
      1          0               0    148.300    618.600      0.229           8.905                 1.14         10
      1          0               0     75.300    523.000      0.234          16.137                 1.25         20
      1          0               0    184.800   1347.900      0.838          23.787                 1.27         30
      1          0               0    187.100   1625.900      1.442          26.959                  1.5         40
      1          0               0    195.400   1792.100      2.096          30.152                 1.67         50
      1          0               0    192.600   2101.200      2.709          33.022                 1.83         60
      1          0               0    179.800    533.900      0.317           8.489                 1.19         10
      1          0               0    139.300    811.000      0.441          16.785                 1.19         20
      0          0               0   2000.000  60000.000     10.800          17.973                 1.67         30
      1          0               0    132.200   1529.300      0.965          22.935                 1.75         40
      1          0               0    171.900   2234.800      1.765          23.252                 2.16         50
      1          0               0    140.500   1592.600      1.937          27.118                 2.22         60
      1          0               0    129.500    504.900      0.201           9.087                 1.11         10
      1          0               0    174.500   1260.400      0.550          16.096                 1.25         20
      1          0               0    245.500   1744.300      1.153          22.260                 1.35         30
      1          0               0    201.200   1643.200      1.508          27.584                 1.47         40
      1          0               0    125.100   1563.100      1.207          29.165                 1.74         50
      1          0               0    170.800   1733.900      2.251          29.836                 2.03         60
      1          0               0    155.900    591.400      0.243           9.071                 1.11         10
      1          0               0     74.800    555.900      0.238          15.493                 1.31         20
      1          0               0    119.000    945.300      0.649          19.029                 1.58         30
      1          0               0    197.400   1858.600      1.724          22.522                 1.78         40
      1          0               0    135.100   1567.800      1.588          24.893                 2.02         50
      0          0               0   2000.000 120000.000     40.908          26.736                 2.25         60
      1          0               0    116.100    456.000      0.175           8.534                 1.18         10
      1          0               0    198.200    868.900      0.605          15.625                 1.29         20
      1          0               0    110.200   1131.000      0.546          18.670                 1.61         30
      1          0               0    137.500   1813.100      1.015          21.686                 1.85         40
      1          0               0    129.200   1684.900      1.394          26.120                 1.93         50
      1          0               0    192.100   2078.500      4.076          26.356                 2.29         60
      1          0               0    108.800    601.900      0.176           7.318                 1.42         10
      1          0               0    105.800    821.800      0.353          14.481                 1.39         20
      1          0               0    148.300   1187.800      0.751          20.543                 1.47         30
      1          0               0    216.800   1469.100      1.539          24.554                 1.64         40
      1          0               0    206.700   1957.200      2.656          27.247                 1.86         50
      1          0               0    134.700   1959.200      2.137          26.304                  2.3         60
      1          0               0    159.300    563.000      0.248           9.152                  1.1         10
      1          0               0    129.300    578.100      0.402          16.738                  1.2         20
      1          0               0    154.600   1444.100      0.750          20.900                 1.44         30
      1          0               0    180.200   1507.800      1.365          24.752                 1.62         40
      1          0               0    197.400   1920.300      2.001          28.226                 1.78         50
      1          0               0    276.900   2273.800      3.986          29.295                 2.05         60
      1          0               0    175.100    634.300      0.266           8.757                 1.15         10
      1          0               0    249.300   1228.100      0.771          15.637                 1.28         20
      1          0               0    154.500   1289.500      0.788          19.122                 1.58         30
      0          0               0   2000.000  80000.000     12.770          24.913                 1.61         40
      1          0               0    126.000   1879.000      1.345          25.437                 1.98         50
      1          0               0    103.600   1750.700      1.639          26.147                 2.31         60
      1          0               0    118.000    483.200      0.186           9.030                 1.12         10
      1          0               0    120.700    744.600      0.376          17.150                 1.17         20
      1          0               0    109.200    540.700      0.514          23.469                 1.28         30
      1          0               0    243.400   2271.800      1.909          24.431                 1.65         40
      1          0               0    147.100   2052.400      2.004          26.481                  1.9         50
      1          0               0    168.800   2677.600      2.730          29.350                 2.06         60
      1          0               0    197.700    772.700      0.312           8.791                 1.14         10
      1          0               0    151.300    732.900      0.474          15.315                 1.31         20
      1          0               0    159.300    825.800      0.786          18.954                 1.59         30
      1          0               0    115.200    972.000      0.924          25.871                 1.55         40
      1          0               0    131.600   1825.100      1.318          26.986                 1.86         50
      1          0               0    101.100   1208.600      1.300          28.970                 2.08         60
      1          0               0    109.000    404.000      0.171           7.547                 1.34         10
      1          0               0    110.500    780.000      0.359          15.090                 1.34         20
      1          0               0    219.400   1860.000      1.029          22.464                 1.34         30
      1          0               0    205.500   1748.400      1.440          24.928                 1.61         40
      1          0               0    235.700   2307.500      2.586          29.739                 1.69         50
      1          0               0    169.300   2567.200      2.358          29.155                 2.07         60
      1          0               0    175.600    604.700      0.279           9.015                 1.12         10
      1          0               0    244.400   1255.900      0.777          15.849                 1.27         20
      0          0               0   2000.000  60000.000      9.995          19.891                 1.51         30
      0          0               0   2000.000  80000.000     14.863          23.973                 1.67         40
      1          0               0    100.300   1373.600      1.033          25.088                  2.0         50
      1          0               0    150.000   1612.700      2.170          26.209                  2.3         60
      0          0               1    113.700   1137.000      0.178           9.004                 1.12         10
      1          0               0    196.500   1177.900      0.646          15.253                 1.33         20
      1          0               0    208.600   1484.300      0.974          23.065                 1.31         30
      0          0               1    102.600   4104.000      0.698          25.837                 1.56         40
      1          0               0    120.700   1377.600      1.113          30.572                 1.64         50
      1          0               0    257.700   2455.100      3.571          33.637                  1.8         60
      1          0               0    147.300    459.300      0.240           8.181                 1.24         10
      1          0               0    171.200    970.700      0.588          13.806                 1.47         20
      1          0               0    175.600    868.400      0.895          20.524                 1.48         30
      1          0               0    173.800   1436.800      1.442          27.078                 1.51         40
      1          0               0    127.300   1482.400      1.568          25.842                 1.96         50
      1          0               0    135.500   1856.600      2.390          26.404                 2.31         60
      1          0               0    219.300    398.300      0.342           9.705                 1.03         10
      1          0               0    241.300   1010.300      0.760          14.599                 1.38         20
      1          0               0     67.200    705.700      0.332          20.781                 1.46         30
      1          0               0    138.000   1563.200      1.003          23.706                  1.7         40
      1          0               0    230.400   2595.900      2.334          28.047                  1.8         50
      0          0               1     48.400   2904.000      0.791          25.269                  2.4         60
      1          0               0    218.700    554.600      0.342           8.657                 1.16         10
      1          0               0    105.100    606.400      0.334          14.738                 1.36         20
      1          0               0    191.900    876.200      0.908          21.188                 1.43         30
      1          0               0    188.600   1678.600      1.325          24.461                 1.64         40
      0          0               0   2000.000 100000.000     18.478          29.902                 1.67         50
      1          0               0    111.600   1839.500      1.443          29.528                 2.05         60
      1          0               0    157.000    555.100      0.257           8.667                 1.17         10
      1          0               0    141.500    948.500      0.465          17.011                 1.19         20
      1          0               0     79.000    675.900      0.415          19.170                 1.58         30
      0          0               0   2000.000  80000.000     16.515          21.010                  1.9         40
      1          0               0    222.200   1977.600      2.668          23.193                 2.17         50
      1          0               0    161.200   1954.800      2.699          22.411                 2.71         60
      1          0               0    205.200   1108.100      0.335           8.657                 1.19         10
      1          0               0    128.800    948.100      0.432          16.647                 1.22         20
      1          0               0    158.700   1139.800      0.796          22.692                 1.34         30
      0          0               1    200.000   8000.000      1.408          26.175                 1.54         40
      1          0               0   1088.000   2846.200     10.927          29.852                 1.68         50
      1          0               0    189.300   2035.600      2.471          32.408                 1.86         60
      1          0               0    148.300    565.300      0.228           9.203                 1.09         10
      1          0               0    161.200    950.200      0.514          16.177                 1.24         20
      1          0               0    163.800   1152.500      0.828          20.033                  1.5         30
      1          0               0    122.200   1335.700      0.898          24.082                 1.67         40
      1          0               0    102.800   1303.600      1.075          28.418                 1.76         50
      1          0               0    127.700   1665.900      1.684          31.024                 1.94         60
      1          0               0     62.700    322.900      0.100           7.880                 1.29         10
      1          0               0    113.900    702.200      0.371          14.766                 1.37         20
      0          0               0   2000.000  60000.000      9.059          23.007                  1.3         30
      0          0               0   2000.000  80000.000     13.584          26.941                 1.49         40
      1          0               0    169.900   1649.200      1.736          33.607                  1.5         50
      1          0               0    105.500   1724.500      1.388          33.975                 1.77         60
      1          0               0    241.700    691.900      0.379           9.143                 1.11         10
      1          0               0    250.400    841.800      0.771          17.223                 1.16         20
      1          0               0    222.300   1562.600      1.083          20.149                  1.5         30
      0          0               0   2000.000  80000.000     14.404          23.962                 1.67         40
      1          0               0    165.500   1584.700      2.055          28.922                 1.74         50
      1          0               0    180.200   1814.600      2.591          28.256                 2.13         60
      1          0               0    127.700    432.100      0.206           8.937                 1.13         10
      1          0               0    240.700    949.900      0.753          17.962                 1.12         20
      1          0               0    165.900   1342.100      0.828          21.591                  1.4         30
      1          0               0    124.200   1368.900      1.034          25.802                 1.56         40
      1          0               0    117.200   1424.800      2.006          26.424                  1.9         50
      1          0               0    139.500   1625.200      2.545          29.188                 2.08         60
      1          0               0     90.700    310.800      0.138           9.632                 1.04         10
      1          0               0     80.000    577.000      0.249          16.389                 1.23         20
      0          0               0   2000.000  60000.000      8.987          26.729                 1.12         30
      0          0               0   2000.000  80000.000     12.730          31.686                 1.27         40
      1          0               0    126.100   2141.800      1.216          30.150                 1.69         50
      1          0               0    163.900   2733.400      2.025          33.350                 1.83         60
      1          0               0    127.100    315.100      0.196           8.882                 1.14         10
      1          0               0    229.400   1174.800      0.738          16.101                 1.25         20
      1          0               0    135.900   1276.000      0.754          17.968                 1.68         30
      1          0               0    145.100   1490.800      1.091          22.353                  1.8         40
      0          0               0   2000.000 100000.000     19.206          26.813                 1.87         50
      0          0               0   2000.000 120000.000     26.801          29.929                 2.01         60
      1          0               0    120.400    357.600      0.188           8.643                 1.17         10
      1          0               0    236.400    816.700      0.732          17.042                 1.18         20
      1          0               0    165.900   1122.700      0.791          20.078                  1.5         30
      1          0               0    132.800   1088.900      0.885          25.392                 1.59         40
      1          0               0    193.500   1789.000      1.805          28.689                 1.76         50
      1          0               0    151.500   1390.000      2.144          28.122                 2.15         60
      1          0               0    164.300    635.200      0.262           9.183                  1.1         10
      1          0               0    165.400   1123.100      0.526          14.819                 1.36         20
      1          0               0    173.800   1105.000      0.818          22.495                 1.34         30
      1          0               0    224.500   1897.300      1.632          28.475                 1.41         40
      1          0               0    193.500   1844.000      1.820          33.676                 1.49         50
      1          0               0    143.500   2165.500      1.912          33.780                 1.78         60
      1          0               0    226.000    626.600      0.367           8.468                 1.19         10
      1          0               0    174.900    943.000      0.567          13.575                 1.48         20
      1          0               0    122.700   1051.800      0.637          19.110                 1.58         30
      1          0               0    197.400   1832.200      1.370          23.224                 1.73         40
      1          0               0    133.400   1653.900      1.342          23.771                 2.11         50
      1          0               0    221.700   2595.000      3.838          26.272                  2.3         60
      1          0               0    259.800    623.200      0.400           9.573                 1.05         10
      1          0               0    203.000    982.600      0.635          15.281                 1.31         20
      1          0               0    214.900   1424.000      1.047          20.963                 1.43         30
      1          0               0    147.000   1420.000      1.197          22.878                 1.77         40
      1          0               0    249.800   2367.000      2.423          27.731                 1.81         50
      1          0               0    143.600   1961.200      2.050          28.967                 2.08         60
      1          0               0    228.800    827.000      0.356           9.543                 1.05         10
      1          0               0    218.900   1811.800      0.699          16.217                 1.24         20
      1          0               0    147.800   1280.800      0.709          22.729                 1.32         30
      1          0               0    268.600   1773.000      1.721          29.980                 1.34         40
      1          0               0    162.600   1253.500      1.630          31.563                 1.59         50
      1          0               0    174.800   1927.700      2.368          32.749                 1.84         60
      1          0               0    225.100    736.600      0.355           9.399                 1.07         10
      1          0               0    164.000    653.200      0.505          18.427                 1.09         20
      1          0               0    185.200   1193.100      0.833          24.657                 1.23         30
      1          0               0    189.300   2156.100      1.299          24.369                 1.65         40
      0          0               0   2000.000 100000.000     21.894          26.096                 1.92         50
      0          0               0   2000.000 120000.000     27.329          28.904                 2.08         60
      1          0               0    253.200    584.500      0.408           7.334                 1.39         10
      1          0               0    146.100    624.000      0.458          15.675                 1.28         20
      1          0               0    172.500   1333.800      0.784          23.739                 1.27         30
      1          0               0    162.700   1976.200      1.138          27.543                 1.46         40
      1          0               0    139.200   1461.300      1.354          30.858                 1.63         50
      1          0               0    270.200   2388.900      3.673          32.691                 1.85         60
      1          0               0    212.500    540.400      0.322           9.370                 1.07         10
      1          0               0    169.600    859.200      0.524          15.259                 1.32         20
      0          0               1     30.400    912.000      0.156          18.845                 1.61         30
      1          0               0    159.200   1278.100      1.270          25.060                  1.6         40
      1          0               0    132.600   1732.700      1.333          26.742                 1.87         50
      0          0               1     52.700   3162.000      0.752          28.046                 2.16         60
      1          0               0    133.900    332.600      0.212           9.157                  1.1         10
      1          0               0     97.400    799.800      0.427          11.955                  1.7         20
      1          0               0     87.900    854.000      0.580          17.758                 1.71         30
      1          0               0    145.300   1372.900      1.511          21.859                 1.84         40
      1          0               0     98.900   1287.000      1.382          27.469                 1.83         50
      0          0               0   2000.000 120000.000     38.242          27.106                 2.21         60
      1          0               0    154.300    440.300      0.238           8.706                 1.16         10
      0          0               0   2000.000  40000.000      6.085          15.985                 1.25         20
      1          0               0    130.300   1200.200      0.620          21.865                 1.38         30
      1          0               0     96.100    758.100      0.642          26.944                 1.49         40
      1          0               0    174.100   1971.600      1.726          27.509                 1.82         50
      1          0               0    168.100   2093.500      2.330          28.582                 2.11         60
      1          0               0    173.100    598.200      0.274           8.206                 1.23         10
      1          0               0    167.500    858.600      0.527          15.385                 1.31         20
      1          0               0    181.100   1381.700      0.886          19.567                 1.54         30
      0          0               0   2000.000  80000.000     14.910          26.039                 1.54         40
      1          0               0    156.300   1467.500      1.559          27.949                  1.8         50
      1          0               0    175.400   2257.400      2.569          30.590                 1.97         60
      1          0               0    131.300    427.600      0.206           9.302                 1.08         10
      0          0               0   2000.000  40000.000      6.279          15.943                 1.26         20
      1          0               0    182.700   1846.800      0.917          20.016                 1.51         30
      1          0               0    161.000   2181.900      1.148          24.581                 1.63         40
      1          0               0    196.500   2593.600      1.949          27.939                  1.8         50
      1          0               0    528.500   9193.600      7.414          30.635                 1.96         60
      1          0               0    147.100    431.400      0.229           8.799                 1.14         10
      1          0               0    119.300    569.000      0.381          15.467                  1.3         20
      0          0               0   2000.000  60000.000      9.094          23.035                  1.3         30
      1          0               0    251.400   2201.400      1.678          26.237                 1.53         40
      1          0               0    180.900   1600.700      1.652          29.181                 1.72         50
      1          0               0    195.200   2159.400      2.781          28.406                 2.12         60
      1          0               0     90.500    328.800      0.139           9.234                 1.09         10
      1          0               0    248.200    616.100      0.755          17.454                 1.15         20
      1          0               0    156.900   1288.200      0.742          21.792                 1.38         30
      1          0               0    125.000   1079.000      1.098          24.540                 1.63         40
      1          0               0    146.600   1619.700      1.542          27.984                 1.79         50
      1          0               0    147.800   1548.400      2.178          30.737                 1.96         60
      1          0               0    225.600    729.700      0.341           8.809                 1.14         10
      1          0               0    237.400   1455.000      0.720          16.972                 1.18         20
      1          0               0    218.800   1168.200      0.983          25.865                 1.16         30
      1          0               0    128.700   1620.800      0.819          29.243                 1.37         40
      1          0               0    197.100   2528.100      1.881          30.743                 1.63         50
      1          0               0    201.800   2307.100      2.481          31.224                 1.93         60
      1          0               0    171.800    430.500      0.264           9.046                 1.11         10
      0          0               0   2000.000  40000.000      6.550          14.923                 1.34         20
      0          0               0   2000.000  60000.000     10.591          18.964                 1.58         30
      0          0               0   2000.000  80000.000     14.267          22.974                 1.74         40
      1          0               0    189.700   1795.000      2.033          25.119                  2.0         50
      1          0               0    160.400   2267.400      2.722          24.829                 2.43         60
      1          0               0    132.900    640.000      0.206           9.117                 1.11         10
      1          0               0    145.500    658.900      0.457          16.240                 1.24         20
      1          0               0    129.200   1112.300      0.627          19.289                 1.56         30
      1          0               0    159.200   1373.100      1.522          25.217                 1.59         40
      1          0               0    100.800   1302.600      1.057          25.390                 1.98         50
      1          0               0    181.700   1922.700      2.611          27.068                 2.22         60
      1          0               0    128.000    617.100      0.199           8.789                 1.16         10
      1          0               0    111.800    875.500      0.357          14.852                 1.36         20
      1          0               0    228.100   1955.100      1.161          19.277                 1.56         30
      1          0               0    162.200   1268.400      1.132          23.029                 1.75         40
      0          0               0   2000.000 100000.000     20.545          24.971                  2.0         50
      1          0               0    182.800   2830.200      2.558          27.865                 2.18         60
      1          0               0    163.900    413.900      0.247           9.337                 1.08         10
      1          0               0    214.700    950.400      0.655          17.167                 1.17         20
      1          0               0    167.800   1274.800      0.781          23.758                 1.28         30
      1          0               0    298.700   1554.400      1.971          27.427                 1.47         40
      1          0               0    230.300   2391.800      2.226          29.008                 1.74         50
      1          0               0    169.900   1544.600      3.179          28.687                  2.1         60
      1          0               0    114.300    395.200      0.178           7.785                  1.3         10
      1          0               0    235.100   1109.800      0.760          14.239                 1.41         20
      1          0               0    159.600   1221.000      0.801          18.342                 1.65         30
      1          0               0    133.700   1254.500      1.285          22.179                 1.82         40
      1          0               0    210.200   2175.500      2.349          26.850                 1.87         50
      1          0               0    129.900   1931.500      2.045          27.965                 2.15         60
      1          0               0    132.200    436.400      0.204           8.721                 1.15         10
      1          0               0    244.400   1309.100      0.769          14.385                  1.4         20
      0          0               0   2000.000  60000.000      9.482          19.912                 1.51         30
      1          0               0    197.800   1798.300      1.642          22.251                 1.81         40
      1          0               0    195.600   1989.500      2.835          25.345                 1.98         50
      0          0               0   2000.000 120000.000     25.197          24.949                 2.41         60
      1          0               0    182.400    498.100      0.284           8.311                 1.21         10
      1          0               0    196.000   1285.900      0.623          15.598                  1.3         20
      1          0               0    235.400   1832.200      1.151          21.347                 1.41         30
      1          0               0    136.200   1403.700      0.895          26.634                 1.51         40
      1          0               0    190.500   2301.100      1.814          27.296                 1.84         50
      1          0               0    186.100   2197.600      2.378          29.441                 2.05         60
      1          0               0    127.200    293.200      0.195           9.424                 1.07         10
      1          0               0    211.200    735.900      0.651          16.562                 1.22         20
      1          0               0    127.800    792.200      0.614          21.433                 1.41         30
      1          0               0    298.800   2749.400      1.976          26.164                 1.54         40
      0          0               0   2000.000 100000.000     18.648          32.754                 1.53         50
      0          0               0   2000.000 120000.000     28.726          30.911                 1.94         60
      1          0               0    125.200    373.300      0.196           8.409                  1.2         10
      1          0               0    184.500    793.200      0.571          16.279                 1.24         20
      1          0               0    108.900   1096.000      0.535          21.322                 1.41         30
      1          0               0    204.000   1371.600      1.434          24.879                 1.61         40
      1          0               0    103.700   1280.700      1.076          26.266                 1.91         50
      1          0               0    154.200   1514.100      2.448          28.795                 2.09         60
      1          0               0    135.800    354.200      0.216           8.525                 1.18         10
      1          0               0    211.900    629.300      0.666          15.371                 1.31         20
      1          0               0    158.200   1144.700      0.726          23.958                 1.25         30
      1          0               0    148.700   1654.900      1.003          26.856                  1.5         40
      1          0               0    204.000   1814.600      1.848          31.603                 1.59         50
      1          0               0    235.700   2786.800      2.991          32.851                 1.83         60
      1          0               0    152.900    775.600      0.246           8.078                 1.25         10
      1          0               0     79.700    537.000      0.249          15.016                 1.35         20
      1          0               0     93.500    906.500      0.451          22.040                 1.38         30
      1          0               0    207.800   2296.200      1.362          27.083                 1.48         40
      1          0               0    169.600   2101.200      1.994          28.528                 1.77         50
      0          0               0   2000.000 120000.000     24.539          34.863                 1.72         60
      1          0               0    220.000    549.300      0.337           9.421                 1.07         10
      1          0               0    179.900    977.700      0.555          16.091                 1.25         20
      1          0               0    223.100   1077.100      1.047          22.007                 1.37         30
      1          0               0    109.700   1104.200      0.779          26.531                 1.52         40
      1          0               0    135.900   1439.800      1.280          29.647                 1.69         50
      0          0               0   2000.000 120000.000     24.237          33.832                 1.78         60
      1          0               0    121.800    449.400      0.193           9.510                 1.06         10
      1          0               0    148.400    667.900      0.472          18.309                  1.1         20
      1          0               0    292.900   1525.300      1.425          28.324                 1.07         30
      1          0               0    218.100   1378.600      1.600          31.728                 1.27         40
      1          0               0    146.400    914.900      1.730          34.365                 1.46         50
      1          0               0    297.000   2250.400      3.807          36.772                 1.64         60
      1          0               0    130.300    455.400      0.203           9.536                 1.05         10
      1          0               0    130.200    945.600      0.409          15.992                 1.26         20
      1          0               0    168.600   1320.200      0.872          18.786                 1.61         30
      1          0               0    183.400   1671.800      1.278          23.019                 1.74         40
      1          0               0    213.400   2272.000      2.182          26.156                 1.92         50
      1          0               0    152.600   2102.900      2.142          29.148                 2.06         60
      1          0               0    205.600    400.300      0.322           8.543                 1.18         10
      1          0               0    134.500    681.100      0.439          14.609                 1.39         20
      1          0               0    242.800   1248.400      1.168          19.553                 1.54         30
      1          0               0    154.800   1082.300      1.227          24.546                 1.64         40
      1          0               0    114.400   1155.000      1.110          30.481                 1.66         50
      0          0               0   2000.000 120000.000     27.625          32.861                 1.83         60
      1          0               0    179.500    546.000      0.286           7.478                 1.37         10
      0          0               0   2000.000  40000.000      6.382          13.973                 1.43         20
      0          0               0   2000.000  60000.000      9.980          18.984                 1.58         30
      1          0               0    127.000   1092.600      1.033          21.085                 1.91         40
      1          0               0    163.400   1784.100      1.969          25.178                 1.99         50
      0          0               0   2000.000 120000.000     36.343          26.066                  2.3         60
      1          0               0    112.100    538.800      0.177           8.342                 1.22         10
      1          0               0    209.400   1434.700      0.656          17.193                 1.18         20
      1          0               0    173.900    985.900      0.800          22.013                 1.37         30
      1          0               0    215.400   1851.200      2.042          22.688                 1.78         40
      1          0               0    165.400   2172.500      1.812          24.623                 2.06         50
      1          0               0    236.600   3379.400      3.447          27.459                  2.2         60
      1          0               0    168.100    514.000      0.257           9.301                 1.08         10
      1          0               0    103.200    507.700      0.312          16.612                 1.22         20
      1          0               0    284.700   1480.600      1.292          21.850                 1.38         30
      1          0               0    171.600   1359.800      1.171          27.650                 1.45         40
      0          0               0   2000.000 100000.000     19.801          27.989                 1.79         50
      0          0               0   2000.000 120000.000     28.643          26.965                 2.23         60
      1          0               0     46.300    258.100      0.074           8.393                 1.21         10
      1          0               0    242.200    610.600      0.783          16.509                 1.21         20
      1          0               0    151.500   1048.600      0.753          21.723                 1.39         30
      1          0               0    207.800   1822.400      1.839          23.489                 1.71         40
      1          0               0    193.100   2435.600      1.924          28.497                 1.76         50
      0          0               0   2000.000 120000.000     31.322          32.019                 1.87         60
      1          0               0    205.600    804.900      0.323           8.658                 1.16         10
      1          0               0    159.600    846.200      0.499          15.732                 1.28         20
      1          0               0    111.400    954.100      0.557          20.118                  1.5         30
      1          0               0    140.500   1232.200      1.103          24.802                 1.63         40
      1          0               0    133.500   1716.200      2.117          24.616                 2.05         50
      1          0               0    185.000   2161.800      3.194          29.340                 2.06         60
      1          0               0    130.300    508.200      0.210           8.452                 1.21         10
      1          0               0    165.100    813.700      0.520          15.847                 1.28         20
      1          0               0    102.300    754.500      0.473          22.118                 1.38         30
      1          0               0    200.100   1268.100      1.380          26.302                 1.53         40
      1          0               0    113.000   1158.200      1.196          26.937                 1.88         50
      1          0               0     91.900   1437.300      1.337          27.966                 2.18         60
      1          0               0    128.200    494.900      0.201           8.016                 1.27         10
      1          0               0    133.800    803.800      0.428          15.481                  1.3         20
      1          0               0     77.600    655.000      0.377          21.724                 1.39         30
      1          0               0    141.200   1620.100      1.018          23.995                 1.67         40
      1          0               0    134.200   1742.600      1.335          26.161                 1.92         50
      1          0               0    206.300   2626.900      3.200          25.791                 2.34         60
      1          0               0    112.000    691.400      0.178           8.130                 1.25         10
      0          0               0   2000.000  40000.000      6.212          14.965                 1.34         20
      0          0               0   2000.000  60000.000     10.165          18.056                 1.66         30
      0          0               0   2000.000  80000.000     16.921          21.941                 1.82         40
      1          0               0    108.700   1335.000      1.219          24.362                 2.07         50
      0          0               0   2000.000 120000.000     28.277          26.849                 2.24         60
      1          0               0     89.200    250.700      0.133           9.188                  1.1         10
      1          0               0    186.600   1007.300      0.580          16.515                 1.21         20
      1          0               0    155.500    930.200      0.701          24.161                 1.25         30
      1          0               0    126.100   1071.500      0.813          28.568                  1.4         40
      1          0               0    115.700   1412.800      1.048          31.982                 1.57         50
      1          0               0    178.500   2891.900      2.673          31.478                 1.92         60
      1          0               0    160.400    631.300      0.252           8.421                  1.2         10
      1          0               0    171.100    854.500      0.541          16.417                 1.24         20
      1          0               0    138.500   1682.300      0.716          19.592                 1.55         30
      1          0               0    200.800   2126.600      1.554          24.648                 1.63         40
      1          0               0    151.700   1735.400      1.519          27.552                 1.82         50
      1          0               0    194.400   2072.000      2.642          31.364                 1.92         60
      1          0               0    145.000    664.900      0.224           8.210                 1.23         10
      1          0               0    150.000    760.100      0.456          16.638                 1.21         20
      1          0               0    210.500   1669.000      1.036          21.866                 1.38         30
      1          0               0    161.000   1399.500      1.279          24.425                 1.64         40
      0          0               0   2000.000 100000.000     22.240          26.911                 1.86         50
      1          0               0    113.200   1803.300      1.650          27.854                 2.16         60
      1          0               0    189.800    741.300      0.294           8.867                 1.14         10
      1          0               0    187.500   1005.700      0.589          16.382                 1.23         20
      1          0               0    201.100   1244.700      0.920          22.906                 1.31         30
      1          0               0    167.400   1480.200      1.058          27.930                 1.44         40
      1          0               0     76.400    864.800      0.734          27.232                 1.84         50
      1          0               0    122.900   1637.000      1.618          30.519                 1.98         60
      1          0               0    121.900    502.200      0.198           8.817                 1.15         10
      1          0               0    265.100   1084.800      0.823          18.944                 1.06         20
      1          0               0    266.200   1289.800      1.258          23.551                 1.28         30
      1          0               0    184.100   1698.600      1.394          28.537                 1.41         40
      1          0               0    189.700   2633.400      1.787          32.587                 1.55         50
      1          0               0    160.200   2255.800      2.032          32.849                 1.84         60
      1          0               0     77.000    353.100      0.127           7.381                 1.38         10
      1          0               0    127.500    866.300      0.431          14.303                 1.41         20
      1          0               0    207.400   2141.300      1.034          21.716                 1.39         30
      1          0               0    152.400   1919.400      1.061          25.263                 1.59         40
      0          0               0   2000.000 100000.000     21.798          26.902                 1.86         50
      1          0               0    127.300   2552.200      2.036          30.126                 2.01         60
      1          0               0     86.500    317.300      0.135           8.354                  1.2         10
      1          0               0    159.900    514.200      0.510          12.333                 1.63         20
      0          0               0   2000.000  60000.000     10.826          17.059                 1.76         30
      1          0               0    109.900   1101.500      0.977          21.068                 1.92         40
      1          0               0    108.900   1340.300      1.873          22.773                 2.21         50
      1          0               0    138.100   1929.100      3.242          25.956                 2.32         60
      1          0               0     55.300    251.700      0.087           8.409                  1.2         10
      1          0               0    111.400    632.200      0.352          17.586                 1.14         20
      1          0               0    163.200    902.400      0.779          23.515                 1.29         30
      1          0               0    158.900   1610.100      1.046          28.310                 1.43         40
      1          0               0    110.700   1597.900      1.068          29.693                 1.71         50
      1          0               0    129.600   2021.100      2.682          30.800                 1.96         60
      1          0               0     90.800    358.300      0.140           9.314                 1.08         10
      1          0               0     81.200    647.400      0.253          15.712                 1.28         20
      1          0               0     87.700    811.000      0.450          20.674                 1.48         30
      1          0               0    304.700   2294.800      2.156          25.307                 1.59         40
      1          0               0    184.400   1754.200      2.091          29.387                 1.72         50
      0          0               0   2000.000 120000.000     28.923          29.963                  2.0         60
      1          0               0     66.000    316.900      0.104           9.492                 1.06         10
      1          0               0     75.200    370.900      0.232          18.262                  1.1         20
      1          0               0    253.800   1393.100      1.196          22.169                 1.36         30
      1          0               0    182.400   1957.500      1.303          24.508                 1.66         40
      1          0               0    164.000   2601.400      1.612          27.565                 1.82         50
      1          0               0    161.300   2881.200      2.756          27.679                 2.18         60
      1          0               0    179.300    836.600      0.293           8.669                 1.17         10
      1          0               0    181.100   1083.800      0.603          15.083                 1.33         20
      1          0               0    159.100   1210.900      0.815          19.326                 1.56         30
      1          0               0    133.700   1593.200      1.019          21.261                  1.9         40
      0          0               0   2000.000 100000.000     24.740          24.963                  2.0         50
      0          0               0   2000.000 120000.000     35.894          23.052                  2.6         60
      1          0               0    136.500    494.500      0.212           8.863                 1.14         10
      1          0               0    216.100    900.100      0.669          17.362                 1.16         20
      1          0               0    193.600    926.900      0.969          22.943                 1.31         30
      0          0               0   2000.000  80000.000     15.089          24.921                 1.61         40
      1          0               0    224.800   2430.300      2.227          30.104                 1.67         50
      1          0               0    226.300   2303.900      3.490          30.659                 1.97         60
      1          0               0    155.800    450.700      0.245           9.456                 1.06         10
      1          0               0    119.900    847.000      0.391          16.777                  1.2         20
      1          0               0    165.200   1636.800      0.829          22.544                 1.34         30
      1          0               0    186.400   1660.200      1.348          27.340                 1.48         40
      1          0               0    146.700   1799.600      1.605          29.539                 1.71         50
      1          0               0    192.500   2402.600      3.130          31.816                  1.9         60
      1          0               0    189.800    629.900      0.301           9.015                 1.12         10
      1          0               0    139.600    793.300      0.444          16.768                  1.2         20
      0          0               0   2000.000  60000.000      9.008          22.980                 1.31         30
      1          0               0    214.200   1745.900      1.584          26.027                 1.54         40
      0          0               0   2000.000 100000.000     26.119          26.910                 1.86         50
      1          0               0    149.800   2282.200      2.444          27.677                 2.18         60
      1          0               0    192.200    570.200      0.306           8.157                 1.25         10
      0          0               0   2000.000  40000.000      6.231          14.963                 1.34         20
      1          0               0    196.600   1106.500      0.946          21.304                 1.42         30
      1          0               0     97.000   1255.400      0.721          21.533                 1.87         40
      1          0               0    190.100   1486.800      1.947          25.183                 2.01         50
      1          0               0    198.700   1638.200      3.338          24.742                 2.43         60
      1          0               0    181.700    761.700      0.293           8.449                 1.19         10
      1          0               0    210.000   1593.700      0.690          15.461                 1.31         20
      1          0               0    195.700   1857.900      0.939          20.367                 1.48         30
      1          0               0    203.900   2456.500      1.437          23.042                 1.74         40
      1          0               0    162.600   2055.400      1.638          27.399                 1.83         50
      1          0               0    165.200   1610.100      2.133          29.318                 2.06         60
      1          0               0    141.500    291.900      0.210           9.590                 1.05         10
      1          0               0    159.100   1043.200      0.485          15.820                 1.28         20
      1          0               0    282.700   2112.700      1.306          21.761                 1.38         30
      1          0               0    144.400   2041.300      0.964          25.476                 1.57         40
      0          0               0   2000.000 100000.000     22.582          28.973                 1.73         50
      1          0               0    113.800   2109.600      1.470          31.987                 1.88         60
      1          0               0    187.300    598.300      0.286           7.977                 1.27         10
      1          0               0    226.100    885.600      0.711          14.129                 1.43         20
      1          0               0     75.800    646.700      0.388          18.215                 1.66         30
      1          0               0    218.800   2086.900      1.649          18.764                 2.14         40
      1          0               0    146.800   1621.200      1.510          22.311                 2.26         50
      1          0               0    118.900   1577.400      1.705          23.943                 2.53         60
      1          0               0    153.100    405.800      0.233           9.396                 1.08         10
      1          0               0    165.600    649.300      0.546          12.553                 1.62         20
      1          0               0    166.100   1772.100      0.836          18.616                 1.63         30
      1          0               0    139.500   1537.000      0.973          24.773                 1.62         40
      1          0               0    104.900   1603.600      1.054          27.112                 1.86         50
      1          0               0    276.900   3061.000      3.351          30.301                 1.99         60
      1          0               0    173.700    434.500      0.271           7.881                 1.28         10
      1          0               0    168.000    919.600      0.533          14.770                 1.37         20
      1          0               0    241.900   1888.600      1.155          23.012                 1.32         30
      1          0               0    233.000   1481.300      1.447          28.040                 1.43         40
      1          0               0    166.800   1871.200      1.491          28.259                 1.79         50
      1          0               0    164.800   1945.400      1.950          32.424                 1.86         60
      1          0               0    141.700    338.000      0.214           9.422                 1.07         10
      1          0               0    148.800    937.600      0.454          16.292                 1.23         20
      1          0               0    134.800   1202.500      0.602          23.594                 1.28         30
      1          0               0     90.700   1156.500      0.589          26.015                 1.54         40
      1          0               0    260.500   1981.100      2.474          27.706                 1.81         50
      1          0               0    190.500   1912.600      2.877          29.867                 2.02         60
      1          0               0     85.100    391.500      0.139           8.425                 1.21         10
      1          0               0    148.500    846.400      0.485          15.114                 1.33         20
      1          0               0    209.100   1221.400      0.987          21.464                 1.41         30
      1          0               0    207.300   1295.500      1.334          27.131                 1.48         40
      1          0               0     96.300    904.500      0.836          29.641                  1.7         50
      0          0               0   2000.000 120000.000     25.629          33.873                 1.77         60
      1          0               0    156.400    460.800      0.251           7.777                  1.3         10
      1          0               0    212.500   1114.900      0.734          13.567                 1.48         20
      1          0               0    251.600   1274.500      1.313          18.283                 1.65         30
      1          0               0    232.900   1879.500      1.756          23.225                 1.73         40
      1          0               0    140.900   1204.700      1.398          26.881                 1.86         50
      1          0               0    167.000   1938.700      2.168          29.307                 2.05         60
      1          0               0    138.000    406.600      0.215           9.212                  1.1         10
      1          0               0    112.700    637.200      0.359          16.929                 1.19         20
      1          0               0    122.900    947.300      0.590          22.354                 1.36         30
      1          0               0    220.200   1481.300      1.480          28.601                 1.42         40
      1          0               0    175.100   1787.800      1.779          31.049                 1.64         50
      1          0               0     95.400   1310.300      1.263          31.537                 1.92         60
      1          0               0    169.600    597.300      0.264           9.040                 1.11         10
      1          0               0    171.300   1006.700      0.522          17.513                 1.15         20
      1          0               0    136.600   1144.700      0.627          23.439                 1.29         30
      1          0               0    134.800   1109.800      0.851          26.999                 1.49         40
      1          0               0    177.000   1350.700      1.592          28.383                 1.77         50
      1          0               0    144.000   1786.600      1.835          28.826                  2.1         60
      1          0               0     58.600    246.400      0.090           8.102                 1.25         10
      1          0               0    216.200   1139.500      0.736          12.877                 1.56         20
      1          0               0    206.300   1275.100      1.061          17.559                 1.72         30
      0          0               0   2000.000  80000.000     14.467          23.692                 1.69         40
      0          0               0   2000.000 100000.000     24.214          26.058                 1.92         50
      0          0               0   2000.000 120000.000     28.428          25.955                 2.31         60
      1          0               0     54.000    301.000      0.081           8.857                 1.16         10
      1          0               0    119.600    838.200      0.372          15.238                 1.32         20
      1          0               0    162.100   1536.600      0.756          21.830                 1.38         30
      1          0               0    141.400   1622.400      1.057          23.662                  1.7         40
      1          0               0    174.800   2389.800      1.776          27.738                 1.81         50
      0          0               0   2000.000 120000.000     32.400          29.950                  2.0         60
      1          0               0    170.400    539.200      0.259           9.074                 1.12         10
      0          0               0   2000.000  40000.000      6.138          14.983                 1.34         20
      1          0               0    156.900   1174.700      0.767          18.557                 1.63         30
      1          0               0    159.100   1528.800      1.048          24.698                 1.62         40
      1          0               0    209.700   2175.800      1.855          28.539                 1.76         50
      1          0               0    178.800   2298.800      2.156          30.345                 1.98         60
      1          0               0     66.500    277.800      0.099           9.386                 1.07         10
      1          0               0    165.500   1067.300      0.497          15.580                  1.3         20
      1          0               0    155.600   1327.700      0.733          18.728                 1.61         30
      1          0               0    213.700   1637.300      1.403          25.273                 1.59         40
      1          0               0    177.500   2241.400      1.571          29.034                 1.73         50
      1          0               0    121.800   1188.200      1.399          32.125                 1.88         60
      1          0               0    132.500    461.800      0.195           9.295                 1.09         10
      1          0               0    154.700    973.900      0.462          17.172                 1.17         20
      1          0               0    132.200    974.800      0.611          22.620                 1.33         30
      1          0               0    148.600   1344.200      0.932          27.985                 1.45         40
      1          0               0    172.600   1344.200      1.457          31.392                 1.61         50
      1          0               0    145.900   1601.900      1.777          33.137                 1.85         60
      1          0               0    243.800    729.000      0.368           9.218                 1.09         10
      1          0               0    200.700   1211.400      0.597          17.105                 1.18         20
      1          0               0    265.800   1598.900      1.222          22.236                 1.35         30
      1          0               0    187.700   1254.500      1.331          26.486                 1.51         40
      1          0               0    211.900   1819.500      2.549          28.484                 1.76         50
      1          0               0    177.000   1929.100      2.117          31.097                 1.93         60
      1          0               0    235.200    744.300      0.349           9.577                 1.05         10
      1          0               0    260.400   1722.000      0.778          15.950                 1.26         20
      1          0               0    169.200   1610.300      0.788          20.280                 1.48         30
      1          0               0    156.000   2020.600      1.020          26.437                 1.52         40
      1          0               0    129.500   1767.600      1.241          26.428                  1.9         50
      1          0               0    114.100   2280.700      1.527          26.968                 2.23         60
      1          0               0    155.600    398.900      0.232           7.777                  1.3         10
      1          0               0    190.700   1087.300      0.575          14.905                 1.35         20
      1          0               0    159.200   1559.500      0.770          20.452                 1.48         30
      1          0               0    109.900   1837.900      0.820          23.781                  1.7         40
      1          0               0    157.600   2476.800      1.615          27.414                 1.84         50
      0          0               1     82.500   4950.000      1.128          28.382                 2.14         60
      1          0               0     58.400    262.400      0.084           8.604                 1.17         10
      1          0               0    178.100    965.000      0.528          15.862                 1.27         20
      1          0               0    176.700   1546.200      0.835          20.997                 1.43         30
      1          0               0    168.800   2006.600      1.149          25.423                 1.58         40
      0          0               0   2000.000 100000.000     18.705          29.874                 1.67         50
      1          0               0    126.200   1720.100      2.310          29.032                 2.07         60
      0          0               0   2000.000  20000.000      3.058           6.019                 1.66         10
      1          0               0    133.600    714.400      0.405          14.090                 1.43         20
      1          0               0    213.700   1775.800      1.121          17.191                 1.77         30
      1          0               0    153.100   1450.500      1.079          20.236                 1.98         40
      1          0               0    200.300   2781.800      1.960          22.480                 2.24         50
      1          0               0    166.800   2582.700      2.828          22.068                 2.74         60
      1          0               0     90.200    321.400      0.133           8.836                 1.15         10
      1          0               0    178.900    854.000      0.533          16.202                 1.24         20
      1          0               0    164.400   1278.900      0.756          20.994                 1.44         30
      1          0               0    202.400   1210.700      1.242          26.047                 1.54         40
      1          0               0    178.900   1781.500      1.411          28.983                 1.73         50
      0          0               0   2000.000 120000.000     27.434          29.932                 2.01         60
      1          0               0    123.300    418.500      0.182           7.873                 1.28         10
      1          0               0    251.600   1084.400      0.755          14.364                 1.41         20
      1          0               0    130.300    993.200      0.645          18.449                 1.64         30
      1          0               0    194.500   1166.100      1.406          24.098                 1.66         40
      1          0               0    104.400   1227.400      1.159          25.838                 1.95         50
      1          0               0    171.200   2181.200      2.565          28.805                 2.09         60
      1          0               0    194.900    556.300      0.290           8.692                 1.16         10
      1          0               0    248.000    986.100      0.738          15.230                 1.32         20
      0          0               0   2000.000  60000.000     10.230          16.971                 1.77         30
      0          0               0   2000.000  80000.000     13.676          24.020                 1.67         40
      1          0               0    231.600   1911.900      2.340          24.577                 2.05         50
      0          0               0   2000.000 120000.000     29.578          25.854                 2.32         60
      1          0               0    153.000    416.000      0.219           9.587                 1.05         10
      1          0               0    210.500    851.400      0.609          17.648                 1.14         20
      1          0               0    142.600    639.800      0.603          25.470                 1.18         30
      1          0               0    151.300   1398.100      0.926          28.600                 1.41         40
      1          0               0    237.900   2613.200      2.008          32.913                 1.53         50
      0          0               0   2000.000 120000.000     20.062          35.848                 1.68         60
      1          0               0    213.700    410.800      0.308           8.653                 1.16         10
      1          0               0    163.700    787.000      0.483          16.115                 1.26         20
      1          0               0    253.700   1503.000      1.085          25.189                  1.2         30
      1          0               0    267.400   1877.200      1.560          29.399                 1.37         40
      1          0               0    183.000   2227.400      1.538          30.395                 1.65         50
      0          0               0   2000.000 120000.000     23.185          32.940                 1.82         60
      1          0               0    147.300    564.200      0.212           9.274                 1.08         10
      1          0               0    153.700    912.400      0.434          16.636                 1.21         20
      1          0               0    155.700   1288.800      0.664          21.937                 1.37         30
      1          0               0    196.400   2136.500      1.162          25.856                 1.55         40
      0          0               0   2000.000 100000.000     15.897          30.021                 1.67         50
      1          0               0    207.500   2080.100      2.135          31.345                 1.92         60
      1          0               0    132.400    602.600      0.194           8.360                 1.22         10
      1          0               0     63.000    359.200      0.183          16.565                 1.23         20
      1          0               0    281.800   1582.400      1.241          22.176                 1.36         30
      1          0               0    162.000   1707.900      0.998          26.388                 1.52         40
      1          0               0    159.400   1503.300      1.391          30.566                 1.64         50
      1          0               0    245.100   2182.900      2.679          32.822                 1.83         60
      1          0               0    214.500    528.300      0.317           9.466                 1.06         10
      1          0               0    174.700    821.400      0.520          15.944                 1.26         20
      1          0               0     94.500    601.300      0.459          18.494                 1.63         30
      1          0               0    164.400   1479.600      1.199          18.797                 2.14         40
      1          0               0    136.400   1473.100      1.433          21.886                  2.3         50
      0          0               0   2000.000 120000.000     27.648          26.960                 2.23         60
      1          0               0    144.700    657.600      0.210           9.425                 1.07         10
      1          0               0    245.600   1111.900      0.723          15.447                  1.3         20
      1          0               0    168.900   1524.900      0.737          22.459                 1.34         30
      1          0               0    236.900   1696.000      1.423          26.958                 1.49         40
      1          0               0    180.900   1536.300      1.412          30.889                 1.62         50
      1          0               0    134.600   1295.700      1.356          33.982                 1.77         60
      1          0               0    136.400    559.600      0.208           8.630                 1.18         10
      1          0               0    140.000    942.200      0.421          17.854                 1.13         20
      1          0               0    210.700   1536.800      0.975          23.843                 1.27         30
      1          0               0    202.800   1971.900      1.215          31.710                 1.27         40
      0          0               0   2000.000 100000.000     15.142          36.986                 1.35         50
      1          0               0    150.900   2639.600      1.512          39.453                 1.53         60
      1          0               0    147.500    574.600      0.231           7.664                 1.32         10
      1          0               0    242.700   1066.900      0.754          14.399                  1.4         20
      1          0               0    169.300   1286.100      0.745          21.410                 1.41         30
      0          0               0   2000.000  80000.000     12.761          23.953                 1.67         40
      1          0               0    164.200   1444.800      1.461          25.951                 1.93         50
      1          0               0     99.600   1395.100      1.306          29.098                 2.07         60
      1          0               0    131.300    451.300      0.186           9.364                 1.07         10
      1          0               0    202.000   1110.900      0.575          16.327                 1.23         20
      1          0               0    168.400    908.900      0.749          20.090                  1.5         30
      1          0               0     85.200   1271.000      0.600          19.862                 2.02         40
      1          0               0    174.900   2506.900      1.896          24.342                 2.06         50
      1          0               0    168.600   2268.400      2.188          27.794                 2.17         60
      1          0               0    179.200    536.600      0.266           8.343                  1.2         10
      1          0               0    192.600   1066.800      0.566          17.281                 1.16         20
      1          0               0    180.100   1762.500      0.828          21.612                  1.4         30
      1          0               0    229.000   1550.900      1.508          28.129                 1.43         40
      0          0               0   2000.000 100000.000     16.972          30.889                 1.62         50
      1          0               0    138.300   2051.700      1.479          35.537                  1.7         60
      1          0               0    100.600    411.600      0.143           9.434                 1.07         10
      0          0               0   2000.000  40000.000      5.722          14.015                 1.43         20
      0          0               1     99.000   2970.000      0.453          19.026                 1.59         30
      1          0               0     81.700   1075.000      0.528          22.513                 1.81         40
      1          0               0    175.100   2260.400      1.478          25.175                  2.0         50
      1          0               0    152.300   2399.300      1.753          28.676                  2.1         60
      1          0               0    111.900    344.200      0.173           8.247                 1.23         10
      1          0               0    128.300    838.800      0.402          14.253                 1.42         20
      1          0               0    288.300   1510.100      1.376          18.789                  1.6         30
      1          0               0    146.700   1122.900      0.949          24.341                 1.65         40
      1          0               0    137.900   1961.900      1.319          23.606                 2.13         50
      0          0               1     26.500   1590.000      0.333          26.147                 2.33         60
      0          0               0   2000.000  20000.000      2.854           8.983                 1.11         10
      0          0               0   2000.000  40000.000      5.773          15.947                 1.25         20
      1          0               0    140.000   1411.000      0.635          21.174                 1.42         30
      1          0               0     88.000   1174.100      0.585          23.869                 1.68         40
      1          0               0    122.000   1597.000      1.198          26.220                 1.92         50
      1          0               0    160.100   1884.200      2.103          27.116                 2.22         60
      1          0               0    154.200    450.900      0.228           9.392                 1.07         10
      1          0               0    176.400   1217.000      0.536          16.851                  1.2         20
      1          0               0    187.500   1132.100      0.869          22.081                 1.38         30
      1          0               0    226.400   1930.600      1.466          27.707                 1.46         40
      1          0               0    267.600   2191.300      2.213          33.053                 1.52         50
      1          0               0    197.200   2190.300      2.021          35.176                 1.72         60
      1          0               0    165.500    577.800      0.247           8.251                 1.23         10
      1          0               0    189.600   1007.300      0.565          15.460                  1.3         20
      1          0               0    175.800   1118.700      0.824          19.793                 1.53         30
      1          0               0    163.500   1617.500      1.058          24.259                 1.65         40
      1          0               0    507.400   2355.900      4.316          28.643                 1.75         50
      1          0               0    189.400   2100.600      2.244          30.646                 1.96         60
      1          0               0    217.000    508.200      0.332           8.706                 1.15         10
      0          0               0   2000.000  40000.000      5.740          15.054                 1.33         20
      1          0               0    124.200   1218.000      0.551          19.634                 1.54         30
      1          0               0    199.200   1241.400      1.205          25.934                 1.55         40
      1          0               0    149.300   1255.100      1.356          24.138                 2.08         50
      0          0               1     13.800    828.000      0.184          24.181                 2.57         60
      1          0               0    141.000    615.900      0.211           8.457                 1.19         10
      0          0               0   2000.000  40000.000      5.730          15.981                 1.25         20
      0          0               0   2000.000  60000.000     10.069          18.952                 1.58         30
      0          0               0   2000.000  80000.000     12.680          25.992                 1.54         40
      1          0               0    177.300   1881.600      1.633          28.810                 1.75         50
      1          0               0    173.700   2655.700      1.933          32.294                 1.87         60
      1          0               0    141.700    664.300      0.214           8.161                 1.24         10
      1          0               0    169.600   1343.800      0.504          14.185                 1.42         20
      1          0               0    176.400   1857.600      0.818          18.935                  1.6         30
      1          0               0    188.800   2813.400      1.176          24.049                 1.67         40
      1          0               0    242.700   2601.200      2.141          26.124                 1.92         50
      1          0               0    136.000   2167.100      1.697          27.740                 2.17         60
      1          0               0     88.400    336.200      0.132           8.433                  1.2         10
      0          0               1     14.800    296.000      0.046          14.345                 1.43         20
      1          0               0    145.600    885.700      0.638          20.353                 1.48         30
      1          0               0     86.100    786.200      0.538          25.298                 1.59         40
      1          0               0    177.200   1548.300      1.558          27.024                 1.86         50
      1          0               0    142.000   1602.500      1.688          28.461                 2.12         60
      1          0               0    230.900    508.900      0.342           9.192                  1.1         10
      1          0               0    118.400    588.400      0.364          14.459                  1.4         20
      1          0               0    197.300   1165.800      0.878          21.964                 1.37         30
      1          0               0    210.400   2311.100      1.296          25.901                 1.55         40
      1          0               0    124.800   1303.100      1.180          23.619                 2.13         50
      1          0               0    192.500   2674.300      3.454          26.102                 2.31         60
      1          0               0    140.900    728.000      0.209           8.933                 1.13         10
      1          0               0    114.000    827.300      0.345          14.142                 1.42         20
      1          0               0    113.900   1065.300      0.523          18.031                 1.68         30
      1          0               0    139.800   1638.500      0.950          22.263                 1.81         40
      1          0               0    162.300   2107.000      1.516          25.261                 1.99         50
      1          0               0    138.100   2392.800      1.866          28.879                 2.08         60
