success  collision  collision_obst   makespan   flowtime    runtime     mean_groups     mean_groups_size     number
      1          0               0    162.800    849.600      0.204           9.088                 1.11         10
      1          0               0    248.400   1028.800      0.626          18.643                 1.07         20
      1          0               0    284.600   1488.300      1.088          27.256                  1.1         30
      1          0               0   1244.000   6934.200      6.458          34.937                 1.15         40
      1          0               0    277.300   2005.200      1.831          43.105                 1.16         50
      1          0               0    270.200   2804.800      2.468          44.799                 1.34         60
      1          0               0    325.600    744.700      0.441           9.768                 1.03         10
      1          0               0    133.900    652.200      0.357          18.543                 1.08         20
      1          0               0    238.300   1062.200      0.935          27.986                 1.07         30
      1          0               0    159.200   1115.400      0.839          36.381                  1.1         40
      1          0               0    160.300   2147.200      1.147          42.147                 1.19         50
      1          0               0    220.400   2583.400      2.535          48.571                 1.24         60
      1          0               0     93.100    405.400      0.126           9.149                 1.11         10
      1          0               0    175.700   1284.600      0.486          18.384                  1.1         20
      1          0               0    269.900   2461.700      1.182          25.401                  1.2         30
      1          0               0    285.900   1670.600      1.544          35.638                 1.13         40
      1          0               0    322.900   3118.500      2.336          44.336                 1.13         50
      1          0               0    233.400   2368.000      1.921          51.009                 1.18         60
      1          0               0    348.400    656.600      0.460           9.728                 1.03         10
      1          0               0    285.900   1159.200      0.778          19.280                 1.04         20
      1          0               0    309.600   1360.800      1.288          27.563                  1.1         30
      1          0               0    291.600   2014.200      1.596          34.358                 1.17         40
      1          0               0    393.200   3623.600      2.719          44.334                 1.13         50
      1          0               0    324.200   2469.600      2.833          50.150                  1.2         60
      1          0               0    167.100    656.100      0.219           9.442                 1.07         10
      1          0               0     68.300    496.900      0.193          16.520                 1.22         20
      1          0               0    277.500   1858.700      1.187          23.672                 1.27         30
      1          0               0    290.700   2097.400      1.634          32.508                 1.23         40
      1          0               0    222.900   1858.800      1.602          37.906                 1.32         50
      1          0               0    252.400   2694.100      2.278          44.708                 1.34         60
      1          0               0    379.000   1271.200      0.540           9.622                 1.04         10
      1          0               0    327.600   1892.700      0.928          19.061                 1.05         20
      1          0               0    292.300   2199.300      1.246          25.443                 1.18         30
      1          0               0    309.400   3121.900      1.815          31.946                 1.26         40
      1          0               0    322.800   3382.500      2.406          40.143                 1.25         50
      1          0               0    299.800   3867.000      2.714          47.306                 1.27         60
      1          0               0    233.600    566.100      0.318           8.976                 1.12         10
      1          0               0    247.100    953.500      0.669          17.514                 1.15         20
      1          0               0    227.100   1374.000      0.912          26.216                 1.15         30
      1          0               0    348.600   2958.800      1.999          31.865                 1.26         40
      1          0               0    326.600   3235.100      2.413          38.056                 1.32         50
      1          0               0    301.300   3241.800      2.626          45.106                 1.33         60
      1          0               0    186.800    963.500      0.263           8.078                 1.28         10
      1          0               0    225.700   1691.000      0.651          16.308                 1.24         20
      1          0               0    285.300   2219.200      1.253          24.286                 1.24         30
      1          0               0    293.700   2539.100      1.689          33.879                 1.18         40
      1          0               0    266.100   3721.000      2.003          39.786                 1.26         50
      1          0               0    277.300   3976.800      2.424          48.731                 1.23         60
      1          0               0    210.800    792.000      0.297           9.148                  1.1         10
      1          0               0    283.000   2367.500      0.824          16.804                  1.2         20
      1          0               0    324.700   2134.000      1.366          25.143                  1.2         30
      1          0               0    247.800   2581.700      1.407          31.143                 1.29         40
      1          0               0    323.600   3995.500      2.330          37.931                 1.32         50
      1          0               0    329.800   5200.100      3.871          45.159                 1.33         60
      1          0               0    216.400    806.400      0.292           9.644                 1.04         10
      1          0               0    299.400   1372.900      0.792          19.454                 1.03         20
      1          0               0    433.100   2426.800      1.720          28.077                 1.07         30
      1          0               0    293.400   2422.900      1.543          37.440                 1.07         40
      1          0               0    437.000   4882.800      2.990          45.055                 1.11         50
      1          0               0    462.700   5396.600      4.111          49.678                 1.21         60
      1          0               0    184.800    531.000      0.247           9.624                 1.04         10
      1          0               0    203.100    797.600      0.547          19.073                 1.05         20
      1          0               0    216.800   1149.600      0.878          27.630                 1.09         30
      1          0               0    354.100   1758.300      1.887          36.893                 1.09         40
      1          0               0    347.200   4450.500      2.408          44.265                 1.13         50
      1          0               0    364.900   5518.500      3.155          52.128                 1.15         60
      1          0               0    209.900    985.700      0.278           9.456                 1.06         10
      1          0               0    265.000   2254.600      0.734          17.446                 1.15         20
      1          0               0    252.800   2014.200      1.031          26.021                 1.16         30
      1          0               0    153.900   1447.300      0.819          35.287                 1.14         40
      1          0               0    279.700   2018.500      1.896          44.114                 1.14         50
      1          0               0    241.700   2494.100      2.097          52.256                 1.15         60
      1          0               0    304.100    803.100      0.414           8.852                 1.13         10
      1          0               0    347.500   2364.100      0.982          17.243                 1.16         20
      1          0               0    345.300   3472.600      1.473          24.928                 1.21         30
      1          0               0    363.700   4453.000      2.035          33.431                  1.2         40
      1          0               0    324.200   2677.400      2.243          40.004                 1.25         50
      1          0               0    318.000   3035.400      2.797          48.590                 1.24         60
      1          0               0    102.500    477.400      0.137           8.320                 1.22         10
      1          0               0    193.900    789.300      0.538          17.688                 1.13         20
      1          0               0    471.600   2158.300      1.976          25.430                 1.18         30
      1          0               0    244.900   1313.300      1.382          33.183                 1.21         40
      1          0               0    140.200   1298.200      1.023          40.479                 1.25         50
      1          0               0    287.600   2554.800      2.555          50.648                 1.19         60
      1          0               0    232.300   1298.500      0.324           8.849                 1.14         10
      1          0               0    294.400   1595.800      0.824          17.112                 1.18         20
      1          0               0    410.200   3293.400      1.706          25.408                 1.19         30
      1          0               0    386.200   3498.900      2.186          31.933                 1.26         40
      1          0               0    240.300   2691.100      1.750          40.240                 1.26         50
      1          0               0    311.100   4822.500      2.813          44.733                 1.35         60
      1          0               0    231.800    851.200      0.307           9.598                 1.05         10
      1          0               0    144.800   1079.300      0.399          18.090                 1.11         20
      1          0               0    197.100   1359.200      0.800          26.825                 1.12         30
      1          0               0    238.900   1761.800      1.276          35.533                 1.13         40
      1          0               0    221.500   2543.500      1.495          42.009                 1.19         50
      1          0               0    282.700   4021.500      2.735          48.533                 1.24         60
      1          0               0    205.400    445.900      0.266           9.846                 1.02         10
      1          0               0    288.400    836.100      0.753          18.853                 1.06         20
      1          0               0    440.100   2841.700      1.745          27.877                 1.08         30
      1          0               0    345.800   2148.500      1.923          35.601                 1.13         40
      1          0               0    351.100   3175.900      2.610          43.087                 1.16         50
      1          0               0    405.900   4121.400      3.560          53.031                 1.13         60
      1          0               0    286.100    769.900      0.367           9.830                 1.02         10
      1          0               0    180.800   1015.300      0.471          19.080                 1.05         20
      1          0               0    226.900   1110.600      0.889          28.480                 1.06         30
      1          0               0    302.300   1719.900      1.606          35.593                 1.13         40
      1          0               0    221.400   1869.600      1.505          42.837                 1.17         50
      1          0               0    302.700   2560.700      2.886          49.902                 1.21         60
      1          0               0    166.100    556.800      0.221           9.512                 1.06         10
      1          0               0     91.300    577.700      0.249          18.386                 1.09         20
      1          0               0    303.100   1673.400      1.235          28.060                 1.07         30
      1          0               0    262.000   1980.000      1.426          36.777                 1.09         40
      1          0               0    234.000   2026.300      1.618          46.668                 1.07         50
      1          0               0    195.600   1273.400      1.657          53.873                 1.12         60
      1          0               0     93.200    401.800      0.123           9.461                 1.06         10
      1          0               0    213.200    814.400      0.571          18.290                  1.1         20
      1          0               0    387.800   2180.700      1.567          25.887                 1.16         30
      1          0               0    362.500   2000.400      1.941          34.317                 1.17         40
      1          0               0    277.700   1854.800      2.021          40.913                 1.23         50
      1          0               0    212.300   2023.600      2.033          48.697                 1.24         60
      1          0               0    184.400    681.900      0.251           9.599                 1.04         10
      1          0               0    241.100    677.800      0.642          19.593                 1.02         20
      1          0               0    369.500   2542.300      1.496          28.498                 1.05         30
      1          0               0    407.100   3848.500      2.279          36.373                  1.1         40
      1          0               0    329.500   3314.300      2.425          44.019                 1.14         50
      1          0               0    380.400   5052.100      3.447          52.607                 1.14         60
      1          0               0    285.900    484.400      0.369           9.881                 1.01         10
      1          0               0    363.200   1205.200      0.942          19.637                 1.02         20
      1          0               0    385.300   1290.400      1.513          29.084                 1.03         30
      1          0               0    333.900   1689.400      1.835          34.142                 1.17         40
      1          0               0    363.600   3189.300      2.587          40.075                 1.25         50
      1          0               0    352.900   3365.500      3.138          46.958                 1.28         60
      1          0               0    356.000    556.100      0.464           9.880                 1.01         10
      1          0               0    260.500   1725.000      0.710          17.506                 1.15         20
      1          0               0    357.300   2145.200      1.394          27.808                 1.08         30
      1          0               0    502.500   1957.800      2.667          36.846                 1.09         40
      1          0               0    336.900   2774.300      2.310          41.969                 1.19         50
      1          0               0    388.000   3378.600      3.571          50.837                 1.18         60
      1          0               0    250.900    658.100      0.328           9.793                 1.02         10
      1          0               0    358.400   2177.500      0.965          18.926                 1.06         20
      0          0               0   2000.000  60000.000      7.921          27.855                 1.08         30
      1          0               0    331.500   2596.200      1.836          34.371                 1.17         40
      1          0               0    475.200   2282.600      3.341          43.708                 1.15         50
      1          0               0    292.900   2226.400      2.506          47.146                 1.28         60
      0          0               0   2000.000  20000.000      2.708           8.999                 1.11         10
      1          0               0    195.200    939.700      0.534          18.361                 1.09         20
      1          0               0    105.500    814.300      0.429          27.171                 1.11         30
      1          0               0    241.800   1375.700      1.306          36.365                 1.11         40
      1          0               0    197.700   2387.500      1.609          44.536                 1.13         50
      1          0               0    202.200   2390.100      2.198          52.373                 1.15         60
      1          0               0    233.900    625.900      0.332           9.744                 1.03         10
      1          0               0    201.300   1022.500      0.545          19.138                 1.05         20
      1          0               0    278.800   1616.800      1.105          28.570                 1.05         30
      1          0               0    452.800   2785.600      2.461          36.901                 1.09         40
      1          0               0    310.900   3111.800      2.260          41.926                  1.2         50
      1          0               0    320.100   3682.300      2.955          50.043                  1.2         60
      1          0               0    139.300    394.900      0.178           8.876                 1.13         10
      1          0               0    111.900    587.400      0.285          17.325                 1.16         20
      1          0               0    391.600   2227.100      1.474          25.634                 1.17         30
      1          0               0    309.700   2006.300      1.621          31.364                 1.28         40
      1          0               0    246.800   1864.900      1.612          38.076                 1.31         50
      1          0               0    294.800   3343.200      2.369          45.943                 1.31         60
      1          0               0    151.200    507.900      0.191           9.620                 1.04         10
      1          0               0    246.000   1225.500      0.626          17.832                 1.12         20
      1          0               0    389.800   2869.600      1.496          26.368                 1.14         30
      1          0               0    228.100   2256.100      1.180          33.395                  1.2         40
      1          0               0    213.700   2424.100      1.633          41.633                 1.21         50
      1          0               0    265.800   3062.400      2.105          49.588                 1.22         60
      1          0               0    198.800    712.700      0.256           9.526                 1.06         10
      1          0               0    336.400   1316.800      0.897          19.056                 1.05         20
      1          0               0    240.100   1551.800      0.975          26.786                 1.13         30
      1          0               0    287.000   1935.300      1.529          34.882                 1.15         40
      1          0               0    196.300   1986.100      1.287          44.073                 1.14         50
      1          0               0    279.300   3903.700      2.342          49.407                 1.22         60
      1          0               0    158.200    423.700      0.207           8.636                 1.16         10
      1          0               0    176.300    958.200      0.494          17.272                 1.16         20
      1          0               0    177.000   1032.500      0.746          24.868                 1.21         30
      1          0               0    238.100   1634.400      1.255          33.136                 1.21         40
      1          0               0    352.600   2523.500      2.477          38.198                 1.31         50
      1          0               0    347.000   2567.500      3.258          46.433                 1.29         60
      1          0               0    279.900    889.700      0.372           8.743                 1.15         10
      1          0               0    211.200    928.700      0.567          18.237                  1.1         20
      1          0               0    281.800   1465.500      1.114          28.616                 1.05         30
      1          0               0    239.200   1966.100      1.284          35.971                 1.11         40
      1          0               0    282.800   2632.700      1.907          43.960                 1.14         50
      1          0               0    272.500   2138.900      2.259          51.570                 1.16         60
      1          0               0    214.900    843.000      0.281           8.708                 1.16         10
      1          0               0    235.900   1645.900      0.642          16.546                 1.21         20
      1          0               0    317.700   2123.800      1.326          26.349                 1.14         30
      1          0               0    327.100   4238.700      1.875          32.068                 1.25         40
      1          0               0    293.100   3780.700      2.106          38.453                  1.3         50
      1          0               0    269.600   4169.700      2.381          43.785                 1.38         60
      1          0               0    323.500    987.200      0.421           9.722                 1.03         10
      1          0               0    344.200   1171.200      0.894          19.365                 1.04         20
      1          0               0    382.700   2202.900      1.509          27.192                 1.11         30
      1          0               0    278.200   3034.600      1.527          34.887                 1.15         40
      1          0               0    319.000   4062.200      2.153          43.034                 1.16         50
      1          0               0    393.500   5378.500      3.292          50.112                  1.2         60
      1          0               0    150.000    516.400      0.199           9.539                 1.05         10
      1          0               0    191.500    814.900      0.496          19.132                 1.05         20
      1          0               0    325.000   1882.700      1.254          28.008                 1.07         30
      1          0               0    290.500   2362.300      1.580          35.912                 1.12         40
      1          0               0    298.100   2630.800      2.064          42.581                 1.18         50
      1          0               0    229.200   1995.000      1.895          50.487                 1.19         60
      1          0               0    124.700    465.300      0.167           8.824                 1.14         10
      1          0               0    103.700    786.000      0.273          17.127                 1.17         20
      1          0               0    138.400    970.200      0.535          26.943                 1.12         30
      1          0               0    378.500   3105.100      1.989          35.669                 1.12         40
      1          0               0    266.100   2278.100      1.830          42.915                 1.17         50
      1          0               0    283.700   2415.300      2.275          49.516                 1.21         60
      1          0               0    245.400    877.700      0.327           9.696                 1.04         10
      1          0               0    268.300   1576.300      0.721          19.151                 1.05         20
      1          0               0    244.700   1986.000      0.999          26.183                 1.15         30
      1          0               0    512.300   3767.700      2.691          34.983                 1.14         40
      1          0               0    402.600   3814.600      2.687          42.984                 1.17         50
      1          0               0    317.000   3014.600      2.784          51.242                 1.17         60
      1          0               0    186.200    577.600      0.242           9.483                 1.06         10
      1          0               0    320.700   1422.200      0.849          19.132                 1.05         20
      1          0               0    330.800   2330.700      1.337          26.247                 1.15         30
      1          0               0    273.000   2841.100      1.531          34.577                 1.16         40
      1          0               0    371.700   4237.900      2.612          41.215                 1.22         50
      1          0               0    334.800   4315.700      2.854          46.773                 1.29         60
      1          0               0    273.200    723.100      0.348           9.830                 1.02         10
      1          0               0    211.900    803.500      0.546          19.311                 1.04         20
      1          0               0    164.000    776.300      0.621          28.751                 1.05         30
      1          0               0    286.200   2472.800      1.483          37.485                 1.07         40
      1          0               0    366.800   3847.900      2.430          45.600                  1.1         50
      1          0               0    368.200   4098.300      3.002          53.867                 1.12         60
      1          0               0    211.800    987.200      0.289           8.289                 1.22         10
      1          0               0    291.000   2937.500      0.841          15.229                 1.34         20
      1          0               0    312.100   3266.500      1.317          24.637                 1.22         30
      1          0               0    334.100   4021.200      1.949          32.735                 1.23         40
      1          0               0    304.800   4243.000      2.151          41.383                 1.21         50
      1          0               0    307.400   4407.500      3.536          46.372                  1.3         60
      1          0               0    200.200    676.900      0.254           9.481                 1.06         10
      1          0               0    345.700   1883.400      0.898          18.690                 1.07         20
      1          0               0    311.900   1577.600      1.187          27.842                 1.08         30
      1          0               0    321.700   1686.500      1.628          36.919                 1.09         40
      1          0               0   1234.000   4898.000      7.822          43.848                 1.14         50
      1          0               0    385.300   3082.700      2.979          50.250                  1.2         60
      1          0               0    314.900    990.700      0.404           9.754                 1.03         10
      1          0               0    322.100   1433.400      0.847          17.269                 1.16         20
      1          0               0    309.700   1311.700      1.190          27.233                  1.1         30
      1          0               0    302.600   1935.100      1.524          36.562                  1.1         40
      1          0               0    432.800   3260.900      2.761          45.078                 1.11         50
      1          0               0    272.400   1519.500      2.144          53.201                 1.13         60
      1          0               0     87.900    425.100      0.113           9.383                 1.07         10
      1          0               0    336.500   1984.500      0.881          17.433                 1.15         20
      1          0               0    393.000   3207.400      1.532          27.006                 1.12         30
      1          0               0    361.100   3240.500      1.902          35.534                 1.13         40
      1          0               0    246.100   2484.900      1.695          43.197                 1.16         50
      1          0               0    536.000   6405.400      4.386          50.081                  1.2         60
      1          0               0    203.600    629.300      0.263           9.736                 1.03         10
      1          0               0    298.500   1020.900      0.772          18.451                 1.09         20
      1          0               0    236.400   1165.500      0.943          27.084                 1.11         30
      1          0               0    273.700   1951.700      1.470          34.895                 1.15         40
      1          0               0    218.900   1912.900      1.587          39.410                 1.27         50
      1          0               0    370.600   3242.700      3.201          47.298                 1.27         60
      1          0               0    187.100    551.000      0.241           9.513                 1.06         10
      1          0               0    302.200   1590.100      0.791          19.118                 1.05         20
      1          0               0    233.100   1342.000      0.893          27.880                 1.08         30
      1          0               0    310.900   2658.600      1.600          36.938                 1.08         40
      1          0               0    386.600   3805.100      2.522          42.843                 1.17         50
      1          0               0    265.400   2539.500      2.101          47.264                 1.27         60
      1          0               0    273.500    545.500      0.357           9.847                 1.02         10
      1          0               0    308.900   1189.000      0.820          19.515                 1.03         20
      1          0               0    245.300   1261.400      0.985          26.882                 1.12         30
      1          0               0    241.000   1862.800      1.287          34.374                 1.17         40
      1          0               0    237.900   2384.000      1.637          40.098                 1.25         50
      1          0               0    199.300   2060.200      1.706          48.340                 1.24         60
      1          0               0    273.000    809.600      0.368           8.548                 1.18         10
      0          0               0   2000.000  40000.000      5.220          17.941                 1.12         20
      1          0               0    183.500    879.100      0.700          26.820                 1.12         30
      1          0               0    116.000   1183.600      0.590          34.558                 1.16         40
      1          0               0    144.600   2207.200      0.952          39.629                 1.26         50
      0          0               0   2000.000 120000.000     16.060          48.907                 1.23         60
      1          0               0    185.500    472.200      0.234           9.608                 1.05         10
      1          0               0    183.600   1067.500      0.467          19.129                 1.05         20
      1          0               0    314.200   1555.900      1.191          28.040                 1.07         30
      1          0               0    271.100   2288.800      1.379          36.961                 1.09         40
      1          0               0    174.700   2435.900      1.156          43.836                 1.15         50
      1          0               0    192.400   2439.400      1.577          50.273                  1.2         60
      1          0               0    261.800    673.200      0.345           9.653                 1.04         10
      1          0               0    335.300   1519.000      0.907          18.305                 1.09         20
      1          0               0    333.400   1819.200      1.329          27.750                 1.08         30
      1          0               0    296.300   2167.800      1.534          36.454                  1.1         40
      1          0               0    294.400   2498.100      1.896          45.617                  1.1         50
      1          0               0    274.200   2413.300      2.091          54.151                 1.11         60
      1          0               0    142.000    542.900      0.184           9.508                 1.06         10
      1          0               0    248.200   1342.600      0.633          19.167                 1.05         20
      1          0               0    293.200   1790.500      1.129          27.195                 1.11         30
      1          0               0    293.800   2629.700      1.545          35.292                 1.14         40
      1          0               0    274.800   2532.700      1.816          39.968                 1.25         50
      1          0               0    327.800   2945.700      2.752          44.522                 1.35         60
      0          0               0   2000.000  20000.000      2.581           8.986                 1.11         10
      1          0               0    408.400   2252.200      1.073          17.795                 1.13         20
      1          0               0    385.000   2608.200      1.476          27.697                 1.09         30
      1          0               0    434.600   3634.000      2.229          36.494                  1.1         40
      1          0               0    437.500   1994.600      2.779          44.153                 1.13         50
      1          0               0    371.300   4123.200      3.190          48.883                 1.23         60
      1          0               0    223.700    617.500      0.278           9.736                 1.03         10
      1          0               0    185.600    828.200      0.473          16.992                 1.18         20
      1          0               0    159.200    985.900      0.604          25.261                 1.19         30
      1          0               0    400.300   1985.700      2.037          32.552                 1.23         40
      1          0               0    326.200   2951.700      2.170          40.887                 1.22         50
      1          0               0    259.500   2055.300      2.427          46.807                 1.28         60
      1          0               0    231.200    912.700      0.297           9.386                 1.07         10
      1          0               0    255.500   1729.800      0.692          16.564                 1.21         20
      1          0               0    234.600   1876.700      0.927          26.243                 1.15         30
      1          0               0    274.100   2242.300      1.432          34.090                 1.18         40
      1          0               0    222.300   2148.400      1.424          42.421                 1.18         50
      1          0               0    230.700   2028.400      1.856          49.886                  1.2         60
      1          0               0     94.200    416.500      0.118           9.425                 1.07         10
      1          0               0    220.200   1492.900      0.558          17.995                 1.12         20
      1          0               0    312.500   2410.100      1.183          27.136                 1.11         30
      1          0               0    205.400   2251.500      1.063          34.447                 1.17         40
      1          0               0    286.300   2700.200      2.140          40.226                 1.24         50
      1          0               0    329.600   3330.100      2.609          48.556                 1.24         60
      1          0               0    271.300    758.900      0.351           9.632                 1.04         10
      1          0               0    284.400    879.900      0.755          17.635                 1.14         20
      1          0               0    290.900   1803.700      1.155          25.869                 1.16         30
      1          0               0    213.600   2255.100      1.125          33.691                 1.19         40
      1          0               0    252.800   2035.800      1.697          40.263                 1.25         50
      1          0               0    246.500   2193.900      2.007          47.500                 1.27         60
      1          0               0    325.500   1361.100      0.417           9.544                 1.05         10
      1          0               0    355.600   2205.600      0.959          17.997                 1.12         20
      1          0               0    354.900   2656.000      1.392          27.308                  1.1         30
      1          0               0    353.500   2866.700      1.848          34.288                 1.17         40
      1          0               0    292.500   1720.100      2.000          44.416                 1.13         50
      1          0               0    200.900   1863.600      1.776          51.352                 1.17         60
      1          0               0    233.000   1045.500      0.296           8.897                 1.13         10
      1          0               0    428.100   1149.500      1.059          17.365                 1.16         20
      1          0               0    251.800   1612.000      0.925          25.703                 1.17         30
      1          0               0    481.300   2708.400      2.382          33.683                 1.19         40
      1          0               0    301.000   2381.200      1.897          40.746                 1.23         50
      1          0               0    323.500   3088.800      2.428          49.195                 1.22         60
      1          0               0    198.500    688.000      0.246           8.681                 1.16         10
      1          0               0    304.300   1263.700      0.760          18.045                 1.12         20
      1          0               0    261.100   1900.200      0.984          26.974                 1.12         30
      1          0               0    259.200   2085.000      1.308          34.245                 1.17         40
      1          0               0    292.000   3563.600      1.996          39.313                 1.27         50
      1          0               0    285.000   3825.900      2.130          46.628                 1.29         60
      1          0               0    302.600    526.900      0.372           9.839                 1.02         10
      1          0               0    342.500    897.300      0.848          19.473                 1.03         20
      0          0               0   2000.000  60000.000      7.497          27.883                 1.08         30
      0          0               0   2000.000  80000.000      9.839          35.918                 1.11         40
      1          0               0    212.200   2087.800      1.307          45.549                  1.1         50
      1          0               0    272.600   2068.800      2.203          51.342                 1.17         60
      1          0               0    259.900   1054.600      0.316           9.341                 1.08         10
      1          0               0    402.600   1544.400      0.980          17.573                 1.14         20
      1          0               0    441.900   2448.300      1.591          26.882                 1.12         30
      1          0               0    353.400   2107.500      1.759          34.323                 1.17         40
      1          0               0    381.900   3686.500      2.488          41.407                 1.21         50
      1          0               0    382.100   3900.000      2.858          48.228                 1.25         60
      1          0               0    264.100    869.200      0.319           9.663                 1.04         10
      1          0               0    295.800   1930.100      0.717          17.895                 1.12         20
      1          0               0    290.900   1630.500      1.076          26.576                 1.13         30
      1          0               0    123.700   1316.400      0.590          35.502                 1.13         40
      1          0               0    252.800   2696.500      1.555          44.851                 1.12         50
      1          0               0    222.000   2373.500      1.578          53.040                 1.14         60
      1          0               0    291.500   1024.300      0.358           9.244                 1.09         10
      1          0               0    183.000    753.500      0.446          18.548                 1.08         20
      1          0               0    242.200   1412.200      0.879          27.793                 1.08         30
      1          0               0    291.500   2258.100      1.408          34.968                 1.15         40
      1          0               0    314.400   3396.700      1.923          42.131                 1.19         50
      1          0               0    369.900   5466.300      2.679          48.089                 1.25         60
      1          0               0    120.900    383.800      0.147           9.759                 1.03         10
      1          0               0    272.600   1362.500      0.670          19.420                 1.03         20
      1          0               0    127.300    691.200      0.468          27.181                 1.11         30
      1          0               0    308.600   1837.600      1.533          34.755                 1.15         40
      1          0               0    316.900   2323.200      1.945          42.013                 1.19         50
      1          0               0    310.100   3580.300      2.306          48.253                 1.24         60
      1          0               0    213.200    623.100      0.258           9.250                 1.09         10
      1          0               0    132.300    918.500      0.338          15.968                 1.26         20
      1          0               0    211.400   1149.000      0.763          25.779                 1.17         30
      1          0               0    229.100   1992.700      1.097          34.206                 1.17         40
      1          0               0    227.000   2146.200      1.402          40.481                 1.24         50
      1          0               0    228.600   2703.000      1.682          48.689                 1.23         60
      1          0               0    243.800    855.400      0.300           9.206                 1.09         10
      1          0               0    269.300   1400.000      0.674          16.869                 1.19         20
      1          0               0    246.700   1735.900      0.923          26.495                 1.13         30
      1          0               0    271.800   2165.700      1.348          34.376                 1.17         40
      1          0               0    186.200   1644.600      1.159          42.788                 1.17         50
      1          0               0    315.100   2885.800      2.279          50.108                  1.2         60
      1          0               0    308.900   1178.900      0.391           8.607                 1.17         10
      1          0               0    324.400   1226.400      0.845          19.430                 1.03         20
      1          0               0    360.000   2781.600      1.374          27.687                 1.09         30
      1          0               0    265.900   2277.500      1.324          33.923                 1.18         40
      1          0               0    285.500   2998.000      1.776          41.781                  1.2         50
      1          0               0    598.400   4357.600      4.566          48.790                 1.23         60
      1          0               0    240.300    577.300      0.284           9.789                 1.02         10
      1          0               0    301.300   1093.700      0.702          19.656                 1.02         20
      1          0               0    324.600   1417.100      1.159          26.392                 1.14         30
      1          0               0    315.300   2540.000      1.514          32.426                 1.24         40
      1          0               0    118.600   1451.900      0.700          40.923                 1.22         50
      1          0               0    380.700   2375.200      2.609          49.832                 1.21         60
      1          0               0    269.300    652.400      0.323           9.614                 1.04         10
      1          0               0    315.000   2313.000      0.756          18.001                 1.12         20
      1          0               0    279.100   2756.600      1.026          24.655                 1.22         30
      1          0               0    291.600   3113.300      1.399          33.377                  1.2         40
      1          0               0    329.600   4184.300      1.958          39.999                 1.26         50
      1          0               0    248.400   3861.900      1.728          47.309                 1.27         60
      1          0               0     91.900    317.800      0.110           8.795                 1.14         10
      1          0               0    215.700    859.700      0.527          17.914                 1.13         20
      1          0               0    212.500   1340.400      0.755          25.538                 1.18         30
      1          0               0    323.400   3596.100      1.567          32.428                 1.25         40
      1          0               0    353.500   3571.000      2.192          41.417                 1.22         50
      1          0               0    369.400   3592.000      2.781          46.194                 1.31         60
      1          0               0    285.000    699.300      0.343           9.738                 1.03         10
      1          0               0    407.800   1660.900      0.987          19.204                 1.04         20
      1          0               0    483.300   3336.200      1.723          27.761                 1.08         30
      1          0               0    391.200   4028.900      1.884          36.221                 1.11         40
      1          0               0    204.700   2559.600      1.232          43.534                 1.16         50
      1          0               0    344.000   3859.800      2.410          50.875                 1.18         60
      1          0               0    133.200    429.900      0.160           9.815                 1.02         10
      1          0               0    272.600   1687.000      0.678          18.554                 1.08         20
      1          0               0    275.600   3175.800      1.012          27.132                 1.11         30
      1          0               0    295.500   2776.600      1.481          35.680                 1.13         40
      1          0               0    375.800   2916.000      2.260          43.375                 1.16         50
      1          0               0    311.000   3204.100      2.215          48.975                 1.23         60
      1          0               0    267.100    592.100      0.317           8.941                 1.12         10
      1          0               0    336.500   1604.000      0.824          17.644                 1.13         20
      1          0               0    309.600   2199.900      1.102          26.116                 1.15         30
      1          0               0    184.700   1742.700      0.881          33.383                  1.2         40
      1          0               0    216.900   2355.500      1.249          41.799                  1.2         50
      1          0               0    280.700   2819.500      1.880          49.584                 1.21         60
      1          0               0    102.500    311.800      0.119           9.328                 1.08         10
      1          0               0    416.500   1645.700      1.010          17.551                 1.14         20
      0          0               0   2000.000  60000.000      7.243          24.961                  1.2         30
      1          0               0    383.300   2561.500      1.764          35.480                 1.13         40
      1          0               0    411.800   1747.500      2.322          44.809                 1.12         50
      1          0               0    312.600   2157.900      2.128          49.377                 1.22         60
      1          0               0    243.700    727.800      0.283           9.714                 1.03         10
      1          0               0    322.900   1865.700      0.785          18.334                 1.09         20
      1          0               0    461.300   1863.900      1.623          27.293                  1.1         30
      1          0               0    305.800   2939.300      1.443          35.019                 1.15         40
      1          0               0    318.500   3197.700      1.856          42.301                 1.19         50
      1          0               0    308.900   3420.600      2.095          49.403                 1.22         60
      1          0               0    316.300    815.500      0.379           8.713                 1.16         10
      1          0               0    294.500   1192.000      0.697          18.368                 1.09         20
      1          0               0    282.500   2175.200      1.019          27.221                 1.11         30
      1          0               0    245.600   2276.300      1.126          35.820                 1.12         40
      1          0               0    237.300   2795.800      1.364          42.756                 1.17         50
      1          0               0    328.200   4791.200      2.321          47.814                 1.26         60
      1          0               0    215.800    496.700      0.247           9.587                 1.05         10
      1          0               0    337.300   1370.000      0.807          19.055                 1.05         20
      1          0               0    379.200   1951.300      1.305          28.960                 1.04         30
      1          0               0    226.300   1134.700      1.039          34.824                 1.15         40
      1          0               0    333.400   2268.000      1.886          42.240                 1.19         50
      1          0               0    403.400   3393.300      2.682          49.260                 1.22         60
      1          0               0    300.400    822.000      0.354           8.997                 1.12         10
      1          0               0    409.700   2122.600      0.964          18.457                 1.09         20
      1          0               0    317.500   2365.900      1.095          25.551                 1.18         30
      1          0               0    391.100   3571.000      1.752          34.999                 1.14         40
      1          0               0    333.700   3225.100      1.844          44.217                 1.13         50
      1          0               0    328.000   4076.600      2.311          50.333                 1.19         60
      1          0               0    304.300   1127.300      0.359           8.752                 1.15         10
      1          0               0    283.200   1406.500      0.668          17.360                 1.16         20
      1          0               0    171.400   1420.700      0.594          25.216                 1.19         30
      1          0               0    197.100   1809.500      0.923          31.871                 1.26         40
      1          0               0    192.800   2101.100      1.150          36.495                 1.37         50
      1          0               0    223.900   2926.000      1.572          43.605                 1.38         60
      1          0               0    102.800    302.100      0.117           9.782                 1.02         10
      1          0               0     97.700    422.200      0.224          17.747                 1.13         20
      1          0               0    152.200    782.400      0.510          27.062                 1.11         30
      1          0               0    219.900   1501.100      0.991          34.819                 1.15         40
      1          0               0    292.500   2169.400      1.609          43.357                 1.16         50
      1          0               0    218.000   2279.700      1.442          49.638                 1.21         60
      1          0               0    249.900    536.400      0.294           8.822                 1.14         10
      1          0               0    173.600   1171.100      0.426          15.987                 1.26         20
      1          0               0    245.600   1729.600      0.864          24.319                 1.24         30
      1          0               0    341.600   2570.000      1.615          27.633                 1.45         40
      1          0               0    138.700   1617.400      0.785          38.027                 1.32         50
      1          0               0    206.100   2575.500      1.414          42.593                 1.41         60
      1          0               0    400.100    623.800      0.464           9.100                  1.1         10
      1          0               0    410.500    959.500      0.951          18.738                 1.07         20
      1          0               0    333.400   1592.500      1.142          27.484                 1.09         30
      1          0               0    275.900   1518.300      1.249          35.373                 1.13         40
      1          0               0    294.900   2294.600      1.642          43.759                 1.15         50
      1          0               0    313.800   2777.600      2.130          50.665                 1.19         60
      1          0               0    247.800    438.200      0.288           9.688                 1.04         10
      1          0               0    252.600    847.200      0.583          18.333                 1.09         20
      1          0               0    170.100    936.000      0.596          24.003                 1.25         30
      1          0               0    147.800   1209.000      0.670          32.248                 1.24         40
      1          0               0    202.800   1741.300      1.144          39.089                 1.28         50
      1          0               0    294.700   2954.500      2.009          47.029                 1.28         60
      1          0               0    261.700    736.700      0.300           9.644                 1.04         10
      1          0               0    193.300    902.200      0.445          19.050                 1.06         20
      1          0               0    174.300    933.000      0.590          28.620                 1.05         30
      1          0               0    223.700   2006.100      1.007          35.068                 1.15         40
      1          0               0    171.000   1941.300      0.951          42.756                 1.17         50
      1          0               0    155.900   1971.100      1.052          47.470                 1.27         60
      1          0               0    302.300    830.100      0.347           9.625                 1.04         10
      1          0               0    357.900   1720.500      0.827          19.225                 1.04         20
      1          0               0    356.000   3237.900      1.236          26.359                 1.14         30
      1          0               0    348.100   4402.500      1.594          32.735                 1.22         40
      1          0               0    324.100   3534.300      1.814          41.733                  1.2         50
      1          0               0    332.600   4725.700      2.261          45.824                 1.31         60
      1          0               0    106.600    296.600      0.121           9.549                 1.05         10
      1          0               0    252.300   1397.200      0.594          18.150                 1.11         20
      1          0               0    248.900   1821.700      0.882          24.395                 1.23         30
      1          0               0    214.100   1838.800      0.995          32.436                 1.24         40
      1          0               0    341.600   3658.700      1.977          40.733                 1.23         50
      1          0               0    379.800   4467.500      2.628          49.212                 1.22         60
      1          0               0    200.900    715.500      0.231           9.624                 1.04         10
      1          0               0    230.700   1679.700      0.551          18.471                 1.09         20
      1          0               0    339.100   2610.300      1.190          27.185                 1.11         30
      1          0               0    318.200   2965.900      1.455          35.718                 1.12         40
      1          0               0    285.600   2539.500      1.610          43.108                 1.16         50
      1          0               0    272.100   3966.800      1.845          48.946                 1.23         60
      1          0               0    204.800    430.900      0.236           9.752                 1.03         10
      1          0               0     96.800    441.200      0.218          19.312                 1.04         20
      1          0               0    247.000   2017.000      0.828          28.104                 1.07         30
      1          0               0    346.200   2650.300      1.534          36.954                 1.08         40
      1          0               0    284.300   2764.100      1.546          45.088                 1.11         50
      1          0               0    273.200   2477.300      1.771          51.427                 1.17         60
      1          0               0    281.500    426.200      0.327           9.850                 1.02         10
      1          0               0    282.700    973.100      0.674          18.521                 1.08         20
      1          0               0    369.900   1235.400      1.295          27.675                 1.09         30
      1          0               0    317.100   2277.300      1.441          35.881                 1.12         40
      1          0               0    187.500   1760.900      1.044          44.810                 1.12         50
      1          0               0    322.900   2338.800      2.311          50.418                 1.19         60
      1          0               0    281.100    655.900      0.320           9.820                 1.02         10
      1          0               0    245.800   1493.600      0.566          18.533                 1.08         20
      1          0               0    347.100   1638.800      1.170          27.647                 1.09         30
      1          0               0    508.600   2380.300      2.238          38.286                 1.05         40
      1          0               0    420.800   2099.500      2.312          45.751                 1.09         50
      1          0               0    236.500   2633.700      1.656          51.955                 1.16         60
      1          0               0    427.200    933.500      0.495           9.866                 1.02         10
      1          0               0    359.900   1680.100      0.830          18.977                 1.06         20
      1          0               0    255.300   1603.400      0.872          27.724                 1.09         30
      1          0               0    398.000   2935.800      1.793          35.515                 1.13         40
      1          0               0    407.000   3230.100      2.245          43.973                 1.14         50
      1          0               0    348.400   3625.800      2.321          49.792                 1.21         60
      1          0               0    265.700   1094.000      0.308           9.656                 1.04         10
      1          0               0    235.800   1474.900      0.555          19.028                 1.06         20
      1          0               0    254.000   2022.200      0.874          26.309                 1.14         30
      1          0               0    252.300   1570.100      1.140          35.340                 1.13         40
      1          0               0    369.600   2634.300      2.056          43.641                 1.15         50
      1          0               0    494.400   4784.100      3.277          49.590                 1.21         60
      1          0               0    308.800    535.200      0.356           9.811                 1.02         10
      1          0               0    304.300   2323.000      0.739          17.994                 1.11         20
      1          0               0    253.900   2555.000      0.911          26.269                 1.14         30
      1          0               0    288.900   2082.300      1.344          34.619                 1.16         40
      1          0               0    257.700   2023.900      1.471          42.568                 1.18         50
      1          0               0    301.200   2830.400      2.054          49.358                 1.22         60
      1          0               0    286.700   1078.400      0.332           9.618                 1.04         10
      1          0               0    406.900   1645.100      0.951          17.721                 1.13         20
      1          0               0    389.600   2569.200      1.350          26.219                 1.15         30
      1          0               0    359.400   1887.600      1.643          34.980                 1.15         40
      1          0               0    212.900   1336.000      1.183          42.217                 1.19         50
      1          0               0    353.500   3153.500      2.355          44.563                 1.35         60
      1          0               0    228.200    444.800      0.268           8.833                 1.14         10
      1          0               0    176.900    992.900      0.431          16.795                  1.2         20
      1          0               0    416.000   1768.800      1.471          26.151                 1.15         30
      1          0               0    449.400   1684.500      2.040          35.994                 1.11         40
      1          0               0    314.400   2518.800      1.763          42.788                 1.17         50
      1          0               0    283.100   3545.900      1.881          50.212                  1.2         60
      1          0               0    228.900    707.900      0.271           8.221                 1.22         10
      1          0               0    345.200   1101.800      0.821          17.279                 1.16         20
      1          0               0    403.600   2302.600      1.406          25.752                 1.17         30
      1          0               0    311.700   1586.300      1.489          30.941                  1.3         40
      1          0               0    421.000   2744.300      2.462          36.957                 1.36         50
      1          0               0    432.500   2229.200      2.984          44.508                 1.35         60
      1          0               0    250.800    643.700      0.296           8.831                 1.14         10
      1          0               0    269.500   1337.800      0.636          17.288                 1.16         20
      1          0               0    397.200   2169.300      1.365          26.280                 1.14         30
      1          0               0    368.500   3113.300      1.697          32.858                 1.22         40
      1          0               0    423.500   3052.000      2.440          38.132                 1.31         50
      1          0               0    455.300   3200.800      3.103          45.080                 1.33         60
      1          0               0    198.900    460.200      0.226           9.890                 1.01         10
      1          0               0    180.600    640.900      0.424          18.773                 1.07         20
      1          0               0    199.100   1340.200      0.693          28.219                 1.07         30
      1          0               0    347.500   1887.700      1.570          37.898                 1.06         40
      1          0               0    469.200   3638.200      2.636          42.610                 1.18         50
      1          0               0    254.600   2449.500      1.725          49.211                 1.22         60
      1          0               0    123.700    356.300      0.140           9.786                 1.02         10
      1          0               0    492.900   1281.700      1.142          18.658                 1.07         20
      1          0               0    431.700   1645.600      1.502          24.813                 1.21         30
      1          0               0    371.600   2667.200      1.689          33.244                  1.2         40
      1          0               0    200.900   2153.300      1.127          40.175                 1.25         50
      1          0               0    223.600   1975.400      1.462          49.733                 1.21         60
      1          0               0    240.400    610.000      0.290           8.985                 1.12         10
      1          0               0    348.700   1582.500      0.803          18.538                 1.08         20
      1          0               0    200.700   1374.900      0.679          27.772                 1.08         30
      1          0               0    300.000   2843.200      1.342          36.038                 1.11         40
      1          0               0    270.700   3292.900      1.518          41.324                 1.21         50
      1          0               0    260.200   3554.700      1.723          48.288                 1.24         60
      1          0               0    318.900    824.200      0.368           9.713                 1.03         10
      1          0               0    331.200    882.800      0.771          19.471                 1.03         20
      1          0               0    220.000   1052.600      0.767          25.146                  1.2         30
      1          0               0    416.600   1761.200      1.875          34.321                 1.17         40
      1          0               0    266.800   2455.100      1.520          42.065                 1.19         50
      1          0               0    456.100   3913.000      3.083          48.869                 1.23         60
      1          0               0    244.400   1090.500      0.294           8.974                 1.15         10
      1          0               0    307.700   1711.300      0.726          18.345                  1.1         20
      1          0               0    396.400   2638.000      1.348          27.440                  1.1         30
      1          0               0    356.500   2820.000      1.617          33.682                 1.19         40
      1          0               0    394.200   4816.700      2.234          39.995                 1.25         50
      1          0               0    250.200   4267.800      1.687          45.074                 1.33         60
      1          0               0    304.000    691.900      0.352           8.857                 1.13         10
      1          0               0    314.000   1271.000      0.730          17.979                 1.12         20
      1          0               0    172.700   1202.700      0.594          26.019                 1.16         30
      1          0               0    323.900   2338.800      1.523          36.026                 1.11         40
      1          0               0    199.200   1649.200      1.172          44.474                 1.13         50
      1          0               0    369.200   3952.100      2.462          51.638                 1.17         60
      1          0               0     94.700    333.700      0.107           9.713                 1.03         10
      1          0               0    314.300   1355.500      0.731          18.217                  1.1         20
      1          0               0    318.300   1434.400      1.113          26.244                 1.14         30
      1          0               0    289.200   1611.100      1.306          33.827                 1.19         40
      1          0               0    222.600   2216.700      1.270          42.835                 1.17         50
      1          0               0    270.000   2976.700      1.804          49.383                 1.22         60
      1          0               0     86.400    461.800      0.100           9.545                 1.05         10
      1          0               0    179.800    946.600      0.424          18.553                 1.08         20
      1          0               0    184.900   1088.800      0.648          25.426                 1.18         30
      1          0               0    149.100   1591.500      0.683          33.671                 1.19         40
      1          0               0    317.200   1867.300      1.764          41.853                  1.2         50
      1          0               0    315.200   3481.400      2.092          47.813                 1.26         60
      1          0               0    277.700    994.900      0.314           9.537                 1.05         10
      1          0               0    241.800   1076.400      0.565          17.226                 1.17         20
      1          0               0    257.300   1260.100      0.881          24.711                 1.22         30
      1          0               0    321.800   2350.200      1.474          31.112                 1.29         40
      1          0               0    340.700   2262.100      1.924          38.023                 1.32         50
      1          0               0    296.300   4323.700      1.966          48.169                 1.25         60
      1          0               0    307.800   1004.900      0.363           9.587                 1.05         10
      1          0               0    195.900    864.200      0.460          18.865                 1.06         20
      1          0               0    424.500   1734.900      1.492          26.663                 1.13         30
      1          0               0    190.300   1744.700      0.871          33.091                 1.21         40
      1          0               0    304.000   2612.800      1.698          42.414                 1.18         50
      1          0               0    210.600   2127.400      1.419          49.920                 1.21         60
      1          0               0    153.300    408.400      0.179           9.755                 1.03         10
      1          0               0    313.300   1229.100      0.732          19.355                 1.04         20
      1          0               0    315.900   2028.400      1.073          27.689                 1.09         30
      1          0               0    234.500   1400.700      1.052          34.751                 1.15         40
      1          0               0    401.400   2953.600      2.229          39.864                 1.26         50
      1          0               0    292.500   2185.500      1.915          49.234                 1.22         60
      1          0               0    194.400    380.600      0.222           9.789                 1.02         10
      1          0               0    169.000   1111.200      0.410          17.373                 1.16         20
      1          0               0    271.200   1970.200      0.978          26.814                 1.12         30
      1          0               0   1252.000  10335.000      5.728          37.430                 1.07         40
      1          0               0   1270.400  12803.300      7.187          44.173                 1.13         50
      1          0               0    195.200   1598.700      1.339          48.637                 1.24         60
      1          0               0    175.300    758.700      0.199           9.200                 1.09         10
      1          0               0     94.100    801.000      0.219          18.201                  1.1         20
      1          0               0    353.000   1876.900      1.216          26.303                 1.14         30
      1          0               0    358.800   1812.400      1.625          35.290                 1.14         40
      1          0               0    372.000   2532.300      2.085          40.885                 1.23         50
      1          0               0    444.900   3810.600      2.951          49.394                 1.22         60
      1          0               0    107.500    373.700      0.124           9.668                 1.04         10
      1          0               0    150.900    649.500      0.344          18.932                 1.06         20
      1          0               0    287.200   1399.500      0.987          26.078                 1.15         30
      1          0               0    214.400   1611.300      0.958          35.116                 1.14         40
      1          0               0    210.700   2177.000      1.168          42.885                 1.17         50
      1          0               0    316.400   3285.900      2.129          48.193                 1.25         60
      1          0               0    166.400    452.600      0.193           9.829                 1.02         10
      1          0               0    182.900    946.300      0.433          19.129                 1.05         20
      1          0               0    284.200   1304.900      0.993          27.044                 1.11         30
      1          0               0    313.600   1430.400      1.428          35.722                 1.12         40
      1          0               0    276.500   1562.600      1.538          42.338                 1.18         50
      1          0               0    307.500   2506.800      2.037          48.857                 1.23         60
      1          0               0    120.200    431.200      0.138           9.443                 1.06         10
      1          0               0    155.500    682.600      0.357          18.471                 1.09         20
      1          0               0    251.100   1715.600      0.848          27.953                 1.08         30
      1          0               0    186.500   1152.500      0.844          34.125                 1.17         40
      1          0               0    281.800   2150.300      1.552          44.125                 1.14         50
      1          0               0    326.400   2277.200      2.137          51.037                 1.18         60
      1          0               0    135.600    526.000      0.155           9.083                 1.11         10
      1          0               0    253.700   1471.800      0.577          18.894                 1.06         20
      1          0               0    285.900   1741.500      1.005          28.245                 1.07         30
      1          0               0    251.700   1840.100      1.194          35.492                 1.13         40
      1          0               0    402.500   2405.800      2.265          43.786                 1.14         50
      1          0               0    350.300   3695.500      2.284          52.142                 1.15         60
      1          0               0    230.200    893.000      0.273           8.819                 1.14         10
      1          0               0    234.100   1491.100      0.571          16.930                 1.18         20
      1          0               0    198.900   1557.300      0.710          25.269                 1.19         30
      1          0               0    332.700   2551.100      1.567          33.459                  1.2         40
      1          0               0    365.200   3518.500      2.081          42.109                 1.19         50
      1          0               0    398.500   3970.300      2.727          48.098                 1.25         60
      1          0               0    318.300    564.900      0.373           9.862                 1.02         10
      1          0               0    327.000   1676.800      0.767          19.016                 1.05         20
      1          0               0    294.800   2375.000      1.011          28.521                 1.05         30
      1          0               0    215.500   1653.600      0.979          35.523                 1.13         40
      1          0               0    303.300   2093.600      1.696          43.383                 1.16         50
      1          0               0    326.500   4442.300      2.170          50.745                 1.18         60
      1          0               0    232.100    865.000      0.273           9.307                 1.08         10
      1          0               0    189.700   1158.800      0.445          18.318                  1.1         20
      1          0               0    382.200   1834.900      1.313          27.389                  1.1         30
      1          0               0    329.100   2033.000      1.503          36.082                 1.11         40
      1          0               0    365.100   2218.100      2.021          45.295                 1.11         50
      1          0               0    291.500   2871.000      1.897          52.458                 1.15         60
      1          0               0    350.100    505.300      0.401           9.865                 1.02         10
      1          0               0    359.600   1540.900      0.818          18.956                 1.06         20
      1          0               0    335.700   2698.900      1.159          27.273                  1.1         30
      1          0               0    335.800   2937.000      1.556          34.326                 1.17         40
      1          0               0    401.900   5009.300      2.318          41.091                 1.22         50
      1          0               0    431.200   4890.100      3.031          47.414                 1.27         60
      1          0               0    297.500    858.100      0.343           9.775                 1.03         10
      1          0               0    367.400   1436.000      0.836          19.536                 1.03         20
      1          0               0    379.300   1147.500      1.284          29.095                 1.03         30
      1          0               0    373.100   2153.300      1.649          37.837                 1.06         40
      1          0               0    306.600   3384.300      1.756          41.962                 1.19         50
      1          0               0    355.000   3768.700      2.383          49.551                 1.21         60
      1          0               0    251.300   1210.200      0.300           9.359                 1.08         10
      1          0               0    237.600   1659.800      0.561          18.214                  1.1         20
      1          0               0    315.800   2714.600      1.092          26.598                 1.13         30
      1          0               0    361.600   2590.000      1.656          32.590                 1.23         40
      1          0               0    277.800   2420.900      1.584          38.146                 1.31         50
      1          0               0    372.100   4109.100      2.548          42.242                 1.42         60
      1          0               0    212.300    632.200      0.254           8.839                 1.14         10
      1          0               0    215.100   1249.000      0.505          17.102                 1.17         20
      1          0               0    246.300   1643.800      0.877          23.773                 1.27         30
      0          0               0   2000.000  80000.000      9.209          30.995                 1.29         40
      1          0               0    195.500   2802.700      1.121          37.646                 1.33         50
      1          0               0    261.800   3839.600      1.789          45.244                 1.33         60
      1          0               0    203.200    563.700      0.235           9.299                 1.08         10
      1          0               0    443.000    949.400      1.015          18.675                 1.07         20
      1          0               0    341.200   1781.200      1.170          26.115                 1.15         30
      1          0               0    412.100   2948.000      1.880          32.082                 1.25         40
      1          0               0    282.800   2411.100      1.582          38.069                 1.32         50
      1          0               0    353.800   5367.500      2.347          47.932                 1.25         60
      1          0               0    233.000    628.900      0.274           8.902                 1.13         10
      1          0               0    296.100   1529.200      0.717          15.303                 1.31         20
      1          0               0    331.300   2592.400      1.209          22.586                 1.33         30
      1          0               0    368.300   3131.400      1.742          30.906                  1.3         40
      1          0               0    290.000   4556.800      1.769          37.218                 1.35         50
      1          0               0    310.700   4815.800      2.208          43.570                 1.38         60
      1          0               0    367.200    724.000      0.425           8.961                 1.12         10
      1          0               0    296.200   1661.900      0.688          18.540                 1.08         20
      1          0               0    190.000   1425.700      0.650          27.745                 1.08         30
      1          0               0    256.300   1988.200      1.169          35.037                 1.15         40
      1          0               0    426.200   3407.500      2.357          42.930                 1.17         50
      1          0               0    183.200   2099.700      1.225          48.563                 1.24         60
      1          0               0    101.100    324.400      0.115           9.382                 1.07         10
      1          0               0    292.700    960.100      0.670          18.510                 1.08         20
      1          0               0    359.200   2644.800      1.234          25.626                 1.17         30
      1          0               0    319.700   1904.500      1.454          33.268                 1.21         40
      1          0               0    473.400   3522.800      2.680          38.670                  1.3         50
      1          0               0    415.100   3313.100      2.761          47.038                 1.28         60
      1          0               0    187.800    519.900      0.222           9.624                 1.04         10
      1          0               0    355.500   1628.300      0.854          17.621                 1.14         20
      1          0               0    312.900   1719.700      1.119          26.530                 1.13         30
      1          0               0    386.500   3819.000      1.790          34.771                 1.15         40
      1          0               0    479.400   3049.800      2.682          44.507                 1.13         50
      1          0               0    374.800   3646.100      2.509          50.562                 1.19         60
      1          0               0    242.200    753.200      0.274           9.857                 1.02         10
      1          0               0    349.400   1449.300      0.813          17.284                 1.16         20
      1          0               0    339.600   2211.200      1.208          25.101                  1.2         30
      1          0               0    264.000   2496.200      1.316          32.127                 1.25         40
      1          0               0    304.700   4754.800      1.956          40.052                 1.25         50
      1          0               0    326.400   4503.300      2.224          48.365                 1.24         60
      1          0               0    201.000    621.000      0.235           9.371                 1.08         10
      1          0               0    360.100   1206.100      0.853          17.999                 1.11         20
      1          0               0    299.700   1187.100      1.080          24.854                 1.21         30
      1          0               0    312.100   2553.700      1.456          34.580                 1.16         40
      1          0               0    366.400   3596.500      2.129          41.066                 1.22         50
      1          0               0    315.600   3784.900      2.144          49.242                 1.22         60
      1          0               0    358.400   1285.000      0.410           9.587                 1.05         10
      1          0               0    337.500   2266.400      0.775          19.113                 1.05         20
      1          0               0    316.200   2955.900      1.112          26.467                 1.14         30
      1          0               0    294.500   2963.200      1.350          34.595                 1.16         40
      1          0               0    387.300   4120.200      2.157          41.429                 1.21         50
      1          0               0    350.500   4202.700      2.389          47.785                 1.26         60
      1          0               0    261.800   1149.900      0.301           9.451                 1.06         10
      1          0               0    335.500   2085.500      0.794          18.271                 1.11         20
      1          0               0    351.600   3474.900      1.226          27.501                  1.1         30
      1          0               0    335.500   2844.100      1.525          35.767                 1.12         40
      1          0               0    273.200   4137.100      1.547          41.530                 1.21         50
      1          0               0    406.400   4523.200      2.667          51.434                 1.17         60
      1          0               0     67.100    288.900      0.075           9.730                 1.03         10
      1          0               0    150.500    973.100      0.349          17.260                 1.16         20
      1          0               0    371.900   1725.500      1.261          27.421                  1.1         30
      1          0               0    398.100   1492.900      1.786          34.645                 1.16         40
      1          0               0    147.600   1562.700      0.818          41.772                  1.2         50
      1          0               0    306.900   3024.900      2.052          47.119                 1.27         60
      1          0               0    108.800    342.300      0.123           9.719                 1.03         10
      1          0               0    163.500    982.600      0.379          18.762                 1.07         20
      1          0               0    298.200   1814.900      1.045          25.763                 1.17         30
      1          0               0    271.000   2143.000      1.258          33.425                  1.2         40
      1          0               0    321.900   3410.500      1.842          42.140                 1.19         50
      1          0               0    279.800   3821.500      1.873          50.990                 1.18         60
      1          0               0    244.500    590.200      0.278           9.780                 1.02         10
      1          0               0    238.000   1221.900      0.555          18.911                 1.06         20
      1          0               0    274.800   1276.000      0.946          25.321                 1.19         30
      1          0               0    164.500    990.400      0.759          30.350                 1.32         40
      1          0               0    346.100   2259.600      1.974          39.501                 1.27         50
      1          0               0    326.900   2466.000      2.310          47.852                 1.26         60
      1          0               0    229.300    724.800      0.266           9.638                 1.04         10
      1          0               0    198.500    866.500      0.460          19.098                 1.05         20
      1          0               0    307.100   1236.200      1.039          28.136                 1.07         30
      1          0               0    395.500   3085.700      1.761          37.479                 1.07         40
      1          0               0    319.700   2777.100      1.759          44.101                 1.14         50
      1          0               0    443.600   4321.100      2.862          53.057                 1.13         60
      1          0               0    168.500    531.100      0.193           8.783                 1.14         10
      1          0               0    224.700    852.100      0.525          17.270                 1.16         20
      1          0               0    260.600   1298.500      0.897          24.815                 1.21         30
      1          0               0    208.500   1350.800      0.964          31.272                 1.28         40
      1          0               0    243.100   2023.400      1.390          38.717                 1.29         50
      1          0               0    249.300   2195.000      1.695          46.190                  1.3         60
      1          0               0    263.500    544.600      0.298           9.861                 1.02         10
      1          0               0    248.800    875.100      0.584          18.631                 1.08         20
      1          0               0    348.500   2125.400      1.210          28.827                 1.04         30
      1          0               0    372.100   2111.300      1.703          37.026                 1.08         40
      1          0               0    272.100   2083.200      1.504          45.828                 1.09         50
      1          0               0    348.400   2388.800      2.317          50.031                  1.2         60
      1          0               0    278.100    975.000      0.330           8.786                 1.15         10
      1          0               0    234.400   1141.300      0.555          17.852                 1.12         20
      1          0               0    197.500   1144.200      0.697          25.519                 1.18         30
      1          0               0    315.600   2042.600      1.455          32.828                 1.22         40
      1          0               0    289.800   2516.400      1.664          39.495                 1.27         50
      1          0               0    406.800   3658.900      2.766          47.037                 1.28         60
      1          0               0    195.400    481.500      0.232           9.123                  1.1         10
      1          0               0     80.900    660.400      0.193          16.833                 1.19         20
      1          0               0    124.500    822.900      0.441          26.365                 1.14         30
      1          0               0    207.600   1473.800      0.991          34.383                 1.17         40
      1          0               0    293.000   2258.900      1.694          42.308                 1.19         50
      1          0               0    141.100   1877.500      0.946          49.269                 1.22         60
      1          0               0    176.300    659.000      0.204           9.020                 1.12         10
      1          0               0    181.000   1146.700      0.422          18.656                 1.08         20
      1          0               0    301.100   2280.600      1.061          25.055                  1.2         30
      1          0               0    320.000   3026.900      1.520          29.946                 1.34         40
      1          0               0    241.700   3252.000      1.412          37.268                 1.35         50
      1          0               0    301.800   3252.400      2.075          46.052                 1.31         60
      1          0               0     77.600    337.700      0.092           9.113                  1.1         10
      1          0               0    171.100    543.100      0.408          16.964                 1.18         20
      1          0               0    306.900   1114.400      1.120          24.862                 1.21         30
      1          0               0    285.800   1830.700      1.356          32.974                 1.21         40
      1          0               0    296.400   3084.600      1.755          39.406                 1.27         50
      1          0               0    258.800   2063.900      1.789          46.086                  1.3         60
      1          0               0    203.000    773.700      0.243           8.370                 1.21         10
      1          0               0    291.000   1718.400      0.686          17.106                 1.17         20
      1          0               0    194.900   1296.000      0.677          24.822                 1.21         30
      1          0               0    328.400   2924.300      1.499          33.739                 1.19         40
      1          0               0    368.100   2467.900      2.041          41.863                  1.2         50
      1          0               0    319.600   2583.100      2.112          49.792                 1.21         60
      1          0               0    149.600    432.300      0.167           9.836                 1.02         10
      1          0               0    127.100    590.100      0.289          18.423                 1.09         20
      1          0               0    234.600   1492.600      0.804          24.466                 1.23         30
      1          0               0    244.900   2477.800      1.124          31.046                 1.29         40
      1          0               0    416.900   3122.900      2.338          39.731                 1.26         50
      1          0               0    369.800   3685.700      2.517          46.058                 1.31         60
      1          0               0    329.200   1067.400      0.383           8.868                 1.13         10
      1          0               0    387.900   1927.000      0.921          17.416                 1.15         20
      1          0               0    316.100   1790.800      1.124          26.142                 1.15         30
      1          0               0    423.500   3332.300      1.943          35.522                 1.13         40
      1          0               0    435.100   4480.300      2.426          43.939                 1.14         50
      1          0               0    423.700   4233.000      2.760          53.308                 1.13         60
      1          0               0     73.200    303.500      0.084           9.568                 1.05         10
      1          0               0    229.500    837.400      0.519          19.446                 1.03         20
      1          0               0    293.200   2101.300      0.994          28.355                 1.06         30
      1          0               0    209.200   1066.800      0.919          38.075                 1.05         40
      1          0               0    387.000   2232.300      2.125          44.211                 1.13         50
      1          0               0    374.700   3462.400      2.421          51.959                 1.16         60
      1          0               0    224.000    363.700      0.258           9.891                 1.01         10
      1          0               0     99.000    600.500      0.238          17.454                 1.15         20
      1          0               0    279.200   1481.300      0.982          26.871                 1.12         30
      1          0               0    192.600   2140.600      0.890          33.667                 1.19         40
      1          0               0    277.800   3494.100      1.574          40.604                 1.23         50
      1          0               0    272.100   4343.400      1.836          48.141                 1.25         60
      1          0               0    145.200    417.500      0.166           9.820                 1.02         10
      1          0               0    102.400    516.100      0.236          18.597                 1.08         20
      1          0               0    327.700   1865.300      1.125          27.866                 1.08         30
      1          0               0    217.900   2439.000      0.999          32.605                 1.23         40
      1          0               0    275.500   2776.700      1.556          41.671                  1.2         50
      1          0               0    276.300   3746.000      1.863          46.823                 1.29         60
      1          0               0    234.400    513.500      0.270           9.745                 1.03         10
      1          0               0    300.100   2259.600      0.714          18.480                 1.09         20
      1          0               0    417.700   2149.200      1.479          27.122                 1.11         30
      1          0               0    175.400   1355.100      0.806          34.304                 1.17         40
      1          0               0    219.700   2642.500      1.270          40.070                 1.25         50
      1          0               0    188.700   2104.900      1.283          46.426                 1.29         60
      1          0               0    243.100    578.400      0.278           9.630                 1.04         10
      1          0               0    248.200    885.900      0.584          18.730                 1.07         20
      1          0               0    138.800   1066.900      0.489          26.805                 1.13         30
      1          0               0    156.400   1115.000      0.708          34.836                 1.15         40
      1          0               0    360.500   2513.400      2.014          42.843                 1.17         50
      1          0               0    237.800   2438.300      1.587          49.921                  1.2         60
      1          0               0    172.200    410.600      0.202           9.630                 1.04         10
      1          0               0    109.400    464.300      0.261          17.654                 1.13         20
      1          0               0    273.600   1715.900      0.966          26.211                 1.15         30
      1          0               0    488.600   1838.500      2.256          33.459                  1.2         40
      1          0               0    322.900   1817.900      1.837          40.450                 1.24         50
      1          0               0    413.400   2627.600      3.233          44.880                 1.34         60
      1          0               0    131.200    504.900      0.150           9.163                  1.1         10
      1          0               0    182.100   1149.700      0.420          17.864                 1.12         20
      1          0               0    173.400   1266.900      0.598          25.077                  1.2         30
      1          0               0    262.400   2113.600      1.208          33.002                 1.21         40
      1          0               0    357.600   2268.300      2.009          40.733                 1.23         50
      1          0               0    161.000   2133.300      1.072          48.952                 1.23         60
      1          0               0    338.100    925.000      0.395           9.817                 1.02         10
      1          0               0    391.800   2378.000      0.941          19.098                 1.05         20
      1          0               0    441.700   3322.500      1.593          27.685                 1.09         30
      1          0               0    400.700   4014.600      1.874          34.872                 1.15         40
      1          0               0    352.400   4089.400      2.004          43.530                 1.15         50
      1          0               0    307.100   4146.500      2.067          50.138                  1.2         60
      1          0               0    187.300    471.800      0.213           9.836                 1.02         10
      1          0               0    318.700   1440.600      0.763          18.689                 1.07         20
      1          0               0    234.700   1202.100      0.828          28.207                 1.07         30
      1          0               0    322.300   2343.900      1.476          37.253                 1.08         40
      1          0               0    182.000   1715.500      1.041          42.939                 1.17         50
      1          0               0    237.800   2805.900      1.619          49.819                 1.21         60
      1          0               0    225.300    644.900      0.264           9.498                 1.06         10
      1          0               0    180.600   1262.000      0.428          17.513                 1.15         20
      1          0               0    152.800   1306.800      0.534          25.562                 1.18         30
      1          0               0    371.100   2442.500      1.706          33.568                 1.19         40
      1          0               0    368.400   2732.800      2.115          39.565                 1.27         50
      1          0               0    478.100   4317.900      3.317          44.529                 1.35         60
      1          0               0    114.200    313.500      0.129           9.691                 1.04         10
      1          0               0    186.100    877.800      0.425          19.072                 1.05         20
      1          0               0    300.800   1369.000      1.016          26.824                 1.12         30
      1          0               0    288.800   1526.200      1.282          36.406                  1.1         40
      1          0               0    210.600   1944.200      1.174          41.354                 1.21         50
      1          0               0    314.800   3521.800      2.052          50.207                  1.2         60
      1          0               0    218.800    728.800      0.250           9.809                 1.02         10
      1          0               0    326.400   1363.800      0.742          19.317                 1.04         20
      1          0               0    316.200   2209.500      1.081          27.640                 1.09         30
      1          0               0    310.700   2822.200      1.453          34.341                 1.17         40
      1          0               0    251.300   2744.800      1.409          43.329                 1.16         50
      1          0               0    295.900   3731.700      2.044          47.864                 1.26         60
      1          0               0    198.000    618.600      0.237           7.901                 1.27         10
      1          0               0    300.300   1253.300      0.721          17.531                 1.14         20
      1          0               0    255.900   1477.500      0.913          26.707                 1.13         30
      0          0               0   2000.000  80000.000      9.294          33.762                 1.19         40
      1          0               0    219.400   2218.800      1.281          39.556                 1.27         50
      1          0               0    274.400   3321.500      1.912          45.512                 1.32         60
      1          0               0    243.200    923.600      0.283           9.443                 1.06         10
      1          0               0    222.100   1622.900      0.547          17.590                 1.14         20
      1          0               0    340.600   2992.600      1.218          27.000                 1.11         30
      1          0               0    337.700   2728.300      1.562          35.124                 1.14         40
      1          0               0    277.900   2781.500      1.574          42.376                 1.18         50
      1          0               0    256.600   2842.400      1.743          48.435                 1.24         60
      1          0               0    185.500    548.600      0.217           9.757                 1.03         10
      1          0               0    324.500   1244.300      0.763          19.508                 1.03         20
      1          0               0    388.200   2785.300      1.389          26.543                 1.13         30
      1          0               0    426.100   2742.700      1.992          34.549                 1.16         40
      1          0               0    203.200   2042.600      1.165          41.547                 1.21         50
      1          0               0    256.200   2227.600      1.723          49.030                 1.23         60
      1          0               0    161.200    490.000      0.184           9.415                 1.07         10
      1          0               0    289.700   1676.500      0.672          18.585                 1.08         20
      1          0               0    285.400   1717.100      0.983          26.571                 1.13         30
      1          0               0    369.400   2864.400      1.684          33.181                 1.21         40
      1          0               0    252.600   3188.700      1.440          40.041                 1.25         50
      1          0               0    250.400   3119.300      1.705          43.373                 1.39         60
      1          0               0    233.800   1303.200      0.277           9.158                  1.1         10
      1          0               0    311.000   1558.700      0.740          18.275                  1.1         20
      1          0               0    234.400   1794.700      0.823          27.206                 1.11         30
      1          0               0    183.300   2120.300      0.874          32.736                 1.23         40
      1          0               0    223.800   2518.800      1.279          41.301                 1.21         50
      1          0               0    301.300   3192.100      2.034          47.931                 1.25         60
      1          0               0    258.400    973.800      0.300           8.945                 1.12         10
      1          0               0    290.000   1136.700      0.669          18.445                 1.09         20
      1          0               0    376.900   2492.100      1.279          27.346                  1.1         30
      1          0               0    428.000   2939.300      1.944          36.675                 1.09         40
      1          0               0    360.100   3281.300      2.070          41.635                  1.2         50
      1          0               0    358.200   3519.500      2.480          47.456                 1.27         60
      1          0               0    256.300    705.900      0.288           9.744                 1.03         10
      1          0               0    309.300   1492.500      0.711          19.503                 1.03         20
      1          0               0    368.600   2134.300      1.240          29.099                 1.03         30
      1          0               0    392.700   2662.600      1.744          37.952                 1.06         40
      1          0               0    288.000   2330.400      1.703          45.594                  1.1         50
      1          0               0    255.700   2194.200      1.716          53.658                 1.12         60
      1          0               0     97.300    363.100      0.115           9.096                  1.1         10
      1          0               0    197.100    847.100      0.456          18.398                 1.09         20
      1          0               0    153.300    977.900      0.526          27.098                 1.11         30
      1          0               0    178.500   1231.600      0.808          34.148                 1.17         40
      1          0               0    291.100   2343.500      1.614          40.553                 1.23         50
      1          0               0    314.800   2547.000      2.059          49.128                 1.22         60
      1          0               0    254.000    768.900      0.295           9.527                 1.06         10
      1          0               0    321.600   1599.700      0.734          19.436                 1.03         20
      1          0               0    352.500   2146.000      1.205          27.362                  1.1         30
      1          0               0    326.700   2403.000      1.509          34.460                 1.16         40
      1          0               0    278.200   2677.800      1.598          41.294                 1.21         50
      1          0               0    406.400   2756.600      2.702          49.073                 1.22         60
      1          0               0    223.100    747.100      0.262           8.901                 1.13         10
      1          0               0    198.600    714.300      0.462          17.458                 1.15         20
      1          0               0    200.400   1489.100      0.687          25.927                 1.16         30
      1          0               0    179.800   2082.200      0.834          33.076                 1.22         40
      1          0               0    348.500   2559.400      1.972          41.537                 1.21         50
      1          0               0    452.400   4587.100      2.988          49.726                 1.21         60
      1          0               0    272.700   1070.300      0.320           9.438                 1.07         10
      1          0               0    285.900   2194.800      0.686          15.664                 1.28         20
      1          0               0    304.900   2343.800      1.064          24.428                 1.23         30
      1          0               0    333.200   3147.900      1.533          31.606                 1.27         40
      1          0               0    349.900   3994.500      2.032          38.744                  1.3         50
      1          0               0    397.700   4723.800      2.678          45.671                 1.32         60
      1          0               0    231.800    846.800      0.267           9.406                 1.07         10
      1          0               0    291.200   1630.100      0.671          18.487                 1.08         20
      1          0               0    276.500   1494.600      0.930          28.268                 1.06         30
      1          0               0    256.900   1583.900      1.133          37.937                 1.06         40
      1          0               0    274.600   3050.500      1.536          43.686                 1.15         50
      1          0               0    295.300   2668.800      1.955          51.059                 1.18         60
      1          0               0    268.900   1158.300      0.314           9.383                 1.07         10
      1          0               0    199.100    764.400      0.452          19.154                 1.05         20
      1          0               0    377.300   1309.500      1.276          27.687                 1.08         30
      1          0               0    420.000   2750.300      1.846          36.437                  1.1         40
      1          0               0    317.300   2367.100      1.728          44.783                 1.12         50
      1          0               0    314.500   4058.000      2.051          50.773                 1.18         60
      1          0               0    205.900    813.500      0.241           9.555                 1.05         10
      1          0               0    263.000   1449.900      0.640          18.128                 1.11         20
      1          0               0    272.100   2069.100      0.960          27.202                 1.11         30
      1          0               0    210.000   2004.200      0.974          33.502                  1.2         40
      1          0               0    387.900   2843.200      2.180          44.605                 1.12         50
      1          0               0    205.100   2784.500      1.381          50.982                 1.18         60
      1          0               0    170.600    599.300      0.195           9.604                 1.05         10
      1          0               0    248.000   1212.600      0.569          18.335                 1.09         20
      1          0               0    261.100   1500.300      0.886          28.027                 1.07         30
      1          0               0    173.100   1281.900      0.810          36.183                 1.11         40
      1          0               0     99.300   1246.700      0.558          41.280                 1.22         50
      1          0               0    293.900   2104.100      1.985          46.098                  1.3         60
      1          0               0    228.300    615.900      0.280           7.982                 1.26         10
      1          0               0    379.200    946.600      0.940          15.862                 1.26         20
      1          0               0    497.100   2719.000      1.798          25.418                 1.18         30
      1          0               0    227.300   1439.500      1.018          34.014                 1.18         40
      1          0               0    343.200   2456.100      1.913          41.915                 1.19         50
      1          0               0    335.300   2784.900      2.206          49.299                 1.22         60
      1          0               0    149.200    432.600      0.172           9.670                 1.04         10
      1          0               0    379.800   1280.800      0.887          18.651                 1.07         20
      1          0               0    191.300    908.200      0.665          27.135                 1.11         30
      1          0               0    114.700   1225.700      0.518          36.292                  1.1         40
      1          0               0    395.200   2017.700      2.234          41.237                 1.21         50
      1          0               0    190.900   2031.900      1.305          46.159                  1.3         60
      1          0               0    261.500    471.400      0.299           9.868                 1.02         10
      1          0               0    325.200   1288.500      0.751          19.028                 1.06         20
      1          0               0    329.500   2733.600      1.124          28.269                 1.06         30
      1          0               0    335.100   2413.800      1.489          37.290                 1.08         40
      1          0               0    456.400   3246.000      2.475          46.203                 1.08         50
      1          0               0    279.700   2760.400      1.820          51.422                 1.17         60
      1          0               0    377.900    664.700      0.438           8.945                 1.12         10
      1          0               0    335.800    922.000      0.793          17.530                 1.14         20
      1          0               0    352.900   1200.600      1.208          27.265                  1.1         30
      1          0               0    200.700   1155.800      0.906          33.927                 1.18         40
      1          0               0    279.000   1602.500      1.568          42.815                 1.17         50
      1          0               0    327.300   2420.800      2.201          48.406                 1.24         60
      1          0               0    197.400    471.000      0.225           9.740                 1.03         10
      1          0               0    455.200   1655.500      1.032          16.849                 1.19         20
      1          0               0    438.100   1816.500      1.485          24.477                 1.23         30
      1          0               0    454.300   2346.400      2.012          31.678                 1.26         40
      1          0               0    129.100   1281.400      0.700          39.706                 1.26         50
      1          0               0    210.000   1734.500      1.364          46.808                 1.28         60
      1          0               0    204.900    402.200      0.229           9.740                 1.03         10
      1          0               0     91.600    632.800      0.203          18.901                 1.06         20
      1          0               0    463.800   2013.500      1.511          27.298                  1.1         30
      1          0               0    454.300   4233.500      1.969          35.163                 1.14         40
      1          0               0    448.300   4401.300      2.414          42.368                 1.18         50
      1          0               0    413.400   5238.600      2.700          50.296                  1.2         60
      1          0               0    309.700    825.200      0.347           9.742                 1.03         10
      1          0               0    331.400    865.300      0.734          18.652                 1.07         20
      1          0               0    291.300   1419.600      0.963          26.216                 1.15         30
      1          0               0    345.100   3013.500      1.500          36.104                 1.11         40
      1          0               0    307.700   3003.200      1.684          41.748                  1.2         50
      1          0               0    401.100   5812.800      2.655          48.458                 1.24         60
      1          0               0    351.400   1169.600      0.406           8.686                 1.16         10
      1          0               0    292.400   1669.300      0.671          16.842                 1.19         20
      1          0               0    331.300   2373.300      1.100          25.452                 1.18         30
      1          0               0    313.400   2552.200      1.364          33.855                 1.18         40
      1          0               0    341.800   2403.500      1.839          42.721                 1.17         50
      1          0               0    331.800   2837.600      2.144          48.514                 1.24         60
      1          0               0     98.600    270.800      0.114           9.265                 1.08         10
      1          0               0    167.400    644.900      0.393          17.505                 1.15         20
      1          0               0     90.900    818.200      0.312          25.160                  1.2         30
      1          0               0    277.900   2000.400      1.264          33.175                 1.21         40
      1          0               0    362.300   2980.400      2.075          41.166                 1.22         50
      1          0               0    159.300   1402.900      1.077          48.813                 1.23         60
      1          0               0    305.900   1170.700      0.347           9.626                 1.04         10
      1          0               0    237.100   1459.000      0.544          18.547                 1.08         20
      1          0               0    225.900   1400.400      0.757          24.913                 1.21         30
      1          0               0    478.600   2304.000      2.101          34.108                 1.17         40
      1          0               0    336.600   2478.800      1.854          40.644                 1.23         50
      1          0               0    316.300   2146.000      2.060          49.244                 1.22         60
      1          0               0     59.000    246.800      0.069           9.232                  1.1         10
      1          0               0    211.800    710.400      0.476          17.576                 1.14         20
      1          0               0    235.900   1370.000      0.783          25.206                 1.19         30
      1          0               0    177.900   1620.700      0.777          32.868                 1.22         40
      1          0               0    234.600   1930.300      1.267          41.754                  1.2         50
      1          0               0    185.900   2431.100      1.245          46.836                 1.29         60
      1          0               0    300.100    914.700      0.338           9.745                 1.03         10
      1          0               0    207.200    967.400      0.457          18.506                 1.08         20
      1          0               0    137.700   1094.900      0.457          27.088                 1.11         30
      1          0               0    262.100   2029.900      1.130          35.494                 1.13         40
      1          0               0    189.900   2031.900      1.034          41.759                  1.2         50
      1          0               0    194.200   2298.100      1.284          49.241                 1.22         60
      1          0               0    110.100    405.000      0.124           9.612                 1.04         10
      1          0               0    280.800   1135.700      0.619          19.420                 1.03         20
      1          0               0    145.100    990.000      0.473          28.036                 1.07         30
      1          0               0    367.300   1818.500      1.567          38.064                 1.05         40
      1          0               0    388.400   3269.500      2.073          46.463                 1.08         50
      1          0               0    394.400   3235.100      2.520          54.059                 1.11         60
      1          0               0    345.300    621.400      0.392           9.772                 1.03         10
      1          0               0    153.900    996.300      0.356          18.474                 1.09         20
      1          0               0    254.900   1442.900      0.832          28.512                 1.05         30
      1          0               0    309.200   2242.000      1.333          34.264                 1.17         40
      1          0               0    249.700   4245.300      1.383          38.499                  1.3         50
      1          0               0    376.200   6380.600      2.521          45.618                 1.32         60
      1          0               0    243.300    544.300      0.277           9.738                 1.03         10
      1          0               0    183.100    656.800      0.410          17.431                 1.15         20
      1          0               0    293.600   1923.100      0.996          23.272                 1.29         30
      1          0               0    316.200   2690.500      1.388          32.445                 1.23         40
      1          0               0    270.400   3164.100      1.473          39.958                 1.25         50
      1          0               0    298.400   4608.900      2.024          46.051                 1.31         60
      1          0               0    224.800    808.400      0.253           9.677                 1.04         10
      1          0               0    294.800   1287.800      0.665          18.922                 1.06         20
      1          0               0    310.800   2385.400      1.045          27.103                 1.11         30
      1          0               0    319.200   2035.600      1.416          34.091                 1.18         40
      1          0               0    335.100   3075.300      1.841          42.198                 1.19         50
      1          0               0    469.700   4283.100      3.122          47.291                 1.27         60
      1          0               0    226.900    637.500      0.259           9.154                  1.1         10
      1          0               0    242.200    978.600      0.543          16.095                 1.25         20
      1          0               0    227.900   1591.700      0.767          22.278                 1.35         30
      1          0               0    317.100   2975.500      1.404          30.606                 1.31         40
      1          0               0    201.600   2194.400      1.100          38.937                 1.29         50
      1          0               0    207.300   2140.400      1.362          46.486                 1.29         60
      1          0               0     92.700    401.500      0.103           8.694                 1.16         10
      1          0               0    260.400   1103.600      0.572          18.472                 1.08         20
      1          0               0    275.200   1485.500      0.901          27.306                  1.1         30
      1          0               0    359.600   1724.500      1.563          34.772                 1.15         40
      1          0               0    382.400   3524.200      2.056          41.750                  1.2         50
      1          0               0    281.500   2506.100      1.838          49.405                 1.22         60
      1          0               0    170.100    458.400      0.193           8.907                 1.13         10
      1          0               0    304.400   1174.600      0.700          16.670                  1.2         20
      1          0               0    367.400   1554.600      1.229          23.563                 1.27         30
      1          0               0    341.600   2313.200      1.499          31.402                 1.28         40
      1          0               0    384.800   2417.500      2.081          38.753                 1.29         50
      1          0               0    355.600   2275.300      2.327          46.533                 1.29         60
      1          0               0    204.600    532.500      0.231           9.113                  1.1         10
      1          0               0    246.800   1167.900      0.560          18.085                 1.11         20
      1          0               0    219.500   1410.600      0.736          25.819                 1.16         30
      1          0               0    424.800   3285.100      1.833          36.248                 1.11         40
      1          0               0    378.400   3259.200      2.044          42.548                 1.18         50
      1          0               0    315.200   3412.300      2.066          47.977                 1.26         60
      1          0               0    171.300    687.500      0.193           9.583                 1.05         10
      1          0               0    208.800    830.300      0.464          19.112                 1.05         20
      1          0               0    151.200    984.900      0.486          27.479                 1.09         30
      1          0               0    247.300   1841.400      1.058          35.291                 1.14         40
      1          0               0    227.100   2554.500      1.233          40.077                 1.25         50
      1          0               0    412.700   3923.700      2.671          49.325                 1.22         60
      1          0               0    218.800    625.300      0.247           9.679                 1.04         10
      1          0               0    266.200   1110.700      0.615          18.402                 1.09         20
      1          0               0    298.100   1666.900      1.027          25.706                 1.17         30
      1          0               0    317.000   3062.400      1.424          34.411                 1.17         40
      1          0               0    397.400   3732.400      2.215          41.747                  1.2         50
      1          0               0    354.800   3578.900      2.333          48.907                 1.23         60
      1          0               0    256.300   1048.700      0.286           9.729                 1.03         10
      1          0               0    232.900   1264.600      0.520          17.914                 1.12         20
      1          0               0    284.400   2439.100      0.957          26.104                 1.16         30
      1          0               0    275.800   1843.300      1.185          34.346                 1.17         40
      1          0               0    222.300   2383.200      1.238          39.368                 1.28         50
      1          0               0    190.300   2827.100      1.274          46.875                 1.28         60
      1          0               0    407.600    681.100      0.454           9.884                 1.01         10
      1          0               0    342.600   2234.100      0.784          18.212                  1.1         20
      1          0               0    320.300   3385.300      1.116          25.313                 1.19         30
      1          0               0    364.400   2726.700      1.607          34.885                 1.15         40
      1          0               0    351.200   3130.600      1.899          43.660                 1.15         50
      1          0               0    432.600   3219.500      2.777          53.442                 1.12         60
      1          0               0    295.500   1005.100      0.345           9.551                 1.05         10
      1          0               0    345.000   1585.700      0.814          18.029                 1.11         20
      1          0               0    375.000   2719.900      1.293          27.120                 1.11         30
      1          0               0    287.100   2113.300      1.264          36.616                 1.09         40
      1          0               0    243.600   2985.200      1.345          44.082                 1.14         50
      1          0               0    329.000   3883.400      2.173          51.500                 1.17         60
      1          0               0    107.800    390.700      0.121           9.545                 1.05         10
      1          0               0    353.100   1843.300      0.778          18.251                  1.1         20
      1          0               0    345.900   2130.600      1.139          26.130                 1.15         30
      1          0               0    240.400   1396.400      1.026          34.329                 1.17         40
      1          0               0    324.000   2244.100      1.731          42.980                 1.17         50
      1          0               0    300.400   2086.500      1.965          45.969                 1.31         60
      1          0               0    137.900    307.500      0.151           9.854                 1.02         10
      1          0               0    304.100   1344.700      0.669          18.374                 1.09         20
      1          0               0    300.000   2000.200      0.989          26.446                 1.14         30
      1          0               0    316.000   2655.700      1.359          34.040                 1.18         40
      1          0               0    294.000   2656.500      1.584          42.030                 1.19         50
      1          0               0    344.000   3115.500      2.240          48.610                 1.24         60
      1          0               0    240.200    499.200      0.265           9.798                 1.02         10
      1          0               0    272.400    683.300      0.595          18.606                 1.08         20
      1          0               0    198.200   1167.800      0.660          25.462                 1.18         30
      1          0               0    311.300   1487.300      1.352          33.491                  1.2         40
      1          0               0    360.600   2470.700      1.981          39.120                 1.28         50
      1          0               0    240.300   2978.000      1.632          43.201                 1.39         60
      1          0               0    136.400    440.800      0.154           9.608                 1.04         10
      1          0               0    414.800   1476.900      0.939          18.561                 1.08         20
      1          0               0    423.700   2027.600      1.423          26.310                 1.14         30
      1          0               0    424.500   3178.100      1.859          34.428                 1.16         40
      1          0               0    414.500   4051.600      2.253          43.013                 1.16         50
      1          0               0    322.700   3581.500      2.171          47.183                 1.28         60
      1          0               0    272.100    583.900      0.318           9.806                 1.02         10
      1          0               0    350.500    815.700      0.803          18.801                 1.06         20
      1          0               0    372.800   2567.900      1.249          28.262                 1.06         30
      1          0               0    482.100   4194.100      2.098          36.922                 1.08         40
      1          0               0    373.100   2433.900      2.014          43.923                 1.14         50
      1          0               0    315.000   3162.000      2.046          50.205                  1.2         60
      1          0               0    205.300    669.400      0.233           9.183                 1.09         10
      1          0               0    176.000    919.100      0.398          16.203                 1.24         20
      1          0               0    328.800   1789.100      1.110          23.409                 1.28         30
      1          0               0    350.700   1956.000      1.534          33.035                 1.21         40
      1          0               0    162.000   1831.900      0.886          40.606                 1.23         50
      1          0               0    323.000   3226.300      2.144          47.577                 1.27         60
      1          0               0    154.900    357.400      0.176           9.819                 1.02         10
      1          0               0     71.600    487.100      0.166          18.253                  1.1         20
      1          0               0    322.500   1381.500      1.090          27.852                 1.08         30
      1          0               0    366.600   1717.200      1.602          35.628                 1.13         40
      1          0               0    414.000   2809.900      2.292          40.728                 1.23         50
      1          0               0    434.600   2854.000      2.908          46.410                 1.29         60
      1          0               0    193.200    568.800      0.220           8.917                 1.13         10
      1          0               0    345.200   2170.100      0.783          17.233                 1.16         20
      1          0               0    361.200   2894.300      1.237          24.126                 1.25         30
      1          0               0    359.200   2338.200      1.585          32.790                 1.22         40
      1          0               0    189.500   1857.200      1.031          39.669                 1.26         50
      1          0               0    285.300   2031.500      1.844          48.983                 1.23         60
      1          0               0    166.000    484.500      0.185           9.736                 1.03         10
      1          0               0    256.500   1526.300      0.587          17.844                 1.12         20
      1          0               0    384.700   2365.400      1.314          24.972                  1.2         30
      1          0               0    375.400   2424.200      1.620          34.738                 1.15         40
      1          0               0    339.200   2537.900      1.836          42.228                 1.19         50
      1          0               0    297.100   3130.700      2.014          45.170                 1.33         60
      1          0               0    210.800    556.400      0.235           9.646                 1.04         10
      1          0               0    287.400   1741.800      0.651          18.523                 1.09         20
      1          0               0    298.400   1766.900      0.968          28.538                 1.05         30
      1          0               0    321.100   2351.800      1.382          38.087                 1.05         40
      1          0               0    165.700   1926.800      0.889          45.019                 1.12         50
      1          0               0    347.900   2816.300      2.219          54.651                  1.1         60
      1          0               0    242.100    710.900      0.279           9.599                 1.05         10
      1          0               0    211.700    677.700      0.479          18.353                 1.09         20
      1          0               0    351.300   1650.800      1.176          26.906                 1.12         30
      1          0               0    458.600   2822.800      2.003          34.522                 1.16         40
      1          0               0    356.800   3523.100      1.947          42.877                 1.17         50
      1          0               0    333.900   4163.300      2.197          49.600                 1.21         60
      1          0               0    377.700   1050.300      0.445           9.669                 1.04         10
      1          0               0    186.100    918.300      0.427          19.231                 1.04         20
      1          0               0    385.600   1784.100      1.301          27.295                  1.1         30
      1          0               0    394.600   3586.500      1.769          35.686                 1.13         40
      1          0               0    314.300   2844.000      1.770          42.538                 1.18         50
      1          0               0    318.600   3751.300      2.162          48.645                 1.24         60
      1          0               0    353.200    826.500      0.406           9.924                 1.01         10
      1          0               0    253.100   1165.500      0.603          19.209                 1.04         20
      1          0               0    322.000   1687.000      1.120          27.227                  1.1         30
      1          0               0    145.300    947.600      0.673          35.206                 1.14         40
      1          0               0    436.400   2687.000      2.484          44.796                 1.12         50
      1          0               0    253.300   1820.300      1.666          52.845                 1.14         60
      1          0               0    184.000    459.800      0.218           9.738                 1.03         10
      1          0               0    428.700   1566.700      0.989          19.293                 1.04         20
      1          0               0    177.500   1367.500      0.638          27.897                 1.08         30
      1          0               0    326.500   1637.200      1.476          38.907                 1.03         40
      1          0               0    279.700   1566.000      1.644          45.115                 1.11         50
      1          0               0    314.500   2820.700      2.223          49.769                 1.21         60
      1          0               0    160.500    644.100      0.188           9.490                 1.06         10
      1          0               0    298.400   1622.400      0.700          18.159                  1.1         20
      1          0               0    369.100   2612.500      1.295          26.465                 1.13         30
      1          0               0    204.600   1292.100      0.934          34.652                 1.16         40
      1          0               0    261.900   2206.700      1.465          41.708                  1.2         50
      1          0               0    350.300   2766.700      2.354          48.770                 1.23         60
      1          0               0    243.600    631.100      0.288           9.796                 1.02         10
      1          0               0    206.400    686.800      0.461          19.341                 1.04         20
      1          0               0    301.900   1365.400      1.021          29.266                 1.03         30
      1          0               0    330.700   2664.800      1.479          35.591                 1.13         40
      1          0               0    286.000   2262.100      1.585          41.763                  1.2         50
      1          0               0    338.600   3756.600      2.311          47.065                 1.28         60
      1          0               0    122.100    353.600      0.140           8.224                 1.23         10
      1          0               0    334.900   1853.200      0.827          17.826                 1.13         20
      1          0               0    335.100   2583.800      1.206          24.625                 1.22         30
      1          0               0    343.600   3183.200      1.684          33.326                  1.2         40
      1          0               0    361.100   5296.300      2.150          41.805                  1.2         50
      1          0               0    407.800   5861.700      2.883          46.681                 1.29         60
      1          0               0    230.400    650.100      0.267           9.417                 1.07         10
      1          0               0    173.700    505.600      0.406          19.559                 1.02         20
      1          0               0    283.600   1440.300      1.004          27.163                 1.11         30
      1          0               0    127.500    954.200      0.570          35.249                 1.14         40
      1          0               0    435.600   4106.100      2.439          41.596                  1.2         50
      1          0               0    414.400   3008.900      2.733          50.990                 1.18         60
      1          0               0    314.400   1241.000      0.367           9.601                 1.05         10
      1          0               0    354.400   2041.200      0.855          18.124                 1.11         20
      1          0               0    386.600   1766.400      1.343          26.413                 1.14         30
      1          0               0    435.800   1959.300      1.950          35.128                 1.14         40
      1          0               0    341.900   2752.500      1.995          42.399                 1.18         50
      1          0               0    634.800   5148.800      4.495          47.384                 1.27         60
      1          0               0    304.200   1463.700      0.364           9.739                 1.03         10
      1          0               0    342.900   1790.500      0.825          17.132                 1.17         20
      1          0               0    325.000   1722.700      1.173          23.580                 1.27         30
      1          0               0    227.900   2202.500      1.119          32.670                 1.23         40
      1          0               0    325.600   2710.100      1.967          37.949                 1.32         50
      1          0               0    309.300   3224.600      2.207          46.006                 1.31         60
      1          0               0    113.400    275.300      0.136           9.883                 1.01         10
      1          0               0    303.800   1575.700      0.730          18.367                 1.09         20
      1          0               0    249.700   1264.800      1.017          24.365                 1.23         30
      1          0               0    291.300   2719.100      1.449          33.546                 1.19         40
      1          0               0    288.700   2912.600      1.945          39.416                 1.27         50
      1          0               0    362.700   3584.300      2.844          45.558                 1.32         60
      1          0               0    247.600    494.500      0.333           9.783                 1.02         10
      1          0               0    208.000    901.400      0.552          18.557                 1.09         20
      1          0               0    203.900   1437.100      0.740          28.623                 1.05         30
      1          0               0    266.000   2306.100      1.329          37.093                 1.08         40
      1          0               0    306.400   2753.400      1.759          44.620                 1.12         50
      1          0               0    255.500   3555.000      1.754          52.828                 1.14         60
      1          0               0    205.300    944.400      0.261           8.679                 1.17         10
      1          0               0    252.300   1787.400      0.641          17.229                 1.17         20
      1          0               0    279.200   2937.500      1.064          26.096                 1.15         30
      1          0               0    424.400   4091.100      1.993          35.586                 1.13         40
      1          0               0    329.700   4669.100      2.227          43.702                 1.15         50
      1          0               0    341.400   6018.400      2.813          48.317                 1.24         60
      1          0               0    334.000    538.400      0.383           9.874                 1.01         10
      1          0               0    311.000   1466.600      0.725          18.568                 1.08         20
      1          0               0    377.100   1469.300      1.290          27.320                  1.1         30
      1          0               0    246.500   1278.700      1.098          36.648                 1.09         40
      1          0               0    185.100   1420.200      1.019          43.818                 1.15         50
      1          0               0    297.100   3364.500      1.932          52.748                 1.14         60
      1          0               0     84.900    390.300      0.100           9.406                 1.08         10
      1          0               0    224.800    912.300      0.523          19.177                 1.05         20
      1          0               0    406.700   1505.900      1.431          26.234                 1.15         30
      1          0               0    371.400   1840.400      1.673          35.893                 1.12         40
      1          0               0    186.100   1679.200      1.045          39.980                 1.25         50
      1          0               0    269.000   2887.400      1.827          47.555                 1.27         60
      1          0               0    148.300    505.000      0.173           9.274                 1.08         10
      1          0               0     83.200    436.400      0.192          19.031                 1.05         20
      1          0               0    159.800    663.600      0.543          26.620                 1.13         30
      1          0               0    251.600   1071.500      1.120          34.000                 1.18         40
      1          0               0    367.200   2230.700      2.038          38.230                 1.31         50
      1          0               0    199.900   1555.100      1.327          45.057                 1.33         60
      1          0               0     93.900    309.300      0.106           9.695                 1.03         10
      1          0               0    384.700   1557.800      0.896          19.352                 1.04         20
      1          0               0    365.300   2103.900      1.229          28.667                 1.05         30
      1          0               0    338.600   2062.600      1.472          38.221                 1.05         40
      1          0               0    377.100   2648.800      2.038          45.973                 1.09         50
      1          0               0    251.900   2988.400      1.654          52.764                 1.14         60
      1          0               0    230.400    901.100      0.275           9.362                 1.08         10
      1          0               0    287.400   1648.500      0.696          18.932                 1.06         20
      1          0               0    290.200   2946.500      1.015          27.930                 1.08         30
      1          0               0    294.900   2744.000      1.383          34.732                 1.16         40
      1          0               0   1080.800   6310.900      6.216          41.044                 1.22         50
      1          0               0    278.000   3388.600      1.926          47.262                 1.27         60
      1          0               0    246.200    621.200      0.284           9.737                 1.03         10
      1          0               0    141.600    747.500      0.328          18.254                  1.1         20
      1          0               0    325.600   1115.600      1.068          27.507                 1.09         30
      1          0               0    452.300   2837.900      1.989          35.031                 1.14         40
      1          0               0    212.000   2475.300      1.157          41.742                  1.2         50
      1          0               0    241.600   2986.500      1.614          49.678                 1.21         60
      1          0               0     54.800    203.200      0.062           9.624                 1.04         10
      1          0               0    153.800    710.100      0.352          18.953                 1.06         20
      1          0               0    345.900   1664.500      1.151          28.820                 1.04         30
      1          0               0    440.500   2418.100      1.926          37.659                 1.07         40
      1          0               0    271.800   2555.400      1.487          45.636                  1.1         50
      1          0               0    473.800   5678.600      3.142          53.137                 1.13         60
      1          0               0    245.200   1025.500      0.289           9.137                  1.1         10
      1          0               0    260.100   1489.800      0.594          18.899                 1.06         20
      1          0               0    277.400   1491.000      0.950          26.832                 1.12         30
      1          0               0    291.900   2464.300      1.301          35.023                 1.15         40
      1          0               0    323.700   3797.400      1.815          41.233                 1.22         50
      1          0               0    258.500   3554.500      1.781          43.223                 1.39         60
      1          0               0    326.800    813.200      0.383           9.822                 1.02         10
      1          0               0    171.200   1153.400      0.402          18.129                 1.11         20
      0          0               0   2000.000  60000.000      7.027          27.769                 1.08         30
      1          0               0    255.400   2339.400      1.185          34.500                 1.16         40
      1          0               0    206.000   2293.000      1.154          42.196                 1.19         50
      1          0               0    158.300   1856.400      1.058          50.921                 1.18         60
      1          0               0    306.200   1315.100      0.368           8.607                 1.18         10
      1          0               0    319.700   1213.300      0.773          17.522                 1.14         20
      1          0               0    281.200   2312.900      0.996          25.669                 1.18         30
      1          0               0    347.200   2397.300      1.577          34.759                 1.15         40
      1          0               0    364.100   3770.200      2.056          42.040                 1.19         50
      1          0               0    405.500   4957.700      2.689          50.537                 1.19         60
      1          0               0    363.900    795.100      0.422           9.776                 1.03         10
      1          0               0    298.900   1239.600      0.681          19.197                 1.05         20
      1          0               0    323.900   2935.700      1.117          25.686                 1.17         30
      1          0               0    467.800   3677.000      2.093          34.569                 1.16         40
      1          0               0    388.700   4066.300      2.164          41.111                 1.22         50
      1          0               0    393.700   3676.500      2.671          48.260                 1.25         60
      1          0               0    218.300    806.200      0.256           9.376                 1.07         10
      1          0               0    350.100   1533.800      0.804          19.160                 1.05         20
      1          0               0    356.100   2737.600      1.193          27.505                 1.09         30
      1          0               0    386.400   3533.900      1.699          35.762                 1.12         40
      1          0               0    423.700   4464.800      2.319          44.283                 1.13         50
      1          0               0    404.700   3705.000      2.673          51.745                 1.16         60
      1          0               0    121.900    419.200      0.146           8.814                 1.14         10
      1          0               0    303.300   1664.000      0.712          18.444                 1.09         20
      1          0               0    253.400    981.700      0.883          26.373                 1.14         30
      1          0               0    101.400    896.000      0.461          32.926                 1.22         40
      1          0               0    358.400   2249.700      1.994          41.713                  1.2         50
      1          0               0    351.700   2793.000      2.332          49.315                 1.22         60
      1          0               0    204.600   1075.500      0.245           8.068                 1.27         10
      1          0               0    324.500   2149.700      0.758          15.575                  1.3         20
      1          0               0    337.500   2617.400      1.149          23.448                 1.29         30
      1          0               0    355.300   3654.400      1.565          30.917                  1.3         40
      1          0               0    331.500   3715.200      1.832          37.768                 1.33         50
      1          0               0    297.100   2827.800      1.957          47.853                 1.26         60
      1          0               0    250.800   1171.100      0.303           9.256                 1.09         10
      1          0               0    288.100   1463.100      0.692          18.984                 1.06         20
      1          0               0    207.700   1695.600      0.727          26.579                 1.14         30
      1          0               0    341.000   2377.900      1.529          36.066                 1.11         40
      1          0               0    308.900   2957.900      1.731          41.844                  1.2         50
      1          0               0    285.000   3287.100      1.910          50.076                  1.2         60
      1          0               0    231.600    889.700      0.269           9.282                 1.09         10
      1          0               0    256.300   1283.800      0.616          17.861                 1.12         20
      1          0               0    287.100   2308.800      0.971          26.913                 1.12         30
      1          0               0    337.600   3526.500      1.509          34.544                 1.16         40
      1          0               0    350.400   2894.700      1.919          43.268                 1.16         50
      1          0               0    336.500   3791.100      2.190          51.590                 1.17         60
      1          0               0    358.400    882.600      0.414           9.453                 1.07         10
      1          0               0    311.300   1380.500      0.715          19.296                 1.04         20
      1          0               0    284.700   2144.100      0.950          26.954                 1.11         30
      1          0               0    351.000   2262.400      1.540          37.080                 1.08         40
      1          0               0    519.100   3441.000      2.947          40.225                 1.24         50
      1          0               0    411.100   3917.200      2.847          45.998                 1.31         60
      1          0               0    251.000    985.700      0.290           9.762                 1.03         10
      1          0               0    155.900    666.200      0.364          17.634                 1.14         20
      1          0               0    318.400   2295.300      1.108          25.608                 1.18         30
      1          0               0    284.600   1720.100      1.285          34.240                 1.17         40
      1          0               0    182.900   1809.400      1.032          40.803                 1.23         50
      1          0               0    154.200   1654.100      1.034          49.885                 1.21         60
      1          0               0    246.300    683.500      0.283           9.574                 1.05         10
      1          0               0    314.200   1763.700      0.732          19.423                 1.03         20
      1          0               0    388.200   1616.500      1.335          28.386                 1.06         30
      1          0               0    314.000   1510.400      1.405          38.166                 1.05         40
      1          0               0    256.400   1532.000      1.407          46.362                 1.08         50
      1          0               0    314.900   2079.500      2.082          53.936                 1.12         60
      1          0               0    164.800    625.200      0.201           9.214                  1.1         10
      1          0               0    282.000   1778.700      0.680          17.852                 1.12         20
      1          0               0    278.600   2813.300      0.998          25.948                 1.16         30
      1          0               0    330.200   2625.600      1.512          36.056                 1.11         40
      1          0               0    328.900   3698.200      1.860          43.962                 1.14         50
      1          0               0    302.500   2939.000      2.065          50.473                 1.19         60
      1          0               0     96.700    480.100      0.111           8.969                 1.12         10
      1          0               0    130.400    881.600      0.305          16.500                 1.22         20
      1          0               0    290.000   1324.400      0.989          25.918                 1.16         30
      1          0               0    191.300   1920.900      0.854          33.563                  1.2         40
      1          0               0    303.500   2667.700      1.680          40.854                 1.23         50
      1          0               0    363.700   3480.800      2.403          48.234                 1.25         60
      1          0               0    227.700    532.000      0.262           9.744                 1.03         10
      1          0               0    329.100    950.400      0.742          18.585                 1.08         20
      1          0               0    251.400    951.300      0.856          28.045                 1.07         30
      1          0               0    265.300   1671.400      1.162          34.435                 1.16         40
      1          0               0    288.700   2639.200      1.587          41.346                 1.21         50
      1          0               0    359.200   3520.600      2.380          48.030                 1.25         60
      1          0               0    345.400   1032.300      0.393           8.873                 1.13         10
      1          0               0    353.400   2173.800      0.821          18.163                 1.11         20
      1          0               0    247.800   1428.600      0.864          24.167                 1.25         30
      1          0               0    263.700   2069.800      1.212          28.812                 1.39         40
      1          0               0    276.200   2811.000      1.624          34.347                 1.46         50
      1          0               0    264.100   3449.000      1.846          41.568                 1.45         60
      1          0               0    325.900    760.700      0.369           9.758                 1.03         10
      1          0               0    334.300   1443.800      0.763          18.109                 1.11         20
      1          0               0    210.100   1180.900      0.713          26.298                 1.14         30
      1          0               0    276.500   2365.800      1.237          33.982                 1.18         40
      1          0               0    263.000   2358.500      1.497          39.570                 1.27         50
      1          0               0    247.900   3243.400      1.691          46.411                  1.3         60
      1          0               0    125.200    362.600      0.146           9.710                 1.03         10
      1          0               0    213.800    841.600      0.505          17.637                 1.14         20
      1          0               0    327.400   1479.700      1.147          25.307                 1.19         30
      1          0               0    486.800   2175.700      2.222          32.194                 1.24         40
      1          0               0    455.400   2908.300      2.544          41.176                 1.22         50
      1          0               0    270.200   2184.200      1.824          48.152                 1.25         60
      1          0               0    229.200    444.300      0.264           9.786                 1.02         10
      1          0               0    208.200   1136.700      0.486          18.471                 1.08         20
      1          0               0    186.900    976.000      0.630          27.035                 1.11         30
      1          0               0    239.400   2777.700      1.093          33.404                  1.2         40
      1          0               0    273.100   2826.000      1.550          40.501                 1.24         50
      1          0               0    245.700   2582.300      1.655          46.897                 1.28         60
      1          0               0    247.700    488.500      0.284           9.867                 1.01         10
      1          0               0    317.800   1203.100      0.713          19.509                 1.03         20
      1          0               0    420.200   1893.600      1.371          28.481                 1.05         30
      1          0               0    315.300   2021.600      1.393          35.476                 1.13         40
      1          0               0    202.900   1734.600      1.128          41.815                  1.2         50
      1          0               0    229.500   2139.100      1.516          47.875                 1.25         60
      1          0               0    309.800    952.900      0.363           8.741                 1.15         10
      1          0               0    234.100    901.800      0.539          18.323                  1.1         20
      1          0               0    244.600   1251.300      0.821          26.717                 1.13         30
      1          0               0    292.900   1984.000      1.283          33.957                 1.18         40
      1          0               0    332.800   3043.000      1.859          41.377                 1.21         50
      1          0               0    272.900   3093.100      1.833          45.922                 1.31         60
      1          0               0    251.300    916.500      0.289           9.702                 1.04         10
      1          0               0    364.900   1637.800      0.826          19.347                 1.04         20
      1          0               0    278.700   2822.400      0.948          27.722                 1.08         30
      1          0               0    255.700   3516.300      1.165          33.667                 1.19         40
      1          0               0    244.900   3345.400      1.410          40.806                 1.23         50
      1          0               0    296.800   4498.000      2.023          45.587                 1.32         60
      1          0               0    249.500    805.100      0.293           9.823                 1.02         10
      1          0               0    275.400   1700.400      0.665          17.945                 1.12         20
      1          0               0    394.100   2590.800      1.363          27.138                 1.11         30
      1          0               0    420.100   2596.000      1.872          35.370                 1.13         40
      1          0               0    321.500   1880.900      1.787          42.799                 1.17         50
      1          0               0    390.600   3515.100      2.638          48.843                 1.23         60
      1          0               0     47.700    270.400      0.053           9.579                 1.05         10
      1          0               0    165.000    649.300      0.374          18.841                 1.07         20
      1          0               0    354.900   2194.900      1.199          26.930                 1.12         30
      1          0               0    367.800   2553.500      1.612          36.377                  1.1         40
      1          0               0    605.800   4967.400      3.275          42.840                 1.17         50
      1          0               0    314.600   2289.800      2.081          47.436                 1.27         60
      1          0               0     87.000    328.100      0.098           9.532                 1.05         10
      1          0               0    220.500   1043.200      0.512          18.658                 1.08         20
      1          0               0    314.400   2068.600      1.046          27.472                  1.1         30
      1          0               0    249.200   2355.800      1.111          34.349                 1.17         40
      1          0               0    308.100   3867.000      1.715          41.094                 1.22         50
      1          0               0    296.600   3473.500      1.990          48.117                 1.25         60
      1          0               0    213.800    521.200      0.244           9.784                 1.02         10
      1          0               0    322.700   1007.500      0.736          16.778                 1.19         20
      1          0               0    208.300    846.000      0.707          25.096                  1.2         30
      1          0               0    284.300   1437.800      1.260          33.801                 1.19         40
      1          0               0    413.600   2270.200      2.306          41.759                  1.2         50
      1          0               0    310.400   2558.800      2.032          48.997                 1.23         60
      1          0               0    233.800   1012.000      0.277           9.216                  1.1         10
      1          0               0    337.400   1813.800      0.791          19.072                 1.05         20
      1          0               0    325.300   1994.400      1.146          24.054                 1.25         30
      1          0               0    218.300   1514.700      0.973          33.667                 1.19         40
      1          0               0    219.500   2352.200      1.238          41.676                  1.2         50
      1          0               0    257.000   2691.600      1.713          49.204                 1.22         60
