success  collision  collision_obst   makespan   flowtime    runtime     mean_groups     mean_groups_size     number
      1          0               0     97.500    252.400      0.187           6.785                 1.53         10
      1          0               0    105.000    473.100      0.743           7.532                 2.71         20
      1          0               0     39.100    356.600      3.015           3.890                 8.77         30
      1          0               0     37.700    530.900     13.600           2.737                 15.3         40
      1          0               0     40.500    642.700     44.649           2.146                 26.9         50
      1          0               0     29.000    570.900     60.996           2.193                 31.5         60
      1          0               0     71.600    301.100      0.139           6.493                 1.58         10
      1          0               0     99.000    703.100      1.596           4.157                 5.52         20
      1          0               0     40.000    264.100      2.301           4.780                 6.36         30
      1          0               0     47.700    466.000      9.252           5.256                 8.29         40
      1          0               0     42.800    409.700     41.366           3.423                 15.2         50
      1          0               0     35.300    435.100     62.489           3.402                 19.2         60
      1          0               0     44.700    191.700      0.098           6.060                 1.68         10
      1          0               0     35.900    243.700      0.287           8.189                 2.49         20
      1          0               0     65.100    368.900      1.607           7.803                 3.94         30
      1          0               0     61.700    587.800      7.272           6.241                  6.8         40
      1          0               0     49.200    589.100     21.109           4.321                 12.5         50
      1          0               0     28.200    480.600     46.172           2.025                 33.2         60
      1          0               0     73.200    286.800      0.150           6.536                  1.6         10
      1          0               0     70.700    324.000      0.394           8.563                 2.36         20
      1          0               0     60.700    630.800      2.117           7.778                 4.02         30
      1          0               0     62.300    865.700     15.606           5.088                 8.26         40
      1          0               0     53.900    914.000     44.989           3.764                 14.1         50
      1          0               0     44.400    819.700     85.717           2.818                 23.9         60
      1          0               0    115.300    297.600      0.261           5.570                 1.82         10
      1          0               0     48.300    341.100      0.504           8.393                  2.4         20
      1          0               0     46.700    455.400      3.401           6.445                  4.8         30
      1          0               0     31.100    452.600      9.516           3.601                 15.8         40
      1          0               0     39.300    528.700     35.998           1.987                 30.9         50
      1          0               0     36.400    629.100     76.084           1.379                 51.4         60
      1          0               0     91.200    266.000      0.166           7.226                 1.41         10
      1          0               0     76.700    306.100      1.433           5.305                 3.89         20
      1          0               0     80.700    414.600      6.866           3.786                 8.32         30
      1          0               0     47.100    438.500      9.345           3.310                 14.6         40
      1          0               0     29.300    431.700     28.885           1.437                 40.0         50
      1          0               0     32.200    466.200     65.436           1.283                 51.5         60
      1          0               0     41.200    147.500      0.081           6.561                 1.56         10
      1          0               0     66.400    266.800      0.503           7.294                 2.86         20
      1          0               0     62.900    489.000      3.774           4.262                 7.38         30
      1          0               0     67.100    605.500     18.303           3.174                 15.4         40
      1          0               0     43.800    559.900     43.594           1.680                 35.8         50
      1          0               0     61.000    799.200    124.605           1.633                 47.1         60
      1          0               0     99.000    465.000      0.197           6.056                 1.68         10
      1          0               0     89.000    740.100      0.541           8.975                 2.24         20
      1          0               0     77.000   1037.800      2.714           5.879                 5.24         30
      1          0               0     66.400    749.200      6.069           4.607                 8.95         40
      1          0               0     70.300    771.200     25.674           3.437                 15.3         50
      1          0               0     44.000    810.700     81.595           1.786                 38.6         60
      1          0               0    125.900    357.300      0.281           5.759                 1.77         10
      1          0               0     81.300    370.300      0.785           4.422                 4.81         20
      1          0               0     60.900    541.700      6.344           2.787                 11.7         30
      1          0               0     67.000    461.400     25.466           2.682                 16.8         40
      1          0               0     57.800    635.000     58.365           1.889                 30.5         50
      1          0               0     23.900    446.800     41.787           2.113                 31.7         60
      1          0               0     34.300    160.500      0.070           6.458                 1.57         10
      1          0               0     68.800    304.600      0.543           5.953                 3.51         20
      1          0               0     65.100    520.200      4.474           3.963                 8.84         30
      1          0               0     58.500    573.400     23.708           3.472                 12.7         40
      1          0               0     57.400    689.600     53.244           2.409                 22.5         50
      1          0               0     35.500    643.300     72.295           1.335                 51.4         60
      1          0               0     76.100    313.900      0.161           5.074                 2.04         10
      1          0               0     66.700    401.300      0.651           5.261                 3.87         20
      1          0               0     55.300    345.400      2.049           5.420                 5.75         30
      1          0               0     54.400    800.200      8.599           4.366                 10.1         40
      1          0               0     40.700    825.900     29.329           3.187                 20.3         50
      1          0               0     39.000    758.300     79.014           1.159                 55.2         60
      1          0               0     72.400    271.100      0.154           4.999                 2.11         10
      1          0               0     75.700    400.900      0.876           6.732                  3.0         20
      1          0               0     57.900    548.800      2.543           6.230                 4.93         30
      1          0               0     58.000    628.900      7.260           5.334                 7.69         40
      1          0               0     60.100    887.100     42.199           3.176                 16.3         50
      1          0               0     64.800   1091.400     97.515           2.682                 23.9         60
      1          0               0     71.900    205.900      0.170           5.235                 1.98         10
      1          0               0     39.300    207.000      0.288           7.387                 2.74         20
      1          0               0     55.700    331.700      1.806           6.048                 5.28         30
      1          0               0     40.900    403.400      9.237           5.394                 8.66         40
      1          0               0     26.100    431.600     12.971           3.077                 18.7         50
      1          0               0     45.400    645.000     94.159           1.438                 47.2         60
      1          0               0     69.600    193.700      0.122           8.220                 1.23         10
      1          0               0     83.700    520.000      0.611           8.652                 2.37         20
      1          0               0     77.700    615.200      2.885           5.916                 5.17         30
      1          0               0     57.400    530.900      8.497           5.476                 7.59         40
      1          0               0     45.400    659.000     33.940           3.297                 16.7         50
      1          0               0     50.500    903.300     97.493           2.358                 27.2         60
      1          0               0     93.800    299.700      0.205           5.697                 1.79         10
      1          0               0     72.700    329.100      0.614           6.847                 2.96         20
      1          0               0     64.800    388.500      2.860           5.238                  6.0         30
      1          0               0     43.500    386.400     19.308           2.025                 21.4         40
      1          0               0     44.000    479.600     50.948           2.036                 24.7         50
      1          0               0     47.600    584.300    100.946           1.170                 54.9         60
      1          0               0     78.100    250.800      0.185           5.924                 1.73         10
      1          0               0     63.200    356.600      1.543           5.767                 3.69         20
      1          0               0     48.500    388.800      6.600           4.377                 7.25         30
      1          0               0     52.100    446.000     12.924           4.299                 9.75         40
      1          0               0     32.200    482.300     22.973           3.556                 15.3         50
      1          0               0     25.400    528.300     44.320           2.248                 28.8         60
      1          0               0     69.700    325.200      0.125           6.882                 1.47         10
      1          0               0     93.900    538.900      0.410          11.609                 1.75         20
      1          0               0     51.900    388.900      1.031           7.177                 4.25         30
      1          0               0     45.400    539.200      8.932           3.597                 12.6         40
      1          0               0     38.100    553.700     36.074           2.008                 32.4         50
      1          0               0     38.300    465.100     77.189           1.201                 54.3         60
      1          0               0     54.300    223.700      0.118           5.149                 2.07         10
      1          0               0    100.900    472.300      0.881           5.893                 3.46         20
      1          0               0     68.700    494.000      1.586           6.284                 4.89         30
      1          0               0     74.600    517.000      9.321           3.729                 11.0         40
      1          0               0     40.900    510.800     28.816           2.401                 28.9         50
      1          0               0     41.100    629.400     68.868           1.263                 52.1         60
      1          0               0     64.900    281.900      0.128           5.807                 1.74         10
      1          0               0     45.600    353.100      0.294           8.577                  2.4         20
      1          0               0     54.400    470.600      2.030           5.750                 5.49         30
      1          0               0     44.200    568.200     11.293           3.751                 11.9         40
      1          0               0     43.700    764.300     35.579           2.442                 24.9         50
      1          0               0     38.300    830.700     80.445           1.384                 48.6         60
      1          0               0     74.400    269.200      0.163           4.340                 2.41         10
      1          0               0     30.400    134.400      0.447           5.438                  3.8         20
      1          0               0     46.800    372.800      5.691           4.483                 7.12         30
      1          0               0     71.600    665.000     27.959           3.716                 12.1         40
      1          0               0     53.000    487.000     35.701           2.743                 20.4         50
      1          0               0     66.600    810.100    156.993           1.071                 58.0         60
      1          0               0    103.200    318.800      0.222           5.078                  2.0         10
      1          0               0     65.300    377.100      0.327           8.881                 2.28         20
      1          0               0     63.300    534.800      3.539           6.009                 5.11         30
      1          0               0     61.100    830.800     16.326           4.249                  9.7         40
      1          0               0     49.300    855.600     37.985           3.266                 16.8         50
      1          0               0     55.800    925.400     90.292           3.090                 21.7         60
      1          0               0     69.700    243.600      0.136           6.865                 1.47         10
      1          0               0     57.000    504.800      0.717           5.858                 3.56         20
      1          0               0     71.200    648.300      7.089           4.180                  7.7         30
      1          0               0     61.200    748.200     16.910           3.083                 13.5         40
      1          0               0     42.000    720.700     34.283           2.057                 27.5         50
      1          0               0     46.600    944.700     56.536           2.429                 27.1         60
      1          0               0     67.600    253.300      0.149           5.041                 2.02         10
      1          0               0     62.800    417.600      0.465           6.764                 3.04         20
      1          0               0     48.800    474.700      2.241           4.881                 6.34         30
      1          0               0     47.900    629.600      7.430           5.148                 8.46         40
      1          0               0     52.500    586.100     24.897           2.126                 26.1         50
      1          0               0     30.300    530.800     57.660           1.231                 53.1         60
      1          0               0     50.900    209.700      0.116           5.338                 2.01         10
      1          0               0     77.900    639.800      0.547           7.784                 2.61         20
      1          0               0     59.900    490.000      1.616           6.765                 4.58         30
      1          0               0     52.600    390.500      5.717           5.057                 8.27         40
      1          0               0     39.100    478.100     26.835           2.754                 19.8         50
      1          0               0     41.200    666.400     67.918           1.515                 49.2         60
      1          0               0     43.800    110.600      0.095           4.788                 2.14         10
      1          0               0     55.800    329.700      0.502           7.172                 2.84         20
      1          0               0     50.300    521.900      2.608           5.680                 5.54         30
      1          0               0     82.800    908.200     24.515           3.944                 10.4         40
      1          0               0     60.000    888.700     45.341           3.863                 13.3         50
      1          0               0     76.900    871.100    153.309           2.896                 21.3         60
      1          0               0     39.400    119.300      0.079           6.467                 1.56         10
      1          0               0     74.400    378.300      0.763           7.378                 2.77         20
      1          0               0     69.500    514.000      2.679           7.891                 3.96         30
      1          0               0     44.600    547.700     12.599           4.363                 10.2         40
      1          0               0     65.900    621.000     42.334           4.161                 13.3         50
      1          0               0     44.500    771.800     73.984           3.022                 21.9         60
      1          0               0     46.400    179.200      0.104           4.955                 2.07         10
      1          0               0    109.500    681.100      0.886           7.023                 2.93         20
      1          0               0     66.500    494.000      1.355           6.550                 4.72         30
      1          0               0     45.200    540.600      3.791           3.967                 11.0         40
      1          0               0     26.000    417.700     26.529           1.115                 47.2         50
      1          0               0     34.100    604.500     72.153           1.475                 45.7         60
      1          0               0     85.200    172.300      0.166           6.297                 1.61         10
      1          0               0     68.900    305.800      0.491           8.475                 2.41         20
      1          0               0     56.300    437.800      2.526           5.984                 5.14         30
      1          0               0     60.800    485.000     10.280           4.441                 9.38         40
      1          0               0     61.500    689.800     41.075           2.023                 28.0         50
      1          0               0     60.600    974.900    132.049           1.144                 55.7         60
      1          0               0     58.300    227.400      0.112           5.612                 1.81         10
      1          0               0     72.900    444.800      0.747           7.781                  2.7         20
      1          0               0     73.300    777.700      4.740           5.885                  5.3         30
      1          0               0     57.400    633.100     16.927           3.547                 12.3         40
      1          0               0     56.600    913.000     37.565           3.322                 18.0         50
      1          0               0     51.600   1110.800     76.721           2.973                 21.1         60
      1          0               0     33.500    111.500      0.062           7.893                  1.3         10
      1          0               0    121.800    501.700      0.636           9.021                 2.23         20
      1          0               0     44.400    339.000      4.506           5.793                 5.46         30
      1          0               0     50.400    486.400     16.985           3.250                 12.8         40
      1          0               0     57.000    506.500     61.434           1.877                 33.8         50
      1          0               0     45.200    617.600     97.871           1.212                 53.6         60
      1          0               0     38.600    170.200      0.087           5.254                 1.97         10
      1          0               0     82.300    385.400      0.568           8.554                 2.39         20
      1          0               0     94.600    633.700      1.855           7.993                 3.98         30
      1          0               0     47.500    511.900     10.738           4.581                 9.86         40
      1          0               0     46.700    621.100     31.894           2.679                 22.2         50
      1          0               0     49.400    659.900     77.653           1.652                 41.9         60
      1          0               0     84.900    227.500      0.153           7.277                 1.39         10
      1          0               0     46.800    261.200      0.495           5.932                 3.48         20
      1          0               0     36.100    364.000      1.691           5.560                 5.63         30
      1          0               0     41.200    402.100      5.334           4.231                 9.83         40
      1          0               0     39.200    566.900     20.536           3.974                 14.0         50
      1          0               0     58.800    764.200    110.029           2.634                 25.1         60
      1          0               0    111.600    239.700      0.221           5.832                 1.76         10
      1          0               0     43.300    312.200      0.265           8.226                 2.48         20
      1          0               0     53.300    501.900      2.466           5.582                 5.51         30
      1          0               0     50.200    520.700     19.296           4.588                 9.21         40
      1          0               0     67.100    715.800     57.736           3.720                 14.0         50
      1          0               0     73.100    884.600    139.319           2.798                 22.1         60
      1          0               0     80.600    167.500      0.177           6.163                 1.63         10
      1          0               0     71.300    322.700      0.865           6.238                 3.27         20
      1          0               0     81.700    367.000      8.826           5.149                 6.07         30
      1          0               0     91.200    551.400     20.624           5.599                 7.42         40
      1          0               0     50.600    627.700     31.247           3.779                 13.9         50
      1          0               0     43.200    567.400     54.625           3.150                 21.0         60
      1          0               0     45.700    152.200      0.085           7.495                 1.35         10
      1          0               0     91.300    409.300      0.628           8.660                 2.33         20
      1          0               0     84.700    609.200      4.231           6.766                 4.49         30
      1          0               0     52.300    680.200     10.655           4.348                 9.58         40
      1          0               0     58.200    800.700     54.939           1.864                 32.0         50
      1          0               0     41.000    671.000     83.271           1.098                 58.3         60
      1          0               0     77.100    375.000      0.189           4.593                 2.28         10
      1          0               0     99.700    576.500      1.081           5.105                 4.17         20
      1          0               0     54.600    548.500      2.096           4.885                 6.32         30
      1          0               0     54.300    622.600      9.139           3.998                 10.7         40
      1          0               0     66.500    800.300     47.130           3.069                 17.9         50
      1          0               0     64.800   1169.800    126.959           2.136                 30.6         60
      1          0               0     70.700    226.600      0.139           5.590                 1.82         10
      1          0               0     51.000    228.700      0.411           5.582                 3.68         20
      1          0               0     42.100    387.900      2.392           4.551                 7.55         30
      1          0               0     53.800    524.700     15.320           3.279                 15.6         40
      1          0               0     53.900    762.700     60.234           1.338                 43.1         50
      1          0               0     57.800    710.500    123.531           1.242                 53.3         60
      1          0               0    130.900    310.300      0.252           6.733                 1.49         10
      1          0               0    107.000    493.800      0.574           9.645                 2.09         20
      1          0               0     63.000    453.000      1.721           6.670                 4.58         30
      1          0               0     47.300    388.900      9.094           2.501                 17.5         40
      1          0               0     57.100    482.800     62.046           1.287                 44.0         50
      1          0               0     34.000    491.800     70.370           1.297                 51.1         60
      1          0               0     86.000    357.500      0.166           6.558                 1.55         10
      1          0               0     64.700    333.200      0.518           6.833                 2.98         20
      1          0               0     83.200    745.500      5.254           4.218                 7.49         30
      1          0               0     53.100    681.200     13.134           3.160                 14.1         40
      1          0               0     34.800    521.200     31.680           1.615                 37.5         50
      1          0               0     36.000    481.700     77.724           1.072                 58.1         60
      1          0               0    129.200    307.400      0.228           7.652                 1.33         10
      1          0               0    109.800    394.500      0.551           9.615                 2.12         20
      1          0               0     61.300    493.900      2.936           6.726                 4.65         30
      1          0               0     40.700    579.100      8.703           4.064                 12.6         40
      1          0               0     32.300    542.500     10.551           4.632                 11.4         50
      1          0               0     29.700    513.900     39.387           2.276                 28.7         60
      1          0               0     26.300    114.100      0.048           6.711                 1.51         10
      1          0               0     20.200    171.900      0.116           8.787                  2.3         20
      1          0               0     75.500    474.900      2.705           6.081                 5.45         30
      1          0               0     49.900    534.700      6.263           6.293                  6.6         40
      1          0               0     36.200    461.600     20.944           3.218                 19.1         50
      1          0               0     52.700    628.400    113.778           1.127                 56.6         60
      1          0               0     62.100    204.500      0.122           5.812                 1.75         10
      1          0               0     42.900    334.100      0.479           5.671                 3.63         20
      1          0               0     44.700    446.200      2.307           5.631                 5.58         30
      1          0               0     50.600    504.500     13.339           2.929                 14.9         40
      1          0               0     41.300    568.000     35.310           1.976                 30.1         50
      1          0               0     27.600    564.500     43.797           1.848                 38.4         60
      1          0               0     63.300    201.800      0.114           8.065                 1.27         10
      1          0               0     91.300    461.700      0.506           8.892                 2.29         20
      1          0               0     36.000    452.700      1.861           5.825                 5.39         30
      1          0               0     32.700    495.100      9.049           3.557                 12.4         40
      1          0               0     28.700    482.000     25.297           2.976                 21.0         50
      1          0               0     33.100    594.100     55.920           2.532                 28.8         60
      1          0               0     97.200    379.000      0.178           6.871                 1.48         10
      1          0               0     87.100    468.000      0.735           7.239                 2.82         20
      1          0               0     82.700    565.400      3.110           4.805                 6.49         30
      1          0               0     84.600    529.600     12.066           4.278                 11.1         40
      1          0               0     56.100    610.600     45.778           3.009                 20.1         50
      1          0               0     54.100    724.000    114.633           1.671                 40.3         60
      1          0               0     86.400    299.200      0.167           6.034                 1.68         10
      1          0               0     80.900    582.200      0.541           6.408                 3.16         20
      1          0               0     52.000    529.500      1.583           5.692                 5.39         30
      1          0               0     40.800    404.700      4.410           3.672                 11.5         40
      1          0               0     46.200    609.400     25.509           2.279                 25.4         50
      1          0               0     43.000    668.700     90.899           1.372                 48.8         60
      1          0               0     61.800    189.000      0.118           6.866                 1.49         10
      1          0               0     54.300    299.300      0.575           7.273                 2.79         20
      1          0               0     34.500    393.000      1.610           8.713                  3.5         30
      1          0               0     50.700    517.200      7.940           7.069                 5.89         40
      1          0               0     56.000    673.100     40.886           4.041                 12.6         50
      1          0               0     42.500    790.000     62.175           2.868                 22.2         60
      1          0               0     70.400    289.100      0.138           6.761                  1.5         10
      1          0               0     36.100    279.000      0.292           6.377                 3.23         20
      1          0               0     33.900    261.400      2.775           4.375                 7.09         30
      1          0               0     58.800    510.800     25.479           2.090                 24.7         40
      1          0               0     59.800    728.200     41.515           2.480                 24.5         50
      1          0               0     65.500    950.900    129.507           1.377                 49.0         60
      1          0               0     68.700    368.300      0.134           5.774                 1.77         10
      1          0               0     48.100    443.600      0.456           5.399                 3.87         20
      1          0               0     35.400    391.900      1.290           4.045                  7.8         30
      1          0               0     30.900    404.900      5.910           3.984                 12.5         40
      1          0               0     25.300    465.200     24.413           2.522                 23.0         50
      1          0               0     26.200    579.400     54.481           1.828                 35.5         60
      1          0               0     90.400    415.500      0.179           5.653                 1.81         10
      1          0               0     80.400    423.200      0.606           7.350                 2.77         20
      1          0               0     78.400    463.400      1.680           7.846                  3.9         30
      1          0               0     68.700    462.700      6.952           4.322                 9.52         40
      1          0               0     36.700    465.600     31.413           1.839                 33.2         50
      1          0               0     35.300    487.700     66.176           1.555                 46.9         60
      1          0               0    116.700    258.600      0.208           7.381                 1.36         10
      1          0               0     98.300    354.700      0.474           9.684                 2.09         20
      1          0               0     76.900    554.000      3.217           6.510                 4.66         30
      1          0               0     54.900    567.100      7.584           5.009                 8.15         40
      1          0               0     48.200    580.800     42.406           2.886                 19.0         50
      1          0               0     23.300    492.600     41.124           2.657                 26.7         60
      1          0               0     84.100    432.100      0.190           5.562                 1.83         10
      1          0               0     75.800    464.500      0.706           6.887                 2.98         20
      1          0               0     58.900    355.700      2.739           6.187                 4.99         30
      1          0               0     33.800    344.800      8.771           3.225                 13.0         40
      1          0               0     33.100    442.300     27.026           2.459                 21.7         50
      1          0               0     32.700    569.800     62.918           2.043                 31.3         60
      1          0               0     74.000    329.800      0.140           6.245                 1.61         10
      1          0               0     44.700    292.300      0.294           8.655                 2.33         20
      1          0               0     92.600    591.000      1.874           8.065                 3.79         30
      1          0               0     71.500    657.100      5.301           5.965                  7.1         40
      1          0               0     65.900    607.300     25.527           2.628                 21.1         50
      1          0               0     70.500    813.000    147.990           1.177                 55.5         60
      1          0               0     42.000    151.400      0.080           6.262                 1.63         10
      1          0               0     63.500    454.200      0.718           5.564                 3.76         20
      1          0               0     43.800    419.600      2.867           2.486                 14.4         30
      1          0               0     54.000    606.300     25.491           2.835                 15.4         40
      1          0               0     42.200    626.500     45.411           1.299                 45.1         50
      1          0               0     33.200    485.300     70.963           1.078                 57.7         60
      1          0               0     41.800    204.300      0.076           7.098                 1.43         10
      1          0               0     84.500    258.600      0.468           8.736                 2.32         20
      1          0               0     89.600    421.400      3.335           6.827                 4.44         30
      1          0               0     61.900    573.200     16.203           4.333                 9.73         40
      1          0               0     43.300    401.700     44.953           1.908                 30.2         50
      1          0               0     44.500    538.600     91.423           1.276                 51.7         60
      1          0               0     79.400    253.900      0.225           4.101                 2.62         10
      1          0               0     51.100    271.900      0.792           4.840                 4.29         20
      1          0               0     60.600    594.700      7.349           4.860                 6.38         30
      1          0               0     37.000    476.600      7.962           3.962                 11.0         40
      1          0               0     56.400    788.700     39.521           3.051                 17.6         50
      1          0               0     49.000    695.300     80.522           1.924                 36.6         60
      1          0               0     16.200     68.800      0.029           8.580                 1.18         10
      1          0               0    129.700    441.500      0.596           9.430                 2.16         20
      1          0               0     95.100    701.400      1.602           7.927                 3.83         30
      1          0               0     39.400    378.800      7.604           4.355                 9.79         40
      1          0               0     45.300    666.500     29.181           2.223                 26.2         50
      1          0               0     39.400    605.600     83.390           1.277                 52.9         60
      1          0               0    116.700    406.100      0.219           5.707                 1.78         10
      1          0               0     76.900    330.500      0.440           6.324                 3.25         20
      1          0               0     73.300    416.500      2.370           5.974                 5.17         30
      1          0               0     48.900    476.500     11.405           3.896                 11.0         40
      1          0               0     47.800    510.500     54.173           1.556                 40.6         50
      1          0               0     45.100    849.600     91.465           1.346                 50.9         60
      1          0               0     54.000    217.800      0.124           5.981                 1.75         10
      1          0               0     76.300    263.000      1.157           5.014                 4.18         20
      1          0               0     77.200    424.100      8.179           4.269                 7.43         30
      1          0               0     95.700    826.800     32.823           3.259                 13.7         40
      1          0               0     85.800    770.900    102.997           1.251                 45.1         50
      1          0               0     33.100    394.600     65.303           2.218                 30.2         60
      1          0               0    103.900    183.100      0.190           6.421                 1.58         10
      1          0               0     84.300    617.600      0.490           8.382                 2.42         20
      1          0               0     89.400    617.400      5.000           5.091                 6.68         30
      1          0               0     59.100    605.400     11.712           4.184                 10.3         40
      1          0               0     50.900    812.600     52.385           1.764                 33.7         50
      1          0               0     37.800    706.800     77.978           1.288                 54.2         60
      1          0               0     67.800    304.900      0.132           7.351                 1.39         10
      1          0               0     84.600    417.200      0.639           7.291                 2.82         20
      1          0               0     60.100    577.900      2.970           6.735                 4.64         30
      1          0               0     48.500    678.400     11.572           4.631                 9.53         40
      1          0               0     42.100    607.300     31.801           3.998                 14.8         50
      1          0               0     38.200    436.900     88.482           1.000                 60.0         60
      1          0               0     59.700    215.000      0.134           5.943                 1.79         10
      1          0               0     64.400    315.000      0.801           6.175                  3.3         20
      1          0               0     39.200    380.700      2.216           7.033                 4.31         30
      1          0               0     41.400    476.300      5.848           5.164                 8.14         40
      1          0               0     53.200    567.500     54.827           2.295                 23.2         50
      1          0               0     25.100    441.700     49.233           1.896                 39.2         60
      1          0               0    119.000    311.400      0.231           7.003                 1.46         10
      1          0               0    125.500    657.100      0.680           8.621                 2.38         20
      1          0               0     62.000    290.900      1.130           9.484                 3.29         30
      1          0               0     53.200    549.400      6.696           6.276                 6.83         40
      1          0               0     33.300    450.700     17.595           4.336                 12.9         50
      1          0               0     41.900    572.600     61.418           3.370                 20.9         60
      1          0               0     96.500    291.300      0.198           6.864                 1.49         10
      1          0               0     56.400    325.500      0.793           6.961                 3.02         20
      1          0               0     48.000    366.300      2.300           5.879                 5.37         30
      1          0               0     44.700    368.100      6.931           4.060                 10.8         40
      1          0               0     26.100    395.100     23.626           1.843                 35.3         50
      1          0               0     33.800    518.400     71.139           1.198                 55.0         60
      1          0               0     73.500    202.900      0.166           6.170                 1.68         10
      1          0               0     43.600    235.600      0.375           6.706                 3.03         20
      1          0               0     60.900    344.300      9.022           3.729                 9.01         30
      1          0               0     59.000    416.500     21.190           3.971                 11.9         40
      1          0               0     66.800    621.200     48.341           3.021                 18.3         50
      1          0               0     61.300    610.300    133.661           1.927                 33.0         60
      1          0               0     87.900    292.200      0.165           7.204                 1.41         10
      1          0               0     83.300    537.100      0.487           7.903                 2.58         20
      1          0               0     68.800    560.700      1.630           6.657                 4.62         30
      1          0               0     65.200    664.000     20.248           3.261                 13.4         40
      1          0               0     50.600    767.500     49.515           2.366                 28.3         50
      1          0               0     48.100    967.400     89.855           1.981                 36.3         60
      1          0               0     29.900    127.800      0.058           7.171                  1.4         10
      1          0               0    101.800    399.500      0.894           7.806                  2.6         20
      1          0               0     65.600    467.900      3.343           6.076                  5.1         30
      1          0               0     55.900    576.700     14.950           4.599                 9.18         40
      1          0               0     58.100    731.000     54.256           2.348                 22.6         50
      1          0               0     50.100    728.100    109.379           1.347                 51.2         60
      1          0               0     97.100    380.300      0.217           6.273                  1.7         10
      1          0               0     84.200    588.000      0.957           8.036                 2.58         20
      1          0               0     57.600    532.500      5.285           4.583                  6.9         30
      1          0               0     34.600    431.700     12.494           3.040                 14.1         40
      1          0               0     18.100    328.800     19.371           1.801                 35.9         50
      1          0               0     48.700    646.200    106.941           1.487                 47.1         60
      1          0               0     32.600    119.800      0.061           7.899                 1.31         10
      1          0               0     55.600    349.600      0.325           8.631                 2.35         20
      1          0               0     61.500    398.000      1.172           6.309                  4.9         30
      1          0               0     48.900    411.500      6.872           4.554                 9.47         40
      1          0               0     30.900    321.900     35.037           1.841                 29.3         50
      1          0               0     20.100    352.500     42.330           1.876                 34.4         60
      1          0               0     60.700    200.500      0.126           5.629                  1.8         10
      1          0               0     95.000    583.000      0.679           6.628                 3.06         20
      1          0               0     45.700    372.200      1.637           5.186                 6.45         30
      1          0               0     37.400    374.000     12.703           3.102                 17.9         40
      1          0               0     52.700    918.300     47.184           3.311                 16.6         50
      1          0               0     42.300    680.200     90.910           1.761                 37.9         60
      1          0               0     86.700    217.300      0.177           6.443                 1.59         10
      1          0               0    107.300    635.800      1.635           6.081                 3.44         20
      1          0               0     48.300    476.900      3.360           5.369                 5.72         30
      1          0               0     48.500    486.100     20.083           3.460                 13.7         40
      1          0               0     54.600    618.800     57.119           2.835                 20.5         50
      1          0               0     36.400    532.600     73.399           2.365                 30.1         60
      1          0               0     55.400    244.700      0.163           4.585                 2.47         10
      1          0               0     80.400    486.400      1.072           6.198                 3.28         20
      1          0               0     69.200    571.700      2.732           6.645                 4.63         30
      1          0               0     68.900    662.700     24.814           4.176                 9.74         40
      1          0               0     67.900    977.900     50.575           2.965                 18.2         50
      1          0               0     56.900    906.000    124.182           1.070                 58.2         60
      1          0               0     85.500    315.400      0.199           5.903                 1.74         10
      1          0               0     82.100    531.100      0.627           8.175                 2.54         20
      1          0               0     69.400    637.300      3.264           6.127                 5.03         30
      1          0               0     54.400    505.700     12.870           3.204                 12.8         40
      1          0               0     69.500    645.900     37.695           3.020                 19.6         50
      1          0               0     40.300    515.500     83.733           2.221                 33.4         60
      1          0               0    112.900    300.700      0.221           6.864                 1.48         10
      1          0               0    101.600    427.500      1.096           6.644                 3.11         20
      1          0               0     88.600    741.300      5.649           5.047                  6.1         30
      1          0               0     89.900    778.500     20.353           4.437                  9.6         40
      1          0               0     80.700    954.700     47.738           3.436                 15.6         50
      1          0               0     75.700    877.100    124.419           2.417                 25.9         60
      1          0               0     79.000    194.700      0.180           6.504                 1.57         10
      1          0               0     77.000    362.900      1.055           7.381                 2.78         20
      1          0               0     44.100    354.400      2.600           5.029                 6.16         30
      1          0               0     54.300    425.800     19.258           2.672                 16.4         40
      1          0               0     44.600    708.400     35.580           2.074                 28.1         50
      1          0               0     29.800    594.700     54.109           1.322                 52.4         60
      1          0               0     97.800    280.100      0.199           6.157                 1.71         10
      1          0               0     83.700    432.900      0.805           6.343                 3.35         20
      1          0               0     74.200    476.800      3.548           6.364                 4.94         30
      1          0               0     71.300    898.400     18.342           3.567                 11.8         40
      1          0               0     62.300    873.400     42.850           2.539                 21.3         50
      1          0               0     68.700   1072.700    163.551           1.095                 57.2         60
      1          0               0     69.000    247.500      0.147           5.817                 1.75         10
      1          0               0     73.700    363.200      0.560           8.433                 2.42         20
      1          0               0     84.200    539.300      3.603           6.966                 4.44         30
      1          0               0     86.900    713.800      8.701           6.716                 6.48         40
      1          0               0     71.800    807.600     25.280           4.299                 12.6         50
      1          0               0     52.300   1062.800     71.368           2.203                 31.9         60
      1          0               0     76.000    292.700      0.157           5.951                 1.77         10
      1          0               0     87.000    533.800      0.590           6.961                 2.99         20
      1          0               0     65.100    586.000      2.450           5.571                 5.66         30
      1          0               0     50.000    481.000     20.425           2.302                 18.5         40
      1          0               0     29.500    380.900     25.494           2.285                 24.5         50
      1          0               0     43.300    655.100     80.546           1.871                 34.3         60
      1          0               0     75.500    226.700      0.145           6.499                 1.56         10
      1          0               0    115.700    348.000      0.580           8.915                 2.26         20
      1          0               0    111.500    457.300      2.399           8.734                 3.48         30
      1          0               0     99.100    506.700     25.247           5.481                 7.58         40
      1          0               0     62.700    610.900     53.501           3.313                 17.6         50
      1          0               0     41.900    577.900     81.565           1.988                 32.7         60
      1          0               0     54.800    198.600      0.113           6.949                 1.48         10
      1          0               0     69.200    427.000      0.552           7.725                 2.64         20
      1          0               0     61.700    452.600      2.312           6.044                 5.07         30
      1          0               0     35.000    369.700      7.280           3.803                 11.6         40
      1          0               0     41.000    486.900     42.503           2.102                 25.4         50
      1          0               0     42.700    807.600     86.013           1.801                 36.6         60
      1          0               0     86.600    216.200      0.195           6.112                 1.67         10
      1          0               0     50.400    419.600      0.701           6.679                 3.11         20
      1          0               0     46.100    430.800      3.471           4.102                 7.87         30
      1          0               0     37.900    426.000     14.966           2.609                 17.1         40
      1          0               0     36.700    573.700     38.096           1.997                 27.4         50
      1          0               0     42.800    627.400     99.370           1.147                 55.7         60
      1          0               0     68.900    253.500      0.172           4.566                 2.32         10
      1          0               0     53.800    291.900      1.252           4.011                 5.59         20
      1          0               0     63.300    490.400     12.895           1.926                 18.0         30
      1          0               0     52.200    515.000     25.700           2.278                 18.8         40
      1          0               0     34.600    485.900     39.473           1.283                 45.2         50
      1          0               0     39.300    506.500     83.430           1.099                 57.4         60
      1          0               0     76.300    442.500      0.223           3.266                 3.23         10
      1          0               0    103.800    677.000      1.272           5.971                 3.44         20
      1          0               0     73.100    727.800      3.181           7.134                 4.26         30
      1          0               0     73.700    863.100     14.883           5.137                 8.12         40
      1          0               0     76.200   1175.900     77.581           2.980                 19.9         50
      1          0               0     76.000   1302.300    158.773           2.645                 26.8         60
      1          0               0    112.700    389.600      0.226           5.768                 1.77         10
      1          0               0     53.700    314.500      0.416           6.384                  3.2         20
      1          0               0     42.800    409.400      2.484           5.379                 6.21         30
      1          0               0     42.300    467.800     11.851           4.279                 9.77         40
      1          0               0     44.100    511.900     44.395           2.544                 21.5         50
      1          0               0     34.700    430.400     73.765           1.429                 47.1         60
      1          0               0    113.100    253.400      0.320           5.497                 1.86         10
      1          0               0     50.300    265.700      0.508           6.539                 3.11         20
      1          0               0     57.700    555.000      2.166           7.348                 4.16         30
      1          0               0     46.100    643.900     10.328           3.829                 12.2         40
      1          0               0     43.800    636.800     42.381           2.228                 26.7         50
      1          0               0     37.600    645.300     73.100           1.987                 34.0         60
      1          0               0     99.300    286.100      0.210           6.046                  1.7         10
      1          0               0     62.100    253.700      0.625           5.799                 3.63         20
      1          0               0     54.500    447.800      6.745           2.400                 17.2         30
      1          0               0     37.200    360.800     18.739           1.723                 27.4         40
      1          0               0     27.800    413.800     30.229           2.043                 31.9         50
      1          0               0     28.300    549.500     59.837           1.399                 48.0         60
      1          0               0     54.400    117.600      0.101           7.667                 1.32         10
      1          0               0     50.900    336.400      0.309           6.674                 3.05         20
      1          0               0     53.800    558.900      2.641           5.126                 6.34         30
      1          0               0     43.900    557.700     12.080           2.793                 16.3         40
      1          0               0     30.800    365.200     35.355           1.393                 43.9         50
      1          0               0     26.500    415.500     57.244           1.226                 54.3         60
      1          0               0     59.200    196.600      0.127           5.562                 1.82         10
      1          0               0     24.900    156.400      0.375           6.068                 3.61         20
      1          0               0     30.400    318.200      3.917           4.079                 7.98         30
      1          0               0     27.300    311.200     14.364           1.348                 34.8         40
      1          0               0     46.600    492.400     52.588           1.624                 35.1         50
      1          0               0     27.200    403.200     62.784           1.426                 47.2         60
      1          0               0     91.400    311.700      0.171           8.125                 1.27         10
      1          0               0     60.600    373.400      0.371          10.599                 1.96         20
      1          0               0     70.700    587.100      1.594           8.366                 3.74         30
      1          0               0     34.600    564.800      6.944           5.613                 8.01         40
      1          0               0     35.900    624.400     32.318           2.666                 19.9         50
      1          0               0     34.800    515.000     72.054           1.506                 45.5         60
      1          0               0     93.700    346.200      0.188           6.147                 1.65         10
      1          0               0     79.000    293.000      0.535           7.297                 2.78         20
      1          0               0     64.300    525.600      2.053           4.975                  6.2         30
      1          0               0     64.100    584.000     21.464           2.222                 19.8         40
      1          0               0     40.500    660.700     26.056           1.815                 29.7         50
      1          0               0     53.000    759.200    121.378           1.000                 60.0         60
      1          0               0     73.700    149.700      0.158           6.536                 1.55         10
      1          0               0     41.000    218.000      0.258           9.124                 2.24         20
      1          0               0     57.600    413.000      1.192           8.899                 3.65         30
      1          0               0     88.500    713.000      7.997           6.061                 6.79         40
      1          0               0     46.300    617.400     30.437           3.132                 17.2         50
      1          0               0     44.800    704.400     61.688           2.109                 33.5         60
      1          0               0     69.400    256.900      0.148           6.081                 1.74         10
      1          0               0     53.900    394.000      1.435           5.378                 3.97         20
      1          0               0     55.000    515.400      5.297           6.353                 4.84         30
      1          0               0     51.200    531.000     16.560           5.283                 8.19         40
      1          0               0     47.700    747.300     41.551           3.235                 16.7         50
      1          0               0     53.200    747.100    118.028           1.784                 36.6         60
      1          0               0     56.100    256.900      0.116           5.998                 1.71         10
      1          0               0     61.300    443.000      0.412           7.772                 2.66         20
      1          0               0     45.600    475.700      1.559           6.901                 4.89         30
      1          0               0     49.400    616.000      8.216           4.257                 10.1         40
      1          0               0     54.600    878.900     48.963           2.377                 23.9         50
      1          0               0     59.000    805.200    116.555           1.853                 35.9         60
      1          0               0     57.400    190.800      0.107           8.498                 1.21         10
      1          0               0     75.500    266.800      0.368           9.401                 2.18         20
      1          0               0     30.500    282.800      0.750           7.348                 4.27         30
      1          0               0     48.400    480.600      5.588           6.773                 6.27         40
      1          0               0     34.700    563.800     13.713           4.634                 12.5         50
      1          0               0     45.800    719.000     49.960           3.338                 20.5         60
      1          0               0     41.600    147.400      0.082           6.930                 1.45         10
      1          0               0     93.700    376.900      0.581           8.698                 2.32         20
      1          0               0     51.300    388.200      2.742           5.801                 5.45         30
      1          0               0     38.800    381.800     16.080           2.866                 15.5         40
      1          0               0     40.300    496.400     43.911           2.223                 26.3         50
      1          0               0     40.600    732.100     84.972           1.288                 53.8         60
      1          0               0     63.900    206.900      0.124           6.592                 1.54         10
      1          0               0     58.000    526.200      0.751           6.440                  3.2         20
      1          0               0     36.100    528.600      2.960           3.662                 9.15         30
      1          0               0     48.200    738.700     21.491           2.340                 23.5         40
      1          0               0     68.200    760.600     63.275           2.567                 20.8         50
      1          0               0     41.800    887.100     54.676           2.737                 23.6         60
      1          0               0     80.900    341.100      0.162           6.692                 1.52         10
      1          0               0     68.000    427.700      0.423           7.532                  2.7         20
      1          0               0     30.800    388.300      1.068           5.419                 5.71         30
      1          0               0     49.300    541.100      9.547           3.945                 11.0         40
      1          0               0     31.700    582.600     23.793           2.347                 26.7         50
      1          0               0     31.600    698.400     59.604           1.927                 34.5         60
      1          0               0     98.600    395.100      0.220           6.608                 1.59         10
      1          0               0     74.100    531.800      0.704           8.345                 2.48         20
      1          0               0     66.500    599.000      2.259           6.505                 4.84         30
      1          0               0     44.600    489.400      5.525           4.238                 10.5         40
      1          0               0     42.900    642.500     23.692           3.049                 20.8         50
      1          0               0     45.100    767.200     69.173           1.931                 33.7         60
      1          0               0     92.900    265.800      0.187           7.145                 1.42         10
      1          0               0     48.400    378.500      0.646           6.246                 3.25         20
      1          0               0     54.800    506.300      2.634           5.370                 5.86         30
      1          0               0     40.000    543.600      9.716           3.285                 12.8         40
      1          0               0     36.500    681.000     19.428           2.636                 24.8         50
      1          0               0     43.300    791.000     47.219           2.956                 23.9         60
      1          0               0     27.900    170.600      0.068           4.889                 2.31         10
      1          0               0     73.600    384.700      0.648           5.978                 3.42         20
      1          0               0     50.000    463.600      2.582           4.956                 6.48         30
      1          0               0     44.000    557.900      7.963           3.859                 12.6         40
      1          0               0     40.900    608.400     49.562           1.152                 46.3         50
      1          0               0     34.900    606.300     79.331           1.175                 54.8         60
      1          0               0     66.800    217.700      0.150           5.244                 1.98         10
      1          0               0     84.600    488.800      0.842           7.955                 2.77         20
      1          0               0     41.400    386.000      2.603           3.978                 8.36         30
      1          0               0     56.700    607.600     25.023           2.041                 21.8         40
      1          0               0     39.100    645.000     39.017           2.026                 30.9         50
      1          0               0     43.400    750.800     88.288           1.226                 53.2         60
      1          0               0     88.400    410.300      0.196           5.492                 1.87         10
      1          0               0     58.000    323.000      0.353           7.348                 2.84         20
      1          0               0     50.300    465.800      1.597           6.513                 4.96         30
      1          0               0     53.700    598.000     14.523           4.209                 13.5         40
      1          0               0     47.500    651.300     45.061           1.935                 33.0         50
      1          0               0     43.100    719.300     91.806           1.601                 42.8         60
      1          0               0     84.300    236.100      0.220           5.146                 2.01         10
      1          0               0     72.900    405.800      0.446           7.830                 2.58         20
      1          0               0     72.800    366.500      2.430           5.823                 5.24         30
      1          0               0     28.500    352.400      9.145           3.807                 11.0         40
      1          0               0     35.500    483.700     29.827           2.338                 26.2         50
      1          0               0     23.300    417.800     49.101           1.820                 35.8         60
      1          0               0     52.500    185.500      0.106           6.368                  1.6         10
      1          0               0     75.200    400.300      0.625           6.870                 2.98         20
      1          0               0     96.900    527.100      2.295           6.135                 4.93         30
      1          0               0     56.400    722.900      6.215           5.028                 8.54         40
      1          0               0     26.400    454.100     10.070           3.625                 14.5         50
      1          0               0     23.700    474.700     27.723           2.608                 30.1         60
      1          0               0    117.600    317.500      0.220           7.613                 1.33         10
      1          0               0    103.900    786.300      0.761           8.031                  2.6         20
      1          0               0     75.400    720.800      2.073           8.960                 3.44         30
      1          0               0     57.900    783.700     11.125           6.364                 6.48         40
      1          0               0     43.500    709.300     32.822           3.931                 13.8         50
      1          0               0     43.100    694.700     81.970           1.759                 39.7         60
      1          0               0     71.500    330.200      0.177           6.166                 1.74         10
      1          0               0     70.200    399.000      0.574           7.741                 2.63         20
      1          0               0    109.800    960.400      4.868           6.280                 4.94         30
      1          0               0     84.800    904.200     13.193           4.679                 8.98         40
      1          0               0     67.200   1006.300     66.417           2.649                 23.5         50
      1          0               0     65.000   1113.000    147.617           1.705                 42.8         60
      1          0               0     59.800    237.600      0.116           6.538                 1.56         10
      1          0               0     52.300    464.600      0.533           5.560                 3.76         20
      1          0               0     42.500    499.100      3.142           3.816                 8.44         30
      1          0               0     51.800    672.400      9.931           3.656                 11.8         40
      1          0               0     43.500    620.200     35.286           2.970                 18.3         50
      1          0               0     39.000    710.200     77.237           2.308                 27.1         60
      1          0               0    105.100    367.800      0.214           7.510                 1.38         10
      1          0               0     76.800    514.900      0.787           7.405                 2.76         20
      1          0               0     50.500    344.200      5.717           4.628                 6.78         30
      1          0               0     46.200    460.900     16.480           4.152                 11.4         40
      1          0               0     35.500    414.600     32.046           2.352                 25.9         50
      1          0               0     43.800    620.400     82.766           1.475                 46.4         60
      1          0               0     72.400    240.800      0.140           7.501                 1.36         10
      1          0               0     64.100    304.600      0.460           7.217                  2.9         20
      1          0               0     59.000    466.700      1.936           5.103                 6.12         30
      1          0               0     37.900    385.900      7.902           3.090                 14.6         40
      1          0               0     39.700    481.700     38.267           1.743                 33.8         50
      1          0               0     33.500    438.500     64.365           2.069                 30.5         60
      1          0               0     78.000    147.900      0.140           7.826                  1.3         10
      1          0               0    106.500    366.300      0.620           8.600                 2.36         20
      1          0               0     74.200    664.000      2.603           7.112                  4.5         30
      1          0               0     60.100    529.300     12.723           4.092                 10.2         40
      1          0               0     44.700    607.700     38.439           2.210                 23.5         50
      1          0               0     28.200    596.300     58.456           1.195                 55.8         60
      1          0               0     70.600    326.000      0.170           5.650                 1.85         10
      1          0               0     54.300    465.500      0.551           7.571                 2.89         20
      1          0               0     65.500    425.800      5.774           5.849                 5.26         30
      1          0               0     62.900    615.600     17.960           4.572                 9.06         40
      1          0               0     28.900    567.100     26.571           2.640                 21.5         50
      1          0               0     21.700    492.300     41.901           1.797                 36.1         60
      1          0               0     68.300    506.100      0.172           4.871                 2.19         10
      1          0               0     75.100    425.700      0.655           7.874                 2.66         20
      1          0               0     69.400    503.300      4.120           3.402                 10.0         30
      1          0               0     56.200    552.500     15.641           3.966                 11.8         40
      1          0               0     39.200    563.600     37.860           2.018                 26.5         50
      1          0               0     39.900    678.000     72.955           1.867                 34.6         60
      1          0               0     76.700    371.300      0.180           5.375                 1.91         10
      1          0               0     77.600    508.900      0.648           6.680                 3.08         20
      1          0               0     65.600    528.800      4.138           4.944                 6.47         30
      1          0               0     61.500    672.500     21.765           4.208                 10.1         40
      1          0               0     44.900    553.000     45.069           2.532                 23.9         50
      1          0               0     28.900    459.700     57.719           1.429                 47.1         60
      1          0               0     93.100    253.000      0.179           6.340                 1.62         10
      1          0               0    113.200    425.500      0.712           9.334                  2.2         20
      1          0               0     53.200    535.700      3.500           5.602                 5.48         30
      1          0               0     41.900    494.700      6.917           4.919                 8.85         40
      1          0               0     26.600    377.900     23.231           2.259                 25.8         50
      1          0               0     37.400    442.600     80.492           1.110                 57.0         60
      1          0               0     90.200    381.700      0.199           4.824                 2.14         10
      1          0               0     88.500    763.300      0.566           7.751                 2.63         20
      1          0               0     81.500    877.700      3.433           5.215                 6.17         30
      1          0               0     63.000    683.600     14.288           3.251                 12.9         40
      1          0               0     49.600    696.100     28.331           2.308                 23.8         50
      1          0               0     55.700    897.200    118.204           1.381                 51.0         60
      1          0               0    136.700    237.700      0.256           6.877                 1.48         10
      1          0               0    122.500    365.300      0.788           8.488                 2.41         20
      1          0               0     25.200    257.300      2.093           5.702                 5.52         30
      1          0               0     55.500    628.000     16.728           3.162                 13.7         40
      1          0               0     71.500    822.500     64.958           2.867                 18.6         50
      1          0               0     38.800    755.300     66.917           1.948                 36.6         60
      1          0               0     95.600    343.300      0.180           7.003                 1.45         10
      1          0               0     81.300    301.700      0.924           6.461                 3.17         20
      1          0               0     47.200    376.600      5.658           4.784                  6.9         30
      1          0               0     50.800    414.200     21.496           2.159                 24.6         40
      1          0               0     52.300    606.900     59.632           1.442                 40.4         50
      1          0               0     41.500    597.500     85.318           1.540                 47.5         60
      1          0               0     69.800    277.900      0.133           7.987                 1.29         10
      1          0               0     59.000    548.000      0.631           6.481                 3.16         20
      1          0               0     53.600    520.700      5.501           4.907                 6.33         30
      1          0               0     58.500    768.100     21.240           3.227                 13.1         40
      1          0               0     37.000    531.200     35.188           2.162                 25.9         50
      1          0               0     41.000    468.800     77.068           1.898                 34.2         60
      1          0               0     99.600    342.700      0.215           5.786                 1.81         10
      1          0               0     80.100    455.500      0.656           5.768                 3.52         20
      1          0               0     62.000    442.200      2.342           5.824                  5.3         30
      1          0               0     42.700    364.400      4.030           5.047                 8.23         40
      1          0               0     45.000    562.000     24.326           2.189                 25.9         50
      1          0               0     45.700    746.000     60.323           1.761                 42.0         60
      1          0               0     84.200    249.700      0.225           5.157                 1.98         10
      1          0               0     66.800    507.400      1.226           6.389                 3.16         20
      1          0               0     55.200    768.000      5.169           5.192                  6.0         30
      1          0               0     62.500    839.100     18.720           4.410                 9.34         40
      1          0               0     49.100    942.700     31.813           3.633                 14.8         50
      1          0               0     44.000    890.300     72.370           3.348                 18.8         60
      1          0               0     74.900    281.600      0.160           6.570                 1.58         10
      1          0               0     50.800    401.500      0.647           5.970                 3.48         20
      1          0               0     62.100    391.500      3.747           5.866                 5.21         30
      1          0               0     43.100    383.100      5.785           5.181                 7.95         40
      1          0               0     28.200    419.000     32.551           1.301                 45.3         50
      1          0               0     28.100    491.600     62.728           1.338                 52.6         60
      1          0               0     82.200    227.000      0.158           6.420                 1.58         10
      1          0               0     68.200    451.900      0.552           7.097                 2.89         20
      1          0               0     69.700    631.700      2.341           4.121                 7.69         30
      1          0               0     61.700    584.300     17.993           2.365                 20.5         40
      1          0               0     48.900    559.600     49.596           2.008                 26.9         50
      1          0               0     50.100    643.000    107.101           1.066                 58.6         60
      1          0               0     63.300    229.300      0.121           6.979                 1.48         10
      1          0               0     78.300    373.100      0.566           7.120                 2.87         20
      1          0               0     39.900    492.400      2.536           5.221                 6.03         30
      1          0               0     38.300    464.600     11.681           5.010                 8.14         40
      1          0               0     33.500    535.200     24.508           4.093                 14.1         50
      1          0               0     33.900    708.500     57.293           3.755                 17.1         60
      1          0               0     36.100    214.200      0.109           4.925                 2.19         10
      1          0               0     35.000    238.000      0.338           7.271                  2.8         20
      1          0               0     37.000    326.000      2.533           6.497                 4.85         30
      1          0               0     48.300    484.300     13.593           5.238                 7.85         40
      1          0               0     53.200    707.000     37.513           3.675                 15.1         50
      1          0               0     68.800    868.900    139.864           2.599                 25.8         60
      1          0               0     76.500    255.800      0.144           6.852                 1.49         10
      1          0               0     93.000    731.000      0.764           7.784                 2.66         20
      1          0               0     85.300    821.600      6.084           5.796                 5.49         30
      1          0               0     43.100    508.900     11.105           4.705                 9.66         40
      1          0               0     31.100    412.700     29.643           2.312                 28.6         50
      1          0               0     54.700    667.600    119.071           1.420                 49.5         60
      1          0               0     71.800    262.500      0.141           5.677                 1.82         10
      1          0               0     39.100    221.400      0.298           7.688                 2.64         20
      1          0               0     39.000    317.700      1.473           5.121                  6.3         30
      1          0               0     31.700    512.100     10.187           2.905                 20.7         40
      1          0               0     30.600    472.200     31.492           2.275                 23.1         50
      1          0               0     34.800    608.600     73.806           1.227                 53.4         60
      1          0               0     92.100    243.400      0.178           7.000                 1.46         10
      1          0               0     96.500    506.900      0.843           5.280                 3.92         20
      1          0               0     82.500    521.300      3.210           5.590                 5.49         30
      1          0               0     39.600    600.700     12.854           3.538                 13.2         40
      1          0               0     60.500    856.700     45.673           3.340                 15.9         50
      1          0               0     60.300    993.000     99.451           2.471                 26.3         60
      1          0               0    101.700    391.400      0.189           6.752                 1.52         10
      1          0               0     63.800    334.400      0.383           8.122                 2.54         20
      1          0               0     74.600    673.200      3.894           4.737                 6.67         30
      1          0               0     68.600   1107.900     17.348           3.640                 12.0         40
      1          0               0     72.400   1109.500     60.156           2.833                 19.0         50
      1          0               0     73.800   1108.000    104.913           2.103                 32.3         60
      1          0               0    111.900    265.300      0.295           5.475                 1.85         10
      1          0               0     82.500    369.600      0.897           5.839                  3.5         20
      1          0               0     65.200    453.300      3.592           4.526                 6.92         30
      1          0               0     77.000    566.600     26.307           1.964                 22.3         40
      1          0               0     54.900    642.400     42.290           1.982                 28.5         50
      1          0               0     59.500    762.500     97.327           1.667                 41.5         60
      1          0               0     89.700    277.000      0.219           6.401                 1.77         10
      1          0               0     74.200    424.500      0.813           6.330                 3.33         20
      1          0               0     74.000    621.800      2.602           5.380                 5.87         30
      1          0               0     59.200    531.400      5.263           5.260                 8.01         40
      1          0               0     41.700    431.500     15.786           3.871                 14.3         50
      1          0               0     36.200    464.300     54.780           2.075                 33.1         60
      1          0               0    142.400    471.300      0.291           7.022                 1.44         10
      1          0               0     68.300    318.700      0.373           9.073                 2.24         20
      1          0               0     88.000    448.200      1.743           8.851                 3.47         30
      1          0               0     68.000    510.200     13.659           4.863                 8.42         40
      1          0               0     65.200    534.500     42.413           2.702                 20.5         50
      1          0               0     52.300    712.000     66.075           1.757                 38.2         60
      1          0               0     54.600    159.200      0.102           7.119                 1.42         10
      1          0               0    130.500    448.500      2.706           5.456                 3.74         20
      1          0               0     78.800    557.200      4.053           5.529                 5.53         30
      1          0               0     74.000    647.200      9.970           6.326                 6.58         40
      1          0               0     79.700   1075.700     37.782           3.644                 15.2         50
      1          0               0     46.600    740.700     70.791           2.013                 37.7         60
      1          0               0     87.600    233.300      0.163           7.342                 1.39         10
      1          0               0     91.400    582.000      0.610           6.323                 3.26         20
      1          0               0     79.700    772.300      3.491           3.870                 9.13         30
      1          0               0     57.600    667.000      6.649           3.031                 14.3         40
      1          0               0     57.400    729.900     66.628           1.289                 43.9         50
      1          0               0     42.400    691.300     92.272           1.054                 58.8         60
      1          0               0    119.000    456.900      0.261           6.552                 1.73         10
      1          0               0     98.500    502.800      0.763           7.133                 2.85         20
      1          0               0     83.900    745.500      3.798           5.875                 5.26         30
      1          0               0     71.900    540.900     23.364           3.070                 14.0         40
      1          0               0     35.000    504.000     38.068           1.271                 43.4         50
      1          0               0     33.800    620.000     68.736           1.012                 59.6         60
      1          0               0     99.200    359.400      0.237           5.181                 1.97         10
      1          0               0     45.500    401.700      0.477           7.927                  2.6         20
      1          0               0     76.500    695.600      2.929           7.503                 4.13         30
      1          0               0     61.500    616.100      8.296           3.621                 12.7         40
      1          0               0     44.100    560.000     37.563           1.971                 28.9         50
      1          0               0     28.100    447.700     59.578           1.050                 58.6         60
      1          0               0     74.900    219.200      0.139           6.292                 1.61         10
      1          0               0     65.200    470.800      0.587           6.868                 3.04         20
      1          0               0     59.700    426.800      3.354           5.275                 5.91         30
      1          0               0     56.500    614.200     15.374           3.019                 14.1         40
      1          0               0     43.500    551.300     31.148           2.446                 22.0         50
      1          0               0     42.100    905.700     83.251           1.143                 56.5         60
      1          0               0    136.400    236.900      0.257           6.625                 1.54         10
      1          0               0    100.300    376.800      1.020           7.705                 2.63         20
      1          0               0     59.400    558.100      4.228           4.655                 6.62         30
      1          0               0     66.700    681.900     18.276           3.364                 13.1         40
      1          0               0     65.800    892.700     38.006           3.196                 17.0         50
      1          0               0     57.400    782.600    110.158           1.887                 37.9         60
      1          0               0     91.400    247.000      0.190           5.049                 2.01         10
      1          0               0     93.800    630.100      0.674           6.894                 2.94         20
      1          0               0     61.700    608.500      1.421           4.953                 6.65         30
      1          0               0     60.500    671.800      7.561           3.091                 13.3         40
      1          0               0     56.800    788.000     23.441           3.014                 17.6         50
      1          0               0     54.200    908.000    107.082           1.430                 47.3         60
      1          0               0     76.900    242.500      0.140           7.865                 1.29         10
      1          0               0     56.900    488.300      0.361           8.747                 2.35         20
      1          0               0     39.700    377.900      1.083           8.111                 3.93         30
      1          0               0     79.300    670.100     21.684           6.681                  6.6         40
      1          0               0     45.000    712.700     30.802           3.547                 15.3         50
      1          0               0     54.700    920.400     97.384           2.130                 32.9         60
      1          0               0     63.100    272.500      0.139           5.792                  1.8         10
      1          0               0     59.200    267.700      0.726           6.867                 2.95         20
      1          0               0     51.000    478.600      2.577           5.273                 6.07         30
      1          0               0     54.400    528.500     21.650           2.993                 15.3         40
      1          0               0     55.600    734.400     56.127           2.101                 25.2         50
      1          0               0     60.400    989.100    108.511           2.801                 22.8         60
      1          0               0     87.100    331.200      0.155           7.869                 1.29         10
      1          0               0     90.500    445.400      0.444           8.865                 2.28         20
      1          0               0     73.900    376.000      5.854           4.357                 7.37         30
      1          0               0     59.700    533.200     13.644           4.596                 9.37         40
      1          0               0     44.000    578.100     36.128           2.916                 18.2         50
      1          0               0     37.300    598.100     73.617           1.633                 41.2         60
      1          0               0    110.600    213.500      0.215           6.247                 1.63         10
      1          0               0     48.900    182.000      0.310           7.677                 2.65         20
      1          0               0     95.600    407.600      4.201           5.293                 5.82         30
      1          0               0     42.500    375.900      6.546           3.591                 12.2         40
      1          0               0     42.300    404.400     18.838           2.844                 19.2         50
      1          0               0     33.600    449.400     52.025           1.979                 35.5         60
      1          0               0     84.400    179.100      0.163           6.930                 1.48         10
      1          0               0    111.800    447.500      0.652           7.482                 2.73         20
      1          0               0     65.100    314.500      8.235           3.657                 9.32         30
      1          0               0     32.200    307.700     11.890           3.149                 13.5         40
      1          0               0     48.500    495.500     44.158           2.091                 32.9         50
      1          0               0     39.400    527.600     86.474           1.406                 49.1         60
      1          0               0     83.500    267.800      0.161           7.473                  1.4         10
      1          0               0     92.700    541.400      0.686           7.779                  2.6         20
      1          0               0     76.600    525.900      2.211           6.749                 4.52         30
      1          0               0     71.100    509.500      8.833           5.091                 8.28         40
      1          0               0     72.500    811.100     41.611           3.821                 14.1         50
      1          0               0     63.000   1121.800    124.723           1.968                 32.3         60
      1          0               0     94.200    274.200      0.167           8.547                 1.19         10
      1          0               0    124.800    520.300      0.552          10.954                 1.89         20
      1          0               0     35.500    362.700      1.089           6.975                 4.44         30
      1          0               0     74.500    627.800     23.717           4.427                 9.37         40
      1          0               0     37.700    449.300     32.841           3.077                 16.9         50
      1          0               0     44.900    630.500     95.451           1.924                 33.6         60
      1          0               0     74.500    404.300      0.174           5.479                 1.99         10
      1          0               0     68.000    593.400      0.658           7.963                  2.6         20
      1          0               0     68.500    587.600      2.576           6.444                 5.03         30
      1          0               0     47.100    415.800     10.541           4.098                 11.3         40
      1          0               0     51.100    491.600     21.266           3.358                 17.2         50
      1          0               0     39.500    634.700     73.233           1.390                 48.3         60
      1          0               0     74.300    255.000      0.161           5.572                 1.85         10
      1          0               0    107.700    307.100      0.678           7.853                 2.57         20
      1          0               0     48.400    437.800      1.560           6.483                 4.74         30
      1          0               0    114.800    845.700     39.165           3.352                 12.7         40
      1          0               0     38.000    513.700     21.613           3.771                 14.1         50
      1          0               0     28.100    446.400     47.706           1.644                 40.7         60
      1          0               0     91.800    224.900      0.173           7.061                 1.44         10
      1          0               0     82.400    424.000      0.622           8.243                 2.45         20
      1          0               0     56.400    475.600      1.707           6.764                 4.61         30
      1          0               0     54.200    358.000     10.112           3.768                 11.8         40
      1          0               0     43.800    499.500     23.801           3.116                 18.0         50
      1          0               0     40.300    514.500     83.192           1.417                 48.8         60
      1          0               0     48.700    161.400      0.177           4.220                 2.57         10
      1          0               0     35.200    265.400      0.785           3.648                  6.4         20
      1          0               0     76.300    628.600     12.312           2.772                 13.3         30
      1          0               0     54.000    879.400     22.281           2.002                 26.4         40
      1          0               0     51.100    855.700     51.424           1.916                 28.1         50
      1          0               0     44.200    916.000     84.471           1.937                 36.3         60
      1          0               0     78.100    342.700      0.146           7.245                 1.41         10
      1          0               0     29.900    219.200      0.302           5.900                 3.47         20
      1          0               0     54.600    537.100      6.031           4.097                 7.95         30
      1          0               0     43.700    615.000     13.038           3.510                 13.0         40
      1          0               0     38.200    611.900     31.840           2.699                 21.9         50
      1          0               0     42.600    765.300     85.730           1.723                 39.9         60
      1          0               0     78.800    308.700      0.158           6.476                 1.57         10
      1          0               0     61.400    344.400      0.536           5.954                 3.41         20
      1          0               0     46.600    451.800      4.297           4.464                 7.16         30
      1          0               0     60.600    558.900     24.950           3.558                 12.4         40
      1          0               0     37.500    512.400     33.126           3.029                 17.4         50
      1          0               0     45.000    605.000     80.610           2.751                 25.1         60
      1          0               0     96.300    300.500      0.186           7.126                 1.48         10
      1          0               0    137.000    462.200      0.644           9.701                 2.13         20
      1          0               0     80.900    590.700      1.978           8.931                 3.54         30
      1          0               0     64.600    575.200      5.987           6.101                 6.94         40
      1          0               0     35.300    448.900     25.424           3.737                 14.6         50
      1          0               0     49.300    557.500     95.518           1.846                 35.7         60
      1          0               0    128.200    326.400      0.229           8.009                 1.26         10
      1          0               0     77.700    558.300      0.804           5.680                 3.66         20
      1          0               0     47.800    585.500      3.264           4.778                 6.54         30
      1          0               0     46.700    758.900     15.161           4.043                 10.9         40
      1          0               0     38.100    626.600     40.570           1.409                 41.8         50
      1          0               0     41.400    715.500     83.842           1.553                 44.8         60
      1          0               0     97.000    247.700      0.193           6.409                 1.59         10
      1          0               0     31.600    177.500      0.263           6.472                 3.15         20
      1          0               0     78.200    628.200      3.709           5.679                 5.49         30
      1          0               0     50.500    514.200      9.300           3.695                 12.1         40
      1          0               0     60.100    718.600     56.793           2.491                 23.3         50
      1          0               0     47.400    685.400     86.839           1.544                 44.4         60
      1          0               0     53.100    163.800      0.110           5.122                 1.99         10
      1          0               0     75.300    348.300      0.464           7.276                 2.78         20
      1          0               0     55.300    582.300      1.412           7.116                 4.33         30
      1          0               0     45.300    454.400      9.749           4.033                 10.4         40
      1          0               0     47.200    563.100     45.021           2.922                 19.0         50
      1          0               0     41.900    670.200     74.863           2.236                 33.3         60
      1          0               0    101.500    326.300      0.201           6.746                 1.56         10
      1          0               0     59.800    231.800      0.311           8.219                 2.46         20
      1          0               0     54.800    521.000      2.690           5.502                 5.61         30
      1          0               0     38.300    448.400     19.089           2.243                 21.1         40
      1          0               0     36.500    496.900     38.106           1.792                 32.6         50
      1          0               0     41.000    533.900     81.944           1.417                 48.4         60
      1          0               0     89.100    387.500      0.164           7.137                 1.43         10
      1          0               0     76.700    635.400      1.589           4.558                 5.09         20
      1          0               0     79.500   1026.100      7.396           3.610                 9.13         30
      1          0               0     37.400    635.900     13.696           3.332                 13.0         40
      1          0               0     46.500    900.600     45.781           2.763                 21.0         50
      1          0               0     32.000    814.300     62.445           2.106                 40.6         60
      1          0               0     91.100    226.300      0.191           6.705                 1.51         10
      1          0               0     49.000    167.900      0.632           5.149                 4.09         20
      1          0               0     55.900    386.700      5.205           3.460                 10.1         30
      1          0               0     33.800    415.200     12.576           1.678                 27.5         40
      1          0               0     42.600    503.100     49.819           1.352                 44.3         50
      1          0               0     42.200    588.300     91.082           1.251                 55.2         60
      1          0               0     64.700    215.100      0.125           6.484                 1.57         10
      1          0               0     59.900    591.700      0.628           6.928                 3.09         20
      1          0               0     64.500    746.800      2.914           6.964                 4.42         30
      1          0               0     70.700   1163.300     11.967           4.842                  8.8         40
      1          0               0     76.500   1303.800     35.713           2.622                 21.4         50
      1          0               0     51.400   1065.300     96.571           1.570                 45.0         60
      1          0               0     67.200    313.700      0.168           4.827                 2.13         10
      1          0               0     59.900    350.100      0.514           7.664                 2.71         20
      1          0               0     74.300    532.600      1.912           7.109                  4.3         30
      1          0               0     80.200    774.400     23.593           3.901                 11.4         40
      1          0               0     51.600    782.600     46.092           2.655                 20.8         50
      1          0               0     46.000    899.800     88.904           2.628                 24.7         60
      1          0               0     60.200    261.700      0.125           6.121                 1.66         10
      1          0               0     64.200    448.500      0.468           7.319                 2.82         20
      1          0               0     54.500    639.800      2.528           6.090                 5.14         30
      1          0               0     59.300    600.600     20.500           4.229                 10.2         40
      1          0               0     50.200    743.400     49.622           3.460                 15.3         50
      1          0               0     35.400    543.600     74.054           1.551                 45.7         60
      1          0               0     90.700    335.000      0.168           7.003                 1.52         10
      1          0               0     98.900    605.500      0.631           6.829                 2.99         20
      1          0               0     43.800    356.800      1.313           6.075                 5.33         30
      1          0               0     30.000    421.900      8.339           2.967                 17.7         40
      1          0               0     47.500    657.600     40.377           2.217                 24.5         50
      1          0               0     43.000    657.700     84.771           1.305                 52.3         60
      1          0               0     57.700    169.100      0.114           5.633                 1.87         10
      1          0               0     64.500    355.700      0.546           6.189                 3.28         20
      1          0               0     56.900    577.200      1.934           6.805                 4.48         30
      1          0               0     47.100    600.400      7.914           5.985                 7.29         40
      1          0               0     55.500    718.400     31.187           3.169                 17.2         50
      1          0               0     61.300    812.300    107.898           2.083                 31.5         60
      1          0               0     91.900    335.600      0.176           6.233                 1.63         10
      1          0               0     67.700    420.200      0.359           9.022                 2.24         20
      1          0               0     57.800    542.900      1.736           6.270                 4.94         30
      1          0               0     59.700    832.700      9.524           4.972                 8.72         40
      1          0               0     35.700    480.200     22.816           2.683                 19.9         50
      1          0               0     28.600    514.500     41.195           2.178                 30.0         60
      1          0               0     84.600    161.700      0.169           5.463                 1.85         10
      1          0               0     52.600    451.300      0.621           5.587                 3.67         20
      1          0               0     64.200    426.100      6.502           3.975                 8.24         30
      1          0               0     34.300    409.500     13.244           4.108                 10.2         40
      1          0               0     43.000    528.400     41.337           3.563                 14.7         50
      1          0               0     37.000    751.300     63.274           2.641                 24.6         60
      1          0               0    120.700    277.800      0.308           5.077                 2.04         10
      1          0               0     59.800    392.800      1.000           6.635                 3.05         20
      1          0               0     45.100    351.700      2.513           5.594                 5.49         30
      1          0               0     49.700    551.600      9.416           4.429                  9.7         40
      1          0               0     32.100    505.800     30.081           3.034                 17.6         50
      1          0               0     34.900    565.100     69.711           1.788                 38.1         60
      1          0               0     39.000    149.700      0.083           5.387                 1.89         10
      1          0               0     31.900    203.800      0.393           5.323                 4.33         20
      1          0               0     79.400    433.000      2.868           5.610                 5.68         30
      1          0               0     56.000    535.600     12.636           3.248                 14.8         40
      1          0               0     45.500    645.300     23.766           4.044                 14.0         50
      1          0               0     51.700    886.800     97.768           1.762                 41.0         60
      1          0               0     66.900    239.900      0.157           5.534                 1.84         10
      1          0               0     50.500    351.100      0.321           9.295                 2.24         20
      1          0               0     48.700    434.100      1.308           9.977                 3.03         30
      1          0               0     50.100    667.500      8.360           5.218                 7.85         40
      1          0               0     47.000    740.800     49.101           1.766                 33.3         50
      1          0               0     38.400    776.900     79.613           2.143                 28.6         60
      1          0               0     72.400    335.200      0.174           5.312                 2.11         10
      1          0               0     73.600    410.200      1.134           5.663                 3.79         20
      1          0               0     69.000    559.100      4.939           4.328                 7.59         30
      1          0               0     58.600    548.300     24.228           3.287                 12.9         40
      1          0               0     51.200    763.300     42.547           3.400                 15.5         50
      1          0               0     34.600    745.500     57.048           3.379                 19.0         60
      1          0               0     88.600    247.300      0.185           5.210                 1.95         10
      1          0               0     71.500    495.800      0.581           5.779                 3.58         20
      1          0               0     74.100    523.600      1.931           6.352                  4.9         30
      1          0               0     72.700    600.600     12.364           4.495                 9.22         40
      1          0               0     65.500    697.700     31.926           3.232                 16.7         50
      1          0               0     58.900    853.200    101.282           1.949                 38.0         60
      1          0               0     57.800    198.700      0.161           4.548                  2.3         10
      1          0               0     57.600    377.700      0.548           6.785                 3.18         20
      1          0               0     67.000    536.100      2.412           5.591                 5.54         30
      1          0               0     81.600   1107.500     19.590           2.917                 18.2         40
      1          0               0     73.500   1173.500     52.917           2.237                 25.7         50
      1          0               0     76.600   1193.600    163.325           1.230                 53.5         60
      1          0               0    115.600    195.600      0.210           7.112                 1.43         10
      1          0               0     91.200    406.600      0.500           8.740                 2.34         20
      1          0               0     71.500    395.900      1.618           5.881                 5.23         30
      1          0               0     47.700    560.100      8.834           4.214                 10.3         40
      1          0               0     58.900    537.500     51.018           2.345                 23.1         50
      1          0               0     58.900    633.600    129.123           1.367                 50.4         60
      1          0               0     76.500    285.000      0.157           6.207                 1.63         10
      1          0               0     79.900    369.900      0.518           7.708                 2.67         20
      1          0               0     67.000    408.600      3.020           6.913                 4.86         30
      1          0               0     51.900    445.600     14.317           4.112                 10.4         40
      1          0               0     70.300    908.200     70.794           2.149                 24.4         50
      1          0               0     58.800    888.500    107.383           2.026                 31.5         60
      1          0               0     37.500    210.900      0.092           5.253                 2.11         10
      1          0               0     48.200    305.400      0.335           7.691                 2.69         20
      1          0               0     54.900    540.600      1.213           9.809                 3.18         30
      1          0               0     38.900    539.100      4.450           7.527                 5.84         40
      1          0               0     35.800    468.600     30.587           3.282                 15.8         50
      1          0               0     40.300    675.200     71.625           2.380                 27.1         60
      1          0               0    108.700    458.100      0.280           5.716                 1.85         10
      1          0               0     55.600    367.200      0.450           7.971                 2.54         20
      1          0               0     58.100    596.500      2.375           7.599                 4.01         30
      1          0               0     65.100    748.900     15.345           3.304                 13.1         40
      1          0               0     50.200    762.400     54.608           1.691                 35.8         50
      1          0               0     42.400    684.400     93.148           1.189                 55.4         60
      1          0               0     60.300    241.400      0.116           6.085                 1.71         10
      1          0               0     90.000    433.900      0.607           8.809                 2.36         20
      1          0               0     29.200    272.600      0.855           6.366                 4.95         30
      1          0               0     38.700    402.300      5.362           4.096                 10.6         40
      1          0               0     45.900    636.300     14.605           3.956                 13.1         50
      1          0               0     23.900    548.800     35.043           1.603                 44.4         60
      1          0               0     83.600    391.700      0.170           6.975                  1.5         10
      1          0               0     77.700    559.900      0.482           8.623                 2.38         20
      1          0               0     65.000    752.000      2.830           4.937                 6.91         30
      1          0               0     48.900    729.100     22.922           2.325                 24.5         40
      1          0               0     49.000    593.800     55.978           1.282                 45.2         50
      1          0               0     34.800    540.400     69.264           2.000                 30.8         60
      1          0               0     68.700    279.100      0.183           4.467                  2.6         10
      1          0               0     71.400    516.400      0.542           8.431                 2.41         20
      1          0               0     76.900    511.000      2.137           7.148                  4.3         30
      1          0               0     56.400    664.600     20.639           2.858                 15.7         40
      1          0               0     51.100    577.700     53.030           1.605                 36.3         50
      1          0               0     36.800    677.400     63.803           1.565                 46.1         60
      1          0               0    122.500    278.600      0.246           5.343                 1.91         10
      1          0               0     32.200    177.900      0.233           7.537                 2.69         20
      1          0               0     89.000    367.400      3.018           5.862                 5.34         30
      1          0               0     51.000    536.100      8.991           5.508                 7.56         40
      1          0               0     23.600    362.300     18.766           2.051                 29.4         50
      1          0               0     47.900    509.700     99.986           1.104                 57.0         60
      1          0               0     87.400    226.400      0.204           4.525                 2.27         10
      1          0               0     55.700    187.700      0.449           6.510                 3.13         20
      1          0               0     54.100    309.100      3.081           3.664                 9.61         30
      1          0               0     43.200    420.300      8.376           4.137                 12.3         40
      1          0               0     43.100    426.200     40.757           2.401                 23.2         50
      1          0               0     22.700    332.100     45.089           1.903                 40.0         60
      1          0               0     96.300    250.300      0.191           6.790                 1.52         10
      1          0               0     68.100    217.800      0.309          10.887                 1.88         20
      1          0               0     79.200    349.500      3.578           7.448                 4.13         30
      1          0               0     33.500    304.200      9.376           3.313                 13.5         40
      1          0               0     71.300    647.200     77.841           2.058                 27.3         50
      1          0               0     40.900    623.500     75.005           2.406                 28.3         60
      1          0               0     77.000    263.500      0.146           7.388                 1.38         10
      1          0               0     47.800    213.300      0.278           8.268                 2.46         20
      1          0               0     73.200    455.700      1.167           7.354                 4.15         30
      1          0               0     71.600    617.200     21.026           3.834                 10.8         40
      1          0               0     51.900    584.700     50.187           2.861                 18.6         50
      1          0               0     52.300    603.500     93.129           2.358                 29.8         60
      1          0               0     97.600    395.000      0.216           5.529                 1.87         10
      1          0               0     85.700    444.300      0.478           8.809                 2.31         20
      1          0               0     70.200    534.000      3.406           5.826                 5.29         30
      1          0               0     47.000    588.000     10.807           4.157                 10.1         40
      1          0               0     73.700    722.100     45.621           3.480                 16.6         50
      1          0               0     57.100    902.700    115.015           1.715                 38.9         60
      1          0               0     97.000    284.500      0.222           4.860                 2.15         10
      1          0               0     64.700    403.900      0.694           6.555                 3.15         20
      1          0               0     52.500    455.100      3.893           6.225                  5.0         30
      1          0               0     52.600    505.000     16.043           3.924                 10.8         40
      1          0               0     43.000    521.300     43.952           2.993                 17.9         50
      1          0               0     47.700    668.200     86.333           2.516                 28.8         60
      1          0               0     93.100    394.100      0.172           7.148                 1.41         10
      1          0               0     60.700    455.300      0.341           8.819                  2.3         20
      1          0               0     69.000    541.900      1.550           7.883                 3.85         30
      1          0               0     67.200    503.400      4.062           6.674                 6.21         40
      1          0               0     40.800    513.500     10.441           3.922                 13.9         50
      1          0               0     35.300    576.400     46.093           2.000                 37.2         60
      1          0               0     94.400    451.000      0.194           5.766                 1.78         10
      1          0               0     60.700    225.200      0.357           7.213                 2.82         20
      1          0               0     37.100    279.700      2.779           4.701                 6.87         30
      1          0               0     37.300    634.400      8.741           4.212                 10.1         40
      1          0               0     45.600    537.900     47.283           2.362                 22.2         50
      1          0               0     23.400    428.700     48.514           1.761                 37.5         60
      1          0               0     62.500    240.100      0.115           7.277                 1.43         10
      1          0               0    108.900    640.600      0.671           7.816                 2.59         20
      1          0               0     39.500    469.000      0.936           6.071                 5.19         30
      1          0               0     38.000    485.000      3.563           3.939                 11.1         40
      1          0               0     28.100    429.700     28.708           1.712                 37.7         50
      1          0               0     36.600    536.800     76.752           1.648                 41.6         60
      1          0               0     86.400    290.100      0.167           6.574                 1.55         10
      1          0               0     48.700    273.100      0.293           8.261                 2.45         20
      1          0               0     56.000    570.800      1.406           7.598                 4.07         30
      1          0               0     36.600    423.500      9.716           4.249                 9.83         40
      1          0               0     46.500    659.700     36.028           2.755                 20.2         50
      1          0               0     45.200    951.800     97.506           1.403                 51.5         60
      1          0               0     82.300    208.900      0.161           6.337                 1.62         10
      1          0               0     74.900    478.100      0.519           7.820                 2.62         20
      1          0               0     84.500    707.000      3.399           6.322                 4.87         30
      1          0               0     60.100    618.900     19.454           4.789                 8.76         40
      1          0               0     56.000    725.400     49.338           3.030                 17.5         50
      1          0               0     43.000    652.900     81.188           2.088                 29.5         60
      1          0               0     84.800    172.200      0.161           6.204                 1.64         10
      1          0               0     50.700    208.500      0.351           6.909                 2.95         20
      1          0               0     57.100    373.400      4.794           4.140                 7.92         30
      1          0               0     53.400    526.700     25.205           1.470                 33.3         40
      1          0               0     46.700    515.800     42.398           2.801                 19.5         50
      1          0               0     39.500    559.900     70.235           2.122                 29.7         60
      1          0               0     48.100    163.300      0.097           5.657                 1.82         10
      1          0               0     97.000    727.800      0.574           8.484                 2.39         20
      1          0               0     81.000    784.500      1.770           8.631                 3.57         30
      1          0               0     45.400    457.900      6.934           5.599                 7.86         40
      1          0               0     61.900    730.400     51.598           2.617                 22.6         50
      1          0               0     38.100    642.300     78.445           1.105                 57.5         60
      1          0               0    129.200    362.800      0.251           6.916                 1.48         10
      1          0               0     84.700    511.700      0.895           7.567                 2.68         20
      1          0               0     73.000    647.000      6.777           5.333                 5.78         30
      1          0               0     72.900    883.500     26.148           3.543                 11.7         40
      1          0               0     50.400    629.800     48.923           2.044                 28.0         50
      1          0               0     42.400    498.200     92.798           1.208                 53.8         60
      1          0               0     88.000    307.400      0.172           6.972                 1.45         10
      1          0               0    102.300    419.400      0.751           8.503                 2.39         20
      1          0               0     93.700    689.800      4.253           6.441                 4.94         30
      1          0               0     34.600    429.900      4.917           4.910                 8.77         40
      1          0               0     37.500    594.100     18.409           4.072                 15.5         50
      1          0               0     36.200    602.800     52.949           2.285                 28.4         60
      1          0               0     45.700    115.200      0.094           6.070                 1.67         10
      1          0               0     63.400    371.700      0.530           6.527                 3.13         20
      1          0               0     56.300    686.400      5.585           4.833                 6.53         30
      1          0               0     48.800    656.100     20.892           2.613                 17.5         40
      1          0               0     42.800    616.800     45.983           1.512                 38.8         50
      1          0               0     60.100   1091.500    133.662           1.374                 49.2         60
      1          0               0    114.200    445.100      0.230           5.325                 1.89         10
      1          0               0    111.200    598.500      0.649           9.280                 2.19         20
      1          0               0     58.400    606.600      2.498           4.276                 7.31         30
      1          0               0     74.400    969.900     23.491           3.024                 17.3         40
      1          0               0     52.600    643.900     47.948           3.093                 16.8         50
      1          0               0     43.000    862.700     77.211           2.563                 25.8         60
      1          0               0     65.100    240.100      0.123           6.960                 1.47         10
      1          0               0     76.000    399.500      0.440           7.088                 2.88         20
      1          0               0     81.000    484.400      2.067           7.616                 4.15         30
      1          0               0     84.100    748.100     10.893           4.627                  9.0         40
      1          0               0     39.600    509.600     40.559           1.823                 33.6         50
      1          0               0     38.500    663.800     80.070           1.143                 56.3         60
      1          0               0     68.500    219.200      0.134           6.491                  1.6         10
      1          0               0     97.100    573.500      0.977           7.216                 2.83         20
      1          0               0     52.700    486.200      1.955           7.127                 4.29         30
      1          0               0     49.900    639.900     11.276           4.573                 9.17         40
      1          0               0     42.900    712.400     32.335           3.483                 15.5         50
      1          0               0     44.200    750.900     75.040           2.204                 30.6         60
      1          0               0    109.600    430.900      0.210           6.828                 1.49         10
      1          0               0    100.300    421.400      0.551           9.326                 2.18         20
      1          0               0     45.100    408.200      2.226           6.120                 5.09         30
      1          0               0     33.500    299.200      4.694           4.000                 10.9         40
      1          0               0     28.400    411.700     23.112           2.345                 26.6         50
      1          0               0     26.600    489.600     52.260           1.774                 39.6         60
      1          0               0    119.900    219.100      0.221           6.521                 1.55         10
      1          0               0    124.700    361.200      0.710           7.038                 2.89         20
      1          0               0     51.500    393.400      2.405           4.817                 6.59         30
      1          0               0     46.400    361.800     20.311           2.530                 17.4         40
      1          0               0     43.900    490.600     42.419           1.572                 36.1         50
      1          0               0     33.200    541.800     64.793           1.437                 46.9         60
      1          0               0     85.300    301.600      0.189           5.329                 1.91         10
      1          0               0     72.100    423.300      0.640           6.868                 2.99         20
      1          0               0     58.900    503.300      2.599           6.523                 4.68         30
      1          0               0     41.800    401.300     12.363           2.967                 14.9         40
      1          0               0     19.800    343.900     10.410           2.460                 25.4         50
      1          0               0     28.000    510.200     55.487           1.471                 48.4         60
      1          0               0     47.300    106.400      0.156           3.905                 2.73         10
      1          0               0     42.800    171.700      0.678           5.110                 4.14         20
      1          0               0     73.200    467.800      9.514           4.344                 7.53         30
      1          0               0     41.000    327.800     15.332           3.624                 12.7         40
      1          0               0     22.600    298.200     21.152           1.920                 31.0         50
      1          0               0     25.100    413.000     48.496           1.478                 46.2         60
      1          0               0     98.400    224.400      0.189           6.213                 1.63         10
      1          0               0     46.300    240.300      0.385           7.166                 2.93         20
      1          0               0     26.800    225.800      1.121           6.004                  5.2         30
      1          0               0     43.100    475.600      8.132           4.318                 10.4         40
      1          0               0     37.500    498.000     21.012           2.339                 24.6         50
      1          0               0     32.600    530.800     33.805           2.782                 23.9         60
      1          0               0     86.700    430.900      0.184           5.696                 1.82         10
      1          0               0     36.800    218.500      0.195           8.035                 2.52         20
      1          0               0     67.600    499.100      3.999           5.071                 6.26         30
      1          0               0     65.900    633.400      9.777           6.090                 6.76         40
      1          0               0     48.100    736.900     34.802           3.378                 15.8         50
      1          0               0     42.800    671.600     72.108           1.979                 33.7         60
      1          0               0     36.200    129.000      0.065           7.467                 1.36         10
      1          0               0    100.200    335.600      0.475           9.619                 2.13         20
      1          0               0     63.500    425.200      1.930           5.945                 5.14         30
      1          0               0     43.900    450.600     10.015           3.661                 11.5         40
      1          0               0     40.900    541.300     24.577           2.976                 19.0         50
      1          0               0     32.700    502.300     68.188           1.168                 55.0         60
      1          0               0    133.300    490.500      0.305           5.368                 1.93         10
      1          0               0    120.100    721.800      0.756           8.228                 2.48         20
      1          0               0     74.500    604.200      2.711           5.336                  5.9         30
      1          0               0     71.900    626.600      7.589           4.330                 10.5         40
      1          0               0     48.600    697.300     21.695           2.837                 20.8         50
      1          0               0     36.900    573.500     67.289           1.431                 48.0         60
      1          0               0     77.300    372.200      0.167           5.361                  1.9         10
      1          0               0     75.100    597.800      0.649           6.843                 3.05         20
      1          0               0     69.900    541.600      2.092           6.263                 4.94         30
      1          0               0     62.500    683.500      9.271           4.229                 11.3         40
      1          0               0     33.800    477.700     13.995           2.861                 21.9         50
      1          0               0     40.600    726.800     84.959           1.709                 38.7         60
      1          0               0     73.900    297.500      0.162           4.691                 2.26         10
      1          0               0     85.900    463.500      0.791           7.342                 2.76         20
      1          0               0     76.000    451.900      1.758           7.705                 3.98         30
      1          0               0     28.900    433.900      2.491           5.661                 7.15         40
      1          0               0     51.000    657.500     22.517           3.824                 13.6         50
      1          0               0     50.800    865.000     73.037           2.931                 21.4         60
      1          0               0     48.000    118.400      0.087           7.635                 1.32         10
      1          0               0     51.500    295.500      0.525           6.961                 2.94         20
      1          0               0     67.800    561.100      3.099           4.018                 8.38         30
      1          0               0     58.000    563.800     20.659           1.709                 27.3         40
      1          0               0     46.600    568.700     52.171           1.058                 48.7         50
      1          0               0     58.000    791.800    128.062           1.024                 59.3         60
      1          0               0     58.700    210.800      0.120           6.467                 1.58         10
      1          0               0     46.300    335.300      0.465           4.685                 4.42         20
      1          0               0     41.000    455.400      3.668           4.432                 7.89         30
      1          0               0     37.400    453.100     11.720           2.802                 16.9         40
      1          0               0     47.100    528.000     36.157           2.594                 23.8         50
      1          0               0     43.000    522.800     61.626           1.756                 39.6         60
      1          0               0     67.200    138.200      0.150           6.347                  1.6         10
      1          0               0     32.400    196.200      0.285           8.395                  2.5         20
      1          0               0     72.800    459.200      1.829           8.823                 3.51         30
      1          0               0     59.100    571.400      4.364           6.469                 6.42         40
      1          0               0     31.600    501.100     14.257           4.345                 12.5         50
      1          0               0     32.100    444.200     54.510           1.810                 36.1         60
      1          0               0     85.300    289.400      0.183           6.361                 1.62         10
      1          0               0     43.600    226.200      0.251           9.626                 2.19         20
      1          0               0     50.900    354.500      1.210           6.637                 4.71         30
      1          0               0     58.100    607.000     19.007           4.198                 10.2         40
      1          0               0     63.600    834.900     60.641           2.313                 22.6         50
      1          0               0     38.700    835.400     73.883           2.078                 32.5         60
      1          0               0     54.100    306.300      0.153           4.179                  2.6         10
      1          0               0     52.500    341.300      0.992           5.712                 3.67         20
      1          0               0     47.400    399.300      2.970           5.027                 6.22         30
      1          0               0     40.200    438.300     10.545           4.679                 9.43         40
      1          0               0     54.100    839.900     34.667           3.495                 16.1         50
      1          0               0     50.500    690.700    105.122           1.562                 43.5         60
      1          0               0     75.600    245.700      0.208           4.054                 2.57         10
      1          0               0     18.400    149.400      0.169           5.875                  3.5         20
      1          0               0     84.500    454.500      4.931           5.289                 5.81         30
      1          0               0     75.300    504.200     14.852           3.792                 11.1         40
      1          0               0     46.400    436.800     47.020           1.651                 39.6         50
      1          0               0     29.500    458.000     55.593           1.403                 48.8         60
      1          0               0     37.200    147.700      0.086           5.755                 1.75         10
      1          0               0     68.400    297.600      0.504           9.015                 2.31         20
      1          0               0     66.800    486.000      6.949           5.485                 5.78         30
      1          0               0     55.200    601.900     23.870           2.543                 19.1         40
      1          0               0     61.300    703.500     66.037           1.272                 45.3         50
      1          0               0     45.800    751.300     87.416           1.749                 45.0         60
      1          0               0     75.700    292.300      0.156           5.697                 1.79         10
      1          0               0     92.700    427.300      0.616           6.497                 3.16         20
      1          0               0     74.400    755.100      1.425           5.360                 5.67         30
      1          0               0     66.900    921.200      9.382           3.859                 11.5         40
      1          0               0     60.400    987.600     50.255           2.192                 26.2         50
      1          0               0     59.900    902.500    126.341           1.000                 60.0         60
      1          0               0    103.600    272.800      0.222           5.397                 1.88         10
      1          0               0     54.200    310.500      0.719           5.614                 3.62         20
      1          0               0     53.500    628.800      4.657           4.325                 7.64         30
      1          0               0     58.000    595.100     18.486           2.872                 16.3         40
      1          0               0     59.200    618.600     52.867           1.676                 34.2         50
      1          0               0     37.100    461.500     81.950           1.199                 55.6         60
      1          0               0     82.100    359.200      0.162           6.744                 1.53         10
      1          0               0     76.600    407.800      0.584           9.257                 2.24         20
      1          0               0     73.300    758.200      1.630           8.079                 3.89         30
      1          0               0     51.700    536.500     14.893           5.515                 7.87         40
      1          0               0     49.600    745.300     39.405           4.780                 11.7         50
      1          0               0     43.900    609.500     79.493           2.569                 27.2         60
      1          0               0     70.900    252.600      0.141           6.248                 1.66         10
      1          0               0     39.600    234.200      0.307           8.230                 2.48         20
      1          0               0     71.100    595.500      1.958           7.707                 3.99         30
      1          0               0     78.000    831.600      8.920           5.099                 8.14         40
      1          0               0     51.700    599.500     46.469           2.913                 18.5         50
      1          0               0     37.800    522.700     68.077           1.860                 36.1         60
      1          0               0     64.800    247.500      0.118           7.948                 1.28         10
      1          0               0     63.000    457.500      0.366           8.671                 2.35         20
      1          0               0     48.500    395.800      1.750           6.328                 4.88         30
      1          0               0     51.900    445.600      6.063           5.281                 8.14         40
      1          0               0     50.200    649.000     46.679           2.267                 26.5         50
      1          0               0     44.400    706.000     92.079           1.225                 54.6         60
      1          0               0     92.700    270.300      0.189           6.176                 1.68         10
      1          0               0     99.800    268.600      0.926           6.932                 2.91         20
      1          0               0     70.900    453.800      1.895           5.735                 5.41         30
      1          0               0     49.000    400.100     19.278           2.596                 17.3         40
      1          0               0     54.400    511.700     53.837           2.384                 23.4         50
      1          0               0     27.400    417.500     53.554           2.018                 33.5         60
      1          0               0     45.300    151.100      0.100           5.338                 1.97         10
      1          0               0    106.400    311.500      1.093           8.242                 2.45         20
      1          0               0     33.100    286.600      1.300           7.263                 4.19         30
      1          0               0     32.500    423.700      7.056           5.283                 8.06         40
      1          0               0     64.100    685.100     52.479           2.293                 24.0         50
      1          0               0     59.100    899.000    113.933           1.506                 47.1         60
      1          0               0     81.000    239.000      0.168           6.319                 1.61         10
      1          0               0     73.700    363.500      0.990           5.779                 3.76         20
      1          0               0     82.900    724.500      4.941           5.106                 6.23         30
      1          0               0     36.400    615.700     14.201           3.025                 14.2         40
      1          0               0     44.600    635.400     46.018           2.536                 21.9         50
      1          0               0     39.300    729.400     76.791           2.458                 26.6         60
      1          0               0     70.900    296.200      0.149           5.896                 1.76         10
      1          0               0     96.200    725.000      0.634           7.417                 2.75         20
      1          0               0     80.400    814.600      1.229           8.188                 3.71         30
      1          0               0     56.100    839.800      8.722           5.743                 7.36         40
      1          0               0     51.400    881.400     33.847           4.792                 11.0         50
      1          0               0     27.300    548.900     40.982           3.971                 15.8         60
      1          0               0     62.500    165.700      0.170           4.352                 2.47         10
      1          0               0     63.800    264.700      0.939           6.027                  3.4         20
      1          0               0     40.700    318.400      1.809           5.081                 6.07         30
      1          0               0     58.100    505.500     27.347           2.246                 18.8         40
      1          0               0     50.000    884.600     46.476           1.740                 33.6         50
      1          0               0     45.700    925.300     82.727           1.536                 43.9         60
      1          0               0     78.300    172.900      0.170           5.868                 1.76         10
      1          0               0     73.900    503.600      1.187           5.751                 3.74         20
      1          0               0     44.000    342.200      5.292           2.616                 13.3         30
      1          0               0     47.900    517.900     24.140           1.712                 28.3         40
      1          0               0     43.900    591.300     47.270           1.515                 39.2         50
      1          0               0     40.500    587.400     84.909           1.114                 56.6         60
      1          0               0     26.900    124.700      0.050           7.182                 1.43         10
      1          0               0     77.800    401.100      0.681           6.109                 3.46         20
      1          0               0     76.600    409.900      4.754           4.933                 6.25         30
      1          0               0     71.800    480.300     30.629           2.046                 21.9         40
      1          0               0     55.300    678.900     63.438           1.154                 46.7         50
      1          0               0     56.400    944.700    117.983           1.133                 56.3         60
      1          0               0     84.700    387.500      0.195           5.296                 1.93         10
      1          0               0     91.300    767.900      0.682           8.016                 2.55         20
      1          0               0     80.100    849.500      7.357           4.784                 6.88         30
      1          0               0     71.700    876.000     13.781           4.297                 9.57         40
      1          0               0     70.800   1031.900     53.953           3.280                 18.2         50
      1          0               0     68.300    991.800    109.888           2.833                 22.9         60
      1          0               0     54.900    210.600      0.098           7.362                  1.4         10
      1          0               0     80.600    286.500      1.102           6.292                 3.25         20
      1          0               0     72.600    474.500      5.419           4.592                 8.01         30
      1          0               0     51.800    480.000      6.302           3.959                 11.1         40
      1          0               0     67.800    573.200     71.982           1.381                 45.3         50
      1          0               0     43.000    619.700     83.446           1.286                 55.1         60
      1          0               0     73.900    190.600      0.157           5.513                 1.88         10
      1          0               0     52.900    313.900      0.502           7.299                 2.79         20
      1          0               0     40.300    253.900      1.674           4.896                  6.4         30
      1          0               0     38.100    463.800     12.567           3.142                 14.4         40
      1          0               0     28.600    458.600     19.352           1.934                 28.1         50
      1          0               0     35.700    572.700     70.439           1.538                 44.5         60
      1          0               0     87.100    224.200      0.180           6.551                 1.55         10
      1          0               0     76.700    616.800      0.948           5.973                 3.63         20
      1          0               0     62.200    608.500      2.289           5.381                 5.81         30
      1          0               0     45.300    536.200     10.327           2.642                 16.5         40
      1          0               0     32.700    485.000     35.005           1.407                 42.7         50
      1          0               0     23.200    475.300     47.401           1.000                 60.0         60
      1          0               0     70.200    185.400      0.143           6.103                 1.66         10
      1          0               0     70.800    378.800      0.430           8.743                 2.32         20
      1          0               0     60.000    383.700      3.612           5.002                 6.31         30
      1          0               0     79.400    569.200      9.448           3.437                 12.3         40
      1          0               0     46.700    562.000     20.594           3.238                 18.6         50
      1          0               0     44.500    644.900     86.078           1.560                 45.4         60
      1          0               0     85.300    305.400      0.207           4.828                 2.13         10
      1          0               0     50.000    395.300      0.600           7.092                 3.29         20
      1          0               0     54.100    580.000      4.462           6.187                 5.14         30
      1          0               0     55.200    812.300     17.606           3.679                 12.1         40
      1          0               0     46.500    731.400     46.050           2.034                 31.9         50
      1          0               0     43.800    605.800     95.721           1.473                 48.3         60
      1          0               0     43.100    166.000      0.085           6.731                  1.5         10
      1          0               0     80.700    462.400      0.567           7.622                 2.68         20
      1          0               0     89.300    855.900      7.779           4.598                 7.04         30
      1          0               0     60.300    665.900     21.631           3.280                 16.7         40
      1          0               0     54.300    565.500     47.280           2.564                 24.2         50
      1          0               0     36.500    600.100     66.753           1.836                 36.4         60
      1          0               0     85.500    261.400      0.174           6.402                 1.63         10
      1          0               0     87.900    331.400      0.872           6.411                 3.21         20
      1          0               0     74.500    431.200      3.149           7.174                 4.35         30
      1          0               0     41.700    500.600      8.387           3.578                 12.0         40
      1          0               0     39.700    524.100     32.012           1.725                 34.8         50
      1          0               0     42.300    762.400     88.187           1.433                 47.0         60
      1          0               0    139.500    239.800      0.396           5.104                 2.03         10
      1          0               0     36.100    192.900      0.212           7.064                 2.87         20
      1          0               0     31.000    333.800      0.465           6.945                 4.47         30
      1          0               0     41.000    430.500      3.661           5.415                 7.62         40
      1          0               0     32.300    423.900     29.988           2.167                 26.2         50
      1          0               0     36.000    507.100     66.655           1.803                 38.5         60
      1          0               0     44.800    174.300      0.087           6.991                 1.47         10
      1          0               0     49.900    398.400      0.572           5.421                 3.82         20
      1          0               0     60.600    529.500      1.921           5.376                 5.76         30
      1          0               0     51.900    658.700      9.828           3.877                 10.9         40
      1          0               0     42.000    706.500     36.781           2.352                 26.1         50
      1          0               0     37.100    655.600     76.982           1.358                 50.6         60
      1          0               0     63.800    285.100      0.141           4.989                 2.13         10
      1          0               0     36.700    363.900      0.320           6.068                 3.36         20
      1          0               0     51.300    549.400      2.320           5.351                 5.92         30
      1          0               0     43.300    500.200      9.037           3.171                 13.6         40
      1          0               0     33.400    574.900     28.606           2.219                 24.1         50
      1          0               0     35.600    716.100     70.338           1.278                 53.7         60
      1          0               0     82.700    335.000      0.162           6.449                 1.57         10
      1          0               0     50.600    358.300      0.502           6.253                 3.25         20
      1          0               0     48.600    392.500      1.765           5.494                 5.74         30
      1          0               0     52.800    517.500      9.694           4.261                 10.1         40
      1          0               0     43.900    550.300     34.931           2.501                 23.3         50
      1          0               0     34.800    594.600     58.686           1.836                 35.7         60
      1          0               0     80.100    357.900      0.187           4.330                 2.36         10
      1          0               0     93.500    506.300      0.625           5.901                 3.46         20
      1          0               0     88.900    637.900      2.525           6.726                 4.61         30
      1          0               0     62.800    591.300     10.490           5.381                 7.84         40
      1          0               0     43.100    625.900     38.307           2.838                 20.6         50
      1          0               0     54.800    670.100    110.982           1.797                 36.5         60
      1          0               0    106.900    378.300      0.211           6.820                 1.49         10
      1          0               0     84.800    416.900      0.867           6.066                  3.4         20
      1          0               0     69.800    556.400      4.229           3.762                 8.71         30
      1          0               0     66.500    480.300     24.242           3.406                 12.3         40
      1          0               0     58.800    500.500     55.351           2.782                 18.9         50
      1          0               0     56.500    944.900    104.717           1.673                 40.1         60
      1          0               0     75.900    407.300      0.157           5.407                 1.88         10
      1          0               0     71.700    406.800      0.430           8.078                 2.51         20
      1          0               0     72.600    618.400      1.580           7.702                 3.99         30
      1          0               0     70.000    506.900     22.442           2.224                 23.7         40
      1          0               0     60.900    600.900     62.606           1.645                 38.3         50
      1          0               0     51.800    441.900    104.398           1.160                 57.2         60
      1          0               0    128.200    416.300      0.242           6.805                 1.51         10
      1          0               0     76.800    399.800      0.461           8.391                 2.43         20
      1          0               0     34.600    268.100      1.135           7.026                 4.37         30
      1          0               0     56.700    634.900      9.145           4.861                 9.06         40
      1          0               0     35.100    604.200     21.090           2.704                 21.7         50
      1          0               0     31.200    581.300     47.911           1.856                 37.5         60
      1          0               0     69.400    217.900      0.130           7.437                 1.37         10
      1          0               0     55.500    301.000      0.305           8.575                 2.36         20
      1          0               0     55.200    427.100      0.814           7.158                 4.25         30
      1          0               0     40.700    366.800      3.323           4.754                 9.65         40
      1          0               0     40.200    401.800     23.737           2.488                 23.1         50
      1          0               0     37.600    528.600     55.963           1.434                 47.0         60
      1          0               0     51.900    212.700      0.100           7.025                 1.46         10
      1          0               0     60.100    345.800      0.693           6.473                 3.34         20
      1          0               0     49.600    391.400      2.763           5.825                 5.47         30
      1          0               0     51.400    549.100     13.512           4.193                 10.4         40
      1          0               0     50.200    541.900     47.259           2.430                 25.7         50
      1          0               0     32.500    468.900     71.103           1.517                 48.5         60
      1          0               0     49.500    156.100      0.094           7.040                 1.45         10
      1          0               0     64.200    321.500      1.627           4.715                 4.47         20
      1          0               0     62.300    526.300      3.178           4.578                 6.94         30
      1          0               0     60.000    526.800     24.716           2.747                 16.1         40
      1          0               0     50.100    759.300     45.047           2.190                 26.4         50
      1          0               0     38.200    802.500     77.422           1.395                 48.7         60
      1          0               0     45.200    147.000      0.079           7.385                 1.39         10
      1          0               0     71.900    323.400      0.349           9.570                 2.14         20
      1          0               0     62.900    465.000      1.615           8.070                 3.79         30
      1          0               0     48.800    454.300     17.490           2.598                 16.9         40
      1          0               0     37.800    563.400     32.254           2.450                 21.7         50
      1          0               0     22.700    361.700     44.858           1.507                 45.2         60
      1          0               0     92.800    298.200      0.200           4.939                 2.16         10
      1          0               0     81.200    368.900      0.494           7.595                  2.7         20
      1          0               0     66.100    397.600      3.606           5.467                 5.63         30
      1          0               0     56.000    493.800      9.001           4.116                 10.5         40
      1          0               0     45.000    706.900     46.075           1.987                 26.8         50
      1          0               0     54.100    934.600    113.042           1.342                 52.5         60
      1          0               0     41.300    161.700      0.083           5.082                  2.0         10
      1          0               0     53.000    315.300      0.544           4.642                 4.46         20
      1          0               0     55.100    563.100      3.114           3.835                 9.06         30
      1          0               0     50.700    570.800      8.204           5.022                 8.78         40
      1          0               0     37.000    641.300     23.300           2.268                 26.0         50
      1          0               0     33.500    701.200     46.664           1.406                 47.8         60
      1          0               0     48.100    173.600      0.087           7.202                  1.4         10
      1          0               0     59.600    343.200      0.297           9.775                  2.1         20
      1          0               0     75.800    553.800      1.679           6.020                 5.07         30
      1          0               0     42.500    394.900      7.575           4.416                 10.8         40
      1          0               0     30.800    319.400     34.198           1.477                 38.1         50
      1          0               0     24.300    327.800     56.876           1.053                 58.4         60
      1          0               0     75.000    215.600      0.184           3.657                 2.95         10
      1          0               0     79.900    526.500      1.603           4.773                  4.8         20
      1          0               0     54.900    544.600      3.598           3.459                  9.1         30
      1          0               0     53.600    602.600      8.550           4.188                 9.85         40
      1          0               0     36.400    393.100     24.503           2.418                 23.0         50
      1          0               0     27.000    566.400     37.209           2.174                 32.9         60
      1          0               0     62.700    210.000      0.132           6.316                  1.6         10
      1          0               0     25.100    147.200      0.228           7.080                 2.87         20
      1          0               0     59.600    362.300      2.789           5.644                 5.41         30
      1          0               0     44.900    464.600      8.228           4.477                 9.82         40
      1          0               0     45.000    710.000     27.934           2.631                 24.4         50
      1          0               0     43.900    772.800     91.144           1.850                 39.2         60
