success  collision  collision_obst   makespan   flowtime    runtime     mean_groups     mean_groups_size     number
      1          0               0     79.900    255.000      0.093           7.947                 1.28         10
      1          0               0    233.500    967.500      0.500          17.759                 1.13         20
      0          0               0   2000.000  60000.000      6.423          22.937                 1.31         30
      0          0               0   2000.000  80000.000      8.924          25.936                 1.54         40
      0          0               0   2000.000 100000.000     11.490          29.941                 1.67         50
      0          0               0   2000.000 120000.000     15.066          29.833                 2.01         60
      1          0               0     98.800    389.300      0.127           8.820                 1.15         10
      1          0               0    178.500    491.700      0.431          12.936                 1.55         20
      1          0               0     90.600    428.700      0.323          19.393                 1.55         30
      1          0               0    158.800    839.000      0.894          20.178                 1.99         40
      1          0               0    826.000   2036.900      5.707          23.930                 2.09         50
      1          0               0    174.600   1670.100      2.315          24.925                 2.41         60
      1          0               0     50.600    203.100      0.063           8.573                 1.19         10
      1          0               0     71.300    327.100      0.171          16.224                 1.25         20
      1          0               0    117.000    686.300      0.410          20.357                 1.49         30
      1          0               0    111.800    914.200      0.583          22.907                 1.75         40
      1          0               0    120.400   1287.300      0.814          22.532                 2.23         50
      1          0               0     79.700    949.800      0.694          23.662                 2.54         60
      1          0               0    153.700    388.000      0.186           8.420                  1.2         10
      1          0               0    113.400    438.300      0.252          15.602                 1.29         20
      1          0               0    152.900   1055.900      0.524          22.226                 1.37         30
      1          0               0    148.100   1488.700      0.710          24.775                 1.62         40
      1          0               0    148.200   2243.600      0.968          25.585                 1.96         50
      1          0               0    146.200   1580.400      1.234          28.241                 2.13         60
      1          0               0    143.800    325.300      0.182           8.725                 1.15         10
      1          0               0     83.200    434.500      0.194          16.216                 1.24         20
      1          0               0     70.300    793.100      0.245          20.613                 1.48         30
      1          0               0    168.900    984.700      0.785          25.340                 1.58         40
      1          0               0    263.500   1068.500      1.604          27.694                 1.81         50
      1          0               0    185.700   2045.000      1.563          28.786                 2.09         60
      1          0               0     64.300    214.000      0.078           8.221                 1.23         10
      1          0               0    158.500    642.600      0.387          14.775                 1.36         20
      1          0               0    151.000    659.400      0.551          19.961                 1.51         30
      1          0               0    128.500    955.900      0.627          25.333                 1.59         40
      1          0               0    125.000   1307.200      0.852          24.843                 2.03         50
      1          0               0    129.000    990.000      1.101          27.381                 2.21         60
      1          0               0     43.300    165.400      0.088           8.730                 1.16         10
      1          0               0     94.900    493.700      0.347          15.944                 1.26         20
      0          0               1    100.300   3009.000      0.538          21.801                 1.39         30
      1          0               0    100.800   1095.800      0.855          24.298                 1.66         40
      1          0               0    247.800   1672.800      2.671          28.873                 1.74         50
      0          0               0   2000.000 120000.000     26.253          29.847                 2.01         60
      1          0               0    131.200    537.700      0.160           8.665                 1.16         10
      1          0               0    110.400    994.000      0.263          16.717                  1.2         20
      1          0               0    130.000   1175.200      0.482          18.581                 1.62         30
      1          0               0    124.200   1274.200      0.607          23.548                 1.72         40
      1          0               0    127.000   1906.400      0.833          26.897                 1.88         50
      1          0               0    179.400   2266.200      1.438          28.957                  2.1         60
      1          0               0    134.700    442.700      0.168           8.064                 1.26         10
      1          0               0    111.200    531.900      0.248          15.879                 1.27         20
      1          0               0    116.500    672.900      0.396          21.072                 1.43         30
      1          0               0    103.200    944.700      0.495          25.218                  1.6         40
      1          0               0    168.400   1554.900      1.031          28.514                 1.77         50
      1          0               0    177.000   1056.500      1.404          31.968                 1.89         60
      1          0               0     57.100    194.200      0.069           8.923                 1.13         10
      1          0               0    162.200    789.700      0.378          15.891                 1.27         20
      1          0               0    119.300    844.300      0.409          21.231                 1.43         30
      1          0               0    147.700   1135.700      0.702          24.334                 1.66         40
      1          0               0    109.200   1143.800      0.733          22.092                 2.29         50
      1          0               0     84.400   1093.500      0.795          24.494                 2.47         60
      1          0               0    132.400    485.000      0.189           9.252                 1.09         10
      1          0               0    150.300    477.200      0.365          14.772                 1.36         20
      1          0               0    172.700    840.000      0.651          18.857                  1.6         30
      1          0               0    264.400   1796.300      1.342          22.863                 1.76         40
      1          0               0    165.700   1965.000      1.135          26.240                 1.92         50
      1          0               0    183.100   2026.500      1.702          27.667                 2.18         60
      1          0               0    119.300    403.400      0.149           6.503                 1.56         10
      1          0               0    106.900    681.600      0.247          11.832                 1.71         20
      1          0               0     66.400    580.000      0.244          14.723                 2.06         30
      1          0               0     95.000    909.200      0.477          19.353                 2.08         40
      1          0               0    616.500   2650.400      3.901          22.774                  2.2         50
      1          0               0    123.800   1321.200      1.135          20.973                 2.88         60
      1          0               0     82.100    232.300      0.098           9.144                  1.1         10
      1          0               0     46.500    219.500      0.110          15.314                 1.32         20
      1          0               0     83.100    473.400      0.299          18.924                 1.59         30
      1          0               0     63.400    519.100      0.321          22.472                 1.79         40
      1          0               0    125.400    810.900      0.799          28.325                 1.77         50
      1          0               0    119.400   1102.600      1.079          26.706                 2.26         60
      1          0               0    103.600    366.800      0.124           9.411                 1.07         10
      1          0               0    158.800    605.300      0.360          15.732                 1.27         20
      0          0               1     21.300    639.000      0.076          19.465                 1.57         30
      1          0               0    127.600   1108.000      0.633          22.198                 1.81         40
      1          0               0    165.900   1935.400      1.050          24.571                 2.04         50
      1          0               0    125.600   1677.700      1.092          27.288                 2.21         60
      1          0               0    158.800    532.000      0.307           8.089                 1.25         10
      1          0               0    150.800    578.800      0.566          15.858                 1.27         20
      1          0               0    125.200    772.600      0.683          22.605                 1.34         30
      1          0               0     80.300    583.300      0.599          27.650                 1.46         40
      1          0               0    123.400    976.800      1.360          28.079                 1.79         50
      1          0               0    118.900    948.600      1.659          30.552                 1.97         60
      1          0               0    110.300    368.900      0.137           8.892                 1.14         10
      1          0               0     97.600    287.400      0.219          17.425                 1.15         20
      1          0               0     60.400    497.400      0.208          19.685                 1.53         30
      1          0               0    150.400   1250.800      0.726          25.015                 1.61         40
      1          0               0    192.500   1736.200      1.192          27.019                 1.86         50
      0          0               1    108.100   6486.000      0.861          28.862                  2.1         60
      1          0               0     82.600    322.500      0.097           8.071                 1.25         10
      1          0               0    110.700    786.800      0.261          14.474                 1.39         20
      1          0               0    208.900   1133.100      0.726          20.337                 1.48         30
      0          0               1     79.200   3168.000      0.364          25.360                 1.59         40
      1          0               0    145.900    995.700      0.854          30.021                 1.67         50
      1          0               0    165.600   1361.000      1.203          32.168                 1.87         60
      1          0               0    117.800    412.600      0.155           7.349                 1.38         10
      1          0               0    146.500    760.000      0.321          14.620                 1.38         20
      1          0               0     90.900    671.800      0.294          21.480                  1.4         30
      1          0               0     96.100    619.500      0.439          23.158                 1.73         40
      1          0               0     83.700    688.700      0.486          26.011                 1.93         50
      1          0               0     89.100    934.800      0.740          25.630                 2.35         60
      0          0               1     77.300    773.000      0.090           8.807                 1.15         10
      1          0               0    121.400    606.300      0.268          16.454                 1.22         20
      1          0               0    169.600   1111.600      0.574          21.578                  1.4         30
      1          0               0     95.700   1260.100      0.448          24.857                 1.62         40
      1          0               0     89.600   1159.000      0.602          25.762                 1.96         50
      0          0               1     24.200   1452.000      0.231          23.545                 2.59         60
      1          0               0     99.400    361.800      0.115           7.854                 1.29         10
      1          0               0     57.700    181.500      0.127          15.019                 1.34         20
      1          0               0    150.700    829.900      0.521          18.558                 1.62         30
      1          0               0    159.400   1380.300      0.818          20.865                 1.93         40
      1          0               0    138.700   1133.600      0.917          22.430                 2.24         50
      1          0               0    128.800   1563.700      1.087          25.631                 2.35         60
      1          0               0    168.900    473.700      0.197           8.706                 1.16         10
      1          0               0    116.300    616.600      0.256          17.706                 1.13         20
      1          0               0    141.500    816.800      0.473          20.955                 1.44         30
      1          0               0    148.500   1425.100      0.683          24.552                 1.64         40
      1          0               0    401.900   2389.000      2.355          27.552                 1.82         50
      1          0               0    218.900   2870.100      1.682          27.763                 2.17         60
      1          0               0     95.900    303.600      0.112           9.153                 1.11         10
      1          0               0     85.400    653.500      0.188          14.787                 1.37         20
      1          0               0    123.600    849.500      0.402          22.131                 1.38         30
      1          0               0    130.300   1379.700      0.670          22.857                 1.79         40
      1          0               0    130.300   1920.900      0.815          27.517                 1.85         50
      1          0               0     82.400   1584.700      0.716          25.845                 2.37         60
      1          0               0     85.100    304.700      0.097           8.454                  1.2         10
      1          0               0    128.100    544.700      0.280          14.155                 1.42         20
      1          0               0    233.100   1479.900      0.780          20.636                 1.46         30
      1          0               0    168.800   1441.200      0.764          24.195                 1.66         40
      1          0               0    135.300   1773.700      0.802          27.279                 1.85         50
      1          0               0     80.200   1024.400      0.608          30.143                 2.03         60
      1          0               0     67.200    245.000      0.078           8.118                 1.24         10
      1          0               0    117.000    746.500      0.267          14.153                 1.42         20
      1          0               0    114.800    780.300      0.398          20.037                  1.5         30
      1          0               0     86.200    667.700      0.398          23.382                 1.71         40
      1          0               0     83.100    852.000      0.508          25.963                 1.94         50
      1          0               0    141.100   1705.500      1.131          27.320                  2.2         60
      1          0               0     50.900    125.700      0.058           8.558                 1.18         10
      1          0               0     74.800    399.100      0.167          15.265                 1.33         20
      0          0               1     65.000   1950.000      0.228          21.098                 1.47         30
      0          0               1     53.000   2120.000      0.253          22.747                 1.83         40
      0          0               1     58.600   2930.000      0.383          24.991                 2.04         50
      1          0               0    104.100   1534.100      0.902          27.770                 2.18         60
      1          0               0     43.700    140.400      0.053           9.432                 1.07         10
      1          0               0    137.500    628.300      0.324          16.574                 1.22         20
      1          0               0    148.100    953.100      0.502          22.021                 1.37         30
      1          0               0    110.000    800.200      0.506          26.185                 1.56         40
      1          0               0     95.300   1131.400      0.583          25.887                 1.95         50
      0          0               1     59.200   3552.000      0.576          21.672                 2.81         60
      1          0               0     51.700    239.300      0.059           8.389                  1.2         10
      1          0               0    116.200    985.000      0.264          14.297                 1.41         20
      1          0               0    145.400    844.300      0.489          20.355                 1.48         30
      0          0               0   2000.000  80000.000      9.794          23.913                 1.67         40
      0          0               0   2000.000 100000.000     12.955          27.002                 1.85         50
      0          0               0   2000.000 120000.000     15.619          28.953                 2.07         60
      1          0               0    127.200    287.100      0.243           8.711                 1.15         10
      1          0               0    129.500    467.600      0.460          17.008                 1.18         20
      1          0               0    157.800    675.200      0.967          21.702                 1.39         30
      1          0               0    157.800   1159.600      1.213          26.796                  1.5         40
      1          0               0    106.000   1242.000      1.165          27.771                 1.81         50
      1          0               0    127.000   1833.600      1.840          30.053                  2.0         60
      1          0               0     80.400    281.400      0.097           8.170                 1.24         10
      1          0               0    146.400    899.400      0.336          16.314                 1.24         20
      1          0               0    138.800   1230.600      0.493          20.129                  1.5         30
      1          0               0    155.300   1531.200      0.768          24.776                 1.64         40
      1          0               0    145.000   1982.100      1.017          25.302                 2.02         50
      1          0               0    165.200   2648.500      1.631          25.730                 2.36         60
      1          0               0     46.000    154.400      0.053           9.296                 1.08         10
      1          0               0    167.800    694.400      0.371          14.716                 1.36         20
      1          0               0     94.400    682.600      0.314          18.589                 1.62         30
      1          0               0     98.900    972.700      0.488          22.891                 1.75         40
      1          0               0    107.200   1062.500      0.634          25.512                 1.97         50
      0          0               0   2000.000 120000.000     15.149          28.897                 2.08         60
      1          0               0    113.800    365.300      0.131           9.064                 1.12         10
      1          0               0     79.800    373.100      0.185          14.150                 1.42         20
      1          0               0    127.000    725.200      0.455          18.498                 1.64         30
      1          0               0    103.300    953.000      0.500          20.470                 1.96         40
      1          0               0    152.700   1275.600      0.978          21.862                  2.3         50
      1          0               0    124.300   1244.500      1.121          20.219                 3.01         60
      1          0               0    101.000    274.700      0.116           9.519                 1.06         10
      1          0               0     71.000    361.200      0.158          15.544                  1.3         20
      1          0               0     58.600    525.100      0.192          21.696                 1.41         30
      1          0               0    102.700    740.100      0.459          26.513                 1.53         40
      1          0               0     88.100   1123.100      0.540          28.905                 1.75         50
      1          0               0    123.700   1610.200      1.015          29.491                 2.05         60
      1          0               0    115.600    303.000      0.138           8.377                 1.21         10
      1          0               0     93.700    512.600      0.213          14.044                 1.44         20
      1          0               0     78.800    858.700      0.270          20.048                 1.52         30
      1          0               0    114.600    776.700      0.530          22.101                 1.82         40
      1          0               0    130.600   1349.900      0.816          25.983                 1.94         50
      1          0               0    180.600   2950.100      1.561          24.812                 2.45         60
      1          0               0    118.400    311.800      0.139           9.610                 1.04         10
      1          0               0    161.700    930.900      0.350          16.749                  1.2         20
      1          0               0    100.100    478.300      0.323          20.646                 1.46         30
      1          0               0    174.700   1059.600      0.823          21.615                 1.86         40
      1          0               0    175.600   1162.400      1.158          21.815                  2.3         50
      1          0               0    149.200   1759.400      1.293          19.193                 3.14         60
      1          0               0     66.000    184.400      0.082           9.497                 1.06         10
      1          0               0    126.100    621.500      0.303          16.119                 1.25         20
      1          0               0    109.800    744.500      0.421          21.486                 1.41         30
      1          0               0     88.000    812.300      0.475          23.642                 1.72         40
      1          0               0     86.400   1220.700      0.665          24.593                 2.06         50
      1          0               0    101.100   1229.900      1.018          29.473                 2.05         60
      1          0               0    110.000    482.200      0.140           7.858                  1.3         10
      1          0               0    145.500    626.500      0.341          13.028                 1.54         20
      1          0               0    147.800    803.800      0.557          16.951                 1.78         30
      1          0               0    101.200    891.500      0.538          20.638                 1.96         40
      1          0               0    121.200   1230.200      0.906          22.389                 2.27         50
      1          0               0    121.700   1512.700      1.206          24.278                 2.49         60
      1          0               0     88.600    308.700      0.104           8.532                 1.18         10
      1          0               0     57.800    269.900      0.137          11.708                 1.73         20
      1          0               0     96.100    802.100      0.346          16.281                 1.88         30
      1          0               0    136.500   1111.800      0.671          22.408                  1.8         40
      1          0               0    140.600   1577.500      0.935          25.647                 1.96         50
      1          0               0    118.300   1550.500      1.091          24.537                 2.46         60
      1          0               0    182.000    255.400      0.209           7.868                 1.27         10
      1          0               0    162.800    521.800      0.351          16.029                 1.25         20
      1          0               0    175.100    816.800      0.564          24.376                 1.24         30
      1          0               0    179.700    770.200      0.791          26.573                 1.51         40
      1          0               0    132.700    683.000      0.736          30.280                 1.66         50
      1          0               0    143.600   1079.800      1.044          27.678                 2.17         60
      1          0               0    105.700    477.900      0.124           8.670                 1.16         10
      1          0               0    192.200   1031.600      0.419          17.838                 1.13         20
      0          0               0   2000.000  60000.000      6.272          23.946                 1.25         30
      0          0               0   2000.000  80000.000      8.597          26.936                 1.49         40
      1          0               0    152.300   1189.200      0.885          28.430                 1.77         50
      1          0               0    272.200   1488.400      2.061          30.220                 1.99         60
      1          0               0    168.800    387.200      0.193           9.175                 1.12         10
      1          0               0    183.300    453.900      0.395          17.100                 1.17         20
      1          0               0    192.300   1207.400      0.628          21.417                 1.41         30
      1          0               0    167.700   1667.800      0.773          23.102                 1.75         40
      1          0               0    191.800   1538.400      1.134          25.559                 1.96         50
      1          0               0     46.100    775.200      0.377          25.054                 2.41         60
      1          0               0     29.700    129.700      0.033           9.148                  1.1         10
      1          0               0     43.700    226.700      0.094          14.771                 1.36         20
      1          0               0    124.700    743.300      0.413          21.206                 1.42         30
      1          0               0     60.800    551.100      0.286          22.456                  1.8         40
      1          0               0     74.500    776.600      0.458          24.993                 2.02         50
      1          0               0     86.400    907.700      0.788          24.384                 2.47         60
      1          0               0     97.300    353.300      0.113           8.852                 1.14         10
      1          0               0     70.900    502.800      0.154          16.976                 1.19         20
      1          0               0     75.800    662.800      0.246          22.219                 1.36         30
      1          0               0    144.700   1049.600      0.628          27.176                 1.48         40
      1          0               0    116.500    946.300      0.687          26.640                  1.9         50
      1          0               0    136.400   1239.400      1.057          28.169                 2.15         60
      1          0               0    115.800    376.300      0.131           9.459                 1.07         10
      0          0               0   2000.000  40000.000      4.282          18.957                 1.06         20
      0          0               0   2000.000  60000.000      6.292          22.979                 1.31         30
      1          0               0    123.300   1277.500      0.546          25.114                  1.6         40
      1          0               0    144.900   1468.100      0.816          29.156                 1.72         50
      1          0               0     78.100   1303.200      0.577          27.997                 2.16         60
      1          0               0    162.200    636.900      0.190           8.851                 1.16         10
      1          0               0    125.800    676.800      0.275          15.674                 1.29         20
      1          0               0    154.700    790.500      0.524          18.025                 1.67         30
      1          0               0    131.800    723.500      0.607          23.032                 1.75         40
      1          0               0    139.100   1071.200      0.820          26.731                 1.89         50
      1          0               0    123.200   1378.700      0.965          27.234                 2.23         60
      1          0               0    145.100    463.900      0.166           9.527                 1.05         10
      0          0               0   2000.000  40000.000      4.504          13.058                 1.53         20
      1          0               0    138.600   1119.100      0.454          19.571                 1.54         30
      0          0               0   2000.000  80000.000      8.791          24.030                 1.67         40
      1          0               0    123.500   1128.300      0.721          27.012                 1.86         50
      1          0               0    121.400   1413.900      0.888          29.817                 2.03         60
      1          0               0     75.100    191.400      0.087           9.486                 1.06         10
      1          0               0     89.800    378.100      0.206          15.802                 1.28         20
      1          0               0     81.600    475.800      0.284          20.017                 1.51         30
      1          0               0     65.200    688.100      0.315          23.061                 1.75         40
      0          0               1     63.200   3160.000      0.473          22.706                 2.25         50
      1          0               0    151.800   1591.700      1.610          24.853                 2.49         60
      1          0               0    142.800    503.300      0.167           8.982                 1.13         10
      1          0               0    195.200    723.600      0.423          16.813                  1.2         20
      1          0               0    148.600    443.500      0.490          21.896                 1.37         30
      1          0               0    127.400    994.500      0.616          22.272                  1.8         40
      0          0               0   2000.000 100000.000     12.441          22.913                 2.18         50
      0          0               0   2000.000 120000.000     16.621          23.928                 2.51         60
      1          0               0     84.200    466.100      0.101           7.322                 1.39         10
      1          0               0    108.100    792.600      0.247          14.712                 1.38         20
      1          0               0    123.300    835.000      0.421          17.821                  1.7         30
      1          0               0    127.600   1065.400      0.592          23.511                 1.72         40
      1          0               0    191.000   1695.800      1.216          23.963                 2.09         50
      1          0               0    123.200   1583.000      1.045          25.067                  2.4         60
      1          0               0    133.100    580.300      0.156           8.222                 1.23         10
      1          0               0    209.800    843.700      0.461          17.502                 1.16         20
      1          0               0    162.800    929.200      0.522          25.425                 1.19         30
      1          0               0     94.000    631.400      0.449          25.962                 1.55         40
      1          0               0    168.900   1074.300      1.068          28.308                 1.77         50
      1          0               0     46.000    767.600      0.455          27.465                 2.19         60
      1          0               0    133.700    363.900      0.158           8.481                 1.18         10
      1          0               0     84.100    441.000      0.191          15.697                 1.29         20
      1          0               0    223.000   1547.900      0.758          20.622                 1.46         30
      1          0               0    134.300   1589.800      0.673          21.290                 1.89         40
      1          0               0    197.300   2174.300      1.288          25.245                 1.99         50
      1          0               0    158.500   1380.200      1.388          23.989                 2.51         60
      1          0               0    150.500    526.300      0.179           7.628                 1.35         10
      1          0               0    120.100    704.600      0.274          14.333                  1.4         20
      1          0               0    833.900   5083.800      2.762          20.091                 1.49         30
      1          0               0    102.600    892.800      0.475          22.394                  1.8         40
      1          0               0    111.900   1143.600      0.670          25.443                 1.99         50
      1          0               0    149.700   1332.500      1.187          27.029                 2.24         60
      1          0               0    132.700    598.700      0.158           8.509                 1.19         10
      1          0               0     72.200    372.700      0.157          15.211                 1.32         20
      1          0               0    110.500    733.800      0.384          18.371                 1.65         30
      1          0               0    164.100   1057.600      0.807          22.414                 1.79         40
      1          0               0    115.500   1089.500      0.775          24.109                 2.09         50
      1          0               0    118.900   1657.900      1.043          28.164                 2.14         60
      1          0               0     45.100    180.400      0.052           9.047                 1.12         10
      1          0               0    123.100    646.900      0.274          14.870                 1.35         20
      1          0               0    111.700    910.600      0.380          18.953                 1.59         30
      1          0               0    129.700   1039.600      0.606          22.709                 1.77         40
      1          0               0    144.000   1581.000      0.895          25.590                 1.96         50
      1          0               0     96.400    991.900      0.763          28.193                 2.15         60
      1          0               0     56.600    242.300      0.065           8.489                 1.19         10
      1          0               0     73.900    271.300      0.161          14.199                 1.42         20
      1          0               0    158.600    680.300      0.543          20.360                 1.48         30
      1          0               0    115.200    941.800      0.587          20.868                 1.93         40
      1          0               0     57.800    647.800      0.385          25.235                 2.01         50
      1          0               0     97.500   1146.700      0.769          28.894                 2.09         60
      1          0               0     93.000    320.400      0.112           7.909                 1.28         10
      1          0               0    134.900    387.300      0.303          13.415                 1.49         20
      1          0               0    146.300    781.200      0.511          15.437                 1.95         30
      1          0               0    113.800    885.600      0.549          21.405                 1.88         40
      1          0               0    103.900   1139.100      0.682          22.985                 2.19         50
      1          0               0     97.600   1384.300      0.891          25.877                 2.33         60
      1          0               0     19.400     78.900      0.022           9.407                 1.07         10
      1          0               0    170.400    944.600      0.371          15.722                 1.28         20
      1          0               0    172.800   1420.400      0.575          20.973                 1.44         30
      1          0               0    164.200    985.300      0.762          23.300                 1.73         40
      1          0               0    169.900   2061.900      1.056          26.157                 1.92         50
      1          0               0    135.300   2033.300      1.072          27.792                 2.18         60
      1          0               0    144.800    575.500      0.176           8.613                 1.18         10
      1          0               0     74.800    373.500      0.174          14.360                  1.4         20
      0          0               0   2000.000  60000.000      6.866          21.964                 1.37         30
      0          0               0   2000.000  80000.000      9.819          24.896                 1.61         40
      1          0               0    158.500   1602.200      1.041          25.813                 1.95         50
      1          0               0    107.000   1194.600      0.921          24.900                 2.43         60
      1          0               0     65.800    311.200      0.083           7.960                 1.29         10
      1          0               0    169.100    545.500      0.413          13.900                 1.45         20
      1          0               0    131.200    731.900      0.490          19.771                 1.53         30
      1          0               0    149.900   1222.800      0.798          21.692                 1.86         40
      1          0               0    167.100   1567.700      1.109          25.155                  2.0         50
      1          0               0    180.400   1234.100      2.086          26.742                 2.25         60
      1          0               0    100.400    215.400      0.120           8.889                 1.13         10
      1          0               0    177.800    974.900      0.403          16.049                 1.25         20
      1          0               0    178.000   1512.600      0.601          22.864                 1.32         30
      1          0               0    137.700   1039.600      0.660          25.304                 1.59         40
      1          0               0    133.900   1351.600      0.863          23.403                 2.14         50
      1          0               0    111.300   1325.200      0.945          26.602                 2.26         60
      1          0               0     82.900    298.700      0.099           8.624                 1.17         10
      1          0               0    143.600    613.800      0.333          12.933                 1.55         20
      1          0               0    143.100   1419.900      0.543          16.497                 1.85         30
      1          0               0    131.000   1164.500      0.676          20.707                 1.97         40
      1          0               0    138.400   1072.100      0.989          22.071                 2.34         50
      1          0               0    138.400   1217.900      1.372          27.272                 2.21         60
      1          0               0     75.600    274.000      0.090           8.431                  1.2         10
      1          0               0    126.100    518.800      0.308          12.695                 1.59         20
      1          0               0     69.300    751.500      0.261          16.587                 1.83         30
      1          0               0    149.100   1054.100      0.728          21.400                 1.88         40
      1          0               0     89.700    653.400      0.559          24.843                 2.02         50
      1          0               0     33.600    514.900      0.289          24.381                  2.5         60
      1          0               0    157.900    414.900      0.184           8.887                 1.13         10
      1          0               0    159.500   1069.900      0.355          15.530                 1.29         20
      1          0               0    199.800   1019.300      0.684          23.116                  1.3         30
      1          0               0    121.500   1012.200      0.592          24.551                 1.64         40
      1          0               0    111.500   1139.400      0.714          27.830                 1.81         50
      1          0               0     93.100   1150.700      0.889          27.191                 2.22         60
      1          0               0    166.000    510.500      0.207           9.170                  1.1         10
      1          0               0    134.100    705.200      0.304          18.165                 1.11         20
      1          0               0    136.400    722.300      0.470          24.144                 1.26         30
      1          0               0    173.200   1203.300      0.776          27.428                 1.47         40
      1          0               0    125.700    854.900      0.794          28.436                 1.77         50
      0          0               0   2000.000 120000.000     15.453          31.885                 1.88         60
      1          0               0    129.700    276.700      0.147           9.494                 1.06         10
      1          0               0    224.400   1022.400      0.493          15.294                 1.31         20
      1          0               0    124.400    670.800      0.413          20.938                 1.44         30
      1          0               0    206.800   1681.100      0.953          24.916                 1.61         40
      1          0               0    167.400   1393.700      1.026          26.661                 1.88         50
      1          0               0    166.200   1160.100      1.287          28.502                 2.11         60
      0          0               1     48.500    485.000      0.056           8.553                 1.18         10
      0          0               1     17.000    340.000      0.039          11.818                 1.74         20
      0          0               1     12.600    378.000      0.053          11.825                 2.65         30
      1          0               0    938.200   4503.100      4.680          19.031                 2.11         40
      0          0               1     12.600    630.000      0.097          17.770                 2.87         50
      0          0               1     16.500    990.000      0.161          20.691                 2.96         60
      1          0               0     42.800    151.500      0.056           9.058                 1.12         10
      1          0               0    119.500    426.100      0.293          18.012                 1.12         20
      1          0               0    107.400    785.400      0.383          17.766                 1.71         30
      1          0               0    171.500   1195.300      0.816          21.945                 1.83         40
      1          0               0    138.100   1301.100      0.871          24.555                 2.05         50
      1          0               0    103.700   1223.500      0.985          23.301                 2.59         60
      1          0               0    143.000    491.100      0.165           8.690                 1.16         10
      1          0               0    112.100    678.000      0.250          16.434                 1.23         20
      1          0               0     96.600    654.500      0.337          21.165                 1.43         30
      1          0               0     66.100    696.600      0.297          24.626                 1.63         40
      1          0               0     50.100    613.800      0.294          28.132                  1.8         50
      1          0               0    127.500   1414.600      0.969          28.885                  2.1         60
      1          0               0    185.600    372.100      0.214           8.781                 1.14         10
      1          0               0    152.200    867.400      0.330          16.177                 1.25         20
      1          0               0     70.200    524.200      0.235          21.188                 1.43         30
      1          0               0     78.200    664.700      0.362          24.806                 1.63         40
      1          0               0    160.600   1083.300      1.107          28.625                 1.75         50
      1          0               0    135.900   1107.300      1.105          28.684                 2.11         60
      1          0               0     81.000    187.900      0.095           9.209                 1.09         10
      1          0               0    252.300   1066.200      0.602          14.886                 1.36         20
      1          0               0    142.600   1057.000      0.529          17.847                  1.7         30
      1          0               0    113.700   1015.600      0.573          21.691                 1.87         40
      1          0               0     96.100   1460.600      0.642          23.174                 2.19         50
      0          0               0   2000.000 120000.000     16.934          27.904                 2.15         60
      1          0               0    130.400    298.600      0.152           9.222                 1.09         10
      1          0               0    160.500    663.200      0.358          16.733                 1.21         20
      1          0               0     80.300    653.400      0.287          18.969                 1.64         30
      1          0               0     78.300    683.200      0.377          23.710                  1.7         40
      1          0               0    189.900   2155.500      1.190          26.314                 1.91         50
      1          0               0     98.200   1213.600      0.828          29.451                 2.06         60
      1          0               0     69.500    355.400      0.083           8.088                 1.25         10
      1          0               0    119.300    826.500      0.277          14.375                  1.4         20
      1          0               0     94.100    751.800      0.339          17.530                 1.72         30
      1          0               0     93.100    847.500      0.447          20.765                 1.93         40
      1          0               0     96.300   1295.100      0.644          25.723                 1.95         50
      1          0               0    134.800   1678.000      1.081          28.719                  2.1         60
      1          0               0    152.600    412.800      0.184           7.921                 1.28         10
      1          0               0    236.700   1007.500      0.533          15.106                 1.33         20
      1          0               0    139.000   1188.300      0.494          21.686                 1.39         30
      1          0               0    184.000   1655.600      0.838          25.784                 1.56         40
      1          0               0    166.100   1928.300      0.975          30.237                 1.66         50
      1          0               0    162.800   1590.600      1.280          31.294                 1.92         60
      1          0               0    157.000    431.400      0.187           9.424                 1.07         10
      1          0               0    181.300    684.200      0.418          13.021                 1.54         20
      1          0               0    152.700   1018.600      0.566          16.081                 1.89         30
      1          0               0    113.600   1090.900      0.642          18.021                 2.24         40
      1          0               0    133.500   1262.500      0.899          22.019                  2.3         50
      1          0               0     96.100   1175.000      0.874          23.472                 2.58         60
      1          0               0     92.100    225.600      0.107           9.162                 1.11         10
      1          0               0    140.900    592.700      0.303          18.129                 1.11         20
      1          0               0    173.200    843.700      0.575          24.093                 1.26         30
      1          0               0     58.400    731.000      0.262          28.159                 1.44         40
      1          0               0    155.000   2025.500      1.008          26.694                 1.88         50
      1          0               0     72.200    955.800      0.637          26.695                 2.25         60
      1          0               0    224.400    638.700      0.428           9.153                 1.12         10
      1          0               0    190.800    802.600      0.635          16.096                 1.26         20
      1          0               0    233.700   1501.400      0.789          21.632                 1.39         30
      1          0               0    178.000   2061.900      0.871          23.784                  1.7         40
      0          0               0   2000.000 100000.000     12.238          26.937                 1.86         50
      0          0               0   2000.000 120000.000     15.190          28.938                 2.07         60
      1          0               0    144.600    386.800      0.172           9.064                 1.11         10
      1          0               0     95.000    538.700      0.215          16.076                 1.25         20
      0          0               1     59.700   1791.000      0.201          20.508                 1.47         30
      0          0               1     57.800   2312.000      0.288          20.455                 1.97         40
      1          0               0    206.000   2052.700      1.303          25.215                  2.0         50
      1          0               0    205.700   2603.000      1.633          29.731                 2.03         60
      1          0               0     97.800    348.900      0.119           7.392                 1.37         10
      1          0               0    187.500   1004.600      0.415          14.458                 1.39         20
      1          0               0    162.500   1378.600      0.544          19.895                 1.52         30
      1          0               0    183.800   1735.900      0.845          25.866                 1.56         40
      1          0               0    161.600   1628.900      0.935          29.146                 1.73         50
      1          0               0    117.500   1178.300      0.909          29.229                 2.07         60
      1          0               0     94.200    355.400      0.108           9.315                 1.08         10
      1          0               0    190.100    417.100      0.406          17.336                 1.16         20
      1          0               0    201.400    626.300      0.650          23.963                 1.25         30
      1          0               0    164.200    869.300      0.789          24.900                 1.61         40
      1          0               0    130.700   1029.800      0.768          27.708                 1.81         50
      1          0               0    193.600   1833.400      1.499          28.837                 2.09         60
      1          0               0    124.200    380.500      0.142           9.159                 1.11         10
      1          0               0    183.100    712.800      0.395          17.280                 1.16         20
      1          0               0    208.500    996.100      0.789          22.414                 1.35         30
      1          0               0     64.500    539.600      0.303          24.450                 1.65         40
      1          0               0    123.000    739.400      0.808          27.250                 1.86         50
      1          0               0    120.800   1218.300      1.194          24.987                 2.43         60
      1          0               0    102.700    309.500      0.123           8.594                 1.17         10
      1          0               0     90.100    585.900      0.212          14.531                 1.38         20
      1          0               0     91.800    582.300      0.334          16.532                 1.83         30
      1          0               0     74.000    691.600      0.378          18.176                 2.22         40
      1          0               0     79.200    675.200      0.512          20.693                 2.44         50
      1          0               0     76.500   1016.800      0.754          20.110                 3.01         60
      1          0               0     97.900    337.400      0.125           8.341                 1.21         10
      1          0               0    135.700    657.000      0.325          13.637                 1.49         20
      1          0               0    185.000   1469.800      0.648          19.405                 1.55         30
      1          0               0    116.200   1350.000      0.567          23.696                  1.7         40
      0          0               0   2000.000 100000.000     12.721          27.931                 1.79         50
      1          0               0     79.700    938.300      0.618          31.448                 1.92         60
      1          0               0     84.000    440.400      0.105           5.367                 1.99         10
      1          0               0    138.400    915.600      0.328          12.894                  1.6         20
      1          0               0    132.700    901.400      0.490          19.068                  1.6         30
      1          0               0    102.000   1053.100      0.501          22.840                 1.76         40
      1          0               0    118.000   1586.700      0.805          24.961                 2.01         50
      1          0               0    157.900   2795.800      1.528          23.679                 2.54         60
      1          0               0     81.300    314.800      0.099           9.308                 1.08         10
      1          0               0     52.500    369.900      0.119          14.808                 1.36         20
      1          0               0     96.900    621.200      0.359          20.283                 1.49         30
      1          0               0     98.200    983.100      0.471          26.811                 1.51         40
      1          0               0    110.400   1295.900      0.707          28.627                 1.76         50
      1          0               0     98.100   1382.600      0.745          29.924                 2.02         60
      1          0               0    166.300    285.900      0.205           9.471                 1.06         10
      1          0               0     77.700    289.500      0.216          15.229                 1.32         20
      1          0               0    134.300    992.800      0.512          21.236                 1.42         30
      1          0               0    158.600   1266.500      1.174          26.864                  1.5         40
      1          0               0    160.600   1210.600      1.828          26.021                 1.93         50
      1          0               0    146.900   1549.700      2.364          25.332                 2.39         60
      1          0               0    162.900    347.900      0.191           8.565                 1.18         10
      1          0               0    135.200    375.400      0.299          16.424                 1.22         20
      1          0               0    161.300    888.400      0.544          20.228                  1.5         30
      1          0               0    129.700   1051.800      0.608          25.588                 1.58         40
      1          0               0    115.500    887.700      0.687          29.784                 1.69         50
      1          0               0    107.500   1289.000      0.920          27.913                 2.17         60
      1          0               0     59.800    147.000      0.067           9.510                 1.06         10
      1          0               0    105.300    366.000      0.227          17.523                 1.15         20
      1          0               0     82.600    966.300      0.287          21.029                 1.43         30
      1          0               0    113.000   1123.000      0.526          24.732                 1.63         40
      1          0               0     86.300    739.800      0.509          27.594                 1.83         50
      1          0               0     62.700    734.000      0.542          24.732                 2.45         60
      1          0               0     63.700    194.400      0.074           7.862                 1.29         10
      1          0               0     28.400    209.800      0.060          17.134                 1.17         20
      1          0               0    152.300    708.900      0.500          20.594                 1.47         30
      1          0               0     44.900    465.800      0.218          22.127                 1.82         40
      1          0               0    129.300   1089.900      0.814          25.464                 1.97         50
      1          0               0     68.700    743.600      0.573          24.555                 2.47         60
      1          0               0    160.800    508.300      0.185           9.527                 1.06         10
      1          0               0     92.300    473.700      0.207          13.585                 1.48         20
      1          0               0    149.300   1109.400      0.533          16.228                 1.85         30
      1          0               0     99.600    908.100      0.498          19.726                 2.05         40
      1          0               0     98.700   1036.100      0.757          20.525                 2.45         50
      1          0               0    107.200   1041.300      1.005          23.363                  2.6         60
      1          0               0    152.500    549.400      0.182           8.315                 1.22         10
      1          0               0    163.600    533.400      0.374          14.477                 1.38         20
      1          0               0     94.300    724.700      0.370          19.487                 1.55         30
      0          0               0   2000.000  80000.000      9.740          24.979                  1.6         40
      1          0               0    122.200   1408.200      0.826          23.799                 2.11         50
      1          0               0    300.800   3029.800      2.783          23.148                 2.61         60
      1          0               0     86.700    177.300      0.101           9.017                 1.11         10
      1          0               0    111.500    433.000      0.243          16.820                  1.2         20
      1          0               0    117.300    787.400      0.418          18.997                 1.59         30
      1          0               0    220.800   1360.500      1.097          21.415                 1.87         40
      1          0               0     91.700   1086.500      0.630          21.627                 2.33         50
      1          0               0     99.000   1735.300      0.862          23.149                 2.61         60
      1          0               0     74.800    350.000      0.089           9.082                 1.11         10
      1          0               0     71.600    529.500      0.176          11.374                 1.79         20
      0          0               1     61.800   1854.000      0.251          15.032                 2.03         30
      1          0               0     93.900    972.400      0.533          19.837                 2.03         40
      1          0               0     82.500   1065.400      0.688          22.715                 2.21         50
      1          0               0     77.500   1316.300      0.747          23.861                 2.53         60
      1          0               0     73.300    300.300      0.085           8.535                 1.18         10
      1          0               0     85.300    628.100      0.189          15.081                 1.35         20
      1          0               0     93.000    932.800      0.319          20.373                  1.5         30
      0          0               0   2000.000  80000.000      9.012          26.946                 1.49         40
      1          0               0    121.600   1498.100      0.737          28.966                 1.75         50
      1          0               0    188.300   2558.800      1.584          27.474                  2.2         60
      1          0               0     78.600    229.700      0.089           9.463                 1.06         10
      1          0               0    154.600    500.400      0.334          16.957                 1.19         20
      1          0               0     80.900    415.200      0.263          22.388                 1.35         30
      1          0               0    102.700    811.000      0.465          24.671                 1.63         40
      1          0               0     71.400   1187.300      0.442          25.936                 1.94         50
      1          0               0    147.200   1820.500      1.145          27.365                 2.21         60
      1          0               0     78.700    208.200      0.090           9.161                  1.1         10
      0          0               0   2000.000  40000.000      4.380          16.966                 1.18         20
      0          0               0   2000.000  60000.000      6.597          20.942                 1.43         30
      1          0               0    215.600   1166.800      0.962          25.395                 1.58         40
      1          0               0    158.400   1575.000      0.989          23.002                  2.2         50
      1          0               0    172.800   1898.300      1.412          24.384                 2.48         60
      1          0               0     88.000    264.800      0.102           8.805                 1.14         10
      1          0               0    147.200    967.300      0.331          16.105                 1.26         20
      1          0               0    162.200    918.800      0.552          21.359                 1.42         30
      0          0               0   2000.000  80000.000      9.011          26.859                 1.49         40
      1          0               0    132.900   1520.200      0.891          23.524                 2.15         50
      1          0               0    132.800   1991.100      1.205          24.819                 2.43         60
      1          0               0    104.200    352.500      0.122           8.619                 1.17         10
      1          0               0    102.200    753.600      0.224          15.474                  1.3         20
      1          0               0     86.100    736.000      0.290          21.332                 1.42         30
      1          0               0     83.600   1154.100      0.395          22.732                 1.77         40
      1          0               0    113.600   1304.700      0.715          26.258                 1.92         50
      1          0               0     68.800    969.300      0.574          26.179                 2.32         60
      1          0               0    126.100    444.700      0.150           8.413                 1.22         10
      1          0               0    154.500    835.700      0.355          14.647                 1.37         20
      1          0               0    134.900    968.300      0.491          19.583                 1.54         30
      1          0               0    185.400   1682.200      1.007          19.317                 2.08         40
      1          0               0    124.700   1449.700      0.882          21.879                 2.29         50
      1          0               0    278.500   2570.800      2.718          25.324                 2.37         60
      1          0               0    174.900    462.800      0.206           9.517                 1.06         10
      1          0               0     82.000    568.100      0.196          14.567                 1.39         20
      1          0               0     99.300    912.400      0.357          18.714                 1.62         30
      1          0               0     85.700   1135.800      0.478          17.795                 2.26         40
      1          0               0    135.100   1704.800      0.979          19.209                 2.61         50
      1          0               0    137.400   1413.300      1.388          21.627                  2.8         60
      1          0               0     82.300    310.800      0.098           8.863                 1.17         10
      1          0               0     63.300    424.100      0.143          15.850                 1.29         20
      1          0               0    171.200    899.600      0.570          22.283                 1.36         30
      1          0               0    187.500   1335.600      0.867          24.468                 1.64         40
      1          0               0    176.800   1498.800      1.056          28.490                 1.77         50
      1          0               0    134.600   1067.700      1.054          27.137                 2.22         60
      1          0               0     77.000    238.700      0.090           8.994                 1.14         10
      1          0               0    166.800   1082.800      0.365          17.126                 1.18         20
      1          0               0    185.300   1000.900      0.610          21.575                  1.4         30
      1          0               0    148.700   1512.400      0.693          25.613                 1.57         40
      1          0               0    128.700   1759.500      0.893          25.434                 1.98         50
      1          0               0    112.200   1928.800      0.995          27.588                 2.19         60
      1          0               0    144.800    675.700      0.172           8.900                 1.14         10
      1          0               0    195.100    574.200      0.425          16.203                 1.24         20
      1          0               0    122.800    598.800      0.420          19.727                 1.53         30
      1          0               0    173.500   1712.800      0.826          25.169                  1.6         40
      1          0               0    180.600   1853.900      1.131          27.452                 1.83         50
      1          0               0    408.000   2415.400      3.284          29.834                 2.01         60
      1          0               0     98.900    333.700      0.116           8.071                 1.25         10
      1          0               0    103.800    425.200      0.227          16.073                 1.25         20
      1          0               0     99.700    663.900      0.324          21.982                 1.37         30
      1          0               0     97.700    691.500      0.444          26.134                 1.53         40
      0          0               0   2000.000 100000.000     12.541          26.080                 1.92         50
      1          0               0    120.700   1107.300      1.007          26.268                  2.3         60
      1          0               0     58.900    217.200      0.068           8.749                 1.15         10
      1          0               0     60.700    316.600      0.135          15.646                  1.3         20
      1          0               0     78.500    386.700      0.261          21.795                  1.4         30
      1          0               0     81.700    718.600      0.406          20.190                 2.01         40
      0          0               0   2000.000 100000.000     12.250          25.856                 1.94         50
      1          0               0    189.500   1524.300      1.716          24.626                 2.46         60
      1          0               0    173.900    492.600      0.201           9.518                 1.06         10
      1          0               0    164.600   1195.400      0.370          15.231                 1.32         20
      1          0               0    176.200   1627.500      0.608          21.140                 1.44         30
      1          0               0    181.900   1676.700      0.864          24.890                 1.62         40
      1          0               0    155.800   1497.500      0.958          27.302                 1.84         50
      1          0               0    181.700   2408.500      1.394          27.516                 2.19         60
      1          0               0    189.000    577.900      0.222           8.944                 1.15         10
      1          0               0    182.600    748.300      0.414          15.317                 1.31         20
      0          0               1      1.100     33.000      0.005          17.727                 2.02         30
      1          0               0    186.300   1840.400      0.975          20.490                 1.97         40
      1          0               0    513.500   3315.000      3.467          24.627                 2.04         50
      1          0               0    161.100   2194.300      1.557          23.497                 2.57         60
      0          0               0   2000.000  20000.000      2.339           7.992                 1.25         10
      1          0               0     92.900    538.000      0.208          14.502                 1.39         20
      1          0               0     85.200    700.400      0.288          20.205                  1.5         30
      1          0               0    138.200    891.700      0.645          22.366                  1.8         40
      0          0               1     49.000   2450.000      0.316          20.880                 2.43         50
      1          0               0    109.000   1134.900      0.887          21.885                 2.76         60
      1          0               0    202.500    731.800      0.237           9.358                 1.08         10
      0          0               1     74.900   1498.000      0.168          15.821                 1.28         20
      1          0               0    111.100    677.000      0.364          24.801                 1.23         30
      1          0               0    389.600   2187.700      1.801          26.350                 1.52         40
      0          0               0   2000.000 100000.000     11.300          33.925                 1.47         50
      0          0               0   2000.000 120000.000     14.002          34.924                 1.72         60
      1          0               0    101.000    418.800      0.120           8.626                 1.17         10
      1          0               0     82.300    389.400      0.181          17.152                 1.17         20
      1          0               0    121.600    730.500      0.393          23.368                  1.3         30
      1          0               0    106.100    772.100      0.464          28.582                 1.43         40
      1          0               0    111.000    890.600      0.634          30.953                 1.64         50
      0          0               1     27.900   1674.000      0.222          27.323                 2.22         60
      1          0               0    108.200    190.600      0.126           8.681                 1.16         10
      1          0               0    165.300    445.200      0.363          16.613                 1.21         20
      1          0               0    140.700   1088.200      0.471          21.199                 1.42         30
      0          0               0   2000.000  80000.000      8.721          26.898                 1.49         40
      1          0               0    144.500   1356.300      0.862          25.632                 1.97         50
      1          0               0    153.300   1509.100      1.167          26.068                 2.31         60
      1          0               0    102.100    550.400      0.118           8.873                 1.13         10
      1          0               0    120.100    760.200      0.275          13.985                 1.44         20
      1          0               0     75.200    548.600      0.257          19.680                 1.53         30
      1          0               0    150.900   1496.000      0.706          25.101                  1.6         40
      1          0               0    161.800   1476.700      1.021          25.485                 1.97         50
      1          0               0    181.300   1767.100      1.430          29.843                 2.03         60
      1          0               0     88.600    493.300      0.108           6.929                 1.51         10
      1          0               0    141.300    633.000      0.314          15.534                 1.29         20
      1          0               0    102.600    858.100      0.351          19.311                 1.56         30
      1          0               0     91.200   1093.100      0.459          21.701                 1.85         40
      1          0               0     87.200   1008.900      0.690          23.292                 2.15         50
      1          0               0     73.100   1078.400      0.729          24.525                 2.46         60
      1          0               0    136.100    519.900      0.158           8.502                 1.18         10
      0          0               0   2000.000  40000.000      4.532          14.013                 1.43         20
      1          0               0    174.900   1483.200      0.627          18.462                 1.63         30
      0          0               0   2000.000  80000.000      9.793          23.084                 1.73         40
      1          0               0    149.800   1622.300      0.977          26.491                  1.9         50
      1          0               0    147.800   1526.800      1.236          26.378                 2.28         60
      1          0               0    156.800    430.500      0.183           9.204                  1.1         10
      1          0               0    212.600    570.100      0.471          17.525                 1.15         20
      1          0               0    101.200    559.000      0.344          21.287                 1.43         30
      1          0               0    205.800   1245.300      0.942          24.602                 1.63         40
      1          0               0    191.700   1031.000      1.133          29.477                  1.7         50
      0          0               1     22.900   1374.000      0.196          28.607                 2.12         60
      1          0               0    124.500    466.100      0.148           8.329                 1.23         10
      1          0               0    168.200    880.500      0.386          14.120                 1.42         20
      1          0               0    125.400   1008.800      0.437          19.431                 1.56         30
      1          0               0    195.300   1850.500      0.900          27.010                 1.49         40
      1          0               0    135.400   1443.800      0.863          27.030                 1.86         50
      1          0               0    121.600   1678.100      1.009          27.919                 2.19         60
      1          0               0    170.700    356.700      0.199           8.729                 1.15         10
      0          0               1     15.800    316.000      0.037          13.968                 1.46         20
      1          0               0     35.400    337.100      0.122          19.412                 1.56         30
      1          0               0    117.600   1038.200      0.557          22.342                  1.8         40
      1          0               0    175.500   1389.000      1.221          25.593                 1.98         50
      1          0               0     58.100    943.900      0.539          25.682                 2.36         60
      0          0               0   2000.000  20000.000      2.290           9.016                 1.11         10
      1          0               0    203.300    723.000      0.441          17.009                 1.18         20
      0          0               0   2000.000  60000.000      6.614          21.009                 1.43         30
      1          0               0     97.200    716.000      0.437          24.762                 1.62         40
      1          0               0    143.500   1393.700      0.848          27.843                  1.8         50
      1          0               0    107.800   1499.800      0.930          28.184                 2.14         60
      1          0               0    104.000    486.500      0.129           9.064                 1.11         10
      1          0               0     75.800    704.900      0.171          13.996                 1.44         20
      0          0               1     44.500   1335.000      0.155          18.425                 1.65         30
      1          0               0    142.000   1703.900      0.731          18.484                 2.18         40
      1          0               0    101.800   1208.400      0.671          20.982                 2.39         50
      1          0               0    838.900   3248.700      6.547          25.733                 2.34         60
      1          0               0    128.900    427.600      0.160           7.925                  1.3         10
      1          0               0    144.500    856.000      0.323          15.176                 1.33         20
      1          0               0    148.200    839.500      0.510          20.549                 1.47         30
      0          0               0   2000.000  80000.000      9.161          25.023                  1.6         40
      0          0               0   2000.000 100000.000     12.315          27.926                 1.79         50
      0          0               0   2000.000 120000.000     18.216          27.013                 2.22         60
      1          0               0     92.500    304.000      0.108           8.556                 1.18         10
      1          0               0    102.000    641.700      0.251          12.802                 1.59         20
      1          0               0    103.600    849.100      0.402          16.864                 1.82         30
      1          0               0     79.600   1014.400      0.494          18.647                 2.17         40
      1          0               0    135.500   1713.100      1.199          21.091                  2.4         50
      1          0               0    160.500   1857.000      1.835          22.177                 2.73         60
      1          0               0     97.300    373.500      0.115           8.924                 1.14         10
      1          0               0    123.500    824.500      0.277          14.534                 1.39         20
      1          0               0    105.500    808.500      0.347          21.814                 1.39         30
      1          0               0    102.700    632.300      0.481          21.472                 1.88         40
      1          0               0     83.400    626.600      0.516          22.550                 2.23         50
      1          0               0     61.700    812.100      0.543          22.076                 2.75         60
      1          0               0    175.000    382.200      0.202           9.689                 1.04         10
      1          0               0    213.600   1116.700      0.472          16.626                 1.21         20
      1          0               0    203.300   1524.000      0.677          21.401                 1.41         30
      0          0               1     16.000    640.000      0.076          23.712                 1.72         40
      1          0               0    173.400   1759.600      1.037          26.847                 1.88         50
      1          0               0    182.400   1757.600      1.390          31.093                 1.94         60
      1          0               0    164.200    458.700      0.192           9.159                  1.1         10
      1          0               0    156.200    642.600      0.347          16.392                 1.23         20
      1          0               0    108.400    754.800      0.393          18.149                 1.67         30
      1          0               0     98.100   1021.700      0.486          20.134                 1.99         40
      1          0               0     98.900   1105.200      0.704          21.074                 2.38         50
      1          0               0     70.800   1349.100      0.753          23.689                 2.54         60
      1          0               0     87.600    266.700      0.102           8.047                 1.26         10
      1          0               0     50.700    318.600      0.114          16.239                 1.24         20
      1          0               0     79.700    567.900      0.274          18.915                 1.59         30
      1          0               0     63.500    685.700      0.310          18.633                 2.17         40
      1          0               0    133.800   1548.400      0.909          21.704                 2.32         50
      1          0               0    157.900   1784.100      1.380          22.719                 2.67         60
      1          0               0     81.100    322.600      0.095           8.453                 1.19         10
      1          0               0    191.300   1410.400      0.427          15.940                 1.26         20
      1          0               0    141.000   1246.600      0.491          18.966                  1.6         30
      1          0               0     86.100    675.800      0.401          22.801                 1.79         40
      1          0               0     86.200    873.300      0.522          23.559                 2.15         50
      1          0               0    571.300   3763.600      4.488          26.583                 2.26         60
      1          0               0     90.500    353.600      0.112           8.693                 1.18         10
      1          0               0     59.100    315.400      0.134          15.694                 1.28         20
      1          0               0     68.000    664.600      0.231          19.319                 1.57         30
      1          0               0     66.800    768.800      0.322          22.695                 1.81         40
      1          0               0    769.800   3154.400      4.462          27.789                  1.8         50
      1          0               0    755.400   3667.300      5.626          29.855                 2.01         60
      1          0               0    134.900    361.600      0.155           9.464                 1.07         10
      0          0               0   2000.000  40000.000      4.466          16.921                 1.18         20
      0          0               0   2000.000  60000.000      6.657          23.902                 1.26         30
      0          0               0   2000.000  80000.000      8.901          28.785                 1.39         40
      0          0               1     54.900   2745.000      0.420          24.832                 2.09         50
      0          0               1     33.000   1980.000      0.351          22.409                 2.74         60
      1          0               0    125.500    512.500      0.148           7.588                 1.34         10
      1          0               0    128.000    537.000      0.285          15.152                 1.33         20
      1          0               0    154.200   1181.500      0.533          18.918                 1.62         30
      0          0               1     64.200   2568.000      0.339          18.425                 2.19         40
      0          0               1    136.000   6800.000      0.933          22.623                 2.22         50
      0          0               1     57.000   3420.000      0.519          24.002                 2.52         60
      1          0               0    144.500    219.300      0.167           9.500                 1.06         10
      1          0               0    134.900    420.000      0.298          15.368                 1.31         20
      1          0               0    124.900    666.200      0.436          18.962                 1.59         30
      1          0               0    129.100   1154.400      0.609          22.381                  1.8         40
      1          0               0    149.100   1548.700      0.986          24.325                 2.07         50
      1          0               0    142.400   1615.000      1.241          25.981                 2.32         60
      1          0               0    144.200    528.400      0.169           9.193                  1.1         10
      1          0               0    146.200    628.600      0.325          15.604                  1.3         20
      1          0               0    176.900   1129.100      0.613          19.805                 1.52         30
      1          0               0    186.600   1680.400      0.884          25.210                 1.59         40
      1          0               0    179.500   1323.300      1.112          25.822                 1.94         50
      1          0               0    111.200   1004.500      0.846          29.994                 2.01         60
      1          0               0    146.100    486.900      0.167           9.370                 1.08         10
      1          0               0    106.400    343.200      0.230          14.597                 1.37         20
      1          0               0    179.800   1017.600      0.589          21.315                 1.42         30
      1          0               0    178.900   1152.700      0.824          24.656                 1.63         40
      1          0               0    152.800   1049.300      0.934          26.136                 1.92         50
      1          0               0    157.800   1484.100      1.199          30.773                 1.96         60
      1          0               0     83.800    223.400      0.097           8.216                 1.23         10
      1          0               0    147.700    613.900      0.336          14.850                 1.36         20
      0          0               0   2000.000  60000.000      6.775          17.952                 1.67         30
      0          0               0   2000.000  80000.000      9.536          22.920                 1.75         40
      1          0               0    189.200   1737.900      1.235          27.079                 1.86         50
      1          0               0    179.800   2467.400      1.504          25.464                 2.37         60
      1          0               0    133.400    470.900      0.157           9.178                  1.1         10
      1          0               0    177.000   1177.000      0.396          15.300                 1.32         20
      1          0               0    168.100   1295.100      0.565          21.525                  1.4         30
      1          0               0    214.500   1479.100      1.031          24.453                 1.64         40
      1          0               0    158.100   2156.100      1.015          25.097                  2.0         50
      1          0               0    178.500   2273.300      1.513          26.380                 2.28         60
      1          0               0    178.200    765.300      0.212           8.112                 1.25         10
      1          0               0    160.600    766.400      0.355          15.707                 1.28         20
      1          0               0    166.900   1425.500      0.583          19.585                 1.54         30
      1          0               0    181.600   1386.300      0.871          22.759                 1.77         40
      1          0               0    129.900   1024.400      0.853          25.396                 1.98         50
      0          0               0   2000.000 120000.000     16.993          26.967                 2.23         60
      1          0               0    139.000    381.100      0.161           9.276                 1.09         10
      1          0               0    183.700   1065.800      0.416          14.448                 1.41         20
      0          0               1     22.400    672.000      0.076          18.531                 1.64         30
      1          0               0    206.600   2014.300      0.962          22.546                 1.78         40
      1          0               0    176.500   1254.700      1.068          25.189                 1.99         50
      1          0               0    198.300   1611.600      1.515          29.463                 2.04         60
      1          0               0     98.100    221.100      0.113           8.826                 1.14         10
      1          0               0    126.200    493.000      0.285          13.076                 1.54         20
      1          0               0     97.800    701.500      0.338          18.423                 1.64         30
      1          0               0    192.700   1458.900      0.891          23.824                 1.69         40
      0          0               1     77.300   3865.000      0.479          24.794                 2.04         50
      1          0               0    117.900   1420.800      0.944          24.132                  2.5         60
      1          0               0    157.000    374.300      0.179           9.447                 1.07         10
      1          0               0    164.000    492.000      0.362          15.609                 1.28         20
      1          0               0    161.800   1342.500      0.553          20.190                  1.5         30
      1          0               0    178.500   1574.500      0.874          24.612                 1.66         40
      1          0               0    126.400   1763.500      0.842          24.589                 2.06         50
      1          0               0    132.500   1976.800      1.262          26.065                 2.32         60
      1          0               0     57.500    280.500      0.066           8.685                 1.17         10
      1          0               0    147.000    969.300      0.331          14.941                 1.35         20
      1          0               0    172.600   1503.500      0.610          17.545                 1.72         30
      1          0               0    115.000   1514.900      0.571          19.650                 2.05         40
      1          0               0    146.700   1639.900      0.949          24.348                 2.07         50
      1          0               0    118.700   1697.500      0.994          27.420                 2.21         60
      1          0               0    164.500    342.400      0.196           9.624                 1.05         10
      1          0               0    125.400    571.300      0.280          16.288                 1.24         20
      1          0               0    130.300    780.900      0.430          21.010                 1.44         30
      0          0               1     20.900    836.000      0.102          21.306                 1.91         40
      0          0               1     22.800   1140.000      0.148          21.162                 2.41         50
      0          0               1     18.600   1116.000      0.167          20.645                  3.0         60
      1          0               0    155.000    423.600      0.184           9.193                 1.11         10
      1          0               0     76.600    311.300      0.178          13.670                 1.47         20
      1          0               0    136.000   1008.400      0.488          17.385                 1.75         30
      1          0               0    109.300    945.000      0.534          19.441                 2.08         40
      1          0               0    131.600   1332.900      0.868          21.097                  2.4         50
      1          0               0     93.300   1665.300      1.156          20.489                 2.96         60
      1          0               0    157.400    585.300      0.184           9.061                 1.11         10
      1          0               0    109.200    522.400      0.241          15.932                 1.26         20
      1          0               0    120.500    685.000      0.406          20.140                  1.5         30
      1          0               0    136.900    760.500      0.662          22.776                 1.76         40
      1          0               0    118.200   1164.200      0.724          27.300                 1.84         50
      1          0               0    117.500   1144.500      0.909          28.292                 2.13         60
      1          0               0    159.100    335.500      0.186           9.582                 1.05         10
      1          0               0     86.300    326.300      0.189          17.108                 1.18         20
      1          0               0     95.500    492.400      0.315          22.311                 1.36         30
      1          0               0    162.100    650.500      0.723          27.129                  1.5         40
      1          0               0    115.300    726.900      0.665          29.552                 1.72         50
      1          0               0    180.800    852.400      1.291          32.348                 1.87         60
      1          0               0    150.900    330.800      0.173           9.634                 1.04         10
      1          0               0    162.900    668.300      0.362          14.357                  1.4         20
      1          0               0    167.800    982.500      0.553          20.637                 1.46         30
      1          0               0     90.500    477.300      0.419          22.125                 1.81         40
      1          0               0    177.900   1724.600      1.096          25.699                 1.95         50
      1          0               0    102.500   1297.300      0.816          25.812                 2.34         60
      1          0               0    164.700    520.100      0.193           8.851                 1.14         10
      1          0               0     90.000    640.800      0.213          13.904                 1.45         20
      1          0               0    110.600    832.500      0.382          20.623                 1.47         30
      1          0               0    117.400   1188.200      0.542          23.189                 1.73         40
      1          0               0    127.300   1417.900      0.845          23.082                 2.17         50
      1          0               0    152.100   1967.600      1.352          24.366                 2.47         60
      1          0               0    120.300    264.000      0.138           9.602                 1.05         10
      1          0               0    153.400    559.100      0.337          16.963                 1.19         20
      1          0               0    166.300   1122.100      0.561          21.347                 1.42         30
      1          0               0    200.900   1703.700      0.951          22.822                 1.76         40
      1          0               0    138.000   1321.100      0.894          22.875                  2.2         50
      1          0               0    120.500   1575.400      0.983          25.584                 2.36         60
      1          0               0    143.600    568.200      0.170           8.478                 1.21         10
      1          0               0    153.000    876.200      0.343          15.969                 1.26         20
      1          0               0    158.700   1141.900      0.542          20.197                 1.49         30
      1          0               0    107.000    720.300      0.496          24.619                 1.63         40
      1          0               0    177.900   1234.700      1.086          24.808                 2.02         50
      1          0               0    118.300   1452.000      1.000          26.993                 2.25         60
      1          0               0     93.900    277.300      0.111           8.554                 1.18         10
      1          0               0     83.500    325.800      0.183          15.866                 1.27         20
      1          0               0    687.600   1788.800      2.358          16.837                 1.79         30
      1          0               0    169.300   1017.600      0.840          18.665                 2.17         40
      1          0               0    151.900   1306.600      0.997          22.242                 2.28         50
      1          0               0     80.000    958.800      0.660          22.139                 2.75         60
      0          0               0   2000.000  20000.000      2.341           8.012                 1.25         10
      1          0               0    117.900    323.800      0.260          15.106                 1.33         20
      1          0               0    141.400    699.300      0.471          20.557                 1.46         30
      1          0               0    190.700   1155.600      0.883          24.234                 1.66         40
      1          0               0    191.000   1739.100      1.213          24.083                 2.09         50
      1          0               0    120.500   1086.300      0.958          25.229                 2.39         60
      1          0               0     76.700    296.700      0.097           7.688                 1.31         10
      1          0               0     76.100    446.400      0.174          15.371                 1.31         20
      1          0               0    176.900   1261.400      0.625          20.040                 1.51         30
      1          0               0    131.300   1378.100      0.681          20.928                 1.93         40
      1          0               0    111.200   1531.700      0.884          21.001                 2.39         50
      0          0               0   2000.000 120000.000     21.719          24.968                  2.4         60
      1          0               0    153.500    534.000      0.195           9.098                 1.11         10
      1          0               0     60.700    389.600      0.143          15.562                  1.3         20
      0          0               0   2000.000  60000.000      6.705          21.870                 1.37         30
      0          0               0   2000.000  80000.000      9.138          25.807                 1.55         40
      1          0               0    147.600   1944.600      0.922          27.963                  1.8         50
      1          0               0    197.600   3440.400      1.727          26.982                 2.23         60
      1          0               0     89.500    336.900      0.103           8.937                 1.13         10
      0          0               0   2000.000  40000.000      4.431          16.938                 1.18         20
      1          0               0     81.700    630.600      0.277          19.980                 1.51         30
      1          0               0     91.900    886.000      0.434          21.570                 1.86         40
      0          0               0   2000.000 100000.000     11.941          27.001                 1.85         50
      0          0               0   2000.000 120000.000     16.096          27.942                 2.15         60
      1          0               0    134.900    393.300      0.155           8.768                 1.15         10
      1          0               0     80.200    400.300      0.172          17.313                 1.16         20
      1          0               0    162.400   1046.200      0.529          21.807                 1.38         30
      1          0               0    196.200   1216.700      0.918          22.131                 1.82         40
      1          0               0    110.200   1002.400      0.670          26.701                 1.88         50
      1          0               0    155.500   1653.400      1.181          30.111                 2.01         60
      1          0               0    167.900    517.900      0.201           9.591                 1.05         10
      1          0               0    163.900    779.100      0.384          17.406                 1.17         20
      1          0               0    103.800    924.000      0.371          22.204                 1.39         30
      1          0               0     97.000   1056.900      0.486          23.023                 1.77         40
      1          0               0    112.800   1228.600      0.734          28.879                 1.76         50
      1          0               0     90.700   1307.800      0.743          30.464                 2.01         60
      1          0               0    121.500    313.200      0.144           7.588                 1.34         10
      1          0               0     33.100    217.600      0.074          15.218                 1.32         20
      1          0               0    224.300    841.000      0.766          22.432                 1.35         30
      1          0               0    176.900   1240.700      0.837          24.790                 1.62         40
      1          0               0    182.600   1928.700      1.256          25.993                 1.93         50
      1          0               0    166.800   2143.200      1.531          26.042                 2.31         60
      1          0               0     54.000    173.800      0.063           8.669                 1.16         10
      1          0               0    131.000    628.100      0.294          15.704                 1.29         20
      1          0               0    117.800   1018.000      0.422          16.665                 1.82         30
      1          0               0    149.900   1011.800      0.685          21.853                 1.84         40
      1          0               0     89.800    830.100      0.533          26.830                 1.87         50
      0          0               0   2000.000 120000.000     15.182          28.978                 2.07         60
      1          0               0    157.200    495.600      0.191           9.085                 1.12         10
      1          0               0     88.400    363.500      0.208          15.729                 1.28         20
      0          0               0   2000.000  60000.000      6.952          23.908                 1.26         30
      1          0               0    106.200    655.900      0.534          25.095                  1.6         40
      1          0               0     97.800   1212.500      0.650          25.349                 1.98         50
      0          0               0   2000.000 120000.000     19.176          28.779                 2.09         60
      1          0               0     84.500    348.600      0.098           9.159                  1.1         10
      1          0               0    158.600   1019.500      0.361          16.127                 1.27         20
      1          0               0    165.600   1687.500      0.587          19.466                 1.55         30
      0          0               0   2000.000  80000.000      9.523          22.943                 1.74         40
      1          0               0    173.000   1845.800      1.129          24.699                 2.03         50
      1          0               0    348.700   5018.700      2.877          24.979                 2.41         60
      1          0               0    128.600    339.700      0.156           9.422                 1.07         10
      1          0               0    172.200    620.200      0.395          18.124                 1.11         20
      1          0               0    138.100    675.400      0.523          20.773                 1.46         30
      1          0               0     88.200    707.900      0.480          22.252                 1.81         40
      1          0               0    116.200   1022.700      0.816          23.546                 2.14         50
      1          0               0     93.600    961.900      0.865          24.124                 2.52         60
      1          0               0     77.500    235.300      0.092           8.688                 1.16         10
      1          0               0    108.300    851.900      0.269          14.416                 1.43         20
      1          0               0     99.500   1223.400      0.403          18.716                 1.63         30
      1          0               0    118.900   1812.200      0.700          19.024                 2.12         40
      1          0               0    115.200   1721.700      0.903          21.466                 2.35         50
      1          0               0    793.700   2988.400      8.175          25.890                 2.32         60
      0          0               1     54.400    544.000      0.067           8.504                 1.21         10
      1          0               0     82.200    615.400      0.202          14.176                 1.42         20
      1          0               0     99.900    860.700      0.360          18.726                 1.61         30
      0          0               1     71.200   2848.000      0.385          22.156                 1.82         40
      0          0               1     62.200   3110.000      0.441          24.461                 2.06         50
      1          0               0    132.400   1655.600      1.350          26.262                  2.3         60
      0          0               0   2000.000  20000.000      2.549           8.004                 1.25         10
      0          0               0   2000.000  40000.000      5.095          14.012                 1.43         20
      0          0               0   2000.000  60000.000      7.101          20.951                 1.43         30
      1          0               0    226.000   2625.400      1.151          20.943                 1.92         40
      1          0               0    145.100   1477.300      1.041          24.685                 2.03         50
      0          0               0   2000.000 120000.000     17.754          27.910                 2.15         60
      1          0               0    197.100    471.100      0.240           8.601                 1.17         10
      1          0               0     72.600    418.300      0.169          13.213                 1.53         20
      1          0               0    110.300    652.900      0.382          19.238                 1.57         30
      1          0               0    168.200    937.500      0.838          19.490                 2.06         40
      1          0               0    106.500   1224.600      0.794          21.331                 2.36         50
      1          0               0     77.500    948.200      0.780          22.243                 2.72         60
      1          0               0     60.900    186.500      0.071           8.565                 1.17         10
      1          0               0    126.000    556.500      0.292          12.742                 1.59         20
      1          0               0    127.400    909.100      0.428          19.428                 1.55         30
      0          0               0   2000.000  80000.000      9.307          23.009                 1.74         40
      1          0               0    108.600   1263.300      0.750          23.347                 2.16         50
      0          0               1     54.500   3270.000      0.484          25.018                 2.43         60
      1          0               0    119.600    424.900      0.146           8.539                 1.18         10
      1          0               0    141.800   1012.400      0.331          14.760                 1.36         20
      1          0               0     99.000   1019.800      0.347          19.025                 1.58         30
      1          0               0    144.800   1708.500      0.733          20.707                 1.95         40
      1          0               0    121.100   1177.100      0.755          27.453                 1.85         50
      1          0               0    107.700   1538.800      0.850          32.579                 1.87         60
      1          0               0    130.100    227.200      0.152           8.634                 1.17         10
      1          0               0    259.300   1114.700      0.585          14.761                 1.36         20
      1          0               0    259.300   1410.600      0.856          22.014                 1.37         30
      1          0               0    409.500   2853.200      1.930          22.219                  1.8         40
      1          0               0    390.000   2977.500      2.466          25.047                  2.0         50
      1          0               0    416.600   5037.800      3.388          28.215                 2.13         60
      1          0               0    147.900    371.500      0.176           8.479                 1.22         10
      1          0               0    114.600    555.400      0.267          13.427                 1.52         20
      1          0               0     72.500    443.000      0.257          19.308                 1.58         30
      1          0               0    121.900    711.900      0.563          24.086                 1.69         40
      1          0               0     87.800   1077.400      0.565          25.081                 2.03         50
      1          0               0    135.400   1481.500      1.166          26.509                 2.28         60
      1          0               0     47.100    212.000      0.054           7.331                  1.4         10
      1          0               0     47.200    236.600      0.107          14.269                 1.41         20
      1          0               0    141.500    827.800      0.483          19.195                 1.57         30
      1          0               0    111.900   1177.000      0.545          21.897                 1.83         40
      1          0               0    201.700   1684.200      1.333          23.589                 2.13         50
      0          0               0   2000.000 120000.000     17.510          26.441                 2.27         60
      1          0               0     79.200    395.100      0.099           7.720                 1.31         10
      1          0               0     91.200    493.900      0.209          16.026                 1.25         20
      1          0               0    128.200    787.500      0.461          21.091                 1.43         30
      0          0               1     74.400   2976.000      0.389          23.551                 1.71         40
      1          0               0    134.400   1568.200      0.974          28.043                 1.79         50
      1          0               0    140.500   1552.500      1.234          27.913                 2.15         60
      1          0               0    145.100    570.300      0.176           7.112                 1.44         10
      1          0               0    104.200    645.600      0.240          15.375                 1.31         20
      1          0               0    109.000    840.800      0.411          17.689                  1.7         30
      1          0               0    141.700    907.300      0.715          22.579                 1.79         40
      1          0               0    111.900   1436.700      0.786          21.382                 2.35         50
      1          0               0    193.900   1962.500      1.708          24.985                 2.41         60
      1          0               0    102.100    416.100      0.116           8.741                 1.15         10
      1          0               0    105.100    760.100      0.240          14.343                  1.4         20
      1          0               0    124.000    820.300      0.437          19.326                 1.57         30
      1          0               0    140.000    962.200      0.661          24.985                 1.61         40
      1          0               0    115.700   1150.300      0.726          28.000                  1.8         50
      1          0               0    106.300   1604.600      0.920          27.242                 2.24         60
      1          0               0     46.000    196.300      0.053           7.887                 1.28         10
      1          0               0    101.200    463.200      0.228          15.502                  1.3         20
      1          0               0    137.700   1096.100      0.467          19.929                 1.52         30
      1          0               0    129.600   1520.400      0.672          20.844                 1.94         40
      1          0               0    130.900   1874.500      0.930          25.092                 2.01         50
      1          0               0     94.100   1600.300      0.882          25.153                 2.41         60
      1          0               0    142.800    234.400      0.188           9.747                 1.03         10
      1          0               0    109.400    511.800      0.240          17.088                 1.17         20
      1          0               0    121.700    777.700      0.418          19.625                 1.54         30
      1          0               0     96.500    895.100      0.468          21.878                 1.85         40
      1          0               0    151.000   1331.900      0.975          23.918                  2.1         50
      1          0               0    137.000   1262.600      1.091          26.628                 2.27         60
      1          0               0     92.100    436.700      0.109           8.549                 1.18         10
      1          0               0    107.800    588.200      0.240          15.491                  1.3         20
      1          0               0    124.800    679.000      0.420          20.715                 1.46         30
      1          0               0    125.800    748.900      0.628          21.328                 1.88         40
      0          0               1     76.000   3800.000      0.524          23.286                 2.17         50
      1          0               0    133.600   1734.800      1.261          23.862                 2.53         60
      1          0               0     52.000    257.200      0.070           7.787                 1.31         10
      1          0               0    129.500    594.600      0.344          13.923                 1.44         20
      1          0               0     96.400    695.700      0.364          19.271                 1.56         30
      1          0               0     96.500    978.300      0.533          21.326                 1.88         40
      1          0               0     74.800    820.000      0.504          26.277                 1.91         50
      1          0               0    105.500   1465.800      0.968          25.765                 2.35         60
      1          0               0    127.900    510.400      0.166           7.428                 1.37         10
      1          0               0     63.600    440.900      0.149          13.149                 1.53         20
      1          0               0    110.200    839.900      0.435          18.062                 1.68         30
      1          0               0    127.200   1349.200      0.653          22.269                 1.82         40
      1          0               0    112.100   1295.600      0.762          25.406                 1.98         50
      1          0               0    130.300   1525.600      1.164          25.577                 2.35         60
      1          0               0     84.700    345.400      0.102           8.306                 1.21         10
      1          0               0    140.300    637.200      0.320          15.793                 1.27         20
      1          0               0    161.300    873.600      0.563          20.781                 1.45         30
      1          0               0    130.000   1158.800      0.642          22.282                 1.81         40
      0          0               0   2000.000 100000.000     12.581          25.026                  2.0         50
      0          0               0   2000.000 120000.000     16.053          28.983                 2.07         60
      1          0               0    135.500    463.900      0.158           9.246                 1.09         10
      1          0               0    139.300    766.900      0.312          15.089                 1.34         20
      1          0               0     96.300    823.600      0.345          20.470                 1.49         30
      1          0               0    124.000    972.400      0.610          22.220                 1.81         40
      1          0               0    134.000   1121.300      0.838          25.175                  2.0         50
      1          0               0    125.700   1394.200      1.031          27.107                 2.22         60
      1          0               0     71.300    314.100      0.085           8.046                 1.26         10
      1          0               0    119.400    577.400      0.271          15.166                 1.33         20
      1          0               0    259.600   1330.300      0.920          21.265                 1.42         30
      0          0               0   2000.000  80000.000      9.806          26.880                 1.49         40
      1          0               0     91.800    951.200      0.597          29.542                  1.7         50
      0          0               1     56.400   3384.000      0.524          25.839                 2.34         60
      1          0               0    170.100    332.000      0.202           8.734                 1.15         10
      1          0               0     69.600    270.700      0.159          13.539                 1.49         20
      1          0               0    149.900    443.100      0.528          17.960                 1.68         30
      1          0               0    211.200   1353.700      1.064          20.839                 1.93         40
      1          0               0     63.900    796.000      0.431          23.728                 2.13         50
      1          0               0     85.500    839.100      0.790          23.889                 2.55         60
      1          0               0    127.500    322.800      0.154           7.602                 1.33         10
      1          0               0    126.000    468.900      0.296          15.100                 1.33         20
      1          0               0    169.000    857.100      0.603          19.908                 1.51         30
      1          0               0     43.900    504.400      0.216          21.654                 1.87         40
      1          0               0     93.600    591.400      0.598          24.455                 2.06         50
      1          0               0     96.800    692.300      0.769          27.616                 2.18         60
      1          0               0    144.200    374.600      0.178           8.900                 1.13         10
      1          0               0    180.700    589.100      0.417          15.146                 1.33         20
      0          0               0   2000.000  60000.000      6.768          22.954                 1.31         30
      1          0               0    161.800    820.600      0.718          28.825                 1.39         40
      1          0               0    160.400   1328.400      0.971          29.989                 1.68         50
      1          0               0     79.400   1038.900      0.627          31.147                 1.95         60
      1          0               0     94.900    361.900      0.115           9.185                  1.1         10
      1          0               0    116.700    488.900      0.259          15.563                 1.29         20
      1          0               0    148.900    705.800      0.486          23.186                  1.3         30
      1          0               0     82.900    861.400      0.402          23.411                 1.72         40
      1          0               0    115.500   1179.600      0.741          25.790                 1.95         50
      1          0               0    121.300   1345.400      1.038          26.910                 2.24         60
      1          0               0    140.700    634.300      0.177           7.476                 1.35         10
      1          0               0    123.800    471.400      0.281          15.973                 1.26         20
      1          0               0     75.700    666.100      0.270          20.522                 1.47         30
      1          0               0    167.600   1329.400      0.853          22.739                 1.77         40
      1          0               0    112.100   1493.400      0.754          25.586                 1.97         50
      1          0               0    185.400   2214.900      1.464          30.481                 1.98         60
      1          0               0    163.500    572.400      0.196           8.181                 1.23         10
      1          0               0    163.100    823.000      0.367          15.703                 1.28         20
      1          0               0    122.300    888.300      0.459          19.909                 1.52         30
      1          0               0    180.900   1204.000      0.873          27.116                  1.5         40
      1          0               0    145.300   1148.200      0.921          28.811                 1.75         50
      1          0               0    169.300   1485.800      1.522          29.985                 2.02         60
      1          0               0    106.500    370.300      0.125           8.156                 1.24         10
      1          0               0    105.400    539.200      0.237          15.454                  1.3         20
      1          0               0    143.200    719.800      0.478          22.122                 1.37         30
      0          0               0   2000.000  80000.000      9.189          23.965                 1.67         40
      1          0               0     74.900    772.500      0.460          25.740                 1.98         50
      1          0               0     99.100   1247.000      0.759          27.259                 2.22         60
      0          0               1     18.600    186.000      0.023           6.392                 1.65         10
      0          0               1     18.000    360.000      0.044          12.378                 1.65         20
      1          0               0    102.000    533.100      0.360          19.579                 1.54         30
      1          0               0    133.900   1167.100      0.640          23.676                  1.7         40
      1          0               0    179.100   1191.500      1.151          27.166                 1.85         50
      1          0               0    182.600   1790.300      1.576          27.343                  2.2         60
      1          0               0     94.300    314.700      0.112           8.578                 1.17         10
      1          0               0    116.900    682.400      0.261          16.831                  1.2         20
      1          0               0     83.100    597.700      0.281          20.625                 1.48         30
      1          0               0     77.400    591.500      0.364          25.859                 1.57         40
      1          0               0    144.000   1395.500      0.869          28.158                 1.78         50
      1          0               0     88.800    831.600      0.765          24.458                 2.46         60
      1          0               0    170.600    629.500      0.207           7.519                 1.35         10
      1          0               0    104.200    446.900      0.237          14.232                 1.41         20
      1          0               0    170.800   1277.600      0.598          20.930                 1.45         30
      0          0               0   2000.000  80000.000      9.279          23.935                 1.67         40
      0          0               1     27.600   1380.000      0.198          20.120                 2.53         50
      0          0               1     18.400   1104.000      0.197          21.027                 2.94         60
      1          0               0     94.200    212.900      0.111           8.293                 1.22         10
      1          0               0    162.200    670.900      0.378          14.522                 1.39         20
      1          0               0    154.300   1048.800      0.551          20.516                 1.49         30
      1          0               0    167.800    963.500      0.751          27.020                 1.49         40
      1          0               0    161.200   1418.200      0.979          27.185                 1.86         50
      1          0               0    118.200   1225.400      0.938          27.841                 2.18         60
      1          0               0     87.300    339.700      0.102           9.355                 1.08         10
      1          0               0     73.200    315.600      0.160          16.861                 1.19         20
      1          0               0    154.400    730.600      0.504          23.600                 1.28         30
      0          0               1     78.700   3148.000      0.377          25.507                 1.58         40
      0          0               1     69.700   3485.000      0.433          25.964                 1.95         50
      1          0               0    154.700   1901.600      1.171          30.046                 2.01         60
      1          0               0    130.200    372.800      0.150           9.276                 1.09         10
      1          0               0     69.600    539.900      0.164          13.767                 1.47         20
      1          0               0    158.400   1287.900      0.573          16.566                 1.84         30
      1          0               0     76.300    613.100      0.358          22.423                 1.79         40
      1          0               0    119.600   1116.200      0.755          24.274                 2.07         50
      1          0               0    117.400    962.700      0.933          25.839                 2.34         60
      1          0               0    180.400    512.000      0.210           9.399                 1.07         10
      1          0               0    134.500    705.400      0.307          15.245                 1.32         20
      1          0               0     99.200    737.000      0.345          20.259                 1.51         30
      1          0               0    156.400   1551.900      0.764          23.725                  1.7         40
      1          0               0    160.000   1370.900      0.993          24.942                 2.02         50
      1          0               0    120.500   1367.900      0.996          24.731                 2.46         60
      1          0               0    157.400    403.400      0.184           8.545                 1.18         10
      1          0               0    137.900   1035.100      0.317          13.698                 1.47         20
      0          0               0   2000.000  60000.000      6.788          19.950                  1.5         30
      1          0               0    147.300    917.100      0.691          25.707                 1.57         40
      1          0               0    176.800   1917.600      1.157          26.894                 1.87         50
      0          0               0   2000.000 120000.000     15.975          27.958                 2.15         60
      1          0               0     61.700    145.600      0.074           8.731                 1.15         10
      1          0               0    108.900    606.600      0.254          15.466                  1.3         20
      1          0               0    129.500    928.600      0.476          19.212                 1.57         30
      1          0               0    109.300   1037.500      0.534          22.533                 1.79         40
      1          0               0     91.100   1097.500      0.572          27.049                 1.86         50
      1          0               0    131.400   2234.700      1.205          25.443                 2.38         60
      1          0               0    139.400    501.400      0.167           7.584                 1.33         10
      1          0               0     85.700    612.100      0.198          13.676                 1.48         20
      1          0               0    161.700   1347.700      0.581          18.475                 1.65         30
      1          0               0    179.800   1662.700      0.937          21.328                  1.9         40
      1          0               0    153.900   1664.700      0.990          26.343                 1.91         50
      1          0               0    129.500   1749.900      1.152          27.312                 2.22         60
      1          0               0     80.000    301.900      0.096           7.820                 1.29         10
      1          0               0     97.100    476.900      0.221          14.445                  1.4         20
      1          0               0    170.200    753.400      0.587          20.067                 1.51         30
      1          0               0    130.700   1150.800      0.660          20.176                  2.0         40
      1          0               0    108.500    953.400      0.780          22.999                  2.2         50
      0          0               0   2000.000 120000.000     18.858          26.909                 2.23         60
      1          0               0    171.100    402.900      0.202           9.213                  1.1         10
      1          0               0    191.700    932.900      0.437          15.264                 1.32         20
      1          0               0    150.600   1199.100      0.531          20.711                 1.46         30
      1          0               0     79.700   1028.400      0.382          22.400                  1.8         40
      1          0               0    148.500   1910.000      0.998          23.132                 2.18         50
      1          0               0    123.100   1773.700      1.119          25.378                 2.38         60
      1          0               0    143.300    541.000      0.176           9.113                 1.11         10
      1          0               0     65.200    287.800      0.148          15.939                 1.26         20
      1          0               0     80.400    646.300      0.283          19.534                 1.55         30
      1          0               0   1857.700   7659.400      8.415          25.940                 1.54         40
      0          0               0   2000.000 100000.000     11.332          29.801                 1.68         50
      1          0               0    163.900   1704.500      1.179          31.675                 1.91         60
      1          0               0    162.300    381.600      0.189           9.550                 1.05         10
      1          0               0    166.100    871.700      0.390          15.636                 1.28         20
      1          0               0    228.200   1723.600      0.784          21.299                 1.41         30
      1          0               0    145.900   1239.500      0.664          26.776                  1.5         40
      1          0               0    161.900   1025.600      0.954          27.909                  1.8         50
      0          0               1     17.100   1026.000      0.155          22.082                 2.78         60
      1          0               0    157.300    506.600      0.188           8.371                  1.2         10
      1          0               0    147.200    939.700      0.335          13.270                 1.52         20
      1          0               0    138.400   1192.300      0.478          18.280                 1.65         30
      1          0               0     87.100    897.400      0.417          22.093                 1.82         40
      1          0               0     62.500    609.200      0.385          25.586                 1.97         50
      1          0               0     82.500   1153.800      0.685          29.211                 2.07         60
      1          0               0    102.800    174.900      0.124           8.385                 1.21         10
      1          0               0     72.800    310.700      0.167          15.457                  1.3         20
      1          0               0    173.500    795.900      0.630          21.635                 1.39         30
      1          0               0    122.400    616.800      0.579          25.592                 1.57         40
      1          0               0    211.800   1476.400      1.287          29.499                  1.7         50
      1          0               0    175.900   1308.600      1.373          30.372                 1.99         60
      1          0               0    175.400    345.400      0.212           9.329                 1.08         10
      1          0               0    157.800    548.300      0.367          16.276                 1.24         20
      1          0               0     45.000    302.800      0.166          19.749                 1.56         30
      1          0               0    123.000    878.700      0.648          24.317                 1.66         40
      1          0               0    150.800   1257.900      1.092          23.957                 2.11         50
      1          0               0    110.900    970.700      1.005          24.702                 2.44         60
      1          0               0    120.200    469.000      0.141           7.906                 1.28         10
      1          0               0     50.600    330.100      0.112          14.709                 1.37         20
      1          0               0    134.100    917.500      0.446          22.183                 1.36         30
      1          0               0    110.100   1003.700      0.535          24.077                 1.68         40
      1          0               0     96.200   1267.500      0.650          25.277                  2.0         50
      0          0               0   2000.000 120000.000     16.334          28.986                 2.07         60
      1          0               0     42.900    169.500      0.054           8.517                 1.18         10
      1          0               0     62.700    291.500      0.146          14.651                 1.37         20
      1          0               0    120.700    890.700      0.438          20.366                 1.48         30
      1          0               0    196.000   1137.600      0.918          26.182                 1.54         40
      1          0               0    182.700   1830.300      1.166          32.187                 1.57         50
      1          0               0    138.900   1732.700      1.084          32.382                 1.87         60
      1          0               0    168.000    602.900      0.202           8.248                 1.23         10
      1          0               0    165.100    988.900      0.382          16.136                 1.25         20
      1          0               0    145.900   1382.800      0.503          20.859                 1.44         30
      1          0               0     93.000    794.800      0.448          23.986                 1.68         40
      1          0               0    179.100   1724.300      1.196          28.818                 1.74         50
      1          0               0    183.100   1812.700      1.505          30.989                 1.95         60
      1          0               0    135.100    618.700      0.160           7.845                 1.28         10
      1          0               0    138.900   1014.600      0.323          13.305                 1.52         20
      1          0               0    146.300    997.800      0.517          18.319                 1.65         30
      1          0               0    138.900   1462.900      0.677          22.169                 1.82         40
      1          0               0    134.900   1160.300      0.818          26.563                 1.89         50
      1          0               0    163.100   1549.200      1.298          26.649                 2.26         60
      1          0               0    114.400    443.600      0.137           7.499                 1.35         10
      1          0               0    150.300    729.200      0.348          13.285                 1.52         20
      1          0               0     91.900    675.400      0.324          18.943                 1.59         30
      1          0               0    101.200    838.800      0.496          20.457                 1.97         40
      1          0               0     69.200    683.600      0.466          22.775                 2.22         50
      1          0               0    137.900   1467.500      1.165          23.901                 2.53         60
      1          0               0     72.200    169.400      0.084           9.616                 1.05         10
      1          0               0    145.100    503.900      0.324          16.924                 1.19         20
      1          0               0    130.000    949.100      0.449          19.498                 1.55         30
      1          0               0    171.000   1617.000      0.801          24.764                 1.63         40
      1          0               0    107.400   1303.400      0.663          27.983                  1.8         50
      1          0               0    152.200   1848.100      1.359          25.882                 2.33         60
      1          0               0     70.900    314.000      0.083           8.251                 1.22         10
      1          0               0     85.700    515.900      0.195          13.695                 1.47         20
      1          0               0     89.700    659.700      0.329          19.151                 1.59         30
      1          0               0     75.500    733.000      0.356          24.675                 1.64         40
      1          0               0    166.600   1651.900      1.038          26.237                 1.91         50
      1          0               0     96.500    893.200      0.763          28.880                 2.09         60
      1          0               0    119.400    381.100      0.158           9.215                  1.1         10
      1          0               0     75.800    428.800      0.192          14.646                 1.39         20
      1          0               0    162.500   1163.200      0.605          20.566                 1.47         30
      1          0               0    118.100    740.700      0.622          20.367                 1.97         40
      0          0               1     19.300    965.000      0.144          23.166                 2.19         50
      1          0               0    220.600   1891.100      1.945          25.460                 2.36         60
      1          0               0    115.000    342.600      0.138           9.330                 1.08         10
      0          0               0   2000.000  40000.000      4.517          15.984                 1.25         20
      1          0               0     99.600    708.500      0.338          24.278                 1.25         30
      1          0               0    120.400   1020.300      0.576          29.585                 1.37         40
      1          0               0    205.600   1965.900      1.325          31.603                 1.59         50
      0          0               0   2000.000 120000.000     16.093          35.816                 1.68         60
      1          0               0     91.800    344.600      0.117           7.200                 1.43         10
      1          0               0     53.600    414.300      0.132          13.328                 1.52         20
      1          0               0    118.100    559.000      0.490          17.672                 1.72         30
      1          0               0     55.600    638.200      0.301          20.613                 1.99         40
      1          0               0     67.300    871.200      0.480          23.976                 2.11         50
      1          0               0     66.500   1118.000      0.604          27.084                 2.23         60
      1          0               0    134.000    333.100      0.258           9.234                 1.09         10
      1          0               0     26.000    165.700      0.098          13.231                 1.53         20
      1          0               0    197.000    782.000      0.963          20.570                 1.46         30
      1          0               0    141.800    862.300      0.675          23.331                 1.73         40
      1          0               0    126.900   1162.600      0.844          25.470                 1.98         50
      0          0               0   2000.000 120000.000     18.232          24.961                  2.4         60
      1          0               0     51.200    208.300      0.061           7.973                 1.27         10
      1          0               0    166.300    652.000      0.378          15.081                 1.33         20
      1          0               0    124.800    724.200      0.426          21.818                 1.41         30
      0          0               0   2000.000  80000.000      9.542          25.877                 1.55         40
      0          0               0   2000.000 100000.000     12.096          32.844                 1.52         50
      0          0               1     28.100   1686.000      0.273          26.744                 2.29         60
      1          0               0    100.000    409.300      0.118           7.564                 1.33         10
      1          0               0    150.100    603.800      0.344          14.030                 1.43         20
      1          0               0    152.900   1494.200      0.533          18.750                 1.62         30
      0          0               1     68.200   2728.000      0.337          21.026                 1.93         40
      1          0               0    155.900   1543.300      1.235          20.689                 2.43         50
      1          0               0     96.100   1657.600      0.985          24.508                 2.48         60
      1          0               0    135.400    394.900      0.158           8.568                 1.18         10
      1          0               0     91.500    486.200      0.205          14.925                 1.36         20
      1          0               0     73.600    577.900      0.251          19.118                 1.59         30
      0          0               0   2000.000  80000.000      9.344          25.898                 1.55         40
      0          0               0   2000.000 100000.000     11.443          29.892                 1.67         50
      1          0               0    102.900    829.800      0.835          28.285                 2.14         60
      1          0               0    133.500    504.200      0.164           8.604                 1.17         10
      1          0               0     95.600    571.100      0.223          14.718                 1.39         20
      1          0               0    105.500    909.400      0.382          19.722                 1.55         30
      1          0               0    129.500   1118.900      0.628          25.693                  1.6         40
      1          0               0    101.300   1212.800      0.739          27.733                 1.86         50
      1          0               0     86.600   1225.200      0.775          29.356                  2.1         60
      1          0               0     99.600    322.300      0.116           8.200                 1.23         10
      0          0               0   2000.000  40000.000      4.466          14.045                 1.42         20
      0          0               0   2000.000  60000.000      7.055          17.033                 1.76         30
      0          0               0   2000.000  80000.000      9.184          22.049                 1.81         40
      1          0               0    176.100   1736.800      1.067          25.070                  2.0         50
      1          0               0    110.200   1080.800      0.843          26.652                 2.26         60
      1          0               0     95.100    293.600      0.110           9.594                 1.05         10
      1          0               0    108.900    817.500      0.247          15.848                 1.27         20
      1          0               0     90.500    603.500      0.303          22.687                 1.34         30
      1          0               0    140.800   1138.300      0.686          22.412                 1.79         40
      1          0               0    166.400   1402.800      1.055          24.422                 2.05         50
      1          0               0    685.700   3265.200      5.419          28.607                  2.1         60
      1          0               0    161.400    349.900      0.190           8.515                 1.18         10
      1          0               0    185.300    621.400      0.407          17.358                 1.16         20
      1          0               0   1407.400   3546.800      4.681          20.843                 1.44         30
      1          0               0    117.800    979.400      0.547          22.398                 1.79         40
      1          0               0    111.000   1090.500      0.714          23.899                 2.11         50
      1          0               0   1280.900   3312.300     10.125          26.904                 2.23         60
      1          0               0     97.500    281.900      0.117           9.393                 1.07         10
      0          0               0   2000.000  40000.000      4.594          15.397                  1.3         20
      0          0               0   2000.000  60000.000      6.915          17.003                 1.76         30
      0          0               0   2000.000  80000.000     10.383          18.571                 2.16         40
      1          0               0    247.900   1469.200      1.727          20.896                  2.4         50
      1          0               0    136.500   1900.300      1.495          21.512                  2.8         60
      1          0               0     99.500    321.800      0.116           8.949                 1.13         10
      1          0               0     94.000    495.500      0.215          15.663                 1.29         20
      1          0               0    121.200    958.100      0.412          21.443                 1.42         30
      0          0               0   2000.000  80000.000      9.183          28.898                 1.39         40
      1          0               0    157.000   2115.200      0.957          29.900                 1.68         50
      1          0               0    140.000   1627.900      1.093          30.847                 1.96         60
      1          0               0    145.900    479.100      0.173           8.266                 1.23         10
      1          0               0    112.800    822.500      0.265          12.457                 1.62         20
      1          0               0    122.800    965.800      0.432          17.262                 1.75         30
      1          0               0    183.000   1575.900      0.852          23.836                 1.68         40
      1          0               0    158.700   1543.100      1.007          27.989                  1.8         50
      1          0               0    160.900   1312.800      1.545          28.408                 2.12         60
      1          0               0     95.600    282.100      0.112           7.805                  1.3         10
      0          0               0   2000.000  40000.000      4.462          13.018                 1.54         20
      0          0               0   2000.000  60000.000      6.892          15.985                 1.88         30
      1          0               0     86.100    768.500      0.446          17.253                 2.33         40
      1          0               0    189.900   1769.200      1.512          19.771                 2.57         50
      1          0               0    161.900   2424.900      2.045          18.078                 3.36         60
      0          0               1     24.900    249.000      0.029           8.687                 1.17         10
      1          0               0    103.100    864.500      0.235          15.404                  1.3         20
      1          0               0     76.300    640.400      0.258          21.178                 1.42         30
      1          0               0    162.100   1391.300      0.777          23.143                 1.74         40
      1          0               0    115.500   1042.300      0.747          25.514                 1.98         50
      1          0               0    101.300   1133.400      0.817          29.078                 2.08         60
      1          0               0     65.000    185.700      0.078           9.462                 1.06         10
      1          0               0    103.900    520.200      0.240          14.581                 1.38         20
      1          0               0    139.200    780.900      0.473          20.647                 1.46         30
      1          0               0    138.100    968.800      0.652          23.387                 1.72         40
      1          0               0    213.800   2006.300      1.348          26.770                 1.88         50
      1          0               0    133.100   1681.800      1.213          26.158                  2.3         60
      1          0               0     96.100    423.000      0.122           6.643                 1.55         10
      1          0               0    111.400   1013.200      0.260          13.279                 1.53         20
      1          0               0    111.500   1344.000      0.411          18.673                 1.62         30
      1          0               0    124.100   1755.300      0.656          19.748                 2.05         40
      1          0               0    249.700   2830.200      1.566          26.809                 1.87         50
      0          0               1     54.200   3252.000      0.491          26.712                 2.27         60
      1          0               0     74.700    321.600      0.091           9.234                  1.1         10
      1          0               0    164.500    592.800      0.381          16.605                 1.23         20
      0          0               1     17.300    519.000      0.065          18.434                 1.66         30
      1          0               0    115.700    691.500      0.574          26.621                 1.52         40
      1          0               0    123.200    883.300      0.785          29.304                 1.73         50
      1          0               0     62.900    786.500      0.511          28.580                 2.14         60
      1          0               0     87.400    239.300      0.104           8.399                  1.2         10
      1          0               0     78.900    387.200      0.182          14.093                 1.43         20
      1          0               0    186.600    979.700      0.767          20.897                 1.44         30
      1          0               0     97.800    730.500      0.637          23.314                 1.72         40
      1          0               0    125.200   1446.300      0.760          25.825                 1.95         50
      1          0               0     70.300    891.600      0.587          25.881                 2.38         60
      1          0               0    115.800    279.300      0.138           9.327                 1.08         10
      1          0               0    116.600    867.000      0.269          14.317                 1.41         20
      1          0               0    138.000   1020.000      0.470          21.206                 1.42         30
      1          0               0     94.500   1070.100      0.476          22.774                 1.76         40
      1          0               0    103.200   1052.600      0.762          21.924                 2.29         50
      1          0               0     53.100    799.700      0.604          21.296                 2.84         60
      1          0               0     94.800    260.200      0.117           7.900                 1.27         10
      1          0               0    161.900    745.900      0.373          15.466                  1.3         20
      1          0               0    153.200    751.400      0.546          18.793                  1.6         30
      1          0               0     52.800    469.100      0.255          22.366                  1.8         40
      1          0               0    162.700   1456.200      1.096          26.286                 1.91         50
      1          0               0    177.800   1653.200      1.626          26.064                 2.31         60
      1          0               0    133.900    492.300      0.184           8.515                 1.18         10
      1          0               0    110.100    666.900      0.264          14.540                  1.4         20
      1          0               0    101.600    784.000      0.364          19.915                 1.54         30
      1          0               0    215.500   1189.400      1.067          24.446                 1.66         40
      1          0               0    144.800   1584.100      1.006          26.620                  1.9         50
      0          0               0   2000.000 120000.000     15.843          30.909                 1.94         60
      1          0               0     83.000    272.600      0.179           8.636                 1.17         10
      1          0               0    134.100    883.400      0.576          14.470                 1.39         20
      1          0               0    189.800   1063.600      0.972          20.269                  1.5         30
      1          0               0    195.800   1296.700      0.933          25.598                 1.58         40
      1          0               0    148.900   1089.600      0.970          28.105                 1.79         50
      1          0               0    175.800   1675.000      1.471          29.233                 2.06         60
      1          0               0    114.100    322.700      0.139           7.584                 1.33         10
      0          0               1     62.500   1250.000      0.146          14.254                 1.42         20
      1          0               0     85.700    623.500      0.304          19.637                 1.55         30
      0          0               0   2000.000  80000.000     10.207          22.933                 1.75         40
      1          0               0    124.800   1071.100      0.831          24.527                 2.05         50
      1          0               0    123.900   1579.300      1.025          27.856                 2.17         60
      1          0               0    160.100    370.800      0.196           8.308                 1.22         10
      1          0               0     56.900    342.300      0.125          15.884                 1.27         20
      1          0               0     60.100    508.400      0.200          22.052                 1.37         30
      1          0               0     58.000    562.700      0.276          22.760                 1.76         40
      1          0               0     61.000    669.400      0.370          25.275                 1.99         50
      1          0               0    122.300   1080.200      0.955          28.291                 2.13         60
      1          0               0    141.200    401.100      0.165           9.511                 1.06         10
      1          0               0     82.500    527.800      0.187          14.948                 1.35         20
      1          0               0     82.500    603.900      0.283          19.084                 1.59         30
      1          0               0     98.100   1027.300      0.454          26.546                 1.52         40
      1          0               0    158.100   1821.500      1.002          30.176                 1.67         50
      1          0               0    150.000   1751.600      1.302          29.515                 2.04         60
      1          0               0    108.700    391.000      0.131           8.127                 1.24         10
      1          0               0     61.100    492.100      0.140          13.028                 1.55         20
      1          0               0    108.900    934.000      0.365          20.031                 1.51         30
      1          0               0    112.500    714.800      0.539          24.236                 1.66         40
      1          0               0     94.300   1163.800      0.604          23.410                 2.16         50
      1          0               0     86.700   1344.300      0.742          26.415                 2.28         60
      1          0               0    121.600    623.000      0.152           8.061                 1.26         10
      1          0               0    117.700    638.000      0.274          16.906                  1.2         20
      1          0               0     88.000    729.900      0.319          19.699                 1.53         30
      1          0               0    112.500    982.100      0.602          21.695                 1.86         40
      1          0               0    111.900   1067.800      0.834          22.870                  2.2         50
      1          0               0    209.200   2469.600      2.015          25.217                 2.39         60
      1          0               0    102.100    481.200      0.131           6.592                 1.57         10
      1          0               0    134.500    718.700      0.326          13.244                 1.52         20
      1          0               0    143.100    962.400      0.504          20.686                 1.46         30
      1          0               0    130.800   1147.800      0.629          27.418                 1.48         40
      1          0               0    111.400   1295.300      0.710          28.609                 1.77         50
      1          0               0    117.300   1817.100      0.967          29.116                 2.09         60
      1          0               0    144.400    384.500      0.173           9.451                 1.06         10
      1          0               0    128.900    848.800      0.301          15.448                  1.3         20
      1          0               0    131.300    892.600      0.466          18.823                 1.61         30
      1          0               0    103.600    695.300      0.496          22.865                 1.76         40
      1          0               0    139.900   1290.400      0.910          23.645                 2.12         50
      0          0               0   2000.000 120000.000     15.480          27.903                 2.15         60
      1          0               0    156.300    516.300      0.183           8.182                 1.24         10
      1          0               0    121.200    671.800      0.271          14.637                 1.37         20
      1          0               0     86.100    805.900      0.291          20.079                 1.51         30
      1          0               0     87.000    686.300      0.420          21.105                  1.9         40
      1          0               0     86.000   1095.000      0.533          24.938                 2.03         50
      1          0               0    162.900   1472.800      1.454          28.797                  2.1         60
      1          0               0    186.000    581.100      0.219           9.324                 1.08         10
      1          0               0    163.000    999.100      0.376          14.333                  1.4         20
      1          0               0    109.000    738.500      0.365          21.228                 1.42         30
      1          0               0    144.100   1045.800      0.674          23.049                 1.75         40
      1          0               0    229.000   1847.700      1.376          27.603                 1.82         50
      1          0               0     97.100   1269.400      0.849          24.883                 2.43         60
      1          0               0    103.700    348.600      0.125           8.767                 1.15         10
      1          0               0     94.500    493.400      0.227          16.497                 1.22         20
      1          0               0    163.900    793.700      0.557          23.367                 1.29         30
      1          0               0    142.300    962.600      0.693          22.952                 1.75         40
      1          0               0    138.800    795.500      0.890          24.000                 2.09         50
      0          0               0   2000.000 120000.000     17.395          23.082                  2.6         60
      1          0               0     60.200    315.000      0.086           8.595                 1.17         10
      1          0               0    128.300    682.200      0.312          14.315                 1.41         20
      1          0               0     89.700    533.700      0.315          21.273                 1.42         30
      0          0               0   2000.000  80000.000     12.286          23.920                 1.67         40
      0          0               0   2000.000 100000.000     12.343          26.964                 1.86         50
      1          0               0     68.400    945.600      0.557          26.468                 2.28         60
      1          0               0     58.100    186.700      0.070           8.861                 1.13         10
      1          0               0     64.800    445.800      0.153          14.617                 1.39         20
      1          0               0     84.900    737.600      0.305          19.064                 1.59         30
      1          0               0    100.100   1059.300      0.483          22.218                 1.81         40
      1          0               0     80.800   1106.900      0.538          25.813                 1.95         50
      1          0               0     76.200   1203.800      0.684          26.904                 2.24         60
      1          0               0     48.600    186.100      0.063           8.770                 1.16         10
      1          0               0    142.800    709.500      0.336          17.220                 1.18         20
      1          0               0    177.900    998.800      0.627          24.204                 1.25         30
      1          0               0     75.900    641.700      0.347          28.957                 1.39         40
      0          0               0   2000.000 100000.000     11.782          31.888                 1.57         50
      0          0               0   2000.000 120000.000     14.918          35.881                 1.67         60
      1          0               0    127.800    387.700      0.151           8.018                 1.27         10
      1          0               0     88.100    460.300      0.198          14.393                  1.4         20
      1          0               0     97.100    509.300      0.321          22.607                 1.33         30
      1          0               0     90.700    856.600      0.441          21.954                 1.84         40
      1          0               0     85.000    996.800      0.555          25.100                 2.01         50
      0          0               1     21.600   1296.000      0.227          22.375                 2.75         60
      1          0               0     51.100    182.500      0.062           7.626                 1.32         10
      1          0               0     65.300    489.900      0.146          14.188                 1.42         20
      1          0               0     92.700    914.900      0.326          18.108                 1.68         30
      1          0               0     78.600    754.300      0.411          22.041                 1.85         40
      1          0               0     89.800   1346.000      0.606          25.678                 2.01         50
      1          0               0    112.700   1494.600      0.974          28.464                 2.14         60
      1          0               0     54.800    206.100      0.067           9.111                 1.11         10
      1          0               0    543.000   1767.300      1.203          15.957                 1.26         20
      1          0               0    458.300   1744.000      1.596          21.506                  1.4         30
      1          0               0     72.000    655.800      0.356          22.929                 1.75         40
      1          0               0     31.900    416.400      0.214          25.141                 2.02         50
      1          0               0    194.000   1840.900      1.552          32.009                 1.89         60
      1          0               0     72.100    290.300      0.092           8.983                 1.12         10
      1          0               0    146.900    908.600      0.390          13.736                 1.47         20
      1          0               0    102.500    768.100      0.407          18.221                 1.65         30
      1          0               0    145.600   1673.900      0.745          24.736                 1.62         40
      1          0               0    175.700   1088.300      1.082          27.536                 1.82         50
      1          0               0    131.900   1400.600      1.028          28.901                 2.09         60
      1          0               0     61.000    199.000      0.073           8.190                 1.23         10
      1          0               0     33.500    229.000      0.078          14.030                 1.45         20
      1          0               0     78.600    461.500      0.264          17.888                  1.7         30
      1          0               0    105.200    730.200      0.519          20.291                  2.0         40
      1          0               0    107.200   1116.300      0.784          20.001                 2.52         50
      1          0               0     88.800   1344.300      0.800          22.682                 2.66         60
