success  collision  collision_obst   makespan   flowtime    runtime     mean_groups     mean_groups_size     number
      1          0               0    174.300    487.100      0.225           8.017                 1.27         10
      1          0               0    286.400   1045.600      0.753          17.674                 1.14         20
      1          0               0    210.600   1238.600      0.867          22.343                 1.35         30
      1          0               0    180.200   1469.800      1.064          25.092                  1.6         40
      1          0               0    275.100   2074.700      2.434          29.372                 1.71         50
      1          0               0    114.600   1571.000      1.547          26.659                 2.27         60
      1          0               0    127.400    505.000      0.161           9.160                  1.1         10
      1          0               0    222.800    874.700      0.593          13.241                 1.52         20
      1          0               0    114.800    436.500      0.462          19.527                 1.54         30
      1          0               0    117.000   1000.400      0.787          20.322                 1.98         40
      1          0               0    175.100   1045.100      1.629          23.567                 2.13         50
      1          0               0    211.000   2061.000      3.077          25.009                 2.41         60
      1          0               0     62.800    253.400      0.081           9.030                 1.12         10
      1          0               0     91.800    398.800      0.241          16.498                 1.23         20
      1          0               0    132.900    709.200      0.536          20.549                 1.47         30
      1          0               0    114.000    950.400      0.693          23.409                 1.71         40
      1          0               0    217.000   2776.200      1.878          23.305                 2.15         50
      1          0               0    148.700   1894.700      1.830          23.405                 2.57         60
      1          0               0    202.600    526.100      0.262           8.408                  1.2         10
      1          0               0    151.000    568.100      0.397          15.713                 1.28         20
      1          0               0    192.200   1278.200      0.790          22.252                 1.36         30
      1          0               0    174.900   2030.900      1.025          24.791                 1.62         40
      1          0               0    146.500   2548.300      1.285          25.668                 1.95         50
      1          0               0    147.500   2069.700      1.756          28.337                 2.12         60
      1          0               0    179.600    432.400      0.226           8.800                 1.14         10
      1          0               0     88.000    607.000      0.232          16.385                 1.23         20
      1          0               0     90.100    902.000      0.368          20.911                 1.46         30
      1          0               0     84.800   1076.200      0.485          24.285                 1.66         40
      1          0               0     67.600    816.600      0.552          26.926                 1.87         50
      1          0               0    128.200   1646.100      1.454          27.541                 2.19         60
      1          0               0     83.000    264.100      0.111           8.165                 1.24         10
      1          0               0    207.600    733.000      0.571          15.066                 1.33         20
      1          0               0    191.100    804.200      0.872          20.083                  1.5         30
      1          0               0     95.100    930.400      0.650          25.006                 1.61         40
      1          0               0    129.100   1325.900      1.218          24.924                 2.02         50
      1          0               0    129.100   1369.600      1.546          27.081                 2.24         60
      1          0               0     53.900    207.500      0.069           8.839                 1.14         10
      1          0               0    115.600    577.900      0.314          16.019                 1.25         20
      1          0               0    147.900    985.100      0.598          22.569                 1.34         30
      1          0               0    105.200   1285.400      0.658          23.971                 1.68         40
      1          0               0    132.900   1401.900      1.336          27.733                 1.81         50
      1          0               0    122.100   1601.800      1.669          26.695                 2.26         60
      1          0               0    151.600    900.200      0.203           8.717                 1.16         10
      1          0               0    134.400   1121.400      0.365          16.711                  1.2         20
      1          0               0    176.700   1464.100      0.776          18.998                 1.59         30
      1          0               0    138.400   1422.900      0.905          23.264                 1.73         40
      1          0               0    131.100   1689.200      1.356          26.703                 1.88         50
      1          0               0    415.400   4293.700      4.744          31.173                 1.94         60
      1          0               0    184.700    757.900      0.251           8.364                  1.2         10
      1          0               0    101.900    562.500      0.284          15.422                 1.31         20
      1          0               0    159.400   1198.000      0.675          21.446                  1.4         30
      1          0               0    196.100   1553.200      1.223          26.792                 1.51         40
      1          0               0    222.900   2317.300      2.175          29.494                  1.7         50
      1          0               0    182.200   2019.600      2.327          31.970                 1.89         60
      1          0               0     67.000    215.000      0.089           8.990                 1.12         10
      1          0               0    196.200    895.500      0.549          16.002                 1.26         20
      1          0               0    144.100   1064.100      0.635          21.455                 1.41         30
      1          0               0    174.100   1358.100      1.086          24.518                 1.64         40
      1          0               0    136.900   1316.800      1.338          22.543                 2.23         50
      1          0               0     80.600   1376.800      1.155          24.795                 2.43         60
      1          0               0    164.800    627.500      0.216           9.410                 1.07         10
      1          0               0    182.600    726.900      0.512          15.010                 1.34         20
      1          0               0    205.000   1194.000      1.402          18.972                 1.59         30
      1          0               0    281.900   2099.400      2.984          22.509                 1.79         40
      1          0               0    242.700   2863.000      2.803          26.846                 1.88         50
      1          0               0    216.500   3274.800      3.240          27.856                 2.17         60
      1          0               0    149.100    499.100      0.202           6.705                 1.51         10
      1          0               0    124.900    916.300      0.357          12.460                 1.62         20
      1          0               0     85.800    827.300      0.465          15.277                 1.98         30
      1          0               0    121.100   1343.200      0.817          19.560                 2.06         40
      1          0               0    103.700   1390.800      1.061          21.478                 2.34         50
      1          0               0    135.300   2241.200      2.148          20.951                 2.89         60
      1          0               0    102.000    275.000      0.132           9.208                 1.09         10
      1          0               0     57.600    251.200      0.154          15.462                  1.3         20
      1          0               0     96.700    555.300      0.431          19.286                 1.57         30
      1          0               0     67.900    571.300      0.452          22.984                 1.75         40
      1          0               0     67.500    764.200      0.629          27.579                 1.82         50
      1          0               0    120.700   1110.000      1.839          26.680                 2.26         60
      1          0               0    118.100    355.400      0.155           9.309                 1.08         10
      1          0               0    212.200    935.400      0.626          16.050                 1.25         20
      1          0               0    172.000   1168.200      0.741          19.780                 1.52         30
      1          0               0    159.900   1847.400      1.046          22.501                 1.78         40
      1          0               0    200.000   2214.800      1.823          24.774                 2.03         50
      1          0               0    166.400   2681.300      1.925          26.757                 2.25         60
      1          0               0    201.000    696.600      0.268           8.499                 1.19         10
      1          0               0    182.700    722.200      0.511          16.280                 1.24         20
      1          0               0    175.200    883.200      0.717          22.947                 1.32         30
      1          0               0    177.700   1216.000      1.027          28.505                 1.41         40
      1          0               0    115.300   1102.500      0.973          28.185                 1.78         50
      1          0               0    196.700   1965.500      2.086          31.138                 1.93         60
      1          0               0    137.300    448.300      0.179           9.316                 1.08         10
      1          0               0    124.300    434.600      0.336          17.396                 1.16         20
      1          0               0     74.400    682.900      0.325          19.715                 1.53         30
      1          0               0    129.800   1101.500      0.824          24.626                 1.64         40
      1          0               0    215.100   2050.600      2.018          26.820                 1.87         50
      1          0               0    189.100   2317.500      2.244          29.778                 2.03         60
      1          0               0     94.900    380.300      0.127           8.112                 1.25         10
      1          0               0    144.400    995.800      0.408          14.524                 1.38         20
      1          0               0    282.900   1781.800      1.195          20.334                 1.48         30
      1          0               0    133.600   1319.800      0.775          26.255                 1.53         40
      1          0               0    187.200   1502.100      1.467          30.069                 1.67         50
      1          0               0    183.700   1599.100      1.931          32.184                 1.87         60
      1          0               0    153.900    495.200      0.206           7.426                 1.36         10
      1          0               0    200.500   1253.800      0.560          14.965                 1.35         20
      1          0               0    101.100    748.100      0.419          21.535                  1.4         30
      1          0               0    110.600    794.500      0.691          23.037                 1.74         40
      1          0               0     94.800    672.300      0.811          26.232                 1.92         50
      1          0               0    113.400   1040.000      1.908          25.887                 2.33         60
      1          0               0    122.900    515.600      0.161           9.129                  1.1         10
      1          0               0    157.600    668.000      0.428          17.004                 1.18         20
      1          0               0    209.600   1550.700      0.884          21.434                 1.41         30
      0          0               0   2000.000  80000.000     11.985          26.853                 1.49         40
      1          0               0    211.000   1966.300      2.486          27.624                 1.83         50
      1          0               0    185.000   2128.700      2.474          30.018                 2.03         60
      1          0               0    117.400    416.200      0.157           8.460                 1.19         10
      1          0               0     55.900    232.100      0.161          15.343                 1.31         20
      1          0               0    134.500    921.600      0.653          19.190                 1.57         30
      1          0               0    140.200   1473.400      1.172          21.082                 1.91         40
      1          0               0    176.700   2076.000      2.213          22.059                 2.28         50
      1          0               0    158.800   2071.200      2.323          25.884                 2.33         60
      1          0               0    227.600    544.100      0.310           8.739                 1.16         10
      1          0               0    131.700    808.300      0.354          17.512                 1.15         20
      1          0               0    182.600   1636.200      0.789          20.976                 1.44         30
      1          0               0    183.000   2134.800      1.162          24.977                 1.61         40
      1          0               0    187.000   2731.100      1.635          26.968                 1.86         50
      1          0               0    219.200   3634.900      2.804          28.294                 2.13         60
      1          0               0    105.900    437.900      0.140           9.077                 1.12         10
      1          0               0    139.300   1014.100      0.403          15.243                 1.32         20
      1          0               0    174.300   1262.700      0.747          22.490                 1.36         30
      1          0               0    145.200   1608.800      1.084          23.463                 1.73         40
      1          0               0    144.800   1947.100      1.382          27.295                 1.87         50
      0          0               0   2000.000 120000.000     25.369          31.710                  1.9         60
      1          0               0    116.300    446.700      0.152           8.525                 1.19         10
      1          0               0    159.400    697.400      0.442          14.166                 1.42         20
      1          0               0    256.400   1898.200      1.191          20.654                 1.46         30
      1          0               0    178.700   2334.400      1.321          24.039                 1.67         40
      1          0               0    161.300   1822.800      1.649          28.285                 1.78         50
      0          0               0   2000.000 120000.000     20.858          35.784                 1.68         60
      1          0               0     65.800    285.700      0.086           8.912                 1.14         10
      1          0               0    148.400   1015.400      0.442          14.333                  1.4         20
      1          0               0    165.200    925.400      0.770          19.748                 1.52         30
      1          0               0    114.000    901.500      0.753          23.513                 1.71         40
      1          0               0     88.200    853.500      0.802          25.980                 1.94         50
      1          0               0    121.700   1260.400      1.590          27.294                 2.21         60
      1          0               0     62.700    149.000      0.083           8.606                 1.17         10
      1          0               0     90.700    514.700      0.249          15.848                 1.28         20
      1          0               0    162.500   1009.800      0.695          22.542                 1.35         30
      1          0               0    205.900   1945.000      1.442          25.051                 1.63         40
      1          0               0    220.900   2765.300      2.722          24.600                 2.04         50
      1          0               0    174.100   2344.700      2.969          27.393                  2.2         60
      1          0               0     55.600    171.100      0.074           9.153                  1.1         10
      1          0               0    119.700    623.100      0.344          16.499                 1.22         20
      1          0               0    140.200   1045.500      0.608          22.181                 1.37         30
      1          0               0    112.300   1021.300      0.724          26.103                 1.57         40
      1          0               0    111.500   1218.000      1.020          25.989                 1.94         50
      1          0               0    148.100   1679.700      2.497          21.838                 2.77         60
      1          0               0     67.100    257.200      0.088           8.669                 1.17         10
      1          0               0    171.300   1077.600      0.512          14.957                 1.34         20
      1          0               0    168.200   1164.600      0.760          20.500                 1.47         30
      1          0               0    286.200   1889.600      1.807          24.322                 1.65         40
      1          0               0    198.800   1623.200      1.649          27.982                 1.79         50
      1          0               0    129.800   1958.700      1.474          28.138                 2.14         60
      1          0               0    155.800    351.100      0.207           8.768                 1.15         10
      1          0               0    175.700    896.700      0.472          17.243                 1.16         20
      1          0               0    164.100    660.000      0.691          21.950                 1.37         30
      1          0               0    151.500   1394.400      0.879          27.003                 1.49         40
      1          0               0    148.000   1458.100      1.304          27.582                 1.82         50
      1          0               0    150.700   2469.900      1.843          30.230                 1.99         60
      1          0               0    100.000    331.100      0.133           8.324                 1.21         10
      1          0               0    175.200   1068.700      0.485          16.643                 1.21         20
      1          0               0    176.500   1735.300      0.812          21.079                 1.43         30
      1          0               0    187.700   1974.800      1.228          24.949                 1.62         40
      1          0               0    218.100   3549.100      2.127          26.868                 1.89         50
      1          0               0    164.400   2477.700      2.533          25.821                 2.34         60
      1          0               0     50.600    154.000      0.066           9.263                 1.08         10
      1          0               0    205.200    942.600      0.569          14.802                 1.36         20
      1          0               0     78.800    568.200      0.344          19.383                 1.56         30
      1          0               0     83.000    973.900      0.593          22.801                 1.76         40
      1          0               0    125.200   1326.600      1.058          25.662                 1.96         50
      1          0               0    133.200   1816.100      1.573          27.556                 2.19         60
      1          0               0    130.200    404.100      0.176           9.025                 1.12         10
      1          0               0     99.800    575.900      0.319          14.280                 1.41         20
      1          0               0    346.900   1655.300      1.769          19.335                 1.56         30
      1          0               0    133.500   1201.400      0.958          20.602                 1.95         40
      1          0               0    157.300   1289.600      1.518          22.248                 2.26         50
      1          0               0    186.800   1670.600      2.878          20.750                 2.93         60
      1          0               0    123.500    399.900      0.164           9.553                 1.05         10
      1          0               0    115.400    551.700      0.319          16.352                 1.23         20
      1          0               0     77.400    718.400      0.345          21.926                  1.4         30
      1          0               0    121.600    856.100      0.759          26.760                 1.52         40
      1          0               0    110.400   1410.800      0.995          29.357                 1.72         50
      1          0               0    110.500   1678.500      1.665          29.071                 2.08         60
      1          0               0    136.900    368.400      0.183           8.396                  1.2         10
      1          0               0    127.600    663.000      0.367          14.274                 1.41         20
      1          0               0     96.800    990.600      0.463          20.258                 1.51         30
      1          0               0    128.200   1003.300      0.808          22.343                  1.8         40
      1          0               0    162.800   1572.100      1.387          25.846                 1.96         50
      1          0               0    220.100   2796.500      2.979          25.443                 2.39         60
      1          0               0    154.800    401.300      0.201           9.721                 1.03         10
      1          0               0    218.200   1072.700      0.597          16.837                 1.19         20
      1          0               0    114.600    549.700      0.476          20.871                 1.44         30
      1          0               0    211.600   1078.100      1.401          21.729                 1.85         40
      1          0               0    227.300   1365.500      2.287          22.024                 2.28         50
      1          0               0    211.300   2698.800      3.487          19.504                 3.09         60
      1          0               0     69.400    209.800      0.090           9.480                 1.06         10
      1          0               0    136.600    846.600      0.383          16.581                 1.22         20
      1          0               0    158.500    968.300      0.695          22.822                 1.33         30
      1          0               0     83.300    974.700      0.676          23.353                 1.74         40
      1          0               0    128.300   1599.300      1.343          27.005                 1.87         50
      1          0               0    115.300   1389.500      1.647          29.358                 2.06         60
      1          0               0    191.900    755.500      0.257           7.767                  1.3         10
      1          0               0    185.100    711.200      0.516          13.285                 1.51         20
      1          0               0    132.900    804.500      0.594          18.294                 1.65         30
      1          0               0    146.900   1093.100      0.984          21.920                 1.84         40
      1          0               0    182.900   2318.400      1.914          23.465                 2.15         50
      1          0               0    219.800   2887.300      3.086          24.942                 2.42         60
      1          0               0    110.900    353.100      0.148           8.610                 1.17         10
      1          0               0     95.500    443.500      0.296          12.119                 1.67         20
      1          0               0    121.200   1035.300      0.617          16.204                 1.88         30
      1          0               0    196.500   1677.000      1.558          22.724                 1.77         40
      1          0               0    149.900   1926.800      1.844          25.661                 1.96         50
      1          0               0    208.300   2159.300      3.692          24.956                 2.41         60
      1          0               0    210.000    290.200      0.288           7.883                 1.27         10
      1          0               0    166.600    749.300      0.467          15.839                 1.27         20
      1          0               0    191.700    923.700      0.792          24.347                 1.24         30
      1          0               0    206.600   1156.300      1.161          26.666                  1.5         40
      1          0               0    124.700   1330.800      1.010          29.550                  1.7         50
      1          0               0    165.000   1591.600      1.883          27.742                 2.17         60
      1          0               0    133.500    630.400      0.180           9.166                  1.1         10
      1          0               0    238.200   1187.200      0.653          17.901                 1.12         20
      1          0               0    322.700   2543.100      1.315          23.371                 1.29         30
      1          0               0    272.400   2543.600      1.587          26.587                 1.51         40
      1          0               0    168.400   1676.700      1.374          28.795                 1.74         50
      1          0               0    152.600   1126.700      1.789          28.904                 2.08         60
      1          0               0    226.100    494.100      0.298           9.447                 1.07         10
      1          0               0    245.500    679.300      0.661          17.219                 1.17         20
      1          0               0    163.900   1158.300      0.702          21.219                 1.42         30
      1          0               0    176.000   1935.100      1.105          23.439                 1.72         40
      1          0               0    222.800   1929.000      1.982          25.647                 1.95         50
      1          0               0     55.800    880.000      0.887          25.857                 2.33         60
      1          0               0     40.100    164.200      0.053           9.269                 1.09         10
      1          0               0     43.700    246.600      0.125          14.867                 1.36         20
      1          0               0    151.900    889.100      0.677          21.269                 1.42         30
      1          0               0     86.300    762.800      0.566          23.312                 1.73         40
      1          0               0     91.300    794.100      0.830          25.387                 1.99         50
      1          0               0     97.500   1061.400      1.528          24.773                 2.43         60
      1          0               0    130.500    471.800      0.181           8.900                 1.14         10
      1          0               0     63.500    575.800      0.180          16.868                  1.2         20
      1          0               0    123.900    882.700      0.520          22.613                 1.34         30
      0          0               0   2000.000  80000.000     11.334          27.940                 1.43         40
      0          0               0   2000.000 100000.000     15.891          27.908                 1.79         50
      0          0               0   2000.000 120000.000     22.190          28.942                 2.07         60
      1          0               0    143.500    436.700      0.186           9.562                 1.05         10
      1          0               0    268.000   1244.600      0.716          19.134                 1.05         20
      1          0               0     81.400    757.000      0.345          22.770                 1.32         30
      1          0               0    143.200   1529.900      0.827          25.772                 1.56         40
      1          0               0    163.300   1594.100      1.229          29.615                 1.69         50
      1          0               0    136.500   1456.500      1.448          28.611                 2.11         60
      1          0               0    190.800    629.700      0.255           9.237                 1.09         10
      1          0               0    149.800    829.700      0.416          16.031                 1.26         20
      1          0               0    170.500    988.900      0.772          18.617                 1.62         30
      1          0               0    149.900    855.800      0.941          23.149                 1.74         40
      1          0               0    167.700   1494.600      1.455          26.876                 1.87         50
      1          0               0    151.000   1548.000      1.880          26.421                 2.29         60
      1          0               0    188.400    689.700      0.248           9.554                 1.05         10
      1          0               0    146.700   1067.200      0.416          14.037                 1.43         20
      1          0               0    178.400   1257.600      0.802          19.389                 1.55         30
      1          0               0     88.400    665.200      0.560          23.576                 1.71         40
      1          0               0    114.400   1139.400      0.969          27.877                 1.81         50
      1          0               0    151.100   2040.600      1.850          29.880                 2.02         60
      1          0               0     90.700    230.700      0.118           9.590                 1.05         10
      1          0               0    106.700    599.400      0.301          16.042                 1.25         20
      1          0               0    100.200    816.400      0.458          20.145                  1.5         30
      1          0               0     80.100    868.000      0.526          23.697                  1.7         40
      1          0               0     98.500   1494.500      1.108          23.604                 2.14         50
      1          0               0    177.100   1932.000      2.794          25.160                 2.43         60
      1          0               0    105.800    406.800      0.139           8.910                 1.13         10
      1          0               0    219.400    824.000      0.599          16.977                 1.18         20
      1          0               0    197.600    560.100      0.860          21.962                 1.37         30
      1          0               0    177.200   1152.300      1.226          22.222                 1.81         40
      1          0               0    127.200   1456.000      1.273          22.540                 2.24         50
      1          0               0    116.400   1738.600      1.705          23.535                 2.56         60
      1          0               0    113.800    633.600      0.155           7.648                 1.33         10
      1          0               0    125.700   1004.300      0.351          15.059                 1.34         20
      1          0               0    144.900   1110.500      0.643          18.481                 1.63         30
      1          0               0    138.200   1170.200      0.984          23.728                  1.7         40
      1          0               0    206.000   1878.700      1.995          24.141                 2.08         50
      1          0               0    660.100   3556.300      9.231          25.809                 2.33         60
      1          0               0    157.100    626.800      0.206           8.456                  1.2         10
      1          0               0    283.900   1020.100      0.788          17.728                 1.14         20
      1          0               0    184.800   1017.700      0.763          25.589                 1.19         30
      1          0               0    106.100    796.700      0.730          25.854                 1.56         40
      1          0               0    204.400   1673.900      1.956          28.553                 1.75         50
      1          0               0    224.100   2107.900      3.012          29.340                 2.05         60
      1          0               0    163.800    463.300      0.219           8.653                 1.16         10
      1          0               0     90.600    505.800      0.251          15.299                 1.32         20
      1          0               0    254.700   1839.000      1.077          20.711                 1.45         30
      1          0               0    253.400   2323.100      1.675          22.383                  1.8         40
      1          0               0    179.200   2046.600      1.691          25.387                 1.98         50
      1          0               0    182.600   1976.000      3.003          23.837                 2.52         60
      1          0               0    121.600    525.200      0.168           7.715                 1.33         10
      1          0               0    128.300    700.100      0.396          14.566                 1.38         20
      1          0               0    154.200    884.100      0.717          20.243                 1.49         30
      1          0               0    117.200   1143.800      0.834          22.552                 1.79         40
      1          0               0    125.500   1053.500      1.252          25.281                 1.99         50
      1          0               0     96.600   1191.100      1.226          27.025                 2.28         60
      1          0               0    147.200    513.500      0.195           8.444                  1.2         10
      1          0               0     85.300    475.900      0.239          15.349                 1.31         20
      1          0               0    123.000    820.100      0.557          18.567                 1.63         30
      1          0               0    194.500   1327.500      1.347          22.300                  1.8         40
      1          0               0    119.400   1178.800      1.266          23.705                 2.13         50
      1          0               0    165.600   2075.700      2.005          28.566                 2.11         60
      1          0               0     47.400    199.300      0.062           8.981                 1.13         10
      1          0               0    144.300    932.500      0.400          14.828                 1.36         20
      1          0               0    128.900   1236.500      0.591          19.306                 1.56         30
      1          0               0    106.000   1379.400      0.687          23.564                 1.71         40
      1          0               0    116.800   1495.700      1.075          26.215                 1.92         50
      1          0               0    111.500   1248.400      1.384          28.450                 2.12         60
      1          0               0     67.200    283.700      0.088           9.006                 1.12         10
      1          0               0    151.200    397.100      0.420          14.475                 1.39         20
      1          0               0    180.200    840.200      0.832          20.426                 1.48         30
      1          0               0    144.300    884.800      0.995          20.945                 1.92         40
      1          0               0    147.900    920.200      1.393          26.324                 1.91         50
      1          0               0    171.900   2153.800      2.110          30.122                  2.0         60
      1          0               0    133.700    508.900      0.182           8.188                 1.23         10
      1          0               0    166.600    462.500      0.470          13.366                  1.5         20
      1          0               0    164.000   1436.500      0.800          15.217                 1.99         30
      1          0               0    132.200   1050.800      0.900          21.731                 1.85         40
      1          0               0    156.400   1646.100      1.546          23.444                 2.14         50
      1          0               0    126.700   1739.900      1.823          27.254                 2.21         60
      1          0               0     19.500     87.400      0.026           9.395                 1.07         10
      1          0               0    194.800   1137.600      0.535          15.823                 1.27         20
      1          0               0    196.500   1902.300      0.872          21.228                 1.42         30
      1          0               0    222.000   1353.900      1.679          23.552                 1.71         40
      1          0               0    168.800   1887.700      1.622          26.410                 1.91         50
      1          0               0    176.600   1945.500      2.238          27.823                 2.18         60
      1          0               0    160.100    593.600      0.213           8.992                 1.13         10
      1          0               0     94.700    484.900      0.267          14.495                 1.38         20
      1          0               0    179.800    902.400      0.786          21.116                 1.42         30
      1          0               0    141.400   1567.400      0.879          23.763                  1.7         40
      1          0               0    175.000   1997.100      1.465          26.328                 1.91         50
      1          0               0    112.200   1576.100      1.382          24.885                 2.43         60
      1          0               0     77.500    321.600      0.112           8.055                 1.26         10
      1          0               0    206.600    672.900      0.609          13.896                 1.45         20
      1          0               0    140.700    751.900      0.675          19.738                 1.54         30
      1          0               0    152.800   1590.000      1.192          21.227                  1.9         40
      1          0               0    169.500   1648.300      1.930          25.113                 2.01         50
      1          0               0    222.500   1774.100      2.864          27.158                 2.22         60
      1          0               0    128.600    369.800      0.168           9.014                 1.11         10
      1          0               0    213.600   1244.300      0.596          16.288                 1.23         20
      1          0               0    221.900   2086.500      0.949          22.655                 1.33         30
      1          0               0    204.700   2416.100      1.428          24.723                 1.62         40
      1          0               0    138.900   1728.000      1.327          24.021                 2.09         50
      1          0               0    167.600   2144.400      2.119          27.655                 2.18         60
      1          0               0     98.200    357.000      0.130           8.684                 1.16         10
      1          0               0    147.400    933.100      0.429          12.812                 1.57         20
      1          0               0    151.200   1505.900      0.768          16.477                 1.85         30
      1          0               0    143.300   1179.400      1.133          20.802                 1.95         40
      1          0               0    155.400   1549.100      2.117          22.144                 2.32         50
      1          0               0    154.500   1515.400      3.445          27.773                 2.17         60
      1          0               0     95.000    352.100      0.127           8.434                  1.2         10
      1          0               0    124.000    612.000      0.400          12.832                 1.57         20
      1          0               0     66.400    811.900      0.355          16.809                 1.82         30
      1          0               0    186.100   1496.800      1.301          21.355                 1.89         40
      1          0               0    101.800    849.100      0.989          24.714                 2.03         50
      1          0               0     41.700    682.700      0.576          24.916                 2.44         60
      1          0               0    192.300    531.800      0.253           8.996                 1.12         10
      1          0               0    198.900   1046.500      0.555          15.250                 1.32         20
      1          0               0    216.800    904.600      0.889          23.419                 1.29         30
      1          0               0    113.700   1130.700      0.709          24.594                 1.64         40
      1          0               0    161.100   1363.200      1.324          28.300                 1.78         50
      1          0               0    126.400   1359.600      1.899          27.903                 2.16         60
      1          0               0    188.900    584.300      0.266           9.359                 1.08         10
      1          0               0    184.200    778.300      0.512          18.615                 1.08         20
      1          0               0    102.500    666.100      0.442          23.573                  1.3         30
      1          0               0    220.100   1352.100      1.288          27.590                 1.46         40
      1          0               0     96.000    936.200      0.924          28.354                 1.77         50
      1          0               0    105.600   1487.200      1.384          29.759                 2.03         60
      1          0               0    161.600    408.800      0.215           9.720                 1.03         10
      1          0               0    288.100    776.900      0.783          15.573                 1.29         20
      1          0               0    151.200    724.400      0.668          20.874                 1.44         30
      1          0               0    277.300   2224.300      1.833          25.180                 1.59         40
      1          0               0    178.000   1776.100      1.631          26.644                 1.88         50
      1          0               0    207.500   1869.000      2.454          28.829                 2.09         60
      1          0               0    187.900    305.300      0.252           8.658                 1.16         10
      1          0               0    165.600    993.500      0.464          14.638                 1.38         20
      1          0               0    212.000   1631.100      1.102          17.194                 1.77         30
      1          0               0    224.000   2061.000      2.050          19.863                 2.02         40
      1          0               0    184.700   2610.300      2.314          22.282                 2.26         50
      1          0               0    193.600   2496.000      3.170          22.574                 2.67         60
      1          0               0     50.400    184.400      0.066           9.333                 1.08         10
      1          0               0    150.400    564.100      0.402          18.098                 1.11         20
      1          0               0    124.600    783.600      0.557          18.177                 1.66         30
      1          0               0    116.400    895.600      0.768          21.702                 1.85         40
      1          0               0    206.700   1599.300      1.926          24.624                 2.04         50
      1          0               0     95.800   1324.400      1.520          22.960                 2.63         60
      1          0               0    162.600    596.800      0.217           9.164                  1.1         10
      1          0               0    206.100    864.300      0.565          17.133                 1.18         20
      0          0               0   2000.000  60000.000      8.751          22.906                 1.31         30
      1          0               0    136.100    958.500      0.827          25.065                  1.6         40
      0          0               0   2000.000 100000.000     15.650          30.935                 1.62         50
      1          0               0    127.100   1520.700      1.478          28.612                 2.11         60
      1          0               0    235.200    360.400      0.309           8.788                 1.14         10
      1          0               0    149.000    984.600      0.410          15.656                 1.29         20
      1          0               0    136.400    931.600      0.574          21.730                  1.4         30
      1          0               0    118.600   1005.600      0.744          24.728                 1.64         40
      1          0               0    152.900   1260.100      1.300          28.683                 1.75         50
      1          0               0    137.000   1232.800      1.410          28.816                  2.1         60
      1          0               0    102.700    235.900      0.133           9.316                 1.08         10
      1          0               0    204.200    690.800      0.568          14.598                 1.38         20
      1          0               0    176.600    996.400      0.812          17.961                 1.69         30
      1          0               0    164.700   1265.200      1.098          21.531                 1.87         40
      1          0               0    138.400   2227.000      1.346          23.751                 2.13         50
      1          0               0    200.200   2934.300      3.365          27.262                 2.22         60
      1          0               0    158.900    340.400      0.210           9.213                 1.09         10
      1          0               0     98.100    684.900      0.285          15.993                 1.28         20
      1          0               0     90.000    854.700      0.414          19.339                  1.6         30
      1          0               0     86.900    808.500      0.593          23.967                 1.68         40
      1          0               0    156.700   1627.300      1.807          27.146                 1.85         50
      1          0               0     87.600   1049.000      1.210          29.941                 2.02         60
      1          0               0     92.100    403.000      0.126           8.481                 1.19         10
      1          0               0    143.300    934.000      0.447          14.908                 1.35         20
      1          0               0    115.600    886.900      0.572          18.092                 1.67         30
      1          0               0    100.300   1096.100      0.707          21.194                  1.9         40
      0          0               0   2000.000 100000.000     19.059          28.840                 1.74         50
      0          0               0   2000.000 120000.000     22.088          31.819                 1.89         60
      1          0               0    186.800    666.700      0.259           7.987                 1.27         10
      1          0               0    306.100   1650.500      0.893          15.307                 1.31         20
      1          0               0    148.100   1387.400      0.651          22.201                 1.36         30
      1          0               0    219.500   2047.200      1.273          26.364                 1.52         40
      1          0               0    169.600   1907.200      1.551          30.640                 1.64         50
      1          0               0    245.600   2599.400      2.738          31.670                  1.9         60
      1          0               0    201.200    662.300      0.272           9.423                 1.07         10
      1          0               0    210.100    878.500      0.667          13.347                 1.51         20
      1          0               0    170.600   1236.600      0.967          16.467                 1.84         30
      1          0               0    175.800   1503.900      1.499          19.429                 2.07         40
      1          0               0    121.500   1208.000      1.337          21.788                 2.32         50
      1          0               0    129.500   1449.800      1.927          23.358                 2.59         60
      1          0               0    115.100    322.400      0.155           9.280                 1.09         10
      1          0               0    196.800    806.400      0.535          18.398                  1.1         20
      1          0               0    213.100   1165.100      0.909          24.283                 1.24         30
      1          0               0     69.400    681.400      0.411          29.125                 1.39         40
      1          0               0    173.200   2458.400      1.642          27.031                 1.86         50
      1          0               0    174.900   2240.100      2.082          27.692                 2.17         60
      1          0               0    263.400    645.100      0.362           9.272                  1.1         10
      1          0               0    258.600   1246.800      0.747          16.146                 1.25         20
      1          0               0    291.600   2188.000      1.238          21.635                 1.39         30
      1          0               0    166.300   2349.300      1.144          24.043                 1.69         40
      1          0               0    144.200   1952.900      1.287          25.547                 1.97         50
      1          0               0    146.600   2710.000      1.867          28.077                 2.16         60
      1          0               0    172.200    455.600      0.231           9.152                  1.1         10
      1          0               0    165.600    667.200      0.463          15.723                 1.28         20
      1          0               0    171.100   1295.400      0.723          21.281                 1.42         30
      1          0               0    169.800   1907.500      1.164          21.446                 1.87         40
      1          0               0    213.900   2535.400      1.895          25.837                 1.95         50
      1          0               0    157.800   2215.900      2.384          29.619                 2.04         60
      1          0               0    127.800    424.500      0.174           7.906                 1.28         10
      1          0               0    230.700   1308.800      0.654          14.378                  1.4         20
      1          0               0    149.000   1511.900      0.664          19.477                 1.55         30
      1          0               0    221.000   1815.100      1.302          26.497                 1.52         40
      1          0               0    184.800   1650.100      1.466          29.267                 1.72         50
      1          0               0    174.800   2120.700      2.079          29.722                 2.03         60
      1          0               0    111.300    324.800      0.146           9.480                 1.06         10
      1          0               0    225.000    636.500      0.604          17.452                 1.15         20
      1          0               0    231.000   1091.000      0.952          24.038                 1.25         30
      1          0               0    247.000   1335.400      1.688          25.883                 1.55         40
      1          0               0    241.700   1355.100      2.082          28.604                 1.75         50
      1          0               0    220.000   2464.000      2.698          29.086                 2.07         60
      1          0               0     94.800    369.200      0.129           8.915                 1.15         10
      1          0               0    237.100   1105.800      0.655          17.403                 1.15         20
      1          0               0    271.800   1444.900      1.155          22.794                 1.32         30
      1          0               0     64.300    640.700      0.424          24.781                 1.62         40
      1          0               0    138.400    856.100      1.317          27.677                 1.82         50
      1          0               0    154.800   1610.700      2.513          25.712                 2.35         60
      1          0               0    135.900    373.800      0.182           8.918                 1.13         10
      1          0               0    104.800    643.600      0.300          14.473                 1.39         20
      1          0               0    101.000    805.500      0.468          17.465                 1.74         30
      1          0               0     92.700    900.100      0.646          19.055                 2.12         40
      1          0               0    131.000   1203.800      1.325          20.851                 2.41         50
      1          0               0     91.100   1199.900      1.460          21.205                 2.86         60
      1          0               0    120.300    412.800      0.162           8.628                 1.16         10
      1          0               0    108.100    533.100      0.319          13.286                 1.53         20
      1          0               0    219.300   1496.200      1.010          19.351                 1.56         30
      1          0               0    180.700   1613.300      1.223          24.348                 1.65         40
      1          0               0    202.500   2480.100      1.836          27.779                  1.8         50
      1          0               0     77.700   1046.100      1.190          31.524                 1.92         60
      1          0               0    111.000    628.700      0.163           6.267                 1.68         10
      1          0               0    174.900   1209.100      0.514          13.723                 1.49         20
      1          0               0    158.500   1147.900      0.737          19.902                 1.53         30
      1          0               0    122.400   1434.400      0.863          22.995                 1.75         40
      1          0               0    128.700   2066.100      1.335          25.359                 1.98         50
      1          0               0    180.400   3174.100      2.600          24.523                 2.46         60
      1          0               0     95.100    365.100      0.126           9.315                 1.08         10
      1          0               0    126.100    439.100      0.361          16.064                 1.26         20
      1          0               0     93.800    984.000      0.449          20.134                  1.5         30
      0          0               0   2000.000  80000.000     11.670          28.878                 1.39         40
      1          0               0    119.400   1666.300      1.045          28.761                 1.75         50
      0          0               0   2000.000 120000.000     24.081          29.987                  2.0         60
      1          0               0    201.000    419.500      0.270           9.533                 1.06         10
      1          0               0     99.800    359.800      0.301          15.233                 1.32         20
      1          0               0    155.200   1424.300      0.711          21.393                 1.41         30
      1          0               0    176.700   1712.700      1.074          26.905                  1.5         40
      1          0               0    139.100   1436.600      1.370          26.320                 1.91         50
      1          0               0    140.400   1611.400      2.148          25.300                 2.39         60
      1          0               0    220.400    471.000      0.298           8.477                 1.19         10
      1          0               0    176.800    592.800      0.487          16.545                 1.21         20
      1          0               0    193.700   1318.600      0.840          20.542                 1.48         30
      1          0               0    154.900    979.600      0.933          26.232                 1.54         40
      1          0               0    113.000   1201.500      0.962          29.396                 1.72         50
      1          0               0    108.200   1591.100      1.449          28.019                 2.17         60
      1          0               0     79.900    179.300      0.106           9.561                 1.05         10
      1          0               0    132.800    589.200      0.362          17.721                 1.13         20
      1          0               0    112.900   1277.000      0.523          21.873                 1.38         30
      1          0               0    102.100   1141.700      0.779          24.235                 1.66         40
      1          0               0    102.700    941.600      1.047          27.648                 1.83         50
      1          0               0     70.800    769.900      1.265          25.638                 2.37         60
      1          0               0     80.900    300.300      0.112           7.943                 1.28         10
      1          0               0     29.800    233.800      0.082          17.309                 1.16         20
      1          0               0    168.600    725.700      0.730          20.948                 1.44         30
      1          0               0     82.200    690.100      0.553          22.974                 1.75         40
      1          0               0    148.000   1305.300      1.461          25.699                 1.95         50
      1          0               0     84.500    915.900      1.139          25.001                 2.42         60
      1          0               0     78.100    320.700      0.103           9.481                 1.06         10
      1          0               0    102.100    609.100      0.296          13.820                 1.45         20
      1          0               0    177.800   1594.300      0.900          16.417                 1.83         30
      1          0               0    117.900   1095.200      0.897          19.796                 2.04         40
      1          0               0    108.800   1262.500      1.409          21.060                 2.39         50
      1          0               0    149.400   1454.300      2.720          23.056                 2.62         60
      1          0               0    200.200    716.400      0.279           8.185                 1.24         10
      1          0               0    199.900    712.700      0.568          14.449                 1.39         20
      1          0               0     88.500    894.400      0.447          20.073                 1.51         30
      1          0               0    165.000   1787.300      1.373          24.595                 1.65         40
      1          0               0    249.500   2482.400      2.489          24.064                 2.09         50
      1          0               0    147.000   1816.900      2.075          22.514                 2.68         60
      1          0               0    119.200    241.000      0.158           8.954                 1.12         10
      1          0               0    156.500    512.300      0.428          17.046                 1.18         20
      1          0               0    146.500   1030.400      0.720          18.924                 1.59         30
      1          0               0    204.600   1270.000      1.502          21.607                 1.86         40
      1          0               0     91.200   1331.800      1.082          21.521                 2.34         50
      1          0               0    125.200   1703.500      1.698          23.765                 2.55         60
      1          0               0     94.600    380.400      0.125           9.034                 1.12         10
      1          0               0     90.800    681.600      0.291          11.480                 1.77         20
      1          0               0    169.100   1211.000      0.931          14.842                 2.04         30
      1          0               0    101.000   1287.900      0.923          19.873                 2.02         40
      1          0               0     80.700   1620.500      1.197          22.211                 2.27         50
      1          0               0    106.200   1737.600      1.651          24.252                 2.49         60
      1          0               0     92.800    346.500      0.131           8.744                 1.16         10
      1          0               0    106.000    698.400      0.309          15.511                 1.31         20
      1          0               0    108.400   1139.700      0.486          20.055                 1.52         30
      1          0               0    217.300   1976.000      1.354          25.751                 1.56         40
      0          0               0   2000.000 100000.000     17.015          30.864                 1.62         50
      1          0               0    189.000   3185.200      2.642          27.476                  2.2         60
      1          0               0    102.600    335.800      0.136           9.372                 1.07         10
      1          0               0    187.600    650.400      0.510          17.013                 1.18         20
      1          0               0     84.400    547.800      0.350          22.276                 1.36         30
      1          0               0    128.200   1017.000      0.798          25.281                 1.59         40
      1          0               0    104.800   1402.700      0.949          26.372                  1.9         50
      1          0               0    142.000   2162.200      1.810          27.567                 2.19         60
      1          0               0     92.600    261.700      0.123           9.289                 1.09         10
      0          0               0   2000.000  40000.000      5.481          16.994                 1.18         20
      1          0               0    204.400    938.500      0.905          21.068                 1.43         30
      1          0               0    239.500   1590.000      1.405          25.724                 1.56         40
      1          0               0    196.100   1814.200      1.787          23.749                 2.12         50
      1          0               0     89.300   1566.200      1.362          23.624                 2.57         60
      1          0               0    108.800    318.500      0.143           9.415                 1.07         10
      1          0               0    159.300   1247.300      0.452          16.262                 1.24         20
      1          0               0    183.100   1902.700      0.803          22.111                 1.37         30
      1          0               0    174.400   1750.800      1.140          26.102                 1.57         40
      1          0               0    138.500   1726.500      1.471          23.541                 2.15         50
      1          0               0    166.200   2243.300      2.630          24.354                 2.48         60
      1          0               0    130.500    455.300      0.178           8.595                 1.17         10
      1          0               0    120.400    857.400      0.337          14.957                 1.34         20
      1          0               0    138.700   1109.400      0.590          21.924                 1.38         30
      1          0               0    183.300   1686.500      1.182          23.385                 1.72         40
      1          0               0    248.100   2327.600      2.202          26.804                 1.87         50
      1          0               0     70.200   1166.700      0.963          26.325                  2.3         60
      1          0               0    146.000    624.700      0.206           8.453                 1.23         10
      1          0               0    205.400   1161.500      0.592          14.796                 1.36         20
      1          0               0    176.500   1344.100      0.907          19.634                 1.54         30
      1          0               0    184.000   1632.800      1.593          19.193                  2.1         40
      1          0               0    157.800   2294.000      1.733          22.204                 2.26         50
      1          0               0    106.100   1742.100      1.906          24.953                 2.42         60
      1          0               0    218.700    551.900      0.294           9.517                 1.06         10
      1          0               0     87.600    663.000      0.268          14.644                 1.38         20
      1          0               0    105.400   1099.800      0.539          18.703                 1.62         30
      1          0               0    116.200   1138.600      0.997          18.694                 2.15         40
      1          0               0    121.300   1827.800      1.623          18.800                 2.67         50
      1          0               0    161.100   1663.800      3.059          21.128                 2.86         60
      1          0               0     97.200    384.900      0.132           8.915                 1.16         10
      1          0               0    137.000    718.100      0.382          17.289                 1.17         20
      1          0               0    202.900   1217.400      0.868          22.506                 1.34         30
      1          0               0    198.900   1653.200      1.323          24.448                 1.65         40
      1          0               0    205.400   2071.800      1.973          28.328                 1.78         50
      1          0               0    211.500   1746.100      3.281          27.473                 2.19         60
      1          0               0     92.300    341.700      0.122           9.082                 1.12         10
      1          0               0    216.000   1399.600      0.605          16.987                 1.19         20
      1          0               0    224.000   1619.400      0.936          21.738                 1.39         30
      0          0               0   2000.000  80000.000     11.720          26.869                 1.49         40
      1          0               0    158.400   2082.400      2.008          25.747                 1.95         50
      0          0               0   2000.000 120000.000     27.085          27.063                 2.22         60
      1          0               0    207.300    927.000      0.276           8.971                 1.12         10
      1          0               0    247.300   1001.500      0.682          16.270                 1.24         20
      1          0               0    163.800    888.100      0.724          20.433                 1.47         30
      1          0               0    148.100   1670.000      0.965          25.718                 1.57         40
      1          0               0    186.200   2099.500      1.846          26.824                 1.87         50
      1          0               0    226.200   2086.700      3.215          31.345                 1.92         60
      1          0               0    135.700    432.000      0.188           8.099                 1.25         10
      1          0               0    166.200    568.800      0.466          16.259                 1.24         20
      1          0               0    100.800    772.300      0.432          22.210                 1.35         30
      1          0               0    196.500   1940.300      1.226          26.125                 1.53         40
      1          0               0    140.500   2207.500      1.240          26.542                 1.89         50
      1          0               0    144.400   1553.900      2.267          26.120                 2.32         60
      1          0               0     74.300    259.100      0.098           9.311                 1.08         10
      1          0               0     74.300    390.900      0.212          15.857                 1.28         20
      1          0               0     94.700    524.200      0.406          22.052                 1.39         30
      1          0               0     94.100    820.800      0.725          20.015                 2.03         40
      1          0               0    132.700   1117.800      1.369          24.022                 2.11         50
      1          0               0    136.800   1212.300      2.165          24.151                 2.52         60
      1          0               0    221.400    616.200      0.291           9.649                 1.04         10
      1          0               0    185.100   1405.700      0.524          15.704                 1.29         20
      1          0               0    182.400   1934.500      0.810          21.730                  1.4         30
      1          0               0    202.200   2538.400      1.369          25.173                 1.61         40
      1          0               0    198.200   2105.600      2.025          27.335                 1.84         50
      1          0               0    207.400   2504.500      3.044          27.558                 2.18         60
      1          0               0    261.700    737.900      0.364           9.274                 1.09         10
      0          0               0   2000.000  40000.000      5.682          15.927                 1.26         20
      1          0               0    203.700   1609.500      1.109          17.622                 1.72         30
      1          0               0    205.900   1434.200      1.489          21.169                  1.9         40
      1          0               0    211.200   2373.000      2.250          24.857                 2.03         50
      1          0               0    188.900   2631.600      3.297          24.181                  2.5         60
      1          0               0     93.700    338.600      0.128           8.580                 1.18         10
      1          0               0    124.200    725.900      0.359          14.320                 1.41         20
      1          0               0    108.800    997.000      0.486          20.453                 1.48         30
      1          0               0    362.100   2620.600      2.320          23.376                 1.72         40
      1          0               0    163.800   1569.700      1.415          23.144                 2.17         50
      1          0               0     91.500   1248.800      1.293          20.919                 2.89         60
      1          0               0    256.700    762.300      0.343           9.547                 1.05         10
      1          0               0    232.500   1372.800      0.646          17.011                 1.19         20
      1          0               0    151.300    726.400      0.642          25.381                  1.2         30
      1          0               0    142.000   1420.300      0.856          26.251                 1.53         40
      1          0               0    191.000   2368.500      1.473          33.128                 1.52         50
      1          0               0    198.000   2757.100      2.061          34.282                 1.76         60
      1          0               0    127.000    540.700      0.174           8.265                 1.22         10
      1          0               0    112.900    640.400      0.310          17.170                 1.17         20
      1          0               0    168.100    956.100      0.702          23.587                 1.28         30
      1          0               0    212.300   1415.400      1.239          28.435                 1.42         40
      1          0               0    115.100   1029.000      0.932          30.540                 1.67         50
      1          0               0    156.100   2017.000      1.873          29.406                 2.05         60
      1          0               0    135.800    231.100      0.182           8.747                 1.15         10
      1          0               0    192.900    645.000      0.540          16.596                 1.21         20
      1          0               0    174.400   1477.200      0.750          21.596                 1.39         30
      1          0               0    176.500   1470.600      1.017          25.831                 1.55         40
      1          0               0    145.500   1323.900      1.234          25.579                 1.97         50
      1          0               0    197.200   1660.400      2.359          26.157                 2.31         60
      1          0               0    122.500    595.100      0.161           8.833                 1.14         10
      1          0               0     88.600    723.100      0.251          13.678                 1.48         20
      1          0               0    135.700    920.500      0.711          19.870                 1.51         30
      1          0               0    151.600   1565.300      0.936          25.178                 1.59         40
      1          0               0    184.000   2102.800      1.816          25.624                 1.96         50
      1          0               0    204.600   1952.800      2.789          29.860                 2.02         60
      1          0               0    113.900    720.600      0.165           7.122                 1.47         10
      1          0               0    165.100   1138.000      0.473          15.674                 1.28         20
      1          0               0    119.600   1010.100      0.534          19.629                 1.54         30
      1          0               0    134.100   1235.900      0.971          22.303                  1.8         40
      1          0               0    111.600   1205.600      1.559          23.500                 2.13         50
      1          0               0    157.100   1680.300      3.223          24.939                 2.41         60
      1          0               0    196.000    935.700      0.264           8.536                 1.18         10
      1          0               0    156.300   1170.800      0.438          14.970                 1.34         20
      0          0               0   2000.000  60000.000     10.298          18.052                 1.66         30
      1          0               0    125.900   1590.400      0.861          25.269                  1.6         40
      1          0               0    182.000   2090.900      1.804          26.621                 1.88         50
      0          0               0   2000.000 120000.000     25.987          26.970                 2.23         60
      1          0               0    211.200    744.000      0.277           9.188                  1.1         10
      1          0               0    253.800    714.800      0.697          17.576                 1.15         20
      1          0               0     69.900    668.400      0.370          20.489                 1.47         30
      1          0               0    191.700   1344.400      1.222          24.574                 1.63         40
      1          0               0    233.600   1463.800      2.026          29.658                 1.69         50
      1          0               0    202.600   2392.100      2.975          33.228                 1.81         60
      1          0               0    135.900    537.500      0.185           8.503                  1.2         10
      1          0               0    168.000    878.200      0.488          13.946                 1.44         20
      1          0               0    206.300   1274.900      0.900          20.470                 1.47         30
      0          0               0   2000.000  80000.000     11.230          28.876                 1.39         40
      1          0               0    208.700   1934.500      2.198          26.818                 1.87         50
      1          0               0    207.600   2286.300      2.595          29.075                  2.1         60
      1          0               0    212.800    454.300      0.274           8.895                 1.13         10
      1          0               0    224.300    795.100      0.616          17.527                 1.15         20
      1          0               0     42.100    392.300      0.189          19.625                 1.54         30
      1          0               0    136.000   1486.700      0.875          22.554                 1.78         40
      1          0               0    156.200   1634.000      1.569          25.169                 2.02         50
      1          0               0     67.300   1250.500      1.008          25.859                 2.35         60
      1          0               0    168.700    579.300      0.220           9.523                 1.06         10
      1          0               0    190.300    923.800      0.513          16.805                 1.19         20
      1          0               0    117.200    751.100      0.488          21.191                 1.42         30
      1          0               0     59.200    651.000      0.362          23.904                 1.68         40
      0          0               0   2000.000 100000.000     16.890          29.888                 1.67         50
      1          0               0    111.700   1635.700      1.578          28.059                 2.15         60
      1          0               0    155.200    715.500      0.208           9.305                 1.08         10
      1          0               0    145.400   1080.000      0.434          13.751                 1.46         20
      1          0               0    113.200   1137.200      0.536          18.333                 1.64         30
      1          0               0    170.100   2026.900      1.279          18.876                 2.13         40
      1          0               0    113.000   1717.200      1.130          21.104                 2.38         50
      1          0               0    113.000   1342.000      1.540          23.814                 2.53         60
      1          0               0    148.600    485.000      0.216           8.072                 1.28         10
      1          0               0    198.000   1071.500      0.569          15.457                  1.3         20
      1          0               0    174.900   1514.000      0.819          20.779                 1.45         30
      1          0               0     85.100    700.300      0.534          26.060                 1.54         40
      1          0               0    149.300   1446.000      1.486          26.632                 1.89         50
      1          0               0    115.100   1612.100      1.741          25.918                 2.33         60
      1          0               0    123.000    361.000      0.156           8.715                 1.15         10
      1          0               0    135.500    913.700      0.391          13.255                 1.52         20
      1          0               0    113.200    989.300      0.606          17.035                 1.81         30
      1          0               0     75.200   1131.800      0.688          18.729                 2.16         40
      1          0               0    159.300   1850.400      2.009          21.518                 2.35         50
      1          0               0    143.100   2008.000      2.650          22.276                 2.72         60
      0          0               0   2000.000  20000.000      2.532           9.004                 1.11         10
      1          0               0    172.800   1155.700      0.439          15.040                 1.34         20
      1          0               0    129.700    863.200      0.507          22.285                 1.35         30
      1          0               0    118.600    608.800      0.749          21.757                 1.85         40
      1          0               0     90.600    712.300      0.812          22.192                 2.27         50
      1          0               0     64.200    944.100      0.851          22.346                  2.7         60
      1          0               0    223.100    615.500      0.278           9.737                 1.03         10
      1          0               0    207.600   1278.500      0.548          16.870                 1.19         20
      1          0               0    253.400   1956.900      1.034          21.850                 1.38         30
      1          0               0    224.200   1777.900      1.284          25.075                  1.6         40
      1          0               0    188.300   2170.100      1.536          27.153                 1.86         50
      1          0               0    185.100   2220.900      1.975          31.201                 1.94         60
      1          0               0    206.200    578.400      0.262           9.155                  1.1         10
      1          0               0    186.900    884.400      0.486          16.595                 1.22         20
      1          0               0    108.700    961.200      0.518          18.293                 1.65         30
      1          0               0     91.500   1166.400      0.777          20.106                  2.0         40
      1          0               0    110.300   1715.300      1.251          21.218                 2.37         50
      1          0               0     90.000   1739.600      1.569          24.098                  2.5         60
      1          0               0    112.800    347.800      0.154           8.184                 1.23         10
      1          0               0     58.200    348.800      0.158          16.598                 1.21         20
      1          0               0    109.100    717.300      0.482          19.194                 1.57         30
      1          0               0    189.000   1642.900      1.317          18.546                 2.17         40
      1          0               0    159.700   1784.800      1.806          21.719                 2.33         50
      1          0               0    169.900   2042.700      2.298          22.741                 2.67         60
      1          0               0    231.700    661.300      0.296           8.679                 1.16         10
      1          0               0    192.600   1390.900      0.507          16.120                 1.25         20
      1          0               0    174.400   1720.400      0.739          19.365                 1.56         30
      1          0               0    128.700   1316.800      0.829          23.413                 1.73         40
      1          0               0    103.800   1009.100      0.968          23.931                 2.11         50
      1          0               0    115.900   1019.700      1.282          26.123                 2.32         60
      1          0               0    110.400    418.200      0.139           8.939                 1.13         10
      0          0               0   2000.000  40000.000      5.357          16.964                 1.18         20
      1          0               0     63.800    549.900      0.267          19.116                 1.59         30
      1          0               0    121.700    997.500      0.814          24.006                  1.7         40
      1          0               0    184.100   1686.000      1.592          27.105                 1.86         50
      1          0               0    115.300   1337.800      1.286          28.864                  2.1         60
      1          0               0    152.600    361.900      0.193           9.592                 1.05         10
      1          0               0    190.000    957.500      0.507          16.502                 1.23         20
      1          0               0     83.500    880.400      0.353          21.389                 1.44         30
      1          0               0    144.800   1349.900      0.901          25.449                 1.61         40
      1          0               0     83.800   1439.800      0.886          26.042                 1.97         50
      1          0               0    138.900   2101.200      2.081          26.909                 2.27         60
      1          0               0    153.800    703.400      0.200           8.090                 1.26         10
      1          0               0     93.800    649.600      0.253          15.513                  1.3         20
      1          0               0    230.800   1635.000      1.005          19.614                 1.55         30
      1          0               0    222.500   2730.000      1.532          19.960                 2.02         40
      1          0               0    228.800   3749.500      2.194          23.888                 2.11         50
      1          0               0    205.100   3070.400      2.905          24.022                 2.51         60
      0          0               0   2000.000  20000.000      2.618           9.044                 1.11         10
      1          0               0    152.500    534.700      0.403          15.480                  1.3         20
      0          0               0   2000.000  60000.000      8.467          18.126                 1.66         30
      0          0               0   2000.000  80000.000     13.016          21.127                 1.89         40
      1          0               0    209.200   2583.100      2.121          25.212                  2.0         50
      1          0               0    159.200   2039.100      2.190          26.013                 2.32         60
      1          0               0    179.400    509.600      0.265           9.221                  1.1         10
      1          0               0    188.200    820.900      0.676          15.749                 1.28         20
      1          0               0    218.100   1485.900      0.971          19.606                 1.54         30
      1          0               0    232.200   2233.100      1.462          25.415                 1.58         40
      1          0               0    197.700   1333.700      1.716          25.947                 1.93         50
      1          0               0    116.800   1235.000      1.289          30.151                  2.0         60
      1          0               0    214.100    621.200      0.274           9.608                 1.05         10
      1          0               0    144.100    617.700      0.379          14.709                 1.36         20
      1          0               0    201.500   1272.100      0.805          21.510                  1.4         30
      1          0               0    191.700   1502.900      1.127          25.116                  1.6         40
      1          0               0    144.000   1432.100      1.214          26.262                 1.92         50
      1          0               0    146.600   1724.300      1.681          30.892                 1.95         60
      1          0               0    110.500    281.300      0.141           8.166                 1.24         10
      1          0               0    192.900    865.200      0.541          14.891                 1.36         20
      1          0               0    149.600   1547.300      0.745          16.141                 1.88         30
      0          0               0   2000.000  80000.000     13.870          21.920                 1.83         40
      1          0               0    179.800   2087.500      1.732          27.348                 1.84         50
      1          0               0    229.900   3165.300      2.896          25.816                 2.33         60
      1          0               0    218.100    705.900      0.277           9.433                 1.07         10
      1          0               0    197.000   1177.700      0.519          16.273                 1.24         20
      1          0               0    186.800   1679.700      0.771          21.829                 1.38         30
      1          0               0    136.000   2003.700      0.906          23.979                 1.68         40
      0          0               0   2000.000 100000.000     16.496          26.839                 1.86         50
      1          0               0    254.700   3199.800      3.128          26.823                 2.24         60
      1          0               0    193.400    839.100      0.250           8.125                 1.24         10
      1          0               0    186.700    943.900      0.508          15.449                  1.3         20
      1          0               0    195.200   1456.700      0.851          20.108                  1.5         30
      1          0               0    162.200   1282.800      1.016          22.575                 1.78         40
      1          0               0    205.800   1821.700      1.923          25.713                 1.95         50
      1          0               0    186.900   1611.400      2.408          26.695                 2.26         60
      1          0               0    231.400    549.500      0.290           9.465                 1.06         10
      1          0               0    195.700   1459.700      0.539          14.421                 1.41         20
      1          0               0    281.600   2010.600      1.141          19.807                 1.52         30
      1          0               0    173.600   1883.700      1.361          23.309                 1.73         40
      1          0               0    247.000   1995.700      2.068          25.224                 1.99         50
      1          0               0    267.100   1777.100      2.917          29.589                 2.03         60
      1          0               0    124.000    340.600      0.156           8.882                 1.13         10
      1          0               0    185.500    791.400      0.503          13.353                 1.51         20
      1          0               0    120.200    972.100      0.526          18.499                 1.64         30
      1          0               0    172.800   1726.600      1.072          23.951                 1.68         40
      1          0               0    109.700   1584.000      1.094          24.837                 2.03         50
      1          0               0    113.100   1339.600      1.410          23.912                 2.53         60
      1          0               0    202.400    399.600      0.255           9.556                 1.05         10
      1          0               0    204.100    735.600      0.555          15.802                 1.27         20
      1          0               0    198.200   1563.300      0.859          20.708                 1.46         30
      1          0               0    255.300   2420.800      2.041          25.069                 1.62         40
      1          0               0    246.100   3059.500      2.606          25.641                 1.97         50
      1          0               0    149.600   2299.600      2.293          26.018                 2.32         60
      1          0               0     69.600    288.800      0.087           9.055                 1.11         10
      1          0               0    185.400    970.700      0.498          15.112                 1.33         20
      1          0               0    165.900   1530.900      0.756          17.863                 1.69         30
      1          0               0    133.200   1855.600      0.925          20.265                 1.99         40
      1          0               0    132.700   1854.400      1.172          24.741                 2.03         50
      1          0               0    144.700   2055.200      1.660          27.679                  2.2         60
      1          0               0    207.300    422.900      0.263           9.707                 1.04         10
      1          0               0    107.900    620.600      0.290          15.809                 1.27         20
      1          0               0    234.200    963.600      0.951          21.681                 1.39         30
      1          0               0    276.100   1831.700      1.554          24.699                 1.63         40
      1          0               0     65.200    902.000      0.595          21.957                 2.31         50
      1          0               0    192.100   2302.300      2.226          24.361                 2.49         60
      1          0               0    170.300    535.600      0.215           9.249                 1.09         10
      1          0               0     83.000    480.400      0.227          13.747                 1.47         20
      1          0               0    195.300   1290.900      0.898          17.757                 1.71         30
      1          0               0    131.500   1183.300      0.947          19.642                 2.07         40
      1          0               0    194.500   2020.300      2.225          22.113                 2.29         50
      0          0               0   2000.000 120000.000     48.822          23.797                 2.53         60
      1          0               0    198.200    725.000      0.258           9.115                  1.1         10
      1          0               0    104.000    551.700      0.276          16.291                 1.24         20
      1          0               0    108.800    752.600      0.450          20.357                 1.48         30
      1          0               0    159.000   1121.900      1.022          22.986                 1.75         40
      1          0               0    162.400   1302.100      1.382          27.475                 1.83         50
      1          0               0    128.000   1433.000      1.450          28.217                 2.14         60
      1          0               0    210.900    351.100      0.271           9.642                 1.04         10
      1          0               0    105.100    384.200      0.274          17.063                 1.18         20
      1          0               0    180.400    786.700      0.726          23.052                 1.31         30
      0          0               0   2000.000  80000.000     10.690          27.958                 1.43         40
      1          0               0    158.800   1301.200      1.172          29.898                 1.69         50
      1          0               0    118.800   1161.300      1.164          31.523                 1.93         60
      1          0               0    223.900    389.900      0.282           9.688                 1.04         10
      1          0               0    192.900    774.700      0.500          14.532                 1.38         20
      0          0               0   2000.000  60000.000      7.980          20.072                  1.5         30
      1          0               0    246.900   1335.500      1.641          21.441                 1.87         40
      1          0               0    171.900   2274.000      1.432          25.783                 1.95         50
      1          0               0    203.900   2222.800      2.560          26.487                 2.27         60
      1          0               0    206.400    641.300      0.263           9.081                 1.12         10
      1          0               0    145.800    825.200      0.412          14.170                 1.43         20
      1          0               0    179.200   1287.200      0.777          20.849                 1.45         30
      1          0               0    177.300   1495.100      1.086          23.372                 1.72         40
      1          0               0    200.600   2376.600      2.132          22.754                  2.2         50
      1          0               0    199.400   3201.000      2.720          24.478                 2.46         60
      1          0               0    162.300    340.000      0.203           9.611                 1.04         10
      1          0               0    206.900   1038.200      0.533          17.085                 1.18         20
      1          0               0    190.600   1481.900      0.810          21.650                  1.4         30
      1          0               0    195.700   1827.900      1.176          23.411                 1.72         40
      1          0               0    236.800   2290.200      2.106          23.321                 2.15         50
      1          0               0    156.500   1632.600      1.908          25.884                 2.33         60
      1          0               0    147.500    659.700      0.194           8.525                 1.19         10
      1          0               0    196.000   1066.400      0.540          16.169                 1.24         20
      1          0               0    205.200   1510.400      0.900          20.286                 1.48         30
      1          0               0    145.700    830.500      0.893          24.541                 1.63         40
      1          0               0    207.300   1576.600      1.764          24.970                 2.01         50
      1          0               0    114.800   1330.600      1.421          27.220                 2.22         60
      1          0               0    120.600    270.900      0.154           8.550                 1.18         10
      1          0               0    108.000    396.200      0.286          16.040                 1.25         20
      1          0               0    205.800    925.500      0.911          16.788                  1.8         30
      1          0               0    165.500   1020.900      1.089          18.801                 2.14         40
      1          0               0    180.900   1452.800      1.662          22.359                 2.26         50
      1          0               0     87.400   1082.500      1.107          21.930                 2.78         60
      1          0               0    164.500    345.300      0.209           8.843                 1.14         10
      1          0               0    134.600    603.400      0.353          15.247                 1.32         20
      1          0               0    157.300   1059.300      0.627          20.989                 1.44         30
      1          0               0    216.000   1162.600      1.303          24.454                 1.64         40
      1          0               0    219.000   1446.000      1.844          24.608                 2.04         50
      1          0               0    141.000   1101.400      1.642          25.689                 2.36         60
      1          0               0     99.300    276.400      0.132           7.790                 1.29         10
      1          0               0     89.900    575.400      0.249          15.812                 1.27         20
      1          0               0    214.100   1587.200      0.961          20.442                 1.48         30
      1          0               0    151.300   1780.400      1.133          21.059                 1.91         40
      1          0               0    104.900   1695.800      1.398          20.943                  2.4         50
      1          0               0     86.800   1805.700      1.428          24.067                 2.51         60
      1          0               0    196.300    853.500      0.256           9.267                 1.09         10
      1          0               0     74.300    375.200      0.201          15.244                 1.34         20
      1          0               0    117.800   1325.600      0.506          20.079                 1.51         30
      1          0               0    146.600   1928.300      0.933          24.080                 1.67         40
      1          0               0    136.600   1860.000      1.164          27.847                 1.81         50
      1          0               0    182.400   2837.900      2.527          27.110                 2.23         60
      1          0               0    116.200    525.400      0.149           8.935                 1.13         10
      1          0               0    104.000    614.700      0.276          15.989                 1.26         20
      1          0               0    116.000    978.500      0.494          19.585                 1.54         30
      1          0               0    100.300   1000.000      0.643          21.317                 1.89         40
      1          0               0    126.000   1043.600      1.120          26.625                 1.88         50
      1          0               0    219.600   2485.300      2.385          27.597                 2.18         60
      1          0               0    161.800    469.000      0.208           9.172                  1.1         10
      1          0               0    218.600    633.000      0.583          18.156                 1.11         20
      1          0               0    176.700   1155.700      0.741          21.647                  1.4         30
      1          0               0    250.300   1548.400      1.565          22.226                 1.81         40
      1          0               0    134.300   1284.100      1.163          26.452                  1.9         50
      1          0               0    179.900   2104.200      1.923          30.257                  2.0         60
      1          0               0    213.600    681.000      0.275           9.603                 1.04         10
      1          0               0    214.100    932.600      0.575          17.584                 1.15         20
      1          0               0    123.700   1208.500      0.526          22.367                 1.38         30
      1          0               0    101.500   1202.400      0.647          23.398                 1.75         40
      1          0               0    134.200   1467.200      1.080          29.285                 1.73         50
      1          0               0    112.800   1609.500      1.312          30.840                 1.98         60
      1          0               0    155.300    348.800      0.206           7.748                  1.3         10
      1          0               0     36.500    227.100      0.098          14.912                 1.35         20
      1          0               0    243.100   1141.100      1.021          22.383                 1.35         30
      1          0               0    207.400   1466.400      1.376          25.057                 1.61         40
      1          0               0    199.000   2290.600      2.090          25.523                 1.97         50
      1          0               0    171.500   2508.200      2.450          25.645                 2.36         60
      1          0               0     69.200    235.400      0.089           8.792                 1.15         10
      1          0               0    253.000   1063.000      0.688          16.168                 1.24         20
      1          0               0    214.200   1343.800      0.949          17.767                  1.7         30
      1          0               0    172.200   1314.000      1.018          22.157                 1.81         40
      1          0               0    110.200    991.600      0.881          26.897                 1.87         50
      1          0               0    142.600   1715.700      1.620          28.273                 2.13         60
      1          0               0    162.600    609.900      0.213           8.910                 1.13         10
      1          0               0     48.700    302.500      0.130          15.569                 1.29         20
      1          0               0    106.800   1060.100      0.451          21.610                  1.4         30
      1          0               0    122.600   1026.900      0.723          25.019                 1.61         40
      1          0               0    116.900   1633.800      0.998          25.204                 1.99         50
      1          0               0    106.900   1792.100      1.336          26.311                 2.31         60
      1          0               0     99.400    481.400      0.130           9.144                 1.11         10
      1          0               0    214.000   1186.900      0.577          16.585                 1.22         20
      1          0               0    206.500   2430.500      0.890          20.082                 1.51         30
      1          0               0    133.500   1725.400      0.833          22.530                 1.79         40
      1          0               0    187.300   2412.800      1.597          25.074                  2.0         50
      1          0               0    156.500   2591.000      1.915          24.877                 2.42         60
      1          0               0    174.300    418.100      0.225           9.504                 1.06         10
      1          0               0    224.200    678.800      0.594          18.149                 1.11         20
      1          0               0    177.800   1135.300      0.831          21.086                 1.44         30
      1          0               0     97.400    872.300      0.661          22.561                 1.78         40
      1          0               0    138.900    923.600      1.282          23.980                  2.1         50
      1          0               0    110.000   1254.200      1.465          24.451                 2.48         60
      1          0               0     91.100    319.000      0.121           8.907                 1.14         10
      1          0               0    143.500   1149.100      0.422          15.515                 1.31         20
      1          0               0    127.000   1428.500      0.670          19.035                  1.6         30
      1          0               0    133.100   2002.900      0.986          20.283                 1.99         40
      1          0               0    161.000   2314.800      1.626          22.776                 2.21         50
      1          0               0    125.000   1875.200      1.865          25.544                 2.37         60
      1          0               0    106.100    493.400      0.135           9.246                 1.09         10
      1          0               0     91.500    623.300      0.257          14.589                 1.38         20
      1          0               0    111.700    905.200      0.492          18.979                 1.58         30
      1          0               0    127.700   1533.900      0.865          22.634                 1.77         40
      1          0               0    110.000   1737.800      1.043          25.477                 1.98         50
      1          0               0    142.900   2302.700      2.270          26.847                 2.25         60
      1          0               0     97.500    396.100      0.126           8.926                 1.13         10
      0          0               0   2000.000  40000.000      5.997          14.983                 1.34         20
      1          0               0    172.400   1520.500      0.771          21.119                 1.43         30
      1          0               0    206.000   1856.800      1.409          21.562                 1.86         40
      1          0               0    129.000   1557.100      1.193          24.787                 2.02         50
      1          0               0    113.000   1513.100      1.387          26.569                 2.27         60
      1          0               0    249.400    935.000      0.326           8.639                 1.16         10
      1          0               0    191.900    732.600      0.530          14.049                 1.43         20
      1          0               0    200.200   1102.500      0.862          19.822                 1.52         30
      1          0               0    252.000   1729.700      1.652          19.694                 2.04         40
      1          0               0    131.000   1061.400      1.311          22.130                 2.27         50
      1          0               0    117.300   1332.600      1.921          22.647                 2.66         60
      1          0               0     70.100    227.900      0.091           8.459                 1.19         10
      1          0               0    138.500    638.900      0.383          12.832                 1.57         20
      1          0               0    102.700    943.200      0.438          19.765                 1.53         30
      1          0               0    152.400   1572.600      0.957          23.218                 1.74         40
      1          0               0    144.000   1601.000      1.374          23.228                 2.18         50
      1          0               0     99.800   1700.800      1.307          23.787                 2.55         60
      1          0               0    133.800    493.400      0.181           8.591                 1.17         10
      1          0               0    162.700   1023.300      0.455          15.220                 1.32         20
      1          0               0    122.900   1103.100      0.576          18.806                 1.61         30
      1          0               0    133.200   1474.600      1.068          21.256                  1.9         40
      1          0               0    133.100   1425.900      1.290          27.802                 1.83         50
      1          0               0    103.900   1596.300      1.238          31.452                 1.95         60
      1          0               0    159.500    343.000      0.203           8.718                 1.15         10
      1          0               0    136.900   1065.700      0.372          15.523                  1.3         20
      1          0               0    222.100   1351.600      0.904          21.415                 1.41         30
      1          0               0    178.900   1730.100      1.150          22.766                 1.76         40
      1          0               0    184.900   1821.300      1.784          25.013                  2.0         50
      1          0               0    233.500   2654.100      2.808          27.797                 2.16         60
      1          0               0    174.300    421.300      0.234           8.454                 1.23         10
      1          0               0    178.000    810.800      0.513          14.015                 1.46         20
      1          0               0    139.100    820.300      0.595          20.206                 1.51         30
      0          0               0   2000.000  80000.000     11.309          24.899                 1.61         40
      1          0               0     98.600   1152.900      0.888          25.292                  2.0         50
      1          0               0    159.300   1540.900      2.143          26.518                 2.28         60
      1          0               0     48.600    235.400      0.064           7.681                 1.33         10
      1          0               0     63.200    318.800      0.172          14.608                 1.38         20
      1          0               0    162.600   1159.400      0.958          19.185                 1.57         30
      1          0               0    126.300   1331.600      1.087          22.137                 1.81         40
      1          0               0    231.900   2835.100      3.142          24.365                 2.06         50
      1          0               0     96.500   1789.900      1.559          25.225                 2.39         60
      1          0               0     97.200    382.600      0.129           7.951                 1.28         10
      1          0               0    111.800    579.200      0.303          16.098                 1.25         20
      1          0               0     83.200    741.700      0.350          20.989                 1.44         30
      1          0               0    220.300   2084.300      1.487          25.037                  1.6         40
      1          0               0    127.500   1717.800      1.297          27.795                 1.81         50
      1          0               0    144.800   1934.600      1.815          28.363                 2.12         60
      1          0               0    163.600    592.600      0.221           7.166                 1.42         10
      1          0               0    137.800    866.000      0.375          15.962                 1.27         20
      1          0               0    136.800   1125.500      0.618          18.364                 1.65         30
      1          0               0    166.700   1590.700      1.084          23.354                 1.74         40
      1          0               0    172.700   2086.300      1.815          22.496                 2.24         50
      1          0               0    276.200   3647.400      3.711          25.052                  2.4         60
      1          0               0    134.100    469.500      0.171           8.688                 1.16         10
      1          0               0    132.300    856.700      0.363          14.831                 1.36         20
      1          0               0    158.100   1097.700      0.920          20.517                 1.47         30
      1          0               0    161.900   1320.800      0.946          25.427                 1.59         40
      1          0               0    182.000   1636.500      1.549          28.553                 1.77         50
      1          0               0    155.000   1809.400      1.887          28.613                 2.13         60
      1          0               0     52.000    235.800      0.065           8.167                 1.24         10
      1          0               0    107.200    582.500      0.291          15.400                 1.31         20
      1          0               0    173.700   1138.500      0.750          20.343                 1.48         30
      1          0               0    135.900   1978.000      0.933          20.788                 1.94         40
      1          0               0    135.400   2048.400      1.337          25.470                 1.98         50
      1          0               0    127.100   2201.100      1.679          25.467                 2.38         60
      1          0               0    177.600    316.300      0.239           9.721                 1.03         10
      1          0               0    135.900    636.100      0.363          17.336                 1.16         20
      1          0               0    157.900    734.900      0.795          20.134                  1.5         30
      1          0               0    119.500   1151.600      0.830          22.350                 1.81         40
      1          0               0    185.000   1524.900      1.643          24.410                 2.05         50
      1          0               0    210.700   2616.900      2.592          26.928                 2.23         60
      1          0               0    120.300    541.000      0.154           8.549                 1.18         10
      1          0               0    130.400    707.900      0.344          16.104                 1.25         20
      1          0               0    116.300    915.100      0.471          20.804                 1.45         30
      0          0               0   2000.000  80000.000     13.465          21.051                  1.9         40
      1          0               0    133.400   1908.500      1.433          24.534                 2.05         50
      1          0               0    135.300   2170.200      2.135          23.900                 2.53         60
      1          0               0     85.200    343.500      0.107           7.991                 1.27         10
      1          0               0    161.100    691.400      0.448          14.269                 1.41         20
      1          0               0    108.100    906.400      0.460          19.539                 1.54         30
      1          0               0    108.800   1142.500      0.750          21.318                 1.88         40
      1          0               0     77.900    888.700      0.698          26.212                 1.91         50
      1          0               0    102.100   1587.100      1.356          25.597                 2.36         60
      1          0               0    123.700    534.100      0.164           7.685                 1.32         10
      1          0               0     99.900    545.800      0.281          13.493                 1.49         20
      1          0               0    143.100   1305.700      0.695          18.773                 1.61         30
      1          0               0    146.400   1539.400      0.975          22.736                 1.77         40
      1          0               0    176.200   2493.500      1.576          25.787                 1.95         50
      1          0               0    141.200   2139.900      1.762          25.886                 2.33         60
      1          0               0    104.800    372.000      0.135           8.405                  1.2         10
      1          0               0    178.400    830.000      0.483          16.205                 1.24         20
      1          0               0    160.400    915.000      0.711          20.765                 1.45         30
      1          0               0     63.700    604.200      0.418          21.179                 1.91         40
      1          0               0    130.000   1644.100      1.149          25.425                 1.98         50
      1          0               0    162.100   2237.100      1.875          28.899                 2.09         60
      1          0               0    157.000    550.300      0.204           9.328                 1.08         10
      1          0               0    150.800   1134.100      0.419          15.377                 1.32         20
      1          0               0    129.800   1024.400      0.586          20.673                 1.48         30
      1          0               0    137.600   1253.700      0.884          22.414                  1.8         40
      1          0               0    167.300   1256.800      1.584          25.258                 1.98         50
      1          0               0    200.400   1775.500      2.363          27.201                 2.21         60
      1          0               0     90.800    379.100      0.119           8.404                 1.21         10
      1          0               0    121.700    746.300      0.333          15.350                 1.31         20
      0          0               0   2000.000  60000.000      9.039          21.874                 1.37         30
      1          0               0    286.800   2576.800      1.924          26.237                 1.53         40
      1          0               0    118.200   1195.400      1.061          29.783                 1.69         50
      1          0               0    111.100   1450.400      1.475          27.372                 2.21         60
      1          0               0    215.900    576.700      0.286           8.911                 1.13         10
      1          0               0     89.200    343.700      0.247          13.672                 1.47         20
      1          0               0    169.000    529.500      0.763          17.975                 1.68         30
      1          0               0    150.800   1071.800      1.160          20.707                 1.95         40
      1          0               0     58.300    747.600      0.559          23.714                 2.15         50
      1          0               0    286.400   2192.100      3.621          24.833                 2.43         60
      1          0               0    143.800    382.900      0.190           7.840                 1.29         10
      1          0               0    157.200    439.500      0.417          15.298                 1.31         20
      1          0               0    114.100    653.600      0.477          19.259                 1.56         30
      1          0               0     55.300    518.000      0.399          22.257                 1.82         40
      1          0               0    120.300    916.800      1.320          24.931                 2.02         50
      1          0               0    118.400    929.900      2.003          27.530                 2.19         60
      1          0               0    178.300    595.400      0.227           8.811                 1.14         10
      1          0               0    217.700    854.600      0.581          15.320                 1.31         20
      1          0               0    237.600   1435.500      0.969          22.972                 1.31         30
      1          0               0    189.300   1130.100      1.024          29.608                 1.36         40
      1          0               0    169.100   1542.300      1.549          29.784                 1.69         50
      1          0               0     89.100   1093.900      1.128          31.407                 1.93         60
      1          0               0    113.200    477.700      0.144           9.199                  1.1         10
      1          0               0    145.000    685.900      0.379          15.644                 1.28         20
      1          0               0    115.500    898.500      0.466          22.030                 1.37         30
      0          0               0   2000.000  80000.000     10.861          27.781                 1.44         40
      1          0               0    164.200   1667.700      1.631          25.480                 1.97         50
      1          0               0    125.300   1508.400      1.563          26.733                 2.25         60
      1          0               0    150.800    748.300      0.195           8.265                 1.22         10
      1          0               0    153.600    373.100      0.410          16.150                 1.24         20
      1          0               0     71.300    755.600      0.325          20.154                 1.49         30
      1          0               0    198.100   1768.100      1.309          22.916                 1.75         40
      1          0               0    224.600   1820.100      1.867          27.194                 1.85         50
      1          0               0    140.200   2150.500      1.859          29.847                 2.02         60
      1          0               0    223.900    757.000      0.290           8.541                 1.18         10
      1          0               0    203.200   1098.800      0.553          15.985                 1.26         20
      1          0               0    157.300   1215.700      0.721          20.533                 1.48         30
      1          0               0    215.400   2040.400      1.285          27.503                 1.47         40
      1          0               0    178.700   1432.100      1.573          28.658                 1.76         50
      1          0               0    171.400   1753.400      2.267          30.111                 2.01         60
      1          0               0    145.000    502.700      0.188           8.125                 1.24         10
      1          0               0    128.000    786.100      0.343          14.959                 1.34         20
      1          0               0    187.100   1268.700      0.745          22.160                 1.36         30
      1          0               0    133.400    935.800      0.796          23.618                 1.71         40
      1          0               0     89.500    956.000      0.897          26.432                 1.91         50
      1          0               0    135.300   1344.400      1.518          28.033                 2.15         60
      1          0               0    160.400    631.600      0.216           7.757                 1.31         10
      1          0               0    221.100   1032.000      0.607          15.212                 1.32         20
      1          0               0    190.200   1092.700      0.879          20.102                  1.5         30
      1          0               0    163.700   1467.800      1.075          23.834                 1.68         40
      1          0               0    200.200   1609.000      2.372          27.210                 1.84         50
      1          0               0    164.200   1601.400      2.005          27.974                 2.15         60
      1          0               0    121.600    481.300      0.154           8.663                 1.16         10
      1          0               0    143.100    875.900      0.381          17.021                 1.19         20
      0          0               0   2000.000  60000.000      7.898          23.840                 1.26         30
      1          0               0    131.500   1160.100      0.765          26.484                 1.53         40
      0          0               0   2000.000 100000.000     15.863          28.930                 1.73         50
      1          0               0    127.500   1679.100      1.649          24.420                 2.46         60
      1          0               0    206.700    745.000      0.270           7.527                 1.35         10
      1          0               0    124.300    532.300      0.330          14.245                 1.41         20
      1          0               0    112.600   1065.800      0.476          20.276                 1.49         30
      1          0               0    168.800   1422.300      1.116          23.297                 1.73         40
      1          0               0    184.500   1770.200      1.758          23.771                 2.13         50
      1          0               0    187.400   2682.200      2.673          25.122                 2.42         60
      1          0               0    118.300    259.000      0.252           8.243                 1.23         10
      1          0               0    175.400    790.900      0.533          14.779                 1.36         20
      1          0               0    182.700   1193.800      0.824          20.559                 1.48         30
      1          0               0    108.900    918.700      0.650          26.140                 1.55         40
      1          0               0    163.000   1384.900      1.487          27.220                 1.86         50
      1          0               0    133.400   1440.400      1.535          27.934                 2.17         60
      1          0               0    107.300    413.900      0.136           9.417                 1.07         10
      1          0               0     83.400    334.400      0.215          17.074                 1.18         20
      1          0               0    187.500    972.900      0.739          23.714                 1.27         30
      1          0               0    205.900   1787.100      1.165          26.486                 1.51         40
      1          0               0    113.400    974.400      1.056          26.963                 1.87         50
      1          0               0    199.000   2112.400      2.792          29.540                 2.04         60
      1          0               0    165.100    541.600      0.205           9.326                 1.08         10
      1          0               0     88.600    758.700      0.249          14.184                 1.42         20
      1          0               0    186.200   1269.100      0.846          16.985                 1.78         30
      1          0               0    214.600   1298.100      1.320          22.203                 1.81         40
      1          0               0    155.900   1754.500      1.327          24.921                 2.02         50
      1          0               0    126.100   1364.800      1.423          25.718                 2.35         60
      1          0               0    218.200    620.600      0.278           9.429                 1.07         10
      1          0               0    188.900    923.400      0.505          15.652                 1.29         20
      1          0               0    141.900   1006.900      0.574          21.899                 1.39         30
      1          0               0    167.100   1795.100      1.044          24.091                 1.68         40
      1          0               0    179.100   1607.700      1.458          25.076                 2.01         50
      1          0               0    141.600   1579.000      1.649          25.744                 2.35         60
      0          0               0   2000.000  20000.000      2.543           8.060                 1.24         10
      1          0               0    232.300   1432.000      0.648          14.163                 1.42         20
      1          0               0     99.000    574.900      0.430          18.859                  1.6         30
      0          0               0   2000.000  80000.000     11.402          26.900                 1.49         40
      1          0               0    146.100   2084.200      1.393          26.386                 1.91         50
      1          0               0    183.900   1816.400      2.407          27.147                 2.22         60
      1          0               0     66.200    167.500      0.082           8.837                 1.14         10
      1          0               0    113.500    698.600      0.308          15.246                 1.32         20
      1          0               0    115.700   1128.700      0.533          19.267                 1.57         30
      1          0               0    113.500   1552.400      0.826          22.989                 1.75         40
      1          0               0    122.600   1727.600      1.049          26.772                 1.88         50
      1          0               0    122.500   1905.900      1.732          26.270                  2.3         60
      1          0               0    180.400    711.500      0.236           7.865                 1.28         10
      1          0               0    200.600    921.400      0.565          13.648                 1.47         20
      1          0               0    128.600   1183.000      0.584          18.021                 1.68         30
      1          0               0     87.800   1522.300      0.634          19.749                 2.05         40
      1          0               0    160.800   2316.800      1.584          26.279                 1.92         50
      1          0               0    148.400   2424.700      1.776          27.513                  2.2         60
      1          0               0     96.100    371.800      0.123           7.883                 1.28         10
      1          0               0    105.000    626.800      0.281          14.606                 1.39         20
      1          0               0    191.100    842.000      0.801          20.045                 1.51         30
      1          0               0    208.800   1527.100      1.363          20.996                 1.92         40
      1          0               0    152.600   1235.900      1.577          23.174                 2.18         50
      1          0               0    123.500   1626.700      1.729          25.126                 2.42         60
      1          0               0    124.700    423.300      0.158           9.105                 1.11         10
      1          0               0    242.800   1036.900      0.654          15.366                 1.31         20
      1          0               0     98.600    956.100      0.553          19.783                 1.54         30
      1          0               0    133.600   1250.800      0.836          23.370                 1.72         40
      1          0               0    186.500   2274.300      1.753          24.135                 2.08         50
      1          0               0    184.300   2690.800      2.436          26.809                 2.26         60
      1          0               0    179.400    762.700      0.228           9.186                  1.1         10
      1          0               0     96.400    583.900      0.254          16.077                 1.25         20
      1          0               0    896.800   6106.500      3.896          20.036                  1.5         30
      1          0               0    787.100   1984.100      4.109          27.782                 1.44         40
      1          0               0    159.700   1501.100      1.189          28.050                  1.8         50
      1          0               0    179.700   1943.400      1.740          31.564                 1.92         60
      1          0               0    212.500    487.600      0.284           9.579                 1.05         10
      1          0               0    210.300    795.300      0.570          16.374                 1.22         20
      1          0               0    188.700   1538.000      0.801          20.896                 1.44         30
      1          0               0    195.700   1409.400      1.217          26.715                  1.5         40
      0          0               0   2000.000 100000.000     15.759          28.925                 1.73         50
      0          0               0   2000.000 120000.000     22.502          26.937                 2.23         60
      1          0               0    201.200    594.400      0.258           8.450                 1.19         10
      1          0               0    186.100   1171.600      0.501          13.489                 1.49         20
      1          0               0    158.000   1014.000      0.654          18.425                 1.63         30
      1          0               0    110.400    970.900      0.657          22.349                  1.8         40
      1          0               0     82.000    687.900      0.675          26.222                 1.91         50
      1          0               0     83.900   1111.900      0.992          28.990                 2.09         60
      1          0               0    132.000    252.700      0.171           8.395                  1.2         10
      1          0               0     80.800    297.600      0.222          15.777                 1.28         20
      1          0               0    205.300   1034.100      0.964          21.868                 1.38         30
      1          0               0    109.200    912.800      0.671          25.823                 1.55         40
      1          0               0    265.500   1760.100      2.092          29.682                 1.69         50
      1          0               0    205.500   1337.600      2.758          30.575                 1.98         60
      1          0               0    229.000    638.700      0.285           9.466                 1.06         10
      1          0               0    196.700    612.200      0.531          16.487                 1.22         20
      1          0               0     52.200    375.600      0.236          20.132                 1.53         30
      1          0               0    143.500   1213.400      0.936          24.700                 1.63         40
      1          0               0    137.300   1330.500      1.363          23.539                 2.14         50
      1          0               0    179.600   1582.300      2.376          25.150                  2.4         60
      1          0               0    138.700    668.100      0.179           8.140                 1.24         10
      1          0               0     61.100    411.100      0.160          15.376                 1.31         20
      1          0               0    169.300   1279.500      0.693          22.403                 1.35         30
      1          0               0    147.000    946.600      0.912          24.928                 1.62         40
      1          0               0    118.000   1468.800      1.374          25.369                 1.99         50
      1          0               0     95.000   1404.300      1.509          28.506                 2.11         60
      1          0               0     55.500    196.700      0.069           8.750                 1.15         10
      1          0               0    273.800   1268.400      0.722          15.263                 1.32         20
      1          0               0    242.000   1049.800      0.960          21.090                 1.43         30
      1          0               0     98.000    796.100      0.548          24.724                 1.64         40
      1          0               0    239.000   2675.300      1.798          32.544                 1.55         50
      1          0               0    154.700   2100.700      1.553          32.403                 1.87         60
      1          0               0    211.400    629.900      0.272           8.473                 1.19         10
      1          0               0    172.900   1154.700      0.474          16.200                 1.24         20
      1          0               0    164.900   1807.300      0.739          20.534                 1.47         30
      1          0               0    112.900    891.800      0.672          24.121                 1.67         40
      1          0               0    264.500   2518.400      2.092          29.263                 1.71         50
      1          0               0    250.500   2748.200      2.644          31.413                 1.92         60
      1          0               0    176.400    664.100      0.227           8.178                 1.23         10
      1          0               0    137.200   1085.200      0.387          13.360                 1.51         20
      1          0               0    128.200   1027.600      0.579          18.449                 1.64         30
      1          0               0    132.100   1465.300      0.869          22.586                 1.78         40
      1          0               0    156.100   1356.500      1.437          26.865                 1.87         50
      0          0               0   2000.000 120000.000     21.841          26.012                 2.31         60
      1          0               0    138.700    533.900      0.181           7.548                 1.34         10
      1          0               0    170.900    927.600      0.467          13.491                 1.49         20
      1          0               0     97.800    734.500      0.425          19.152                 1.57         30
      1          0               0     74.000    708.600      0.505          20.049                 2.02         40
      1          0               0    169.000   1559.300      1.439          23.805                 2.11         50
      1          0               0    112.800   1449.400      1.449          23.748                 2.54         60
      1          0               0     79.600    191.400      0.099           9.588                 1.05         10
      1          0               0    168.800    787.200      0.446          16.980                 1.19         20
      1          0               0    154.000   1175.700      0.695          19.199                 1.58         30
      1          0               0    158.100   1610.700      0.975          24.749                 1.64         40
      1          0               0    113.700   1398.700      1.260          28.302                 1.78         50
      1          0               0    159.500   2263.600      2.300          25.949                 2.32         60
      1          0               0     93.600    336.800      0.120           8.235                 1.23         10
      1          0               0     90.600    616.500      0.258          13.831                 1.45         20
      1          0               0    110.700    840.000      0.487          19.836                 1.53         30
      1          0               0    104.700   1003.400      0.636          25.691                 1.57         40
      1          0               0    172.600   1829.100      1.459          26.654                 1.88         50
      1          0               0    143.400   1421.100      1.613          29.843                 2.02         60
      1          0               0    153.700    393.700      0.194           9.236                 1.09         10
      1          0               0     98.700    522.100      0.266          15.394                 1.31         20
      1          0               0    205.800   1336.100      0.875          20.703                 1.46         30
      1          0               0    153.100    954.200      1.075          20.540                 1.96         40
      1          0               0    104.300   1599.800      1.055          23.633                 2.13         50
      1          0               0    278.700   2572.300      3.593          25.461                 2.36         60
      1          0               0    124.000    454.400      0.157           9.349                 1.08         10
      1          0               0    108.100    462.700      0.288          16.036                 1.26         20
      1          0               0    129.000    762.000      0.511          24.836                 1.22         30
      1          0               0    106.600   1199.400      0.624          29.196                 1.39         40
      1          0               0    144.200   1761.100      1.292          30.707                 1.64         50
      1          0               0    168.300   2231.900      2.196          33.753                  1.8         60
      1          0               0     95.100    454.200      0.124           7.458                 1.37         10
      1          0               0     66.000    464.300      0.197          13.342                 1.51         20
      1          0               0    155.700    822.900      0.791          17.737                  1.7         30
      1          0               0     55.100    712.800      0.400          20.677                 1.97         40
      1          0               0     72.900   1109.500      0.710          25.027                 2.02         50
      1          0               0     90.500   1383.000      1.213          27.741                 2.17         60
      1          0               0    161.500    606.800      0.207           9.469                 1.06         10
      1          0               0     33.200    215.800      0.096          13.485                 1.49         20
      1          0               0    223.200   1668.900      0.910          20.628                 1.46         30
      1          0               0    167.800   1159.100      1.055          23.615                 1.71         40
      1          0               0    168.600   1689.900      1.819          25.786                 1.96         50
      1          0               0    119.600   1156.300      1.588          24.342                 2.48         60
      1          0               0     57.600    253.700      0.075           8.427                 1.19         10
      1          0               0    233.400    744.300      0.635          15.321                 1.31         20
      1          0               0    144.600    928.400      0.623          21.869                  1.4         30
      1          0               0    141.400   1346.800      0.906          24.296                 1.68         40
      1          0               0    119.100   1451.800      1.007          29.983                  1.7         50
      1          0               0    146.200   1780.300      1.784          29.566                 2.05         60
      1          0               0    104.100    419.400      0.137           7.677                 1.31         10
      1          0               0    193.200    844.500      0.532          14.465                 1.39         20
      1          0               0    162.200   1673.700      0.745          18.594                 1.63         30
      1          0               0    102.000   1207.900      0.698          21.830                 1.85         40
      1          0               0    150.600   2286.800      1.862          21.134                 2.38         50
      1          0               0    110.100   2375.600      1.844          24.673                 2.46         60
      1          0               0    155.900    454.100      0.200           8.811                 1.15         10
      1          0               0    157.100    870.500      0.427          15.955                 1.27         20
      1          0               0     90.100    851.800      0.386          19.950                 1.53         30
      1          0               0    206.500   1933.700      1.246          24.545                 1.64         40
      1          0               0    194.500   1695.300      1.530          28.193                 1.78         50
      1          0               0    142.000   1234.300      1.589          28.458                 2.12         60
      1          0               0    167.500    761.800      0.216           8.746                 1.15         10
      1          0               0    113.300    596.500      0.316          15.012                 1.35         20
      1          0               0    141.300   1075.600      0.601          21.105                 1.44         30
      1          0               0    143.900   1278.400      0.898          26.459                 1.55         40
      0          0               0   2000.000 100000.000     15.381          33.719                 1.49         50
      1          0               0    102.400   1496.300      1.377          29.393                 2.09         60
      1          0               0    118.100    370.200      0.153           8.156                 1.24         10
      1          0               0    274.400   1400.000      0.735          14.657                 1.37         20
      1          0               0    118.800   1266.600      0.517          17.821                  1.7         30
      1          0               0    210.300   2029.600      1.230          23.130                 1.74         40
      1          0               0    200.800   1765.200      1.614          25.137                 1.99         50
      1          0               0    182.800   1870.000      1.885          26.906                 2.24         60
      1          0               0    153.400    511.200      0.196           9.493                 1.06         10
      1          0               0    122.000    782.500      0.333          16.329                 1.23         20
      1          0               0     80.400    624.500      0.325          22.777                 1.33         30
      1          0               0    157.400   1050.800      1.022          23.331                 1.72         40
      1          0               0    102.700   1060.200      0.905          25.215                 1.99         50
      1          0               0    157.200   2028.900      1.805          26.810                 2.25         60
      1          0               0    198.400    504.400      0.257           8.512                 1.18         10
      1          0               0    225.100    738.300      0.588          17.492                 1.15         20
      1          0               0    167.800   1094.200      0.716          20.324                 1.48         30
      1          0               0    187.600   1260.200      1.075          23.076                 1.74         40
      1          0               0    133.300   1180.600      1.236          24.635                 2.04         50
      1          0               0    135.100   1328.600      1.604          25.894                 2.32         60
      1          0               0    120.300    336.800      0.154           9.470                 1.06         10
      1          0               0    268.500    949.700      0.776          15.609                 1.28         20
      1          0               0     55.100    426.600      0.267          16.931                 1.78         30
      1          0               0    164.600    783.100      1.145          19.859                 2.02         40
      1          0               0    177.000   1824.600      2.196          20.998                  2.4         50
      1          0               0    152.500   1918.100      2.614          21.982                 2.75         60
      1          0               0    134.400    404.800      0.171           9.096                 1.11         10
      1          0               0    117.600    617.700      0.324          15.766                 1.28         20
      1          0               0    144.000   1102.600      0.611          21.583                  1.4         30
      1          0               0    244.800   2059.700      1.466          28.204                 1.43         40
      1          0               0    188.900   2068.400      1.522          30.724                 1.64         50
      1          0               0    146.700   2065.800      1.608          31.041                 1.95         60
      1          0               0    168.300    668.700      0.221           8.591                 1.18         10
      1          0               0    136.500   1032.100      0.383          12.732                 1.59         20
      1          0               0    173.300   1137.000      0.733          17.817                 1.69         30
      1          0               0    165.200   1949.700      1.012          23.771                 1.69         40
      1          0               0    187.700   2267.400      1.622          28.212                 1.78         50
      1          0               0    113.300   1597.500      1.680          28.087                 2.15         60
      1          0               0    103.600    418.300      0.136           7.893                 1.28         10
      1          0               0     56.400    429.500      0.155          14.096                 1.43         20
      1          0               0     82.500    657.400      0.376          15.714                 1.93         30
      1          0               0    153.900   1369.600      1.070          18.073                 2.22         40
      1          0               0    180.800   2237.400      2.019          20.260                  2.5         50
      1          0               0    171.200   3146.900      3.107          18.560                 3.26         60
      1          0               0    125.600    527.900      0.160           9.545                 1.05         10
      1          0               0    109.100    719.200      0.298          16.114                 1.25         20
      1          0               0     86.600    987.500      0.354          21.441                 1.41         30
      1          0               0    212.000   1682.700      1.288          23.662                  1.7         40
      1          0               0    133.900   1439.100      1.183          25.879                 1.95         50
      1          0               0     82.500   1376.400      0.956          29.012                 2.09         60
      1          0               0     43.300    186.100      0.055           9.180                  1.1         10
      1          0               0    123.000    656.600      0.339          14.970                 1.34         20
      1          0               0    172.900    990.400      0.727          20.754                 1.45         30
      1          0               0    163.900   1293.900      1.134          23.460                 1.71         40
      1          0               0    222.200   2461.900      2.064          27.073                 1.86         50
      1          0               0    151.600   2111.800      1.992          26.398                 2.28         60
      1          0               0    150.300    693.600      0.206           7.701                 1.33         10
      1          0               0    137.100   1215.700      0.393          13.819                 1.46         20
      1          0               0    196.600   2105.100      0.874          19.892                 1.52         30
      1          0               0    143.100   1887.300      0.970          20.442                 1.97         40
      1          0               0    158.200   2281.700      1.370          26.172                 1.92         50
      1          0               0    183.400   2028.400      2.489          27.634                 2.18         60
      1          0               0     90.800    423.200      0.115           9.294                 1.09         10
      1          0               0    201.300    899.100      0.538          16.671                 1.22         20
      1          0               0    125.500    990.000      0.506          24.338                 1.25         30
      1          0               0    138.200    929.600      0.801          26.735                 1.51         40
      1          0               0    140.900   1096.400      1.119          29.507                 1.72         50
      1          0               0     95.800   1183.700      1.066          29.064                  2.1         60
      1          0               0    103.600    295.800      0.134           8.393                  1.2         10
      1          0               0    103.000    486.700      0.282          14.058                 1.43         20
      1          0               0    236.700   1320.800      0.950          20.837                 1.45         30
      1          0               0    127.700   1020.400      0.766          23.243                 1.73         40
      1          0               0     83.100   1225.700      0.672          25.097                  2.0         50
      1          0               0     95.700   1221.400      1.171          26.999                 2.28         60
      1          0               0    142.300    337.900      0.186           9.439                 1.07         10
      1          0               0    151.000   1196.500      0.424          15.072                 1.34         20
      1          0               0    159.900   1390.700      0.676          21.528                  1.4         30
      1          0               0    105.400   1189.800      0.678          23.525                 1.71         40
      1          0               0    104.800   1055.200      1.118          22.669                 2.21         50
      1          0               0     67.500   1078.000      1.044          21.681                 2.79         60
      1          0               0    114.700    315.700      0.150           7.926                 1.27         10
      1          0               0    192.300    802.900      0.525          15.594                  1.3         20
      1          0               0    172.300    898.600      0.790          18.815                  1.6         30
      1          0               0     65.000    599.800      0.419          22.734                 1.77         40
      1          0               0    100.800   1100.300      0.945          26.365                  1.9         50
      1          0               0    217.200   2543.600      2.906          26.106                 2.31         60
      1          0               0    163.600    594.000      0.213           8.594                 1.17         10
      1          0               0    145.100    825.500      0.403          14.879                 1.37         20
      1          0               0    101.900   1059.600      0.444          19.260                 1.59         30
      1          0               0    214.400   1295.800      1.350          24.322                 1.66         40
      1          0               0    174.900   1799.700      1.599          26.659                  1.9         50
      1          0               0    130.000   1495.700      1.486          29.931                 2.02         60
      1          0               0    108.100    316.100      0.139           8.747                 1.15         10
      1          0               0    183.200    879.200      0.491          15.021                 1.34         20
      1          0               0    230.300   1552.700      0.963          20.668                 1.46         30
      1          0               0    218.300   1528.700      1.316          25.781                 1.56         40
      1          0               0    226.700   2086.100      2.000          28.509                 1.76         50
      1          0               0    214.300   2893.700      2.535          29.185                 2.07         60
      1          0               0    138.800    433.000      0.184           7.540                 1.34         10
      1          0               0    134.100    586.700      0.377          13.872                 1.45         20
      1          0               0     93.800    828.500      0.431          20.225                 1.51         30
      1          0               0     84.000    802.600      0.607          22.389                 1.81         40
      1          0               0    111.000   1378.500      1.041          24.708                 2.04         50
      1          0               0    100.000   1355.300      1.235          27.576                  2.2         60
      1          0               0    205.200    463.700      0.279           8.315                 1.22         10
      1          0               0     64.900    380.400      0.177          16.393                 1.23         20
      1          0               0     68.000    686.900      0.281          21.579                 1.39         30
      1          0               0    112.900    976.800      0.712          22.764                 1.76         40
      1          0               0     80.300    825.000      0.680          25.447                 1.97         50
      1          0               0    130.800   1298.000      1.502          28.539                 2.11         60
      1          0               0    183.800    521.800      0.233           9.557                 1.05         10
      1          0               0    155.300    976.300      0.428          15.925                 1.27         20
      1          0               0    155.000    944.700      0.667          19.908                 1.52         30
      0          0               0   2000.000  80000.000     11.792          28.904                 1.38         40
      1          0               0    172.000   2289.100      1.452          29.985                 1.68         50
      1          0               0    166.100   2117.000      2.090          29.919                 2.01         60
      1          0               0    131.600    508.300      0.176           8.127                 1.25         10
      1          0               0     97.600    580.700      0.269          14.425                  1.4         20
      1          0               0    107.100   1119.600      0.461          20.081                  1.5         30
      1          0               0    152.500    976.300      0.906          24.570                 1.63         40
      1          0               0    100.700   1210.500      0.990          24.417                 2.06         50
      1          0               0     75.200   1416.100      1.290          25.945                 2.32         60
      1          0               0    157.700    807.600      0.211           8.259                 1.22         10
      1          0               0    102.100    571.200      0.283          16.610                 1.22         20
      1          0               0     93.900    879.700      0.436          19.558                 1.54         30
      1          0               0    122.200   1144.000      0.891          21.479                 1.88         40
      1          0               0     97.900    948.600      1.181          22.551                 2.24         50
      1          0               0    218.400   2219.900      3.868          25.941                 2.32         60
      1          0               0    118.600    551.900      0.162           7.397                 1.37         10
      1          0               0    155.500    806.800      0.455          13.535                 1.49         20
      1          0               0    129.600    941.200      0.577          20.327                 1.49         30
      1          0               0    134.200   1302.200      0.855          27.317                 1.48         40
      1          0               0    116.500   1430.300      1.083          28.023                  1.8         50
      1          0               0    142.500   1907.400      1.687          29.396                 2.07         60
      1          0               0    171.600    536.500      0.216           9.451                 1.06         10
      1          0               0    159.100    973.600      0.432          16.019                 1.25         20
      1          0               0    181.200   1280.100      0.759          19.735                 1.53         30
      1          0               0    128.800    976.300      0.763          23.278                 1.73         40
      1          0               0    134.300   1588.600      1.367          24.125                 2.08         50
      1          0               0    133.800   2049.100      1.787          26.024                 2.32         60
      1          0               0    146.000    594.400      0.190           8.234                 1.23         10
      1          0               0    137.300    812.300      0.372          14.637                 1.37         20
      1          0               0    113.400   1071.900      0.486          19.925                 1.52         30
      1          0               0    105.300    806.500      0.669          21.557                 1.86         40
      1          0               0    115.500   1636.400      1.004          25.104                  2.0         50
      1          0               0    133.500   2084.800      1.770          28.974                 2.09         60
      1          0               0    220.000    678.400      0.279           9.454                 1.07         10
      1          0               0    136.000    892.200      0.390          13.904                 1.45         20
      1          0               0    219.000   1676.900      0.904          20.899                 1.44         30
      1          0               0    151.500   1466.100      0.955          23.527                 1.71         40
      1          0               0    111.100   1696.900      1.097          26.347                 1.91         50
      1          0               0    116.400   1653.400      1.788          25.553                 2.36         60
      1          0               0    124.800    418.800      0.160           8.747                 1.16         10
      1          0               0    164.500    823.800      0.420          16.972                 1.18         20
      1          0               0    182.100   1054.700      0.722          23.381                 1.29         30
      1          0               0    133.800    865.700      0.816          23.260                 1.73         40
      1          0               0    187.900    884.300      1.637          24.114                 2.08         50
      1          0               0    122.700   1354.700      1.703          23.186                  2.6         60
      1          0               0     66.700    356.800      0.084           8.661                 1.17         10
      1          0               0    137.700    649.300      0.400          14.602                 1.38         20
      1          0               0     82.400    753.200      0.374          20.922                 1.44         30
      1          0               0     74.800    890.800      0.545          23.497                 1.72         40
      1          0               0     78.200   1021.000      0.754          24.942                 2.03         50
      1          0               0     77.600   1184.800      0.933          26.966                 2.23         60
      1          0               0     72.800    230.700      0.093           9.004                 1.11         10
      1          0               0    120.900    567.000      0.329          15.553                  1.3         20
      1          0               0     85.900    943.800      0.372          18.880                  1.6         30
      1          0               0    105.500   1176.000      0.653          22.300                  1.8         40
      1          0               0    129.500   1516.200      1.142          26.666                 1.88         50
      1          0               0     86.700   1687.100      1.132          26.592                 2.27         60
      1          0               0     55.100    215.300      0.071           9.056                 1.12         10
      1          0               0    187.000    841.200      0.492          17.570                 1.15         20
      0          0               0   2000.000  60000.000      8.079          24.927                 1.21         30
      1          0               0    162.300   1043.400      0.908          30.304                 1.33         40
      1          0               0     77.000    848.000      0.653          29.674                 1.72         50
      1          0               0    156.400   1107.500      1.751          34.129                 1.78         60
      1          0               0    156.100    537.300      0.207           8.346                 1.21         10
      1          0               0    116.700    663.500      0.326          14.434                  1.4         20
      1          0               0     97.700    625.200      0.404          22.592                 1.33         30
      1          0               0    108.200   1083.000      0.734          22.040                 1.82         40
      1          0               0    102.200   1270.100      1.128          25.111                 2.01         50
      1          0               0    104.900   1740.500      1.748          24.478                 2.47         60
      1          0               0     68.100    212.200      0.089           7.990                 1.27         10
      1          0               0     79.300    576.700      0.209          14.482                 1.39         20
      1          0               0    101.000   1040.200      0.448          18.196                 1.67         30
      1          0               0    120.700   1205.600      0.793          22.801                 1.79         40
      1          0               0     84.100   1401.100      0.819          24.303                  2.1         50
      1          0               0    120.300   2401.400      1.754          28.365                 2.14         60
      1          0               0     62.000    319.800      0.079           9.323                 1.08         10
      1          0               0     98.600    528.800      0.262          15.299                 1.32         20
      1          0               0    143.600    911.200      0.596          20.331                 1.49         30
      1          0               0     90.000    700.300      0.593          23.183                 1.74         40
      1          0               0     45.300    502.300      0.396          26.486                 1.92         50
      1          0               0     64.800    542.800      0.745          31.099                 1.95         60
      1          0               0     87.400    359.100      0.113           8.914                 1.13         10
      1          0               0    182.800   1338.400      0.515          14.429                 1.39         20
      1          0               0    101.200    932.900      0.457          18.284                 1.65         30
      1          0               0    127.000   1330.400      0.750          25.320                 1.58         40
      1          0               0    108.200    929.900      0.861          27.080                 1.86         50
      1          0               0     74.600   1265.000      0.883          27.681                  2.2         60
      1          0               0     73.600    276.000      0.096           8.250                 1.22         10
      1          0               0     47.100    232.200      0.134          14.274                 1.43         20
      1          0               0     89.400    540.100      0.371          18.157                 1.68         30
      1          0               0    145.800    925.600      0.968          19.706                 2.05         40
      1          0               0     89.500   1361.400      0.937          20.391                 2.47         50
      1          0               0    120.600   1869.500      1.612          23.319                 2.58         60
