success  collision  collision_obst   makespan   flowtime    runtime     mean_groups     mean_groups_size     number
      1          0               0    125.600    341.900      0.244           8.104                 1.25         10
      1          0               0    164.800    650.200      0.632          17.569                 1.15         20
      1          0               0     95.000    707.700      0.617          22.260                 1.37         30
      1          0               0    121.100   1174.100      1.229          24.887                 1.62         40
      1          0               0    117.500   1104.100      1.816          28.577                 1.76         50
      1          0               0     93.100   1410.500      2.821          26.831                 2.25         60
      1          0               0     95.000    432.500      0.182           8.879                 1.14         10
      1          0               0    169.200    663.400      0.705          13.210                 1.52         20
      1          0               0     76.500    412.000      0.514          19.515                 1.54         30
      1          0               0    165.300    944.800      2.381          19.805                 2.03         40
      1          0               0    109.500    813.400      2.319          22.627                 2.22         50
      1          0               0    173.000   2154.200      9.381          23.678                 2.54         60
      1          0               0     45.600    188.100      0.087           8.537                 1.19         10
      1          0               0     64.500    301.600      0.273          15.558                 1.29         20
      1          0               0    109.000    630.200      0.769          19.128                 1.58         30
      1          0               0     93.900    811.300      1.168          22.039                 1.82         40
      1          0               0    106.800   1725.500      1.954          22.490                 2.24         50
      1          0               0    145.600   1995.000      5.112          22.192                 2.72         60
      1          0               0    143.500    359.500      0.285           8.239                 1.23         10
      1          0               0    102.500    609.800      0.405          15.573                 1.29         20
      1          0               0    102.100    938.500      0.707          21.119                 1.44         30
      1          0               0    120.200   1596.600      1.243          24.788                 1.63         40
      1          0               0    125.100   1873.200      2.315          25.911                 1.94         50
      1          0               0    103.300   1672.500      3.149          28.112                 2.14         60
      1          0               0    137.300    350.600      0.259           8.723                 1.15         10
      1          0               0     67.700    452.300      0.260          16.312                 1.24         20
      1          0               0     75.400    776.800      0.504          20.203                 1.51         30
      1          0               0     49.500    594.500      0.532          23.634                  1.7         40
      1          0               0     55.300    802.100      0.919          26.676                 1.88         50
      1          0               0     77.700   1075.400      1.963          26.653                 2.26         60
      1          0               0     59.300    198.700      0.116           8.003                 1.26         10
      1          0               0     95.300    509.700      0.389          14.338                  1.4         20
      1          0               0    132.600    606.900      1.015          20.028                 1.51         30
      1          0               0    118.500   1006.200      1.470          24.923                 1.62         40
      1          0               0    139.200   1824.600      2.828          24.867                 2.02         50
      1          0               0     78.600    949.300      2.112          25.384                 2.39         60
      1          0               0     41.300    165.500      0.082           9.075                 1.11         10
      1          0               0     88.300    411.000      0.365          15.925                 1.26         20
      1          0               0    117.700    879.100      0.862          21.497                 1.41         30
      1          0               0     96.100   1267.700      1.259          24.484                 1.64         40
      1          0               0     81.200   1058.100      1.593          26.557                 1.89         50
      1          0               0     96.600   1694.500      3.723          25.683                 2.35         60
      1          0               0    127.100    604.800      0.239           9.006                 1.12         10
      1          0               0     96.200    741.700      0.377          16.853                 1.19         20
      1          0               0    118.800   1161.300      0.840          18.868                  1.6         30
      1          0               0    123.000   1353.300      1.515          22.934                 1.76         40
      1          0               0    131.100   1721.100      2.381          26.352                 1.91         50
      1          0               0    162.900   2041.200      4.424          28.209                 2.14         60
      1          0               0    107.500    474.400      0.217           7.943                 1.27         10
      1          0               0     95.300    495.000      0.385          15.469                 1.31         20
      1          0               0    180.300   1470.800      1.286          20.540                 1.47         30
      1          0               0    139.100   1143.800      1.627          25.645                 1.57         40
      1          0               0    100.900   1365.000      1.796          27.646                 1.82         50
      1          0               0    138.700   1815.400      3.662          30.968                 1.95         60
      1          0               0     58.500    193.100      0.115           8.901                 1.13         10
      1          0               0    141.000    669.900      0.605          15.901                 1.27         20
      1          0               0    103.900    793.600      0.756          21.230                 1.43         30
      1          0               0    111.500   1028.800      1.330          24.019                 1.68         40
      1          0               0    107.500   1160.500      2.258          22.660                 2.23         50
      1          0               0     78.500   1050.300      3.404          24.043                 2.51         60
      1          0               0    130.600    475.200      0.253           9.364                 1.07         10
      1          0               0    142.600    541.200      0.620          14.786                 1.36         20
      1          0               0    147.300   1047.100      1.361          18.183                 1.66         30
      1          0               0    190.100   2316.500      2.779          22.247                 1.81         40
      1          0               0    132.600   1971.400      3.175          25.921                 1.94         50
      1          0               0    138.600   2788.200      5.689          27.317                 2.21         60
      1          0               0    117.100    402.400      0.251           6.664                 1.53         10
      1          0               0    102.400    660.000      0.466          12.331                 1.64         20
      1          0               0     61.600    665.400      0.586          15.065                 2.01         30
      1          0               0     83.200    961.400      1.115          18.427                 2.19         40
      1          0               0     87.200   1323.300      2.257          20.672                 2.44         50
      1          0               0     83.800   1801.100      5.721          18.204                 3.35         60
      1          0               0     79.800    222.500      0.151           9.149                  1.1         10
      1          0               0     45.800    202.800      0.186          15.135                 1.33         20
      1          0               0     75.800    437.300      0.554          19.045                 1.59         30
      1          0               0     60.400    543.800      0.776          22.674                 1.77         40
      1          0               0     55.200    710.000      1.223          27.194                 1.85         50
      1          0               0     81.100    950.600      3.799          25.371                 2.37         60
      1          0               0    107.200    291.100      0.201           9.446                 1.06         10
      1          0               0    111.100    931.800      0.448          16.070                 1.25         20
      1          0               0    137.800    936.000      0.992          19.291                 1.56         30
      1          0               0    111.600   1305.600      1.344          22.056                 1.82         40
      1          0               0    127.500   1972.900      2.344          24.415                 2.06         50
      1          0               0    108.300   2107.800      2.953          25.601                 2.36         60
      1          0               0    148.200    513.500      0.318           8.327                 1.22         10
      1          0               0    137.300    600.800      0.580          16.362                 1.23         20
      1          0               0    112.200    602.600      0.718          22.624                 1.34         30
      1          0               0    134.100   1115.400      1.335          28.509                 1.41         40
      1          0               0     70.700    840.800      1.244          27.829                  1.8         50
      1          0               0    106.800   1288.900      2.537          29.291                 2.06         60
      1          0               0    107.100    336.400      0.210           8.860                 1.15         10
      1          0               0     91.100    375.700      0.354          17.403                 1.16         20
      1          0               0     62.800    499.300      0.631          18.901                  1.6         30
      1          0               0     90.600    931.600      1.264          22.977                 1.76         40
      1          0               0    143.900   1746.100      2.805          25.309                 1.99         50
      1          0               0    132.900   1882.700      3.869          27.617                 2.19         60
      1          0               0     77.100    334.600      0.152           8.113                 1.25         10
      1          0               0    103.200    724.900      0.428          14.145                 1.42         20
      1          0               0    185.300   1379.700      1.223          20.277                 1.48         30
      1          0               0    107.200   1160.400      1.121          25.143                  1.6         40
      1          0               0    127.400   1236.500      1.776          28.939                 1.74         50
      1          0               0    154.300   1367.700      3.162          30.661                 1.96         60
      1          0               0    117.200    374.400      0.242           7.316                 1.39         10
      1          0               0    171.100   1059.000      0.695          14.847                 1.36         20
      1          0               0     94.800    681.000      0.620          21.594                  1.4         30
      1          0               0     88.300    604.800      0.976          23.345                 1.72         40
      1          0               0     90.000    746.600      1.479          25.738                 1.95         50
      1          0               0     78.500    969.200      3.296          24.879                 2.42         60
      1          0               0    115.300    430.300      0.229           8.947                 1.13         10
      1          0               0    115.600    547.200      0.494          16.580                 1.21         20
      1          0               0    183.400   1511.400      1.253          21.071                 1.43         30
      1          0               0    108.700   1278.300      1.266          24.808                 1.63         40
      1          0               0     93.200   1358.000      2.177          25.957                 1.95         50
      1          0               0     98.100   1523.300      3.525          28.221                 2.17         60
      1          0               0     88.600    373.000      0.171           7.970                 1.27         10
      1          0               0     42.600    182.000      0.184          15.298                 1.32         20
      1          0               0    104.700    603.200      0.819          18.951                 1.59         30
      1          0               0    128.500   1353.500      1.856          21.135                  1.9         40
      1          0               0     94.600   1014.100      2.248          22.801                  2.2         50
      1          0               0    106.400   1411.900      4.068          24.423                 2.47         60
      1          0               0    175.100    570.800      0.338           8.613                 1.18         10
      1          0               0    108.800    549.800      0.435          17.005                 1.18         20
      1          0               0    101.900    724.700      0.708          20.370                 1.48         30
      1          0               0    131.200   1734.600      1.487          22.688                 1.77         40
      1          0               0    132.400   1767.400      2.452          25.526                 1.96         50
      1          0               0    153.300   3313.700      4.045          25.445                 2.37         60
      1          0               0     78.700    270.400      0.156           7.916                 1.28         10
      1          0               0     69.800    568.300      0.317          14.524                  1.4         20
      1          0               0    140.800    822.100      0.942          22.298                 1.37         30
      1          0               0    137.700   1784.300      2.214          22.314                 1.82         40
      1          0               0     68.700   1191.800      1.757          24.645                 2.06         50
      1          0               0     74.900   1455.400      3.243          25.581                  2.4         60
      1          0               0     89.700    274.500      0.218           8.270                 1.23         10
      1          0               0    115.800    505.100      0.547          13.667                 1.47         20
      1          0               0    146.800   1270.600      1.220          19.109                 1.58         30
      1          0               0    138.400   1643.100      1.622          22.615                 1.78         40
      1          0               0    115.100   1203.800      1.882          26.340                 1.92         50
      1          0               0    134.300   1527.200      3.127          29.433                 2.06         60
      1          0               0     65.000    237.000      0.131           8.489                 1.18         10
      1          0               0     94.600    754.300      0.443          13.127                 1.53         20
      1          0               0     91.300    787.100      0.723          19.140                 1.57         30
      1          0               0     85.700    799.900      0.970          22.821                 1.76         40
      1          0               0     90.700    824.700      1.750          24.925                 2.01         50
      1          0               0    108.300   1576.000      3.406          25.306                 2.38         60
      1          0               0     49.400    117.400      0.098           8.583                 1.17         10
      1          0               0     74.000    403.900      0.308          15.457                 1.31         20
      1          0               0    136.900   1002.700      0.927          22.168                 1.38         30
      1          0               0    152.700   1305.900      2.423          24.768                 1.64         40
      1          0               0    169.300   2043.500      7.269          23.898                  2.1         50
      1          0               0     89.900   1464.300      4.817          25.221                 2.39         60
      1          0               0     44.200    134.700      0.083           9.149                  1.1         10
      1          0               0     92.100    478.400      0.382          16.436                 1.23         20
      1          0               0    128.000    818.700      0.854          21.895                 1.38         30
      1          0               0     98.200   1004.900      1.066          26.058                 1.57         40
      1          0               0     70.300    889.100      1.268          25.536                 1.98         50
      1          0               0    131.400   1801.600      8.042          21.131                 2.86         60
      1          0               0     49.800    192.300      0.113           8.538                 1.19         10
      1          0               0    115.400    934.200      0.577          14.517                 1.39         20
      1          0               0    125.600    803.600      0.952          20.401                 1.47         30
      1          0               0     67.100    766.300      0.832          22.306                  1.8         40
      1          0               0    164.500   1522.600      2.844          26.688                 1.88         50
      1          0               0    104.200   1273.800      2.771          27.038                 2.23         60
      1          0               0    121.700    256.600      0.244           8.690                 1.16         10
      1          0               0    127.000    547.800      0.511          16.947                 1.18         20
      1          0               0    143.200    722.900      0.951          21.818                 1.38         30
      1          0               0    131.300   1432.200      1.379          27.478                 1.46         40
      1          0               0    100.000   1360.400      1.952          27.412                 1.83         50
      1          0               0     96.200   1460.700      3.625          29.357                 2.05         60
      1          0               0     74.300    260.800      0.150           8.203                 1.24         10
      1          0               0    141.500    667.800      0.584          16.227                 1.25         20
      1          0               0    129.600   1257.900      1.100          20.416                 1.48         30
      1          0               0    160.700   1944.700      2.090          24.574                 1.65         40
      1          0               0    147.200   2217.300      3.583          25.885                 1.98         50
      1          0               0    134.600   3036.900      7.471          24.139                 2.53         60
      1          0               0     45.700    124.000      0.089           9.155                  1.1         10
      1          0               0    163.900    474.300      0.718          14.661                 1.37         20
      1          0               0     91.100    581.500      0.685          18.356                 1.64         30
      1          0               0     76.700    721.700      0.883          22.544                 1.78         40
      1          0               0     91.200    985.300      1.497          24.292                 2.06         50
      1          0               0     93.600   1356.800      2.705          25.054                 2.41         60
      1          0               0    104.000    328.300      0.199           8.854                 1.15         10
      1          0               0     75.600    410.000      0.426          14.179                 1.41         20
      1          0               0    121.900    811.600      1.256          18.012                 1.69         30
      1          0               0     98.800    913.700      1.433          19.457                 2.07         40
      1          0               0    137.700   1187.200      3.111          20.675                 2.43         50
      1          0               0     97.300   1355.900      4.525          18.400                 3.32         60
      1          0               0    102.600    307.200      0.193           9.370                 1.07         10
      1          0               0     82.600    402.700      0.335          15.035                 1.34         20
      1          0               0     64.200    534.200      0.469          20.861                 1.46         30
      1          0               0     91.500    672.200      1.056          24.574                 1.64         40
      1          0               0     89.500   1118.800      1.871          26.747                 1.88         50
      1          0               0     82.900   1492.900      3.586          26.285                  2.3         60
      1          0               0     73.700    226.700      0.142           8.000                 1.27         10
      1          0               0    103.900    659.600      0.448          13.973                 1.44         20
      1          0               0    114.400    821.800      0.823          20.268                  1.5         30
      1          0               0     98.700    935.000      1.103          22.507                 1.79         40
      1          0               0    107.700   1458.200      1.881          24.842                 2.03         50
      1          0               0    146.400   2938.100      5.181          24.198                  2.5         60
      1          0               0    104.800    194.100      0.203           9.656                 1.04         10
      1          0               0    156.400    853.500      0.625          16.840                 1.19         20
      1          0               0     68.700    382.400      0.481          20.326                 1.49         30
      1          0               0    147.400   1226.200      1.834          21.536                 1.87         40
      1          0               0    151.100   1286.800      3.794          21.745                 2.31         50
      1          0               0    150.600   1832.400      8.195          18.519                 3.25         60
      1          0               0     59.800    172.300      0.116           8.975                 1.12         10
      1          0               0    118.500    560.500      0.500          15.662                 1.29         20
      1          0               0     79.300    592.500      0.631          20.627                 1.47         30
      1          0               0     82.500    829.600      1.225          22.378                 1.81         40
      1          0               0     86.500   1088.200      2.490          24.683                 2.07         50
      1          0               0     74.600   1100.300      3.267          27.643                 2.18         60
      1          0               0     85.100    427.300      0.178           7.367                 1.39         10
      1          0               0    125.300    731.100      0.564          12.883                 1.56         20
      1          0               0    113.000    797.900      0.918          16.413                 1.84         30
      1          0               0     68.200    724.200      1.067          18.997                 2.12         40
      1          0               0     74.100   1069.400      2.458          21.157                  2.4         50
      1          0               0     96.100   1622.100      5.056          23.328                 2.59         60
      1          0               0     83.900    307.400      0.168           8.532                 1.18         10
      1          0               0     55.000    307.000      0.298          11.653                 1.74         20
      1          0               0     97.000    968.400      0.843          16.274                 1.88         30
      1          0               0     77.500   1004.900      1.063          21.009                 1.92         40
      1          0               0    105.100   1322.300      2.510          23.830                 2.11         50
      1          0               0    115.200   1480.700      4.379          24.021                 2.51         60
      1          0               0    173.100    392.600      0.365           7.891                 1.27         10
      1          0               0    139.300    578.600      0.585          15.985                 1.26         20
      1          0               0    125.400    825.200      0.833          23.743                 1.27         30
      1          0               0    119.700    971.000      1.163          25.612                 1.56         40
      1          0               0     91.500    852.500      1.293          29.047                 1.73         50
      1          0               0     83.400    948.200      2.183          27.442                 2.19         60
      1          0               0    107.700    428.000      0.222           8.847                 1.14         10
      1          0               0    185.700    866.500      0.735          17.808                 1.13         20
      1          0               0     97.100    704.900      0.658          22.538                 1.34         30
      1          0               0    135.900   1447.400      1.372          25.779                 1.56         40
      1          0               0    115.300   1348.200      1.899          28.220                 1.78         50
      1          0               0     90.200    968.000      2.369          27.472                  2.2         60
      1          0               0    158.300    361.500      0.307           9.509                 1.06         10
      1          0               0    186.100    539.000      0.729          16.910                 1.19         20
      1          0               0    156.900   1166.500      1.104          21.048                 1.44         30
      1          0               0    162.500   2052.000      1.936          22.711                 1.78         40
      1          0               0    138.100   1274.500      2.726          24.122                 2.08         50
      1          0               0     41.200    672.800      1.443          24.209                 2.49         60
      1          0               0     28.600    119.800      0.055           9.084                 1.11         10
      1          0               0     44.000    219.900      0.181          14.736                 1.36         20
      1          0               0    106.300    665.900      0.740          21.250                 1.42         30
      1          0               0     66.600    587.600      0.819          22.486                 1.79         40
      1          0               0    108.900    820.800      2.371          24.573                 2.04         50
      1          0               0     84.400   1010.700      5.698          22.695                 2.66         60
      1          0               0     93.000    298.400      0.188           8.374                 1.21         10
      1          0               0     54.300    441.500      0.221          16.733                 1.21         20
      1          0               0     63.000    624.100      0.415          22.295                 1.35         30
      1          0               0    119.900    999.900      1.133          27.244                 1.48         40
      1          0               0     99.800   1070.300      1.613          26.039                 1.93         50
      1          0               0    108.100   1746.000      2.781          26.847                 2.25         60
      1          0               0     96.300    293.400      0.185           9.372                 1.07         10
      1          0               0    177.700    798.100      0.673          18.712                 1.07         20
      1          0               0    195.800   1078.800      1.237          22.936                 1.31         30
      1          0               0    112.800   1343.100      1.097          24.770                 1.62         40
      1          0               0     91.300   1314.900      1.295          28.458                 1.76         50
      1          0               0     70.800   1332.500      1.728          26.876                 2.24         60
      1          0               0    125.300    613.200      0.244           8.690                 1.16         10
      1          0               0    127.200    695.400      0.518          15.977                 1.26         20
      1          0               0    130.500   1045.900      0.996          18.032                 1.67         30
      1          0               0    123.900    793.800      1.368          23.038                 1.75         40
      1          0               0    125.800   1266.200      2.037          26.412                 1.91         50
      1          0               0    101.400   1206.300      2.700          26.148                 2.33         60
      1          0               0    136.000    349.000      0.258           9.557                 1.05         10
      1          0               0    127.800    938.500      0.535          14.113                 1.43         20
      1          0               0    122.800   1181.900      0.863          19.413                 1.55         30
      1          0               0    101.200    802.100      1.047          23.369                 1.72         40
      1          0               0    128.700   1424.700      1.900          27.219                 1.85         50
      1          0               0     99.300   1468.900      2.381          28.439                 2.12         60
      1          0               0     73.000    216.900      0.164           9.485                 1.06         10
      1          0               0     69.400    346.400      0.344          15.682                 1.29         20
      1          0               0     47.900    467.300      0.451          19.344                 1.56         30
      1          0               0     64.700    593.400      0.926          22.111                 1.82         40
      1          0               0     78.300   1054.400      2.670          22.895                 2.21         50
      1          0               0    133.400   1963.300      8.092          23.677                 2.59         60
      1          0               0    129.000    376.800      0.251           8.940                 1.13         10
      1          0               0    193.600    991.200      0.788          16.614                 1.21         20
      1          0               0    146.900    504.800      1.089          20.935                 1.44         30
      1          0               0    112.900    958.300      1.638          21.506                 1.87         40
      1          0               0     84.000   1075.500      2.186          20.712                 2.43         50
      1          0               0     79.000   1343.700      3.617          20.580                 2.94         60
      1          0               0     82.700    449.100      0.170           7.266                  1.4         10
      1          0               0     98.900    778.900      0.402          14.724                 1.38         20
      1          0               0    111.800   1156.400      0.799          17.260                 1.75         30
      1          0               0    100.000   1128.700      1.285          22.091                 1.82         40
      1          0               0     46.900    688.800      1.151          23.431                 2.16         50
      1          0               0     87.200   1464.400      3.633          24.752                 2.43         60
      1          0               0    120.300    525.700      0.245           7.834                  1.3         10
      1          0               0    189.800    771.600      0.763          17.115                 1.18         20
      1          0               0    145.300   1105.800      0.902          23.986                 1.26         30
      1          0               0    122.500    845.700      1.741          23.353                 1.72         40
      1          0               0    140.400   1132.600      3.134          25.647                 1.96         50
      1          0               0     44.900    605.900      1.858          26.851                 2.24         60
      1          0               0    132.500    439.900      0.253           8.449                 1.19         10
      1          0               0    152.100    550.400      0.614          15.350                 1.31         20
      1          0               0    188.200   1441.600      1.242          20.509                 1.47         30
      1          0               0    113.700   1275.000      1.486          20.870                 1.93         40
      1          0               0    133.000   1661.300      3.209          23.445                 2.14         50
      1          0               0    128.400   1324.500      7.494          22.505                 2.68         60
      1          0               0    102.000    578.800      0.213           6.774                 1.51         10
      1          0               0     94.800    643.600      0.442          13.980                 1.45         20
      1          0               0    129.700    885.700      0.898          20.619                 1.46         30
      1          0               0     87.900    988.100      1.076          22.548                  1.8         40
      1          0               0     91.100    870.100      1.572          25.282                 1.99         50
      1          0               0    105.000   1007.700      3.345          26.031                 2.33         60
      1          0               0    112.900    455.800      0.217           8.558                 1.18         10
      1          0               0     68.800    400.200      0.283          15.343                 1.31         20
      1          0               0    133.600    826.100      0.957          18.792                  1.6         30
      1          0               0    147.500   1268.600      1.698          22.717                 1.77         40
      1          0               0     91.600   1014.500      1.961          23.652                 2.13         50
      1          0               0     93.600   1531.900      3.134          27.393                 2.21         60
      1          0               0     43.200    166.400      0.084           9.104                 1.11         10
      1          0               0    104.100    642.000      0.417          14.855                 1.35         20
      1          0               0     86.500    827.100      0.636          19.142                 1.58         30
      1          0               0     78.900    895.500      1.011          23.191                 1.74         40
      1          0               0    123.300   1741.200      2.329          25.458                 1.98         50
      1          0               0     53.800   1068.500      1.559          27.459                 2.21         60
      1          0               0     53.900    244.100      0.103           8.846                 1.14         10
      1          0               0     69.200    254.700      0.291          14.012                 1.44         20
      1          0               0    139.400    653.900      1.044          20.140                  1.5         30
      1          0               0    119.600    771.300      1.489          20.829                 1.93         40
      1          0               0    131.500    769.100      2.623          24.856                 2.02         50
      1          0               0     92.400    985.600      2.506          27.287                 2.21         60
      1          0               0     94.700    359.500      0.188           8.130                 1.24         10
      1          0               0    128.000    411.400      0.550          13.426                 1.49         20
      1          0               0    116.100   1076.100      1.020          15.280                 1.97         30
      1          0               0     97.100    882.600      1.378          21.274                 1.89         40
      1          0               0    108.600   1313.300      2.541          22.933                 2.19         50
      1          0               0     75.000   1310.800      2.810          26.727                 2.26         60
      1          0               0     18.800     75.700      0.036           9.372                 1.08         10
      1          0               0    157.800    871.700      0.623          15.845                 1.27         20
      1          0               0    142.200   1392.800      0.978          21.425                 1.41         30
      1          0               0    151.100    997.900      1.770          22.740                 1.77         40
      1          0               0    206.400   2882.400      3.516          25.820                 1.94         50
      1          0               0    115.000   1597.600      3.486          25.754                 2.36         60
      1          0               0    122.700    463.300      0.237           7.761                 1.31         10
      1          0               0     64.700    355.100      0.270          14.522                 1.38         20
      1          0               0     73.900    634.300      0.512          20.524                 1.47         30
      1          0               0     86.400   1067.800      1.065          22.844                 1.77         40
      1          0               0    157.000   2133.100      2.363          25.996                 1.94         50
      1          0               0     84.000   1169.700      2.606          23.693                 2.55         60
      1          0               0     67.400    281.500      0.138           8.104                 1.27         10
      1          0               0    154.300    501.000      0.730          13.331                 1.52         20
      1          0               0    118.400    780.700      0.914          19.267                 1.58         30
      1          0               0    139.200   1494.800      1.721          21.465                 1.88         40
      1          0               0    149.200   1459.500      2.973          24.682                 2.04         50
      1          0               0    151.400   1423.600      3.904          25.009                 2.41         60
      1          0               0     89.400    208.300      0.172           8.917                 1.13         10
      1          0               0    186.400   1174.300      0.768          16.099                 1.25         20
      1          0               0    154.000   1574.900      1.034          22.452                 1.34         30
      1          0               0    127.000   1405.500      1.428          24.835                 1.61         40
      1          0               0    114.100   1953.700      2.540          22.941                 2.19         50
      1          0               0    128.100   2089.200      3.592          26.868                 2.24         60
      1          0               0     83.700    302.000      0.171           8.676                 1.17         10
      1          0               0    114.600    635.100      0.564          12.785                 1.57         20
      1          0               0    134.000   1071.000      1.250          15.899                 1.91         30
      1          0               0    113.900   1105.000      1.973          18.341                  2.2         40
      1          0               0    101.600   1060.200      4.185          19.535                 2.63         50
      1          0               0    117.600   1313.400      6.680          25.483                 2.37         60
      1          0               0     76.800    246.500      0.151           8.118                 1.24         10
      1          0               0    114.400    610.500      0.624          12.165                 1.66         20
      1          0               0     60.200    569.600      0.672          16.488                 1.84         30
      1          0               0    142.000   1412.500      1.878          21.191                  1.9         40
      1          0               0     59.800    602.900      1.375          23.258                 2.16         50
      1          0               0     30.800    552.100      1.267          24.198                 2.53         60
      1          0               0    148.500    521.500      0.285           8.842                 1.14         10
      1          0               0    118.800    689.100      0.478          16.027                 1.25         20
      1          0               0    168.500    791.500      1.064          22.773                 1.33         30
      1          0               0    113.100   1095.000      1.225          24.066                 1.67         40
      1          0               0    100.800   1282.400      1.693          25.643                 1.97         50
      1          0               0     87.400   1142.000      4.105          25.621                 2.35         60
      1          0               0    162.600    471.000      0.309           9.359                 1.08         10
      1          0               0    122.600    564.100      0.475          18.143                 1.11         20
      1          0               0    134.000    723.800      0.859          23.796                 1.28         30
      1          0               0    153.100   1154.200      1.572          26.469                 1.52         40
      1          0               0     63.800    617.100      1.306          27.144                 1.85         50
      1          0               0     95.400   1258.300      3.049          28.392                 2.13         60
      1          0               0    137.100    331.800      0.257           9.507                 1.06         10
      1          0               0    208.000    984.800      0.852          15.389                  1.3         20
      1          0               0    120.100   1161.900      0.869          21.022                 1.43         30
      1          0               0    198.300   1684.300      2.419          24.722                 1.62         40
      1          0               0     84.400   1181.600      1.551          26.541                 1.89         50
      1          0               0    144.600   1702.700      3.738          27.698                 2.18         60
      1          0               0    130.300    235.300      0.252           8.685                 1.16         10
      1          0               0    150.700    945.500      0.607          14.445                  1.4         20
      1          0               0    191.000   1650.900      1.556          16.547                 1.84         30
      1          0               0    128.200   1600.600      1.840          18.420                 2.19         40
      1          0               0    156.100   2238.800      3.866          21.287                 2.37         50
      1          0               0    145.900   2116.200      6.801          21.512                  2.8         60
      1          0               0     38.800    136.300      0.076           9.106                 1.11         10
      1          0               0    107.500    451.200      0.407          17.946                 1.12         20
      1          0               0     83.300    807.400      0.650          17.976                 1.69         30
      1          0               0    123.700    923.300      1.541          21.063                 1.91         40
      1          0               0    134.000   1272.000      2.995          22.032                 2.28         50
      1          0               0    110.200   1434.300      5.973          21.263                 2.85         60
      1          0               0    132.100    572.600      0.253           8.623                 1.17         10
      1          0               0     98.600    598.100      0.433          16.363                 1.24         20
      1          0               0     84.800    688.600      0.658          20.896                 1.45         30
      1          0               0     59.900    651.700      0.709          23.394                 1.72         40
      1          0               0     51.600    557.100      0.890          27.316                 1.85         50
      1          0               0    107.600   1389.600      2.907          26.407                 2.28         60
      1          0               0    182.300    265.400      0.349           8.759                 1.14         10
      1          0               0    147.800    835.400      0.589          15.996                 1.26         20
      1          0               0     97.200    668.900      0.694          21.043                 1.44         30
      1          0               0     72.000    641.100      0.819          24.337                 1.66         40
      1          0               0     81.000    622.700      1.301          27.804                 1.81         50
      1          0               0     86.500    917.400      2.122          27.479                  2.2         60
      1          0               0     77.900    183.100      0.146           9.222                 1.09         10
      1          0               0    155.100    718.800      0.718          13.485                  1.5         20
      1          0               0    130.000   1094.000      1.088          16.905                 1.79         30
      1          0               0    104.300   1146.600      1.546          20.720                 1.95         40
      1          0               0     84.400   1418.000      2.680          20.944                 2.41         50
      1          0               0    154.100   2451.100      6.797          25.230                 2.39         60
      1          0               0    137.800    293.300      0.265           9.115                 1.11         10
      1          0               0     77.800    485.100      0.321          15.990                 1.27         20
      1          0               0     75.900    649.900      0.562          19.570                 1.58         30
      1          0               0     75.900    711.400      1.057          23.551                 1.71         40
      1          0               0    108.000   1225.900      2.273          26.460                  1.9         50
      1          0               0     57.300    896.600      2.336          27.232                 2.22         60
      1          0               0     68.100    289.600      0.139           7.822                 1.29         10
      1          0               0    113.000    725.600      0.533          14.557                 1.38         20
      1          0               0     97.900    711.800      0.810          17.845                 1.69         30
      1          0               0     76.100    763.800      1.197          20.304                 1.98         40
      1          0               0     85.200   1170.700      2.336          24.919                 2.02         50
      1          0               0    102.800   1251.600      3.550          27.423                  2.2         60
      1          0               0    130.100    445.600      0.271           8.155                 1.24         10
      1          0               0    200.200    970.600      0.876          15.359                 1.32         20
      1          0               0    131.000   1291.000      0.932          21.806                 1.38         30
      1          0               0    152.900   1277.200      1.435          26.143                 1.54         40
      1          0               0    157.000   1562.200      2.290          29.736                 1.69         50
      1          0               0    190.500   2433.300      4.359          30.506                 1.97         60
      1          0               0    153.000    424.500      0.298           9.151                  1.1         10
      1          0               0    162.400    522.400      0.798          13.347                 1.51         20
      1          0               0    139.800    949.700      1.665          15.737                 1.94         30
      1          0               0     94.300    982.400      1.854          18.064                 2.23         40
      1          0               0    120.900   1302.100      3.101          21.711                 2.33         50
      1          0               0     98.500   1246.800      4.303          22.804                 2.66         60
      1          0               0     88.000    211.000      0.167           9.123                 1.11         10
      1          0               0    140.300    618.400      0.530          18.369                  1.1         20
      1          0               0    150.200    731.600      0.959          24.133                 1.25         30
      1          0               0     52.500    579.800      0.560          27.070                 1.49         40
      1          0               0    137.800   1586.300      3.358          25.308                 1.98         50
      1          0               0     64.400    928.900      1.942          25.075                  2.4         60
      1          0               0    213.400    687.100      0.399           9.145                 1.12         10
      1          0               0    172.100    792.800      0.713          16.064                 1.26         20
      1          0               0    170.800   1490.800      1.222          21.293                 1.42         30
      1          0               0    201.200   2784.400      2.341          23.924                 1.69         40
      1          0               0    109.000   1756.700      2.066          24.764                 2.04         50
      1          0               0    158.900   3377.100      4.708          26.615                 2.27         60
      1          0               0    137.000    396.000      0.257           9.018                 1.12         10
      1          0               0    105.200    546.700      0.441          15.270                 1.32         20
      1          0               0    138.100   1050.000      0.862          21.390                 1.41         30
      1          0               0    128.000   1518.200      1.738          20.410                 1.97         40
      1          0               0    163.800   1858.600      3.015          25.321                 1.99         50
      1          0               0    121.800   1993.500      3.915          28.383                 2.13         60
      1          0               0     96.000    342.400      0.197           7.403                 1.37         10
      1          0               0    165.000    959.000      0.679          14.360                  1.4         20
      1          0               0    109.600   1282.700      0.791          19.442                 1.55         30
      1          0               0    159.100   1701.800      1.606          25.640                 1.57         40
      1          0               0    153.600   1881.200      2.479          27.963                  1.8         50
      1          0               0    114.700   1635.900      3.216          26.741                 2.26         60
      1          0               0     89.100    248.400      0.169           9.384                 1.07         10
      1          0               0    181.500    512.000      0.695          17.331                 1.16         20
      1          0               0    174.100    838.800      1.071          24.024                 1.25         30
      1          0               0    150.700   1037.200      1.937          24.388                 1.65         40
      1          0               0    136.100   1551.500      2.489          27.361                 1.83         50
      1          0               0    135.400   1615.000      4.031          27.571                 2.19         60
      1          0               0    198.600    469.000      0.404           9.531                 1.06         10
      1          0               0     86.400    449.300      0.377          16.308                 1.24         20
      1          0               0    195.200   1312.500      1.322          22.119                 1.37         30
      1          0               0    110.000    538.100      1.369          24.944                 1.61         40
      1          0               0     98.700    721.700      2.290          26.084                 1.94         50
      1          0               0    113.300   1512.600      7.354          24.660                 2.46         60
      1          0               0     59.800    184.900      0.115           8.538                 1.18         10
      1          0               0     84.300    513.100      0.375          13.883                 1.45         20
      1          0               0     81.100    604.200      0.657          16.604                 1.82         30
      1          0               0     55.700    468.600      0.818          18.045                 2.23         40
      1          0               0     83.300    722.000      1.874          20.212                 2.49         50
      1          0               0     77.500   1000.100      2.771          19.728                 3.07         60
      1          0               0     88.600    322.700      0.178           8.298                 1.21         10
      1          0               0    136.400    591.200      0.617          13.378                 1.51         20
      1          0               0    158.500   1271.400      1.203          19.136                 1.58         30
      1          0               0    131.300   1230.500      1.720          24.219                 1.66         40
      1          0               0    130.200   1226.400      2.856          27.684                 1.81         50
      1          0               0    113.100   1058.200      3.438          29.826                 2.02         60
      1          0               0     79.800    424.000      0.177           5.784                 1.82         10
      1          0               0    117.600    881.800      0.564          12.858                  1.6         20
      1          0               0     87.100    748.300      0.802          18.293                 1.67         30
      1          0               0     94.900   1101.100      1.348          22.354                  1.8         40
      1          0               0    101.200   1837.400      2.638          24.122                 2.08         50
      1          0               0    106.000   1884.600      5.634          22.341                  2.7         60
      1          0               0     76.000    293.600      0.157           9.349                 1.08         10
      1          0               0     55.000    397.700      0.255          14.495                  1.4         20
      1          0               0     80.200    742.300      0.698          19.622                 1.54         30
      1          0               0    122.300   1044.300      1.402          25.540                 1.58         40
      1          0               0     83.200   1223.600      1.543          27.349                 1.84         50
      1          0               0     81.900   1364.300      2.142          27.665                 2.18         60
      1          0               0    154.100    329.400      0.295           9.342                 1.08         10
      1          0               0     74.100    263.500      0.395          14.930                 1.35         20
      1          0               0    115.700    901.900      0.958          20.284                 1.48         30
      1          0               0    101.800   1191.400      1.200          24.202                 1.66         40
      1          0               0    136.000   1682.900      3.697          24.091                 2.09         50
      1          0               0     89.300   1436.300      5.609          23.458                 2.58         60
      1          0               0    147.000    397.300      0.284           8.650                 1.16         10
      1          0               0    175.000    699.100      0.699          15.533                 1.29         20
      1          0               0    141.500   1240.100      1.103          18.657                 1.62         30
      1          0               0    108.100   1078.800      1.197          24.660                 1.64         40
      1          0               0     88.900   1125.000      1.546          27.746                 1.81         50
      1          0               0     82.000   1309.400      2.789          25.888                 2.33         60
      1          0               0     57.400    124.100      0.115           9.552                 1.05         10
      1          0               0     95.000    441.500      0.377          16.875                 1.19         20
      1          0               0     75.300    782.600      0.582          21.761                 1.38         30
      1          0               0     96.500   1163.400      1.198          25.021                 1.61         40
      1          0               0     53.700    665.400      1.006          27.257                 1.86         50
      1          0               0     51.300    590.000      2.279          24.712                 2.45         60
      1          0               0     58.300    212.200      0.119           7.890                 1.28         10
      1          0               0     25.300    189.300      0.101          17.221                 1.17         20
      1          0               0    134.100    544.800      0.953          20.378                 1.48         30
      1          0               0     48.400    530.800      0.680          22.417                  1.8         40
      1          0               0    110.600    972.000      2.669          24.617                 2.04         50
      1          0               0     58.400    786.100      2.038          23.887                 2.53         60
      1          0               0    145.200    455.800      0.282           9.564                 1.05         10
      1          0               0     83.400    472.300      0.421          13.680                 1.47         20
      1          0               0     61.200    560.600      0.588          16.791                  1.8         30
      1          0               0    127.200   1431.700      2.018          20.369                 1.98         40
      1          0               0     87.100   1079.200      5.537          19.543                 2.58         50
      1          0               0    128.800   1319.900     13.857          22.628                 2.66         60
      1          0               0    153.500    608.500      0.312           8.326                 1.22         10
      1          0               0    154.100    585.300      0.665          14.523                 1.38         20
      1          0               0     76.300    701.200      0.573          20.284                 1.49         30
      1          0               0    165.900   1640.100      2.133          24.203                 1.67         40
      1          0               0    150.400   2031.900      3.226          23.388                 2.15         50
      1          0               0     92.900   1330.900      4.288          21.069                 2.87         60
      1          0               0     85.100    162.400      0.167           9.029                 1.11         10
      1          0               0    209.600    711.300      0.859          15.557                 1.29         20
      1          0               0    160.300   1049.900      1.959          18.090                 1.67         30
      1          0               0    153.900   1738.400      2.863          20.365                 1.97         40
      1          0               0     65.600   1150.600      2.190          19.671                 2.56         50
      1          0               0     97.500   1432.600      4.522          20.635                 2.93         60
      1          0               0     72.600    268.800      0.146           9.065                 1.11         10
      1          0               0     62.800    533.500      0.342          11.596                 1.75         20
      1          0               0    127.700    956.700      1.528          14.643                 2.06         30
      1          0               0     80.100   1161.700      1.965          19.481                 2.07         40
      1          0               0     73.400   1360.000      3.934          21.022                  2.4         50
      1          0               0     70.000   1258.100      3.703          23.849                 2.53         60
      1          0               0     68.800    282.500      0.145           8.629                 1.17         10
      1          0               0     89.600    553.600      0.404          15.065                 1.35         20
      1          0               0     83.600    877.400      0.633          20.566                 1.48         30
      1          0               0    163.400   1657.500      1.726          25.006                 1.61         40
      1          0               0     82.400   1293.900      1.581          27.420                 1.84         50
      1          0               0    118.200   2199.000      4.986          23.955                 2.52         60
      1          0               0     76.100    172.300      0.150           9.524                 1.05         10
      1          0               0    141.600    496.200      0.561          16.895                 1.19         20
      1          0               0     95.100    423.600      0.633          22.538                 1.34         30
      1          0               0    103.100    706.600      1.169          23.632                  1.7         40
      1          0               0     64.800    874.200      1.212          25.006                 2.01         50
      1          0               0    118.900   1954.200      3.495          26.350                 2.29         60
      1          0               0     71.900    181.600      0.144           8.972                 1.13         10
      1          0               0    121.700    544.900      0.517          16.202                 1.24         20
      1          0               0    163.600   1026.900      1.296          19.718                 1.53         30
      1          0               0    153.800   1413.800      1.595          23.899                 1.68         40
      1          0               0     89.600   1112.800      1.875          20.695                 2.43         50
      1          0               0     63.800   1225.200      2.639          22.083                 2.75         60
      1          0               0     83.100    243.400      0.153           8.990                 1.12         10
      1          0               0    113.100    910.300      0.454          15.775                 1.29         20
      1          0               0    161.800   1475.900      1.074          22.218                 1.37         30
      1          0               0     91.900   1232.900      1.182          24.325                 1.68         40
      1          0               0    130.200   1585.900      2.923          22.704                 2.22         50
      1          0               0    136.600   2186.300      4.745          24.144                  2.5         60
      1          0               0     96.200    361.800      0.180           8.665                 1.16         10
      1          0               0    133.900    816.000      0.522          15.371                 1.31         20
      1          0               0     69.900    739.000      0.482          21.519                 1.41         30
      1          0               0     70.100    904.300      0.832          22.583                 1.78         40
      1          0               0     66.000    993.500      1.251          25.630                 1.97         50
      1          0               0     77.900   1209.800      2.647          26.069                 2.33         60
      1          0               0    119.500    414.900      0.240           8.877                 1.15         10
      1          0               0    162.400   1124.400      0.676          14.740                 1.36         20
      1          0               0    167.600   1393.100      1.642          18.820                  1.6         30
      1          0               0    151.800   1612.600      2.848          19.574                 2.06         40
      1          0               0    119.500   1636.300      3.567          21.738                 2.31         50
      1          0               0     85.800   1613.300      4.456          24.604                 2.45         60
      1          0               0    170.700    431.300      0.313           9.508                 1.06         10
      1          0               0     71.700    612.600      0.339          14.241                 1.42         20
      1          0               0    111.300   1079.400      1.047          18.588                 1.63         30
      1          0               0     90.300   1232.500      1.544          18.100                 2.23         40
      1          0               0     94.600   1702.800      2.908          18.390                 2.73         50
      1          0               0    106.700   1446.300      6.268          19.649                 3.07         60
      1          0               0     64.700    264.100      0.120           8.941                 1.15         10
      1          0               0     95.600    526.300      0.369          17.141                 1.19         20
      1          0               0    115.100    771.100      0.762          21.890                 1.39         30
      1          0               0    129.500   1264.000      1.348          24.420                 1.65         40
      1          0               0    131.200   1869.400      2.063          27.748                 1.81         50
      1          0               0    123.400   1596.900      3.144          27.337                 2.21         60
      1          0               0    114.700    325.300      0.249           9.302                 1.09         10
      1          0               0    146.700   1020.200      0.569          16.618                 1.22         20
      1          0               0    170.300   1330.900      1.076          20.898                 1.44         30
      1          0               0    118.500   1140.700      1.399          24.048                 1.68         40
      1          0               0    114.200   1511.500      3.201          23.999                  2.1         50
      1          0               0    109.800   1850.400      4.217          27.273                 2.21         60
      1          0               0    138.100    604.900      0.254           8.907                 1.15         10
      1          0               0    180.300    517.500      0.697          16.144                 1.25         20
      1          0               0    113.900    667.500      0.889          19.186                 1.57         30
      1          0               0    171.300   1785.600      1.836          25.217                  1.6         40
      1          0               0    165.900   1929.300      3.832          25.092                 2.01         50
      1          0               0     99.800   1573.500      3.007          30.071                  2.0         60
      1          0               0     96.600    346.100      0.210           7.786                  1.3         10
      1          0               0    132.900    655.500      0.513          15.628                 1.28         20
      1          0               0     73.400    498.400      0.681          21.266                 1.42         30
      1          0               0     88.800    834.700      1.640          25.157                  1.6         40
      1          0               0    141.700   1354.900      2.824          25.356                 1.98         50
      1          0               0    110.600   1424.200      3.833          23.493                 2.57         60
      1          0               0     51.900    186.700      0.101           8.408                 1.21         10
      1          0               0     55.700    296.100      0.245          14.456                 1.41         20
      1          0               0     72.300    388.500      0.535          18.772                 1.61         30
      1          0               0     89.200    751.900      1.366          18.691                 2.16         40
      1          0               0     66.100    800.700      1.710          20.238                 2.49         50
      1          0               0     68.600    685.200      3.554          20.136                 3.01         60
      1          0               0    167.300    434.700      0.316           9.451                 1.06         10
      1          0               0    163.400   1304.400      0.654          15.112                 1.33         20
      1          0               0    176.100   2024.800      1.212          21.080                 1.44         30
      1          0               0    128.100   1335.400      1.660          23.077                 1.75         40
      1          0               0    134.000   1938.900      2.343          26.647                 1.89         50
      1          0               0    176.700   2265.300      4.315          26.096                 2.31         60
      1          0               0    183.100    550.100      0.340           8.966                 1.14         10
      1          0               0    147.800    819.400      0.616          15.106                 1.33         20
      1          0               0    165.800   1389.700      1.723          16.775                  1.8         30
      1          0               0    133.400   1481.600      2.187          20.277                 1.98         40
      1          0               0    161.700   2325.900      4.849          22.050                 2.28         50
      1          0               0    124.100   2451.400      8.497          21.037                 2.87         60
      1          0               0     69.000    252.800      0.129           8.471                 1.19         10
      1          0               0     83.400    627.800      0.343          13.929                 1.44         20
      1          0               0     87.500    696.600      0.609          19.882                 1.52         30
      1          0               0    129.500   1034.200      1.540          21.642                 1.86         40
      1          0               0     84.700   1074.700      1.493          22.501                 2.24         50
      1          0               0     98.800   1196.500      3.063          21.307                 2.84         60
      1          0               0    197.700    476.200      0.358           9.374                 1.08         10
      1          0               0    186.600    845.400      0.735          16.579                 1.21         20
      1          0               0    135.100    616.000      0.811          25.234                  1.2         30
      1          0               0    132.400   1460.500      1.293          26.773                  1.5         40
      1          0               0    152.500   1901.900      2.075          32.554                 1.54         50
      1          0               0    145.000   1953.600      3.200          32.324                 1.86         60
      1          0               0     95.400    371.100      0.181           8.580                 1.17         10
      1          0               0     75.100    399.700      0.291          16.739                  1.2         20
      1          0               0    107.000    592.200      0.664          22.407                 1.35         30
      1          0               0     85.800   1058.500      0.832          25.436                 1.59         40
      1          0               0     89.000    859.600      1.275          28.016                  1.8         50
      1          0               0     94.800   1183.200      2.582          26.536                 2.27         60
      1          0               0    101.100    173.900      0.192           8.675                 1.16         10
      1          0               0    145.800    682.600      0.562          16.585                 1.21         20
      1          0               0    129.600   1241.400      0.894          21.329                 1.41         30
      1          0               0     98.900    948.800      0.992          24.738                 1.62         40
      1          0               0    151.500   1708.200      2.438          25.040                 2.01         50
      1          0               0     92.700   1178.100      2.543          24.895                 2.42         60
      1          0               0     93.800    526.000      0.176           8.620                 1.17         10
      1          0               0     68.200    575.600      0.290          13.328                 1.52         20
      1          0               0     57.800    430.700      0.394          20.682                 1.46         30
      1          0               0    104.200   1068.900      1.179          24.138                 1.66         40
      1          0               0    140.300   1946.400      2.797          24.621                 2.04         50
      1          0               0    151.800   1953.500      4.152          28.388                 2.13         60
      1          0               0     82.400    475.500      0.182           6.994                  1.5         10
      1          0               0    120.700    698.100      0.489          15.414                  1.3         20
      1          0               0     91.100    737.100      0.705          19.446                 1.55         30
      1          0               0     87.300   1072.800      1.173          21.499                 1.87         40
      1          0               0     72.300    869.900      2.991          22.874                  2.2         50
      1          0               0     82.300   1231.500      5.140          22.329                 2.71         60
      1          0               0    103.300    436.800      0.196           8.477                 1.19         10
      1          0               0    117.600    742.800      0.504          14.698                 1.37         20
      1          0               0     96.000    968.700      0.918          18.565                 1.62         30
      1          0               0    109.400   1477.500      1.257          23.815                 1.69         40
      1          0               0    122.000   1869.100      3.171          25.353                 1.98         50
      1          0               0    104.800   1275.800      3.845          25.219                 2.39         60
      1          0               0    146.900    448.800      0.274           9.078                 1.12         10
      1          0               0    200.600    606.700      0.836          16.349                 1.23         20
      1          0               0    115.800    593.900      0.837          20.708                 1.46         30
      1          0               0    139.800   1116.800      1.617          23.052                 1.74         40
      1          0               0    179.700   1274.000      3.114          26.795                 1.87         50
      1          0               0    165.500   1918.300      4.274          30.106                  2.0         60
      1          0               0    118.700    502.500      0.224           8.497                  1.2         10
      1          0               0    131.000    980.300      0.535          14.600                 1.38         20
      1          0               0    115.200    940.500      0.829          19.259                 1.57         30
      1          0               0    107.800   1235.300      1.173          25.714                 1.57         40
      1          0               0    135.200   1621.100      2.829          25.562                 1.97         50
      1          0               0    151.500   2111.300      4.260          28.140                 2.15         60
      1          0               0    159.400    328.000      0.299           8.728                 1.15         10
      1          0               0    219.100    542.700      0.823          17.959                 1.12         20
      1          0               0     32.900    315.500      0.261          18.948                  1.6         30
      1          0               0    108.000    910.000      1.301          21.996                 1.83         40
      1          0               0    149.800   1349.100      3.532          24.463                 2.07         50
      1          0               0     82.100   1315.700      3.314          25.659                 2.36         60
      1          0               0    127.100    374.400      0.230           9.577                 1.05         10
      1          0               0    210.800    699.000      0.785          16.805                  1.2         20
      1          0               0     87.000    570.200      0.565          20.655                 1.46         30
      1          0               0     54.000    586.800      0.582          23.874                 1.69         40
      1          0               0     85.800   1133.600      1.506          26.064                 1.93         50
      1          0               0    103.900   1314.500      2.880          26.516                 2.27         60
      1          0               0    127.100    571.400      0.236           9.063                 1.11         10
      1          0               0     75.600    695.900      0.322          14.060                 1.43         20
      1          0               0     95.400    875.200      0.799          18.217                 1.65         30
      1          0               0     67.400   1027.200      1.042          18.389                  2.2         40
      1          0               0     88.100   1531.100      2.066          20.429                 2.46         50
      1          0               0     71.600    905.900      2.562          21.581                  2.8         60
      1          0               0    121.700    400.300      0.239           8.008                 1.29         10
      1          0               0    152.100    821.000      0.621          15.290                 1.32         20
      1          0               0    138.200   1080.400      1.009          20.711                 1.46         30
      1          0               0     69.100    509.100      0.758          25.933                 1.55         40
      1          0               0     90.100    872.200      2.103          26.270                 1.92         50
      1          0               0     95.900   1713.300      4.027          27.480                 2.19         60
      1          0               0     87.500    249.500      0.166           8.560                 1.18         10
      1          0               0     95.400    596.500      0.521          12.854                 1.58         20
      1          0               0     80.900    957.800      1.019          16.012                 1.94         30
      1          0               0    134.900   1563.000      3.038          18.583                 2.17         40
      1          0               0    125.100   1825.500      6.656          19.943                 2.54         50
      1          0               0    117.200   1569.700     11.439          20.282                 2.98         60
      1          0               0     84.200    362.400      0.160           9.015                 1.13         10
      1          0               0    140.800    832.200      0.570          14.279                 1.41         20
      1          0               0     92.100    718.800      0.606          21.642                  1.4         30
      1          0               0     90.200    673.900      1.128          20.468                 1.97         40
      1          0               0     81.400    706.000      1.604          22.007                 2.28         50
      1          0               0     40.400    635.100      1.544          21.985                 2.75         60
      1          0               0    150.200    333.000      0.280           9.702                 1.03         10
      1          0               0    184.600   1316.500      0.723          16.495                 1.22         20
      1          0               0    189.800   1520.900      1.305          20.628                 1.46         30
      1          0               0    159.400   1248.500      1.552          24.584                 1.63         40
      1          0               0    170.700   2174.700      2.874          25.537                 1.97         50
      1          0               0    160.400   2251.200      3.964          28.748                  2.1         60
      1          0               0    156.100    543.200      0.294           9.153                  1.1         10
      1          0               0    143.800    683.300      0.542          16.540                 1.22         20
      1          0               0     90.400    789.000      0.839          18.018                 1.68         30
      1          0               0     67.100    893.900      0.978          20.151                 1.99         40
      1          0               0     79.800   1253.600      2.830          20.768                 2.43         50
      1          0               0     70.200   1405.100      4.983          22.137                 2.73         60
      1          0               0     77.900    276.800      0.152           8.062                 1.25         10
      1          0               0     50.000    304.800      0.198          16.138                 1.25         20
      1          0               0     61.200    562.400      0.452          18.498                 1.63         30
      1          0               0    116.400    883.900      1.585          17.996                 2.24         40
      1          0               0    118.600   1596.000      3.069          21.939                  2.3         50
      1          0               0     97.700   1609.600      3.657          21.894                 2.77         60
      1          0               0     78.400    311.700      0.149           8.399                  1.2         10
      1          0               0    133.800   1262.800      0.519          15.955                 1.26         20
      1          0               0    151.300   1565.300      1.134          18.697                 1.62         30
      1          0               0     97.900    663.900      1.085          23.101                 1.77         40
      1          0               0     95.200    894.600      1.579          24.046                  2.1         50
      1          0               0    128.400   1246.000      3.387          25.734                 2.35         60
      1          0               0     79.700    330.200      0.151           8.626                 1.18         10
      1          0               0     55.700    246.900      0.224          15.519                 1.29         20
      1          0               0     68.500    549.100      0.455          19.727                 1.54         30
      1          0               0     58.500    714.200      0.861          21.103                 1.93         40
      1          0               0     66.400   1050.100      1.520          24.218                 2.08         50
      1          0               0     87.800   1132.900      2.801          27.024                 2.23         60
      1          0               0    126.100    312.400      0.233           9.537                 1.06         10
      1          0               0    158.700    723.700      0.633          15.660                  1.3         20
      1          0               0    118.700   1016.200      0.777          22.586                 1.36         30
      1          0               0     87.500   1128.200      1.118          23.849                 1.71         40
      1          0               0     85.400   1367.000      2.062          26.441                 1.94         50
      1          0               0     98.200   1829.900      4.755          24.863                 2.45         60
      1          0               0    119.700    491.200      0.231           7.426                 1.37         10
      1          0               0     79.700    508.300      0.321          14.848                 1.35         20
      1          0               0    158.700   1169.000      1.143          18.997                 1.62         30
      1          0               0    134.300   1909.300      2.037          19.480                 2.08         40
      1          0               0    132.400   2644.200      3.302          23.029                  2.2         50
      1          0               0    126.200   2826.000      6.568          23.002                 2.62         60
      1          0               0     76.300    189.700      0.140           9.097                 1.11         10
      1          0               0    117.800    435.800      0.465          15.194                 1.32         20
      1          0               0    119.900    680.000      0.852          18.999                 1.59         30
      1          0               0    104.700    924.200      1.218          22.071                 1.82         40
      1          0               0    116.900   1391.900      2.716          23.454                 2.15         50
      1          0               0     96.800   1415.300      3.703          24.616                 2.45         60
      1          0               0     97.700    366.300      0.180           9.061                 1.12         10
      1          0               0    159.100    976.500      0.611          15.654                 1.29         20
      1          0               0    161.300   1829.300      1.239          18.927                  1.6         30
      1          0               0    172.800   1551.300      2.043          24.794                 1.62         40
      1          0               0    154.500   1331.500      3.217          24.518                 2.04         50
      1          0               0     77.200   1117.200      2.206          28.510                 2.11         60
      1          0               0    136.700    373.200      0.264           9.425                 1.07         10
      1          0               0    110.000    360.700      0.469          14.488                 1.39         20
      1          0               0    171.000   1266.600      1.107          20.685                 1.46         30
      1          0               0    154.700   1587.100      1.739          24.449                 1.65         40
      1          0               0    131.400   1311.300      2.181          26.621                 1.89         50
      1          0               0    121.000   1572.400      3.340          29.552                 2.04         60
      1          0               0     79.100    210.400      0.151           8.226                 1.23         10
      1          0               0    148.600    732.000      0.629          14.973                 1.35         20
      1          0               0    117.400    970.300      0.972          16.784                  1.8         30
      1          0               0    135.300   1805.400      2.081          21.718                 1.85         40
      1          0               0    164.000   2308.900      3.414          26.261                 1.91         50
      1          0               0    134.800   2578.500      4.254          24.951                 2.42         60
      1          0               0     95.200    332.600      0.177           9.224                 1.09         10
      1          0               0    158.800   1091.800      0.616          16.100                 1.25         20
      1          0               0    174.400   1776.700      1.181          20.997                 1.44         30
      1          0               0    127.900   1889.000      1.728          23.080                 1.74         40
      1          0               0    155.200   2679.700      3.182          24.569                 2.04         50
      1          0               0    126.400   2036.500      4.709          25.179                 2.39         60
      1          0               0    155.100    737.400      0.294           8.213                 1.23         10
      1          0               0    147.700   1020.900      0.615          14.907                 1.35         20
      1          0               0    146.500   1246.400      1.149          18.801                  1.6         30
      1          0               0    124.600   1480.500      1.766          20.816                 1.93         40
      1          0               0    136.900   1461.800      3.439          23.584                 2.13         50
      1          0               0     83.300   1069.500      3.817          24.315                 2.49         60
      1          0               0     93.100    360.100      0.174           9.218                  1.1         10
      1          0               0    141.200   1032.800      0.603          14.261                 1.42         20
      1          0               0    168.300   1589.400      1.122          19.610                 1.54         30
      1          0               0    160.700   1676.100      1.776          22.489                 1.79         40
      1          0               0    181.400   1658.300      3.013          24.490                 2.05         50
      1          0               0    115.500   1355.200      2.863          28.709                  2.1         60
      1          0               0     94.900    193.500      0.179           8.867                 1.13         10
      1          0               0    126.500    685.300      0.523          13.243                 1.52         20
      1          0               0     88.400    644.100      0.650          18.387                 1.65         30
      1          0               0    180.400   1341.300      1.963          23.560                 1.71         40
      1          0               0    138.900   1377.900      2.425          24.305                 2.07         50
      1          0               0    100.500   1213.100      2.834          23.866                 2.54         60
      1          0               0    144.500    366.000      0.266           9.453                 1.07         10
      1          0               0    152.500    522.300      0.619          15.738                 1.27         20
      1          0               0    127.800   1075.000      1.031          19.746                 1.53         30
      1          0               0    111.100   1310.200      1.893          22.466                 1.81         40
      1          0               0    157.000   2474.200      4.133          25.414                 1.99         50
      1          0               0    121.400   1997.200      5.531          26.200                 2.31         60
      1          0               0     55.500    226.000      0.103           8.769                 1.15         10
      1          0               0    131.500    796.100      0.539          14.755                 1.37         20
      1          0               0    136.100   1319.900      1.066          16.890                 1.79         30
      1          0               0    129.300   1631.000      1.765          18.363                  2.2         40
      1          0               0     97.700   1430.700      1.896          22.840                 2.21         50
      1          0               0    100.700   1566.500      3.378          24.920                 2.43         60
      1          0               0    161.500    291.600      0.292           9.625                 1.04         10
      1          0               0     87.200    554.000      0.357          15.197                 1.32         20
      1          0               0     98.200    507.600      0.683          19.927                 1.51         30
      1          0               0     81.100    986.100      0.871          23.425                 1.72         40
      1          0               0     89.300   1247.600      1.712          21.404                 2.36         50
      1          0               0     95.300   1457.000      3.030          22.623                 2.71         60
      1          0               0    108.800    330.300      0.210           9.059                 1.12         10
      1          0               0     74.700    334.000      0.348          13.000                 1.55         20
      1          0               0    147.700   1129.500      1.324          16.957                 1.79         30
      1          0               0     74.000   1025.600      1.045          18.332                 2.21         40
      1          0               0    107.100   1419.900      2.581          20.015                 2.51         50
      1          0               0     70.600   1558.400      6.953          18.892                 3.21         60
      1          0               0     86.600    366.900      0.166           8.828                 1.14         10
      1          0               0    111.800    655.100      0.444          15.867                 1.27         20
      1          0               0    108.800    595.200      0.784          19.978                 1.51         30
      1          0               0    122.400   1083.500      1.527          22.474                 1.79         40
      1          0               0     47.200    551.900      0.965          25.714                 1.96         50
      1          0               0    103.900   1158.200      2.635          27.617                 2.19         60
      1          0               0    148.800    318.900      0.286           9.607                 1.05         10
      1          0               0     74.600    248.900      0.312          17.067                 1.18         20
      1          0               0    150.200    593.000      0.999          21.873                 1.38         30
      1          0               0    152.000   1057.100      1.789          24.979                 1.61         40
      1          0               0    188.100   1360.800      4.002          27.469                 1.84         50
      1          0               0     65.000    747.500      2.047          27.822                 2.17         60
      1          0               0    151.400    303.700      0.274           9.584                 1.05         10
      1          0               0    159.900    777.200      0.619          14.391                  1.4         20
      1          0               0    118.500    897.300      0.745          20.804                 1.45         30
      1          0               0     91.600    529.100      1.075          21.983                 1.83         40
      1          0               0    148.500   1743.200      2.754          25.446                 1.97         50
      1          0               0     99.200   1133.800      2.876          23.933                 2.52         60
      1          0               0    154.000    423.600      0.295           8.881                 1.13         10
      1          0               0     88.100    652.600      0.400          14.251                 1.42         20
      1          0               0     99.400    981.300      0.787          20.314                 1.49         30
      1          0               0    119.700   1272.900      1.498          22.518                 1.78         40
      1          0               0    167.600   2642.800      4.299          22.693                 2.21         50
      1          0               0    138.300   2407.900      5.120          24.163                 2.49         60
      1          0               0    112.300    359.800      0.204           9.586                 1.05         10
      1          0               0    143.300    626.700      0.548          16.819                  1.2         20
      1          0               0    139.900    975.800      1.020          21.334                 1.42         30
      1          0               0    192.900   1810.700      2.099          22.619                 1.78         40
      1          0               0    176.100   2123.100      3.547          23.268                 2.16         50
      1          0               0    118.700   1700.300      3.538          24.738                 2.44         60
      1          0               0    145.800    628.300      0.280           8.340                 1.23         10
      1          0               0    142.100    855.300      0.597          15.830                 1.27         20
      1          0               0    172.400   1365.800      1.310          19.766                 1.52         30
      1          0               0     95.200    733.000      1.101          23.932                 1.68         40
      1          0               0    156.400   1699.700      2.964          23.916                  2.1         50
      1          0               0     91.500   1325.700      3.418          25.489                 2.38         60
      1          0               0     88.400    197.200      0.180           8.560                 1.18         10
      1          0               0     90.800    303.500      0.374          15.443                  1.3         20
      1          0               0    150.300    818.600      1.295          16.138                 1.88         30
      1          0               0    134.700    797.900      1.793          18.653                 2.16         40
      1          0               0    129.600   1321.800      2.967          21.690                 2.33         50
      1          0               0     74.500    994.700      2.808          20.565                 2.96         60
      1          0               0    123.200    249.200      0.237           8.823                 1.14         10
      1          0               0    110.500    331.300      0.442          15.106                 1.33         20
      1          0               0    123.400    882.900      0.793          20.890                 1.44         30
      1          0               0    178.300   1717.800      1.958          23.692                 1.69         40
      1          0               0    177.100   2325.100      3.813          22.994                 2.18         50
      1          0               0     65.900    738.500      2.383          22.950                 2.63         60
      1          0               0     68.400    264.000      0.136           7.806                 1.29         10
      1          0               0     57.200    400.000      0.243          15.182                 1.32         20
      1          0               0    136.300   1254.100      1.186          18.906                  1.6         30
      1          0               0    109.500   1586.500      1.835          20.777                 1.93         40
      1          0               0     79.500   1399.900      3.294          21.054                 2.38         50
      1          0               0     67.200   1394.200      5.029          23.406                 2.58         60
      1          0               0    142.700    584.300      0.278           9.148                  1.1         10
      1          0               0     57.600    360.500      0.234          15.688                 1.29         20
      1          0               0     94.700    979.000      0.722          20.133                  1.5         30
      1          0               0    150.700   1534.500      1.736          24.580                 1.64         40
      1          0               0    140.300   1817.200      2.319          27.036                 1.86         50
      1          0               0     82.600   1679.700      2.971          23.643                 2.55         60
      1          0               0     86.400    314.300      0.166           8.966                 1.13         10
      1          0               0     71.900    420.100      0.290          15.655                 1.29         20
      1          0               0    101.200    721.800      0.764          19.042                 1.58         30
      1          0               0     82.100    943.700      1.030          21.019                 1.91         40
      1          0               0     95.800    958.500      1.744          25.221                 1.99         50
      1          0               0    107.600   1234.800      2.693          25.937                 2.32         60
      1          0               0    129.900    377.600      0.250           8.766                 1.15         10
      1          0               0    171.100    700.900      0.655          17.469                 1.15         20
      1          0               0    152.700   1223.200      1.017          21.637                 1.39         30
      1          0               0    214.500   1923.400      2.478          21.989                 1.83         40
      1          0               0    128.500   1291.900      2.309          25.861                 1.94         50
      1          0               0    130.300   1445.300      3.182          28.021                 2.15         60
      1          0               0    119.300    412.200      0.214           9.664                 1.04         10
      1          0               0    153.700    770.800      0.586          17.293                 1.17         20
      1          0               0     78.700    813.100      0.648          21.470                 1.46         30
      1          0               0     79.500   1101.100      1.048          22.447                 1.82         40
      1          0               0    160.600   1975.000      2.690          29.171                 1.73         50
      1          0               0    103.000   1527.000      2.865          30.583                 1.99         60
      1          0               0    108.600    325.500      0.227           7.731                 1.31         10
      1          0               0     29.700    197.300      0.131          15.226                 1.32         20
      1          0               0    189.400   1232.600      1.303          22.503                 1.34         30
      1          0               0    159.800   1668.600      1.794          24.744                 1.63         40
      1          0               0    169.400   2393.200      4.060          24.946                 2.01         50
      1          0               0    134.300   2180.600      6.008          25.574                 2.36         60
      1          0               0     40.600    156.400      0.081           8.296                 1.21         10
      1          0               0    164.000    781.800      0.647          15.874                 1.27         20
      1          0               0    118.700   1087.200      0.936          16.688                 1.81         30
      1          0               0    128.700   1078.200      1.493          21.277                 1.89         40
      1          0               0     84.200    777.800      1.418          26.224                 1.91         50
      1          0               0    104.000   1598.800      2.728          27.761                 2.17         60
      1          0               0    131.900    552.800      0.249           9.114                 1.11         10
      1          0               0     65.100    388.000      0.253          15.432                  1.3         20
      1          0               0     82.500    762.800      0.574          21.385                 1.41         30
      1          0               0     78.500    753.500      0.810          24.154                 1.67         40
      1          0               0    104.800   1332.400      1.922          24.605                 2.04         50
      1          0               0    131.200   2189.700      4.074          25.705                 2.36         60
      1          0               0     77.000    332.800      0.145           9.069                 1.11         10
      1          0               0    145.800    844.100      0.580          15.866                 1.28         20
      1          0               0    168.400   1602.500      1.170          18.916                  1.6         30
      1          0               0    142.500   1718.800      1.745          22.078                 1.83         40
      1          0               0    174.700   2352.400      3.301          24.068                 2.09         50
      1          0               0     98.500   1650.200      4.562          24.745                 2.43         60
      1          0               0    127.100    329.700      0.233           9.516                 1.06         10
      1          0               0    125.300    567.600      0.474          17.239                 1.17         20
      1          0               0    125.800    800.600      1.185          20.049                 1.51         30
      1          0               0     78.200    765.800      1.115          21.441                 1.87         40
      1          0               0    101.900   1130.300      2.542          21.327                 2.36         50
      1          0               0     69.300    857.200      2.736          22.291                 2.71         60
      1          0               0     69.400    255.800      0.137           8.880                 1.14         10
      1          0               0     76.700    692.900      0.370          14.164                 1.44         20
      1          0               0     86.800   1079.700      0.936          17.497                 1.74         30
      1          0               0    103.900   1525.600      2.051          17.324                 2.34         40
      1          0               0     92.700   1648.000      2.896          19.963                 2.52         50
      1          0               0    107.200   1954.300      5.261          22.192                 2.72         60
      1          0               0     80.800    419.000      0.158           8.512                  1.2         10
      1          0               0     76.300    523.400      0.340          14.295                 1.41         20
      1          0               0     83.600    623.300      0.690          19.037                 1.58         30
      1          0               0     77.500    946.200      1.158          21.759                 1.85         40
      1          0               0    159.000   1755.200      3.239          24.994                 2.01         50
      1          0               0     82.800   1733.500      3.886          25.518                 2.36         60
      1          0               0    108.200    442.900      0.220           7.823                  1.3         10
      1          0               0     88.300    617.500      0.377          14.469                 1.39         20
      1          0               0    149.500   1391.000      1.018          21.045                 1.43         30
      1          0               0    129.600   1625.100      1.676          21.378                 1.89         40
      1          0               0     81.100   1233.600      2.269          23.848                 2.11         50
      1          0               0     93.900   1191.300      3.218          25.556                 2.37         60
      1          0               0    146.600    619.700      0.275           8.465                 1.19         10
      1          0               0    143.100    700.400      0.598          13.699                 1.47         20
      1          0               0    142.900    806.800      1.025          18.967                 1.59         30
      1          0               0    102.300    721.100      1.427          18.968                 2.12         40
      1          0               0     90.100   1032.400      2.609          20.869                 2.41         50
      1          0               0     70.000   1123.600      4.180          20.844                  2.9         60
      1          0               0     51.700    212.200      0.102           8.400                  1.2         10
      1          0               0    116.500    624.400      0.536          12.519                 1.61         20
      1          0               0    111.000    837.300      0.851          18.560                 1.62         30
      1          0               0    119.400   1181.600      1.488          22.948                 1.76         40
      1          0               0    181.400   1976.700      4.885          21.414                 2.35         50
      1          0               0     76.800   1417.300      3.093          23.048                 2.63         60
      1          0               0    117.800    451.100      0.228           8.415                  1.2         10
      1          0               0    114.000    793.500      0.481          14.923                 1.35         20
      1          0               0     95.100    929.800      0.705          18.505                 1.63         30
      1          0               0    106.200   1512.300      1.406          20.621                 1.95         40
      1          0               0    107.100   1317.500      2.061          26.400                 1.92         50
      1          0               0     98.700   1359.000      2.870          28.854                  2.1         60
      1          0               0    109.200    315.800      0.207           8.648                 1.16         10
      1          0               0    107.100    727.700      0.447          15.373                 1.31         20
      1          0               0    133.600   1193.400      0.907          21.026                 1.44         30
      1          0               0    114.800    956.800      1.391          22.715                 1.77         40
      1          0               0     82.700    947.900      1.852          25.129                  2.0         50
      1          0               0    152.900   1948.400      4.728          26.991                 2.23         60
      1          0               0    133.700    326.000      0.271           8.265                 1.25         10
      1          0               0    106.900    530.000      0.524          13.583                  1.5         20
      1          0               0     94.900    560.400      0.735          19.946                 1.52         30
      1          0               0    112.300    733.700      1.363          22.923                 1.77         40
      1          0               0    115.500   1435.800      2.474          25.029                 2.03         50
      1          0               0    107.300   1515.700      4.629          24.808                 2.44         60
      1          0               0     37.900    157.100      0.074           7.554                 1.36         10
      1          0               0     55.000    283.300      0.237          14.256                 1.41         20
      1          0               0    134.500    893.200      1.057          19.012                 1.58         30
      1          0               0     96.800   1145.500      1.429          20.710                 1.94         40
      1          0               0     57.600    897.500      1.729          22.208                 2.26         50
      1          0               0    144.500   2739.000      6.163          25.140                  2.4         60
      1          0               0     80.800    304.900      0.169           7.720                 1.31         10
      1          0               0     83.000    469.500      0.349          15.846                 1.27         20
      1          0               0    154.200    724.300      1.068          21.865                 1.38         30
      1          0               0    144.500   1540.000      1.992          24.131                 1.66         40
      1          0               0     97.600   1295.700      2.464          27.164                 1.85         50
      1          0               0    105.100   1594.000      4.910          27.562                 2.18         60
      1          0               0    119.100    531.900      0.330           7.334                 1.38         10
      1          0               0     96.200    579.800      0.447          16.225                 1.24         20
      1          0               0    102.800    831.300      0.854          18.328                 1.64         30
      1          0               0    123.600   1442.900      1.778          22.396                 1.81         40
      1          0               0     96.500   1161.200      2.813          20.684                 2.44         50
      1          0               0    109.400   1521.600      4.774          24.162                  2.5         60
      1          0               0    121.500    402.300      0.236           8.335                 1.21         10
      1          0               0    122.900    825.300      0.545          14.647                 1.39         20
      1          0               0    121.800    702.600      1.090          18.576                 1.63         30
      1          0               0    127.800    925.000      1.577          24.272                 1.66         40
      1          0               0    113.900   1105.400      2.511          27.208                 1.86         50
      1          0               0    115.700   1586.700      4.804          26.530                  2.3         60
      1          0               0     43.300    183.900      0.090           8.062                 1.25         10
      1          0               0     94.100    524.300      0.402          15.111                 1.33         20
      1          0               0    117.000    799.100      0.820          19.715                 1.53         30
      1          0               0    101.100   1529.000      1.730          20.122                  2.0         40
      1          0               0     91.800   1632.400      3.172          24.305                 2.07         50
      1          0               0     87.300   1519.200      4.807          23.845                 2.55         60
      1          0               0    136.700    221.400      0.258           9.673                 1.04         10
      1          0               0    107.000    454.000      0.416          16.817                  1.2         20
      1          0               0    108.800    537.400      0.778          19.007                 1.59         30
      1          0               0     92.100   1028.500      1.240          21.302                 1.89         40
      1          0               0    110.400   1205.600      2.173          23.283                 2.16         50
      1          0               0    125.200   1438.700      3.568          25.165                 2.39         60
      1          0               0     92.900    337.500      0.184           8.209                 1.23         10
      1          0               0    106.300    576.900      0.418          15.291                 1.31         20
      1          0               0    103.700    809.100      0.688          19.688                 1.53         30
      1          0               0    115.400   1008.200      1.642          21.266                 1.89         40
      1          0               0    124.800   1952.500      3.948          22.624                 2.23         50
      1          0               0    104.100   1977.000      5.110          21.647                 2.79         60
      1          0               0     46.800    272.700      0.090           7.893                 1.29         10
      1          0               0    102.500    629.600      0.451          13.701                 1.47         20
      1          0               0     77.700    712.700      0.615          19.274                 1.56         30
      1          0               0     78.100    937.300      1.141          21.131                  1.9         40
      1          0               0     86.000   1237.800      1.681          25.431                 1.97         50
      1          0               0     90.200   1278.300      3.149          24.885                 2.43         60
      1          0               0     78.900    342.800      0.163           7.003                 1.46         10
      1          0               0     65.600    369.200      0.297          13.137                 1.53         20
      1          0               0     95.800    848.400      1.042          18.046                 1.68         30
      1          0               0     92.400   1200.100      1.381          21.121                 1.91         40
      1          0               0    105.600   1479.000      2.392          24.728                 2.03         50
      1          0               0    107.900   1667.400      5.089          24.718                 2.44         60
      1          0               0     81.900    305.700      0.171           8.147                 1.25         10
      1          0               0    142.600    697.900      0.586          16.173                 1.24         20
      1          0               0    118.800    926.100      0.894          20.850                 1.45         30
      1          0               0    105.800   1004.700      1.451          22.324                  1.8         40
      1          0               0    112.600   1367.000      2.410          24.933                 2.02         50
      1          0               0     90.400   1302.700      2.565          27.989                 2.16         60
      1          0               0    106.100    415.000      0.198           8.868                 1.14         10
      1          0               0    110.000    707.000      0.496          15.173                 1.33         20
      1          0               0     91.100    953.800      0.674          20.510                 1.48         30
      1          0               0    113.500   1106.300      1.375          21.926                 1.83         40
      1          0               0    111.700    938.700      2.410          23.945                  2.1         50
      1          0               0    124.100   1675.100      3.473          26.011                 2.32         60
      1          0               0    101.800    377.100      0.198           8.562                  1.2         10
      1          0               0     87.600    464.400      0.356          15.211                 1.32         20
      1          0               0    121.300    597.500      1.020          21.070                 1.44         30
      1          0               0    147.800   1484.200      2.143          24.974                 1.61         40
      1          0               0    102.400    921.600      2.284          27.950                  1.8         50
      1          0               0     80.800   1116.400      3.396          24.752                 2.44         60
      1          0               0    161.800    358.300      0.307           8.732                 1.15         10
      1          0               0     52.000    242.500      0.221          13.748                 1.47         20
      1          0               0    140.300    583.800      1.057          18.051                 1.67         30
      1          0               0    133.500    936.900      1.818          20.690                 1.95         40
      1          0               0     90.100    899.600      2.194          23.370                 2.16         50
      1          0               0     86.300    827.500      3.733          23.802                 2.56         60
      1          0               0    118.700    356.700      0.238           7.722                  1.3         10
      1          0               0    200.200    811.500      0.823          15.039                 1.33         20
      1          0               0     87.700    498.800      0.650          17.661                 1.71         30
      1          0               0     48.700    428.300      0.813          21.136                 1.91         40
      1          0               0     99.500    651.100      2.729          24.029                 2.09         50
      1          0               0     94.200    797.900      3.687          25.464                 2.37         60
      1          0               0    137.700    393.400      0.259           8.825                 1.14         10
      1          0               0    195.900    566.500      0.851          15.600                 1.28         20
      1          0               0    142.000    921.400      0.967          22.369                 1.35         30
      1          0               0    150.600    701.300      1.476          29.544                 1.36         40
      1          0               0    144.900   1309.300      2.386          29.241                 1.72         50
      1          0               0     79.000   1052.400      1.900          30.730                 1.97         60
      1          0               0     88.000    354.500      0.165           9.277                 1.09         10
      1          0               0     89.700    281.400      0.345          15.522                 1.29         20
      1          0               0    157.200   1105.800      0.969          22.211                 1.36         30
      1          0               0     77.300    921.700      0.927          24.175                 1.66         40
      1          0               0     75.900    863.100      1.607          24.573                 2.04         50
      1          0               0    122.500   1811.500      4.413          26.206                  2.3         60
      1          0               0    106.000    448.900      0.215           8.071                 1.25         10
      1          0               0    114.700    359.100      0.481          15.546                 1.29         20
      1          0               0     52.600    620.100      0.484          19.992                 1.51         30
      1          0               0    133.700   1221.400      1.993          22.043                 1.82         40
      1          0               0    169.100   1966.800      3.633          26.077                 1.93         50
      1          0               0    110.600   1927.600      4.322          28.306                 2.13         60
      1          0               0    162.100    608.800      0.308           8.054                 1.25         10
      1          0               0    145.300    922.500      0.604          15.677                 1.28         20
      1          0               0    106.900    806.500      1.044          19.001                 1.59         30
      1          0               0    136.700   1234.600      1.822          25.007                 1.62         40
      1          0               0    132.600   1288.100      3.395          25.848                 1.94         50
      1          0               0    135.200   1637.100      6.974          27.465                  2.2         60
      1          0               0    102.900    410.200      0.197           8.105                 1.24         10
      1          0               0     83.200    548.100      0.335          14.817                 1.35         20
      1          0               0    128.300    693.500      0.834          21.881                 1.38         30
      1          0               0    128.600   1084.300      1.407          23.075                 1.74         40
      1          0               0     68.200    648.300      1.342          24.809                 2.05         50
      1          0               0     94.700   1175.000      2.290          26.725                 2.26         60
      1          0               0    140.500    489.300      0.281           7.505                 1.36         10
      1          0               0    176.300    754.000      0.728          15.099                 1.34         20
      1          0               0     89.500    509.300      0.757          19.227                 1.57         30
      1          0               0    114.600   1118.200      1.371          23.800                 1.69         40
      1          0               0     92.800    988.300      2.101          26.306                 1.91         50
      1          0               0    147.700   1594.200      5.829          26.561                 2.26         60
      1          0               0     69.200    328.200      0.139           7.909                 1.29         10
      1          0               0     95.500    754.000      0.387          16.835                  1.2         20
      1          0               0     83.100    625.400      0.620          20.291                  1.5         30
      1          0               0     70.500    647.900      0.829          26.261                 1.55         40
      1          0               0     79.000    910.600      1.435          27.639                 1.82         50
      1          0               0    134.800   1920.700      4.198          23.409                 2.57         60
      1          0               0    128.500    503.600      0.247           7.525                 1.35         10
      1          0               0    101.600    336.100      0.396          14.338                  1.4         20
      1          0               0     84.000    690.200      0.580          19.570                 1.54         30
      1          0               0    130.000   1177.400      1.425          22.715                 1.78         40
      1          0               0    144.900   1581.100      3.505          23.351                 2.17         50
      1          0               0    121.000   1768.800      6.279          24.831                 2.45         60
      1          0               0     94.600    284.200      0.191           8.293                 1.22         10
      1          0               0    161.800    890.700      0.748          14.692                 1.37         20
      1          0               0     63.000    778.900      0.748          18.879                 1.62         30
      1          0               0     76.800    991.600      0.871          25.009                 1.61         40
      1          0               0    146.000   1567.000      2.507          26.342                 1.91         50
      1          0               0    115.400   1608.900      3.422          26.357                  2.3         60
      1          0               0     86.300    330.600      0.176           9.368                 1.08         10
      1          0               0    105.100    446.500      0.459          16.919                 1.19         20
      1          0               0    133.700    858.900      0.846          22.117                 1.36         30
      1          0               0    157.400   1667.800      1.693          24.995                 1.61         40
      1          0               0     88.300    767.400      2.057          25.077                  2.0         50
      1          0               0     91.300   1625.900      3.343          27.637                 2.18         60
      1          0               0    131.200    333.700      0.251           9.208                  1.1         10
      1          0               0     64.800    659.700      0.297          13.937                 1.45         20
      1          0               0    143.600   1295.300      1.199          17.040                 1.78         30
      1          0               0    133.600   1057.500      1.666          21.523                 1.86         40
      1          0               0     98.000   1212.800      2.075          23.859                  2.1         50
      1          0               0    102.200   1041.100      3.011          24.731                 2.44         60
      1          0               0    161.900    439.900      0.308           9.410                 1.07         10
      1          0               0    146.900    698.100      0.647          15.393                 1.32         20
      1          0               0     97.200    696.900      0.717          19.900                 1.53         30
      1          0               0    115.900   1327.000      1.652          22.827                 1.77         40
      1          0               0    101.400   1193.500      1.923          23.699                 2.13         50
      1          0               0    109.100   1442.600      3.309          23.314                 2.59         60
      1          0               0    147.100    440.100      0.277           8.581                 1.17         10
      1          0               0    169.400   1003.800      0.723          14.212                 1.41         20
      1          0               0    120.400    870.500      0.849          19.680                 1.54         30
      1          0               0    150.200   1326.400      1.577          25.877                 1.56         40
      1          0               0    109.500   1587.500      2.342          26.291                 1.91         50
      1          0               0    124.000   1714.000      4.005          25.216                 2.39         60
      1          0               0     52.900    126.800      0.102           8.836                 1.14         10
      1          0               0     77.600    555.900      0.368          14.823                 1.36         20
      1          0               0    107.700    868.500      0.915          19.241                 1.58         30
      1          0               0     81.000   1073.200      1.095          22.620                 1.79         40
      1          0               0     70.200   1059.100      1.468          26.031                 1.94         50
      1          0               0     90.500   1589.800      4.345          26.063                 2.31         60
      1          0               0    130.300    463.600      0.294           7.603                 1.33         10
      1          0               0     82.900    596.200      0.355          13.771                 1.47         20
      1          0               0     86.000    981.700      0.739          17.217                 1.76         30
      1          0               0    163.700   1874.300      2.299          20.882                 1.94         40
      1          0               0    106.900   1837.100      2.172          23.867                  2.1         50
      1          0               0    104.500   1961.500      3.305          24.539                 2.46         60
      1          0               0     79.800    327.300      0.155           7.784                 1.29         10
      1          0               0     84.900    521.100      0.400          13.294                 1.52         20
      1          0               0     96.000    684.100      0.771          18.330                 1.65         30
      1          0               0    154.700   1250.700      2.122          20.269                 1.99         40
      1          0               0    122.000   1074.800      2.613          21.836                 2.31         50
      1          0               0     99.100   1325.400      4.084          23.879                 2.54         60
      1          0               0     97.600    292.600      0.188           9.170                  1.1         10
      1          0               0    187.400    942.000      0.771          15.047                 1.34         20
      1          0               0     77.700    685.400      0.707          19.390                 1.57         30
      1          0               0    104.400   1169.700      1.373          22.451                 1.79         40
      1          0               0    125.600   2225.600      3.139          22.933                 2.19         50
      1          0               0    117.100   1774.200      5.317          25.074                 2.41         60
      1          0               0    135.200    511.600      0.251           9.094                 1.11         10
      1          0               0     62.200    252.300      0.251          15.455                  1.3         20
      1          0               0    117.500    621.800      0.842          19.172                 1.57         30
      1          0               0     54.800    497.100      0.605          23.593                 1.71         40
      1          0               0    144.400   1437.700      2.304          25.465                 1.98         50
      1          0               0    128.200   1789.000      2.907          28.914                  2.1         60
      1          0               0    157.600    286.700      0.295           9.547                 1.05         10
      1          0               0    154.600    822.100      0.616          15.913                 1.26         20
      1          0               0    145.200   1182.300      0.942          20.988                 1.44         30
      1          0               0    136.800   1505.600      1.416          26.544                 1.52         40
      1          0               0    164.900   1638.100      2.487          27.896                  1.8         50
      1          0               0    141.000   1788.700      4.376          24.435                 2.48         60
      1          0               0    145.300    576.400      0.307           8.405                  1.2         10
      1          0               0    136.600    599.600      0.579          12.827                 1.57         20
      1          0               0    123.600    862.500      0.860          18.354                 1.64         30
      1          0               0     69.700    713.700      0.791          22.030                 1.83         40
      1          0               0     39.000    477.500      0.729          24.962                 2.02         50
      1          0               0     70.300   1051.400      2.083          28.917                 2.09         60
      1          0               0    111.800    218.800      0.225           8.123                 1.25         10
      1          0               0     68.400    274.700      0.288          15.335                 1.31         20
      1          0               0    163.000   1018.400      1.566          20.909                 1.44         30
      1          0               0    120.100    916.300      1.517          24.037                 1.67         40
      1          0               0    190.300   1605.400      3.074          27.989                 1.79         50
      1          0               0    117.500    986.000      3.392          27.814                 2.17         60
      1          0               0    166.000    334.200      0.307           9.105                 1.11         10
      1          0               0    191.900    660.400      0.822          15.673                 1.29         20
      1          0               0     40.500    284.800      0.401          18.723                 1.65         30
      1          0               0    108.300   1089.300      1.643          22.882                 1.77         40
      1          0               0    100.200   1208.600      3.003          22.515                 2.24         50
      1          0               0     81.400    972.400      3.931          22.512                 2.69         60
      1          0               0    112.000    601.100      0.219           7.877                 1.28         10
      1          0               0     47.400    352.700      0.204          14.665                 1.38         20
      1          0               0    118.700    966.200      0.855          21.710                 1.39         30
      1          0               0     96.700   1011.700      1.262          23.919                 1.69         40
      1          0               0     96.000   1384.300      2.475          25.777                 1.95         50
      1          0               0     78.200   1142.200      2.726          27.921                 2.15         60
      1          0               0    112.000    218.400      0.213           8.772                 1.14         10
      1          0               0     53.200    235.900      0.218          14.323                  1.4         20
      1          0               0    186.000    997.500      1.208          19.356                 1.56         30
      1          0               0    176.500   1196.100      1.656          24.393                 1.65         40
      1          0               0    144.100   1971.200      2.209          29.298                 1.72         50
      1          0               0    111.200   1454.900      3.121          29.028                 2.08         60
      1          0               0    164.000    486.300      0.321           8.225                 1.23         10
      1          0               0    166.500    900.400      0.655          15.643                 1.29         20
      1          0               0    139.100   1466.900      1.130          19.400                 1.56         30
      1          0               0    153.400   1570.000      1.588          23.879                 1.68         40
      1          0               0     91.900   1127.500      1.616          26.346                 1.91         50
      1          0               0    148.800   1955.900      3.356          29.710                 2.03         60
      1          0               0    120.000    587.100      0.236           8.113                 1.24         10
      1          0               0    113.900   1026.000      0.521          12.811                 1.57         20
      1          0               0     98.700    791.300      0.811          17.934                 1.68         30
      1          0               0    105.100   1249.500      1.411          21.662                 1.86         40
      1          0               0    128.500   1170.600      2.549          25.272                 1.99         50
      1          0               0    124.000   1993.400      3.412          25.257                 2.39         60
      1          0               0    106.300    407.700      0.211           7.533                 1.35         10
      1          0               0    138.000    661.200      0.585          13.654                 1.47         20
      1          0               0     93.600    720.100      0.732          19.019                 1.58         30
      1          0               0     95.100    743.700      1.277          19.629                 2.05         40
      1          0               0     68.900    752.000      1.564          21.766                 2.31         50
      1          0               0     76.400   1137.400      3.477          22.660                 2.66         60
      1          0               0     71.400    153.500      0.130           9.597                 1.05         10
      1          0               0    141.200    731.000      0.541          17.369                 1.16         20
      1          0               0    126.700   1069.800      0.891          19.121                 1.58         30
      1          0               0    114.200   1180.500      1.304          23.947                 1.68         40
      1          0               0    107.000   1568.800      2.001          27.610                 1.82         50
      1          0               0    118.300   2149.800      4.547          25.023                 2.41         60
      1          0               0     72.400    241.200      0.138           8.272                 1.22         10
      1          0               0     82.400    462.400      0.359          13.859                 1.45         20
      1          0               0     85.900    685.100      0.701          18.220                 1.66         30
      1          0               0     81.700    830.200      1.046          23.590                 1.71         40
      1          0               0    157.300   1835.600      3.525          24.451                 2.05         50
      1          0               0    105.700   1275.100      3.703          27.588                 2.18         60
      1          0               0    110.300    296.300      0.218           9.257                 1.09         10
      1          0               0     70.200    372.800      0.322          14.883                 1.36         20
      1          0               0    173.900   1218.600      1.241          20.138                  1.5         30
      1          0               0    117.800    991.600      1.570          20.932                 1.93         40
      1          0               0     80.000   1292.600      1.934          21.767                 2.31         50
      1          0               0    155.600   2074.400      5.973          23.776                 2.53         60
      1          0               0     95.900    290.100      0.213           9.210                 1.09         10
      1          0               0     84.600    333.000      0.358          15.829                 1.28         20
      1          0               0     99.100    607.100      0.670          24.076                 1.25         30
      1          0               0     82.600   1078.800      0.965          28.691                 1.41         40
      1          0               0    112.600   1479.100      2.115          29.956                 1.68         50
      1          0               0    135.100   1943.500      3.944          31.298                 1.93         60
      1          0               0     82.000    386.900      0.171           6.757                 1.51         10
      1          0               0     51.700    402.900      0.319          12.625                 1.61         20
      1          0               0     82.000    639.500      0.945          17.537                 1.73         30
      1          0               0     51.300    613.400      0.980          19.774                 2.07         40
      1          0               0     61.500    895.300      2.222          22.340                 2.28         50
      1          0               0     60.300   1132.000      2.643          25.612                 2.36         60
      1          0               0    121.300    415.300      0.251           9.281                 1.09         10
      1          0               0     20.700    166.500      0.127          13.188                 1.53         20
      1          0               0    176.300   1283.100      1.140          20.676                 1.46         30
      1          0               0    123.900    825.300      1.392          23.295                 1.73         40
      1          0               0    109.400   1106.600      2.224          24.816                 2.04         50
      1          0               0    118.400   1411.900      4.392          22.646                 2.66         60
      1          0               0     50.800    203.400      0.103           7.986                 1.26         10
      1          0               0    152.100    530.500      0.681          14.765                 1.36         20
      1          0               0    127.000    906.000      0.915          21.031                 1.45         30
      1          0               0    100.200   1144.800      1.414          22.325                 1.82         40
      1          0               0     96.100   1083.300      1.991          28.299                 1.79         50
      1          0               0     80.000   1228.000      3.633          27.235                 2.23         60
      1          0               0     89.300    243.400      0.188           6.934                 1.47         10
      1          0               0    138.700    529.800      0.662          13.624                 1.48         20
      1          0               0    132.000   1375.400      1.102          17.600                 1.72         30
      1          0               0     71.000    959.800      1.115          20.662                 1.96         40
      1          0               0    118.700   1891.100      5.032          20.916                 2.41         50
      1          0               0    100.200   1769.700      8.140          23.773                 2.55         60
      1          0               0    126.800    291.700      0.252           8.598                 1.17         10
      1          0               0     73.900    425.900      0.342          14.524                  1.4         20
      1          0               0     74.500    612.900      0.603          18.672                 1.62         30
      1          0               0    167.800   1684.000      1.951          23.308                 1.72         40
      1          0               0     72.800    735.900      1.326          26.137                 1.92         50
      1          0               0     87.300    821.900      2.644          26.015                 2.32         60
      1          0               0    124.800    563.300      0.245           8.744                 1.15         10
      1          0               0     89.900    557.200      0.430          14.891                 1.38         20
      1          0               0     88.500    822.800      0.682          19.190                 1.59         30
      1          0               0    122.900   1349.800      1.428          26.280                 1.56         40
      1          0               0     85.800   1223.900      2.673          25.015                 2.06         50
      1          0               0     85.900   1136.100      3.466          28.059                 2.19         60
      1          0               0     99.300    331.100      0.194           8.187                 1.23         10
      1          0               0    200.000   1121.100      0.811          14.723                 1.36         20
      1          0               0    109.400    932.800      0.776          17.821                 1.69         30
      1          0               0    143.900   1351.800      1.433          22.837                 1.76         40
      1          0               0    157.700   1440.100      2.337          24.918                 2.01         50
      1          0               0    137.600   1634.400      3.065          26.148                  2.3         60
      1          0               0     94.900    227.900      0.192           9.019                 1.11         10
      1          0               0     91.900    676.600      0.373          15.583                 1.29         20
      1          0               0     76.500    559.000      0.565          21.958                 1.38         30
      1          0               0    123.900    909.500      1.564          23.312                 1.72         40
      1          0               0     85.800    946.700      1.706          24.509                 2.05         50
      1          0               0    109.200   1611.600      3.159          24.370                 2.48         60
      1          0               0    151.400    386.800      0.324           7.815                 1.29         10
      1          0               0    147.900    476.700      0.582          17.167                 1.17         20
      1          0               0    137.500    940.800      0.945          18.772                  1.6         30
      1          0               0    106.400    719.100      1.224          21.802                 1.85         40
      1          0               0    108.100   1054.600      2.236          22.149                 2.27         50
      1          0               0    202.800   1628.200      6.216          24.701                 2.43         60
      1          0               0     88.700    208.600      0.171           8.822                 1.14         10
      1          0               0    221.800    829.200      0.992          15.489                 1.29         20
      1          0               0     44.900    373.200      0.387          17.746                  1.7         30
      1          0               0    128.200    840.900      1.674          19.827                 2.02         40
      1          0               0    162.200   1415.200      3.965          21.079                 2.38         50
      1          0               0    132.300   2157.700      8.386          20.876                 2.89         60
      1          0               0     96.800    299.900      0.182           9.033                 1.12         10
      1          0               0     90.100    481.900      0.392          15.782                 1.28         20
      1          0               0    104.500   1064.300      0.772          20.478                 1.48         30
      1          0               0    162.300   1654.200      1.941          26.415                 1.52         40
      1          0               0    121.400   1461.100      2.170          28.503                 1.76         50
      1          0               0    104.100   1903.300      3.382          28.075                 2.15         60
      1          0               0    123.900    418.500      0.262           8.606                 1.17         10
      1          0               0    106.100    845.300      0.483          12.391                 1.64         20
      1          0               0    152.900    975.800      1.158          17.300                 1.74         30
      1          0               0    109.900   1704.600      1.274          23.865                 1.68         40
      1          0               0    121.400   1660.100      2.338          28.005                  1.8         50
      1          0               0    167.900   2481.800      8.559          28.317                 2.13         60
      1          0               0     92.500    286.200      0.181           7.809                  1.3         10
      1          0               0     44.800    292.100      0.191          13.683                 1.47         20
      1          0               0     57.700    479.600      0.561          14.776                 2.07         30
      1          0               0     99.000    992.300      1.647          16.118                  2.5         40
      1          0               0    115.000   1844.900      4.376          17.582                 2.87         50
      1          0               0    111.100   2038.100     12.826          16.048                 3.79         60
      1          0               0    113.500    360.100      0.211           9.405                 1.07         10
      1          0               0     81.400    560.500      0.349          14.979                 1.34         20
      1          0               0     70.900    669.200      0.473          20.592                 1.46         30
      1          0               0    109.700   1120.500      1.465          21.843                 1.84         40
      1          0               0     97.600   1077.400      2.300          23.610                 2.13         50
      1          0               0     50.000   1037.200      1.740          27.128                 2.23         60
      1          0               0     66.300    181.600      0.122           9.541                 1.05         10
      1          0               0    102.400    584.800      0.426          14.617                 1.38         20
      1          0               0    118.700    699.700      0.829          20.665                 1.46         30
      1          0               0    112.200   1017.700      1.338          23.090                 1.74         40
      1          0               0    163.600   2364.300      3.097          26.704                 1.88         50
      1          0               0    126.500   1938.300      4.250          25.860                 2.33         60
      1          0               0     90.600    472.300      0.188           6.719                 1.52         10
      1          0               0    111.900    967.600      0.524          13.119                 1.54         20
      1          0               0    125.200   1416.300      1.128          18.595                 1.62         30
      1          0               0    100.100   1418.700      1.445          19.414                 2.07         40
      1          0               0    117.800   1594.800      2.171          25.659                 1.96         50
      1          0               0    108.800   1643.300      3.330          26.108                 2.31         60
      1          0               0     72.400    267.300      0.136           9.225                  1.1         10
      1          0               0    179.100    639.100      0.755          16.143                 1.26         20
      1          0               0     99.000    556.700      0.767          23.488                  1.3         30
      1          0               0     91.100    654.900      1.000          25.670                 1.57         40
      1          0               0    109.700    998.300      1.870          28.603                 1.77         50
      1          0               0     63.900    719.000      1.958          27.739                  2.2         60
      1          0               0     79.600    221.500      0.152           8.509                 1.18         10
      1          0               0     72.900    328.800      0.305          13.731                 1.47         20
      1          0               0    166.300   1067.300      1.107          20.221                 1.49         30
      1          0               0     94.600    829.900      1.067          22.741                 1.76         40
      1          0               0    116.100   1210.900      1.940          24.876                 2.03         50
      1          0               0     66.500    967.700      2.329          24.803                 2.46         60
      1          0               0     79.200    224.300      0.183           8.939                 1.12         10
      1          0               0    120.800   1119.200      0.616          14.314                 1.41         20
      1          0               0     95.600    894.000      0.749          20.541                 1.47         30
      1          0               0     90.600   1192.800      1.389          21.687                 1.85         40
      1          0               0     94.400   1080.800      3.432          21.240                 2.36         50
      1          0               0     45.600    772.700      2.624          20.750                 2.92         60
      1          0               0     91.400    210.300      0.182           8.039                 1.25         10
      1          0               0    143.900    831.400      0.745          15.204                 1.33         20
      1          0               0    135.100    790.800      1.100          18.067                 1.67         30
      1          0               0     50.600    594.900      0.679          22.275                  1.8         40
      1          0               0    182.700   1755.000      3.828          27.243                 1.84         50
      1          0               0    181.500   2074.700      7.524          25.336                 2.38         60
      1          0               0    121.300    453.300      0.281           8.571                 1.18         10
      1          0               0    102.000    683.200      0.541          14.367                 1.42         20
      1          0               0     81.200    869.900      0.642          18.910                 1.61         30
      1          0               0    182.300   1427.000      2.284          22.824                 1.78         40
      1          0               0    104.800   1422.800      2.735          24.851                 2.03         50
      1          0               0    100.500   1237.300      3.489          28.007                 2.15         60
      1          0               0     74.700    235.700      0.145           8.714                 1.16         10
      1          0               0    139.700    919.100      0.636          14.816                 1.36         20
      1          0               0    172.300   1622.600      1.313          19.279                 1.57         30
      1          0               0    162.000   1363.500      2.017          24.308                 1.66         40
      1          0               0    166.100   1807.200      3.745          25.963                 1.94         50
      1          0               0    156.500   1711.100      5.740          26.086                 2.31         60
      1          0               0    104.100    287.700      0.265           7.634                 1.32         10
      1          0               0    102.600    463.700      0.456          13.740                 1.47         20
      1          0               0    133.600    739.200      1.123          19.588                 1.54         30
      1          0               0     57.100    540.200      0.890          20.643                 1.95         40
      1          0               0     53.600    762.700      1.681          22.397                 2.25         50
      1          0               0     82.900   1024.200      2.845          25.983                 2.33         60
      1          0               0    154.100    334.200      0.323           7.707                 1.31         10
      1          0               0     56.600    306.800      0.254          16.005                 1.25         20
      1          0               0     59.100    525.900      0.425          21.887                 1.38         30
      1          0               0     42.000    407.300      0.585          23.267                 1.73         40
      1          0               0     54.300    606.700      1.018          25.236                 1.99         50
      1          0               0     80.200   1011.200      2.065          27.288                  2.2         60
      1          0               0     80.000    254.400      0.156           9.294                 1.08         10
      1          0               0     74.300    544.900      0.312          14.766                 1.37         20
      1          0               0     71.800    598.900      0.558          19.004                  1.6         30
      1          0               0    151.800   1935.400      1.612          27.181                 1.48         40
      1          0               0    139.500   1979.300      2.680          28.424                 1.77         50
      1          0               0    126.400   1819.700      5.182          28.950                 2.08         60
      1          0               0     98.200    376.200      0.214           7.652                 1.32         10
      1          0               0     61.100    471.900      0.312          12.597                  1.6         20
      1          0               0     77.600    765.800      0.727          18.916                 1.59         30
      1          0               0     87.000    807.100      1.073          23.945                 1.68         40
      1          0               0     79.700   1030.200      1.827          23.162                 2.17         50
      1          0               0     69.500   1149.000      3.461          25.686                 2.35         60
      1          0               0    108.500    458.200      0.224           7.055                 1.44         10
      1          0               0    128.800    596.800      0.528          16.499                 1.22         20
      1          0               0     72.600    640.000      0.590          19.317                 1.56         30
      1          0               0     98.000   1046.800      1.573          20.540                 1.97         40
      1          0               0     85.300    884.700      2.449          21.449                 2.35         50
      1          0               0    129.400   1999.400      6.474          24.087                 2.51         60
      1          0               0     92.600    433.700      0.219           6.952                 1.48         10
      1          0               0    122.400    918.700      0.561          13.235                 1.52         20
      1          0               0    104.200    830.800      0.806          20.400                 1.48         30
      1          0               0    163.800   1605.700      1.999          27.471                 1.47         40
      1          0               0    107.000   1627.400      2.062          28.619                 1.77         50
      1          0               0    118.100   2019.300      3.273          29.094                 2.08         60
      1          0               0    135.700    342.600      0.269           9.432                 1.07         10
      1          0               0    125.600    704.800      0.587          15.077                 1.34         20
      1          0               0    124.400    863.400      1.098          17.363                 1.74         30
      1          0               0    101.400    767.900      1.382          20.513                 1.96         40
      1          0               0    119.900   1408.400      3.312          20.514                 2.45         50
      1          0               0    119.000   2274.900      6.025          21.703                 2.79         60
      1          0               0    121.200    444.000      0.251           8.021                 1.27         10
      1          0               0    107.300    746.800      0.513          14.649                 1.37         20
      1          0               0     91.400    767.900      0.693          19.817                 1.52         30
      1          0               0     80.200    669.800      1.250          20.469                 1.96         40
      1          0               0     79.900   1086.800      1.710          24.426                 2.06         50
      1          0               0     99.400   1336.600      5.129          27.229                 2.22         60
      1          0               0    176.200    556.200      0.337           9.289                 1.09         10
      1          0               0    146.400    920.800      0.680          14.449                 1.39         20
      1          0               0    107.000    656.600      0.750          20.996                 1.44         30
      1          0               0    122.300   1135.700      1.547          22.062                 1.82         40
      1          0               0     82.300   1127.400      1.520          25.400                 1.98         50
      1          0               0     74.800   1187.800      2.703          23.814                 2.53         60
      1          0               0    100.400    335.500      0.195           8.570                 1.18         10
      1          0               0    117.600    607.200      0.456          16.899                 1.19         20
      1          0               0     79.900    585.200      0.505          24.013                 1.26         30
      1          0               0     70.300    637.000      0.848          23.018                 1.74         40
      1          0               0    155.200   1084.900      3.099          23.946                 2.09         50
      1          0               0     81.100   1232.200      3.657          22.736                 2.65         60
      1          0               0     60.800    302.900      0.121           8.493                 1.19         10
      1          0               0    113.600    573.500      0.566          14.404                  1.4         20
      1          0               0     85.900    576.500      0.659          20.860                 1.45         30
      1          0               0     53.300    741.000      0.930          22.120                 1.82         40
      1          0               0     73.900    899.700      1.678          23.635                 2.14         50
      1          0               0     74.500    843.900      2.709          25.499                 2.36         60
      1          0               0     57.200    194.000      0.111           8.816                 1.14         10
      1          0               0     61.200    362.100      0.273          15.105                 1.34         20
      1          0               0     76.000    731.700      0.599          18.474                 1.64         30
      1          0               0     79.000   1025.700      1.100          19.876                 2.03         40
      1          0               0     79.700   1178.500      2.064          23.586                 2.13         50
      1          0               0     80.900   1378.200      3.259          24.174                  2.5         60
      1          0               0     45.600    166.100      0.086           8.818                 1.15         10
      1          0               0    140.800    599.200      0.556          17.192                 1.18         20
      1          0               0    113.100    755.400      0.933          23.553                 1.29         30
      1          0               0    118.200    816.300      1.239          29.895                 1.35         40
      1          0               0     79.000    931.700      1.493          29.499                 1.72         50
      1          0               0    103.300   1001.500      3.120          32.095                 1.89         60
      1          0               0    114.000    333.500      0.228           8.025                 1.27         10
      1          0               0    124.400    624.800      0.526          14.371                  1.4         20
      1          0               0     78.800    410.100      0.529          22.226                 1.35         30
      1          0               0     93.100   1037.800      1.131          21.996                 1.83         40
      1          0               0     87.100   1063.800      1.857          24.821                 2.03         50
      1          0               0     94.300   1605.300      4.339          23.462                 2.58         60
      1          0               0     51.500    169.700      0.105           7.421                 1.37         10
      1          0               0     67.300    347.200      0.301          14.126                 1.42         20
      1          0               0     81.100    887.400      0.693          17.850                  1.7         30
      1          0               0     71.600    807.300      1.234          20.599                 1.98         40
      1          0               0     81.500   1165.300      1.966          24.263                 2.12         50
      1          0               0    108.900   1869.900      4.305          26.449                 2.31         60
      1          0               0     52.600    190.400      0.099           9.181                  1.1         10
      1          0               0     62.300    364.900      0.284          15.071                 1.34         20
      1          0               0     92.500    808.100      0.808          19.724                 1.53         30
      1          0               0     66.600    536.500      0.994          22.147                 1.81         40
      1          0               0     33.300    371.900      0.785          24.769                 2.04         50
      1          0               0     50.800    464.700      1.618          28.856                  2.1         60
      1          0               0     80.000    281.800      0.150           9.189                  1.1         10
      1          0               0    135.800   1000.800      0.581          13.943                 1.45         20
      1          0               0    119.100   1036.400      0.865          18.275                 1.65         30
      1          0               0    136.400   1551.200      1.421          23.958                 1.67         40
      1          0               0    114.400    836.100      1.692          26.100                 1.92         50
      1          0               0     50.900    877.400      1.833          25.175                 2.41         60
      1          0               0     65.000    214.500      0.136           7.854                 1.28         10
      1          0               0     39.700    194.500      0.214          14.073                 1.45         20
      1          0               0     71.200    417.900      0.642          17.274                 1.75         30
      1          0               0    132.200    927.000      1.903          18.399                 2.19         40
      1          0               0     72.500   1056.500      2.543          19.250                 2.62         50
      1          0               0     77.700   1418.000      3.150          22.358                  2.7         60
