success  collision  collision_obst   makespan   flowtime    runtime     mean_groups     mean_groups_size     number
      1          0               0     46.400    172.900      0.058           8.696                 1.18         10
      1          0               0     49.000    303.200      0.135          14.651                 1.38         20
      1          0               0     63.800    342.600      0.287          22.185                 1.37         30
      1          0               0     62.100    379.100      0.435          26.907                  1.5         40
      1          0               0     50.200    456.900      0.604          30.618                 1.64         50
      1          0               0     92.400    898.500      1.538          31.563                 1.91         60
      1          0               0     42.600    131.900      0.055           8.631                 1.17         10
      1          0               0     38.300    197.700      0.102          15.496                  1.3         20
      1          0               0     70.800    492.000      0.312          22.141                 1.37         30
      1          0               0     50.400    367.900      0.457          25.488                 1.59         40
      1          0               0     82.000    605.200      0.885          28.778                 1.74         50
      1          0               0     68.500    730.100      1.136          31.394                 1.93         60
      1          0               0     55.900    158.000      0.070           8.410                  1.2         10
      1          0               0     53.500    312.800      0.149          14.415                 1.41         20
      1          0               0     59.400    396.400      0.287          19.724                 1.53         30
      1          0               0     52.300    490.600      0.441          24.329                 1.66         40
      1          0               0     42.900    482.900      0.583          26.170                 1.93         50
      1          0               0     53.900    643.700      0.912          32.924                 1.85         60
      1          0               0     56.900    135.900      0.071           9.095                 1.11         10
      1          0               0     64.600    366.000      0.169          16.528                 1.22         20
      1          0               0     67.900    304.000      0.282          24.890                 1.21         30
      1          0               0     76.300    511.200      0.509          29.107                 1.39         40
      1          0               0     70.600    702.900      0.832          30.710                 1.64         50
      1          0               0     73.300    734.100      1.180          33.980                 1.79         60
      1          0               0     48.200    161.600      0.061           8.380                  1.2         10
      1          0               0     53.700    287.700      0.146          13.996                 1.46         20
      1          0               0     47.400    401.500      0.274          16.618                 1.83         30
      1          0               0     51.500    479.100      0.644          16.616                 2.48         40
      1          0               0     40.400    572.800      0.915          17.292                 2.95         50
      1          0               0     58.700    597.700      1.818          22.852                 2.67         60
      1          0               0     28.900    106.300      0.036           9.093                 1.11         10
      1          0               0     56.700    258.400      0.148          16.360                 1.23         20
      1          0               0     63.900    280.000      0.290          23.300                 1.31         30
      1          0               0     62.300    375.400      0.597          23.252                 1.73         40
      1          0               0     59.300    498.300      0.888          24.499                 2.05         50
      1          0               0     49.100    454.400      0.914          29.562                 2.04         60
      1          0               0     43.000    130.300      0.055           8.721                 1.16         10
      1          0               0     73.600    325.500      0.197          16.052                 1.25         20
      1          0               0     72.200    308.100      0.307          23.012                 1.31         30
      1          0               0     70.700    495.000      0.481          27.147                 1.48         40
      1          0               0     64.900    760.600      0.821          27.139                 1.87         50
      1          0               0     63.700    823.500      1.525          26.863                 2.25         60
      1          0               0     54.400    112.800      0.068           9.241                 1.09         10
      1          0               0     63.700    192.400      0.162          17.590                 1.14         20
      1          0               0     43.100    209.500      0.191          22.747                 1.33         30
      1          0               0     39.900    308.500      0.277          24.799                 1.63         40
      1          0               0     53.000    465.900      0.660          25.926                 1.95         50
      1          0               0     38.900    660.100      1.064          25.357                 2.39         60
      1          0               0     77.900    177.700      0.098           9.082                 1.11         10
      1          0               0     42.500    233.800      0.112          17.786                 1.13         20
      1          0               0     39.500    302.400      0.177          22.630                 1.33         30
      1          0               0     53.800    395.100      0.390          25.331                 1.58         40
      1          0               0     69.100    535.900      0.765          28.974                 1.73         50
      1          0               0     46.900    547.700      0.949          25.559                 2.36         60
      1          0               0     58.500    191.700      0.073           8.872                 1.15         10
      1          0               0     38.100    256.700      0.112          15.136                 1.38         20
      1          0               0     46.400    304.500      0.208          22.748                 1.34         30
      1          0               0     55.700    479.200      0.413          26.634                 1.54         40
      1          0               0     78.000    579.000      0.834          29.879                  1.7         50
      1          0               0     64.700    672.900      1.037          31.032                 1.95         60
      1          0               0     59.100    172.900      0.075           8.959                 1.13         10
      1          0               0     47.400    181.200      0.125          16.511                 1.22         20
      1          0               0     81.900    327.300      0.351          22.537                 1.34         30
      1          0               0     68.700    581.400      0.545          23.211                 1.74         40
      1          0               0     52.600    520.700      0.642          26.490                 1.91         50
      1          0               0     62.700    417.100      1.214          27.866                 2.17         60
      1          0               0     60.300    176.800      0.075           9.211                  1.1         10
      1          0               0     48.000    320.000      0.134          13.902                 1.46         20
      1          0               0     43.900    468.800      0.237          17.401                 1.77         30
      1          0               0     53.900    472.900      0.497          23.351                 1.75         40
      1          0               0     42.900    485.500      0.561          28.051                  1.8         50
      1          0               0     59.100    632.500      1.321          27.132                 2.24         60
      1          0               0     75.500    129.500      0.098           8.943                 1.13         10
      1          0               0     61.500    265.700      0.160          16.631                 1.22         20
      1          0               0     73.000    265.800      0.303          23.201                  1.3         30
      1          0               0     42.100    383.200      0.319          25.375                 1.58         40
      1          0               0     53.600    508.200      0.672          25.825                 1.95         50
      1          0               0     54.000    597.500      1.230          28.009                 2.15         60
      1          0               0     63.300    200.100      0.082           7.937                 1.28         10
      1          0               0     72.700    398.200      0.193          15.728                 1.29         20
      1          0               0     58.000    339.500      0.260          21.943                 1.38         30
      1          0               0     70.700    542.500      0.499          25.631                 1.57         40
      1          0               0     55.200    649.800      0.966          27.607                 1.84         50
      1          0               0     63.100    666.100      1.310          30.092                 2.03         60
      1          0               0     70.200    277.200      0.089           8.604                 1.17         10
      1          0               0     74.100    315.900      0.192          16.591                 1.21         20
      1          0               0     79.100    576.700      0.344          20.802                 1.45         30
      1          0               0     47.000    500.100      0.355          23.815                 1.69         40
      1          0               0     72.400    567.500      0.861          26.699                 1.88         50
      1          0               0     52.500    759.900      1.048          27.659                 2.18         60
      1          0               0     52.900    144.500      0.068           7.586                 1.33         10
      1          0               0     51.200    364.500      0.148          13.191                 1.54         20
      1          0               0     86.000    693.900      0.439          18.609                 1.63         30
      1          0               0    106.600    817.800      0.899          22.664                 1.77         40
      1          0               0     75.500    646.600      0.966          26.164                 1.92         50
      1          0               0     65.500    722.700      1.433          27.826                 2.17         60
      1          0               0     82.000    167.600      0.117           8.451                 1.19         10
      1          0               0     51.300    231.200      0.148          14.704                 1.37         20
      1          0               0     43.100    347.300      0.208          18.390                 1.66         30
      1          0               0     68.700    356.300      0.514          23.119                 1.74         40
      1          0               0     54.400    439.400      0.635          26.529                 1.89         50
      1          0               0     58.400    676.200      1.226          28.077                 2.15         60
      1          0               0     37.700    155.700      0.047           7.859                 1.28         10
      1          0               0     63.100    291.300      0.211          15.610                 1.29         20
      1          0               0     79.500    408.200      0.372          20.175                  1.5         30
      1          0               0     45.800    477.700      0.449          19.926                 2.06         40
      1          0               0     39.100    513.800      0.690          21.885                 2.38         50
      1          0               0     39.300    608.000      1.104          24.295                 2.52         60
      1          0               0     39.200    121.000      0.051           7.426                 1.37         10
      1          0               0     38.900    204.000      0.129          14.159                 1.43         20
      1          0               0     75.700    434.000      0.355          19.686                 1.53         30
      1          0               0     55.200    522.600      0.430          24.076                  1.7         40
      1          0               0     46.500    633.800      0.589          26.540                  1.9         50
      1          0               0     70.000    775.900      1.506          29.197                 2.07         60
      1          0               0     47.700    158.700      0.061           9.050                 1.11         10
      1          0               0     57.700    348.900      0.160          14.130                 1.44         20
      1          0               0     35.400    337.000      0.253          17.418                 1.81         30
      1          0               0     44.400    428.700      0.393          25.295                 1.61         40
      1          0               0     65.100    659.000      0.728          30.197                 1.67         50
      1          0               0     74.100    575.300      1.137          32.312                 1.89         60
      1          0               0     48.600    212.400      0.063           8.331                 1.23         10
      1          0               0     55.200    312.200      0.151          15.429                 1.31         20
      1          0               0     78.800    578.800      0.356          20.378                 1.49         30
      1          0               0     48.800    566.700      0.359          23.973                  1.7         40
      1          0               0     67.500    792.500      0.805          23.397                 2.17         50
      1          0               0     74.600    539.000      1.347          28.205                 2.15         60
      1          0               0     57.200    155.300      0.071           9.037                 1.12         10
      1          0               0     34.000    314.000      0.098          14.032                 1.45         20
      1          0               0     58.700    299.100      0.280          18.387                 1.65         30
      1          0               0     37.700    359.300      0.332          20.714                 1.94         40
      1          0               0     47.000    372.400      0.617          25.557                 1.96         50
      1          0               0     50.400    487.400      1.448          25.294                 2.38         60
      1          0               0     20.600     86.100      0.026           8.053                 1.26         10
      1          0               0     53.900    215.600      0.150          15.134                 1.34         20
      1          0               0     61.400    348.600      0.304          21.261                 1.44         30
      1          0               0     96.600    633.600      0.671          28.519                 1.42         40
      1          0               0     73.500    409.100      0.739          30.355                 1.67         50
      1          0               0     30.700    406.700      0.669          28.156                 2.18         60
      1          0               0     60.900    158.800      0.078           8.475                 1.19         10
      1          0               0     58.200    234.700      0.174          12.718                 1.59         20
      1          0               0     56.700    340.200      0.287          17.104                 1.77         30
      1          0               0     79.400    503.000      0.620          21.686                 1.86         40
      1          0               0     34.300    399.000      0.633          22.977                  2.2         50
      1          0               0     27.200    395.400      0.834          24.096                 2.53         60
      1          0               0     60.600    109.800      0.076           8.517                 1.18         10
      1          0               0     54.700    233.100      0.152          13.212                 1.53         20
      1          0               0     47.300    227.000      0.234          16.165                 1.88         30
      1          0               0     53.800    264.000      0.385          22.338                  1.8         40
      1          0               0     22.600    358.400      0.409          23.739                 2.13         50
      1          0               0     45.300    411.700      1.176          23.903                 2.52         60
      1          0               0     51.600    166.600      0.077           8.198                 1.25         10
      1          0               0     46.900    209.500      0.137          13.620                 1.48         20
      1          0               0     58.900    418.300      0.319          18.577                 1.62         30
      1          0               0     66.200    419.500      0.527          24.208                 1.66         40
      1          0               0     48.600    403.600      0.587          24.949                 2.02         50
      1          0               0     67.200    564.900      1.570          28.539                 2.12         60
      1          0               0     68.700    129.900      0.087           9.601                 1.05         10
      1          0               0     61.800    238.500      0.160          16.427                 1.23         20
      1          0               0     48.000    362.300      0.224          21.919                  1.4         30
      1          0               0     82.400    685.200      0.651          26.126                 1.54         40
      1          0               0     78.200    955.800      0.944          28.955                 1.74         50
      1          0               0     47.400    817.300      1.093          26.901                 2.26         60
      1          0               0     68.100    165.100      0.089           8.485                 1.19         10
      1          0               0     39.900    193.100      0.114          13.386                 1.52         20
      1          0               0     69.600    502.500      0.339          19.464                 1.56         30
      1          0               0     73.400    656.500      0.560          24.887                 1.66         40
      1          0               0     76.000    675.900      0.775          29.670                 1.74         50
      1          0               0    101.100    790.000      1.814          29.273                 2.09         60
      1          0               0     48.900    166.900      0.065           8.072                 1.25         10
      1          0               0     53.500    221.000      0.147          14.613                 1.41         20
      1          0               0     69.600    383.000      0.352          18.751                 1.63         30
      1          0               0     54.100    447.600      0.460          21.384                 1.88         40
      1          0               0     61.300    393.000      0.766          24.892                 2.02         50
      1          0               0     70.700    570.200      1.302          29.604                 2.05         60
      1          0               0     56.200    206.600      0.075           7.034                 1.46         10
      1          0               0     71.900    399.500      0.198          13.364                  1.5         20
      1          0               0     53.100    572.200      0.267          18.808                 1.61         30
      1          0               0     38.200    532.800      0.299          24.953                 1.64         40
      1          0               0     71.100    828.100      1.004          27.236                 1.87         50
      1          0               0     47.400    883.200      1.680          25.730                 2.36         60
      1          0               0     31.200    156.900      0.040           7.628                 1.33         10
      1          0               0     69.200    290.100      0.230          15.526                  1.3         20
      1          0               0     34.200    319.200      0.182          19.433                 1.56         30
      1          0               0     66.600    537.900      0.670          25.150                  1.6         40
      1          0               0     53.500    472.500      0.861          28.955                 1.76         50
      1          0               0     35.200    448.100      1.211          29.710                 2.05         60
      1          0               0     26.000     90.800      0.035           8.419                 1.21         10
      1          0               0     48.200    231.800      0.136          15.907                 1.28         20
      1          0               0     49.900    262.200      0.228          23.289                  1.3         30
      1          0               0     70.900    437.100      0.506          26.422                 1.52         40
      1          0               0     63.500    543.700      0.823          29.159                 1.74         50
      1          0               0     65.100    628.800      1.175          33.215                 1.84         60
      1          0               0     32.000    100.700      0.043           8.650                 1.17         10
      1          0               0     59.900    364.700      0.171          16.831                 1.21         20
      1          0               0     76.400    441.300      0.365          20.384                  1.5         30
      1          0               0     93.200    513.900      0.705          26.006                 1.56         40
      1          0               0     75.500    572.900      1.292          24.525                 2.05         50
      1          0               0     67.000    598.700      2.186          23.749                 2.54         60
      1          0               0     51.900    214.300      0.072           8.493                 1.21         10
      1          0               0     54.100    279.200      0.156          16.159                 1.25         20
      1          0               0     60.100    441.300      0.288          19.942                 1.51         30
      1          0               0     42.500    458.600      0.353          24.068                 1.68         40
      1          0               0     50.700    599.200      0.722          26.302                 1.92         50
      1          0               0     50.100    687.400      1.128          26.816                 2.25         60
      1          0               0     28.300    135.100      0.039           6.982                 1.44         10
      1          0               0     66.900    271.300      0.193          15.239                 1.33         20
      1          0               0     49.200    302.000      0.238          21.171                 1.43         30
      1          0               0     37.300    324.700      0.340          23.035                 1.77         40
      1          0               0     45.300    542.000      0.873          23.731                 2.12         50
      1          0               0     43.700    536.400      1.714          23.597                 2.57         60
      1          0               0     47.900    115.600      0.068           9.157                 1.11         10
      1          0               0     49.900    211.300      0.144          15.956                 1.27         20
      1          0               0     77.200    503.500      0.385          20.975                 1.44         30
      1          0               0     53.800    362.500      0.395          26.539                 1.53         40
      1          0               0     72.500    611.100      0.916          30.868                 1.64         50
      1          0               0     25.600    327.800      0.499          29.406                  2.1         60
      1          0               0     53.100    166.800      0.071           7.832                 1.29         10
      1          0               0     89.400    236.000      0.273          14.305                 1.41         20
      1          0               0     67.600    368.800      0.371          20.609                 1.46         30
      1          0               0     42.100    409.900      0.361          22.014                 1.82         40
      1          0               0     36.100    441.000      0.461          28.003                 1.79         50
      1          0               0     57.000    467.400      1.136          31.382                 1.92         60
      1          0               0     50.100    170.400      0.067           8.337                 1.21         10
      1          0               0     91.400    375.000      0.258          15.996                 1.26         20
      1          0               0     59.000    359.900      0.315          18.441                 1.64         30
      1          0               0     85.400    631.600      0.858          20.858                 1.92         40
      1          0               0     78.200    562.700      1.429          25.052                  2.0         50
      1          0               0     33.500    450.100      0.973          25.899                 2.33         60
      1          0               0     53.300    195.200      0.073           8.054                 1.31         10
      1          0               0     43.400    224.000      0.129          14.127                 1.44         20
      1          0               0     78.500    561.200      0.400          19.327                 1.56         30
      1          0               0     73.300    619.600      0.792          21.930                 1.83         40
      1          0               0     66.600    572.400      0.922          26.770                 1.88         50
      1          0               0     56.400    738.700      1.719          26.617                 2.27         60
      1          0               0     48.100     98.200      0.067           7.520                 1.34         10
      1          0               0     79.100    253.900      0.216          16.196                 1.24         20
      1          0               0     65.300    375.200      0.329          19.651                 1.54         30
      1          0               0     33.000    339.300      0.370          21.194                 1.92         40
      1          0               0     45.600    524.400      0.756          25.105                 2.02         50
      1          0               0     44.100    524.000      1.148          22.077                 2.76         60
      1          0               0     47.000    157.400      0.063           8.945                 1.13         10
      1          0               0     39.200    188.200      0.111          15.071                 1.33         20
      1          0               0    102.400    414.100      0.512          19.392                 1.56         30
      1          0               0     70.100    519.200      0.531          25.100                 1.62         40
      1          0               0     66.800    503.400      0.771          29.168                 1.72         50
      1          0               0     61.000    411.300      1.081          31.072                 1.96         60
      1          0               0     30.400    105.900      0.041           9.007                 1.13         10
      1          0               0     39.400    214.100      0.110          15.746                  1.3         20
      1          0               0     56.300    286.100      0.280          22.911                 1.33         30
      1          0               0     85.200    393.200      0.636          25.899                 1.55         40
      1          0               0     77.500    567.400      0.861          28.133                 1.79         50
      1          0               0     55.700    601.900      1.294          27.377                 2.24         60
      1          0               0     34.200    122.400      0.048           7.120                 1.45         10
      1          0               0     49.700    270.900      0.145          14.278                 1.42         20
      1          0               0     40.700    303.200      0.234          19.435                 1.56         30
      1          0               0     49.500    479.300      0.503          22.519                  1.8         40
      1          0               0     50.200    478.000      0.767          25.771                 1.96         50
      1          0               0     53.600    507.900      1.625          22.961                 2.63         60
      1          0               0     22.100    108.300      0.030           7.602                 1.35         10
      1          0               0     70.400    254.900      0.201          16.080                 1.25         20
      1          0               0     58.600    377.900      0.306          19.493                 1.55         30
      1          0               0     78.100    502.600      0.713          23.102                 1.73         40
      1          0               0     69.400    565.800      1.293          26.921                 1.86         50
      1          0               0     86.000    622.400      2.331          28.024                 2.15         60
      1          0               0     47.000    127.000      0.065           7.551                 1.35         10
      1          0               0     70.600    202.500      0.273          12.103                 1.67         20
      1          0               0     69.500    249.300      0.508          16.544                 1.84         30
      1          0               0     75.500    482.000      1.278          17.306                 2.35         40
      1          0               0     48.900    472.500      2.164          19.789                 2.57         50
      1          0               0     35.500    486.400      3.230          19.087                 3.24         60
      1          0               0     77.100    173.400      0.104           9.475                 1.06         10
      1          0               0     68.300    225.800      0.184          18.480                  1.1         20
      1          0               0     59.600    346.300      0.265          24.683                 1.23         30
      1          0               0     65.500    466.000      0.459          29.815                 1.36         40
      1          0               0     49.400    451.400      0.592          27.870                 1.82         50
      1          0               0     76.500    674.800      1.396          30.018                 2.02         60
      1          0               0     51.800    128.600      0.069           8.365                 1.21         10
      1          0               0     53.500    175.200      0.148          16.503                 1.23         20
      1          0               0     83.900    343.000      0.379          22.365                 1.35         30
      1          0               0     40.600    344.900      0.335          22.796                 1.77         40
      1          0               0     76.000    393.900      1.322          24.458                 2.05         50
      1          0               0     57.500    511.700      1.515          25.671                 2.37         60
      1          0               0     52.300    269.300      0.078           7.067                 1.44         10
      1          0               0     69.400    282.500      0.198          14.382                  1.4         20
      1          0               0     93.800    448.000      0.518          18.633                 1.63         30
      1          0               0     48.500    437.800      0.476          21.792                 1.88         40
      1          0               0     95.200    744.900      1.201          26.805                 1.89         50
      1          0               0     40.800    522.200      0.905          25.740                 2.36         60
      1          0               0     43.600    159.800      0.061           7.922                 1.28         10
      1          0               0     42.000    271.900      0.139          13.229                 1.53         20
      1          0               0     54.100    393.200      0.309          18.240                 1.67         30
      1          0               0     68.500    386.500      0.521          26.746                 1.51         40
      1          0               0     60.800    478.000      0.866          25.911                 1.95         50
      1          0               0     50.400    578.400      1.373          26.325                 2.33         60
      1          0               0     29.000     98.100      0.039           8.924                 1.14         10
      1          0               0     50.500    198.200      0.148          16.081                 1.26         20
      1          0               0     73.500    447.500      0.354          20.992                 1.45         30
      1          0               0     48.300    392.900      0.384          23.845                 1.71         40
      1          0               0     59.800    655.800      0.744          27.669                 1.82         50
      1          0               0     48.300    808.200      0.877          29.079                 2.07         60
      1          0               0     21.400     83.300      0.029           8.678                 1.16         10
      1          0               0     76.300    446.700      0.223          15.329                 1.32         20
      1          0               0     76.400    479.000      0.377          22.656                 1.35         30
      1          0               0     83.200    660.200      0.619          25.102                 1.63         40
      1          0               0     66.300    693.300      0.744          27.271                 1.85         50
      1          0               0     55.500    712.900      1.303          26.411                 2.29         60
      1          0               0     38.300    133.000      0.051           8.274                 1.22         10
      1          0               0     50.500    333.800      0.158          12.471                 1.65         20
      1          0               0     54.900    318.600      0.327          19.459                 1.56         30
      1          0               0     64.500    449.500      0.532          23.726                 1.71         40
      1          0               0     71.900    783.100      0.931          26.718                 1.88         50
      1          0               0     52.400    690.500      1.545          28.435                 2.13         60
      1          0               0     41.200    149.800      0.055           7.896                 1.28         10
      1          0               0     54.300    269.800      0.158          14.033                 1.44         20
      1          0               0     62.300    403.900      0.327          18.074                 1.69         30
      1          0               0     74.200    379.500      0.648          21.284                 1.89         40
      1          0               0     56.200    633.400      1.197          20.292                 2.48         50
      1          0               0     44.000    423.200      1.704          23.343                 2.61         60
      1          0               0     50.500    142.000      0.088           8.127                 1.24         10
      1          0               0     36.200    212.200      0.111          13.453                  1.5         20
      1          0               0     56.200    445.700      0.315          18.160                 1.69         30
      1          0               0     43.000    408.100      0.474          19.719                 2.07         40
      1          0               0     46.500    584.100      1.043          21.551                 2.38         50
      1          0               0     45.600    689.600      2.327          21.969                 2.81         60
      1          0               0     41.900    159.800      0.062           6.606                 1.57         10
      1          0               0     63.100    281.800      0.182          14.534                  1.4         20
      1          0               0     83.400    292.300      0.380          22.076                 1.38         30
      1          0               0     72.100    421.300      0.608          24.168                 1.67         40
      1          0               0     40.500    419.700      0.492          26.605                 1.91         50
      1          0               0     43.700    479.200      0.946          27.229                 2.24         60
      1          0               0     41.000    161.200      0.056           7.598                 1.34         10
      1          0               0     39.400    148.300      0.112          16.792                  1.2         20
      1          0               0     68.400    333.500      0.329          22.058                 1.37         30
      1          0               0     65.100    598.900      0.581          24.989                 1.61         40
      1          0               0     78.300    673.000      0.961          28.858                 1.75         50
      1          0               0     61.000    572.900      1.324          26.993                 2.25         60
      1          0               0     32.500     95.000      0.043           9.095                 1.11         10
      1          0               0     43.000    201.500      0.119          16.419                 1.24         20
      1          0               0     59.400    342.400      0.325          19.776                 1.54         30
      1          0               0     58.000    447.500      0.448          25.640                 1.59         40
      1          0               0     83.800    537.400      0.878          31.316                 1.61         50
      1          0               0     84.900    614.600      1.464          30.230                 2.01         60
      1          0               0     51.100    206.300      0.068           7.763                 1.31         10
      1          0               0     41.000    226.600      0.117          16.280                 1.25         20
      1          0               0     57.100    395.600      0.287          20.630                 1.46         30
      1          0               0     55.200    458.100      0.491          23.951                 1.67         40
      1          0               0     45.500    617.600      0.741          25.099                 2.01         50
      1          0               0     50.700    573.200      1.113          26.692                 2.26         60
      1          0               0     35.100    109.300      0.047           8.433                 1.19         10
      1          0               0     80.800    266.700      0.220          16.176                 1.24         20
      1          0               0     30.600    229.800      0.146          21.928                 1.37         30
      1          0               0     69.900    439.500      0.518          27.944                 1.45         40
      1          0               0     97.600    606.700      1.041          30.414                 1.65         50
      1          0               0     74.800    697.800      1.396          29.499                 2.05         60
      1          0               0     19.000     90.000      0.026           8.674                 1.16         10
      1          0               0     48.400    211.400      0.139          14.886                 1.36         20
      1          0               0     32.400    235.300      0.170          19.130                 1.59         30
      1          0               0     68.300    415.400      0.568          21.873                 1.85         40
      1          0               0     43.800    455.100      0.828          21.105                 2.39         50
      1          0               0     48.400    526.100      1.320          26.320                  2.3         60
      1          0               0     76.000    277.500      0.106           7.449                 1.41         10
      1          0               0     57.900    246.000      0.164          14.218                 1.42         20
      1          0               0     61.000    266.500      0.297          17.726                  1.7         30
      1          0               0     78.600    454.000      0.617          22.352                  1.8         40
      1          0               0     64.500    564.100      0.682          27.231                 1.85         50
      1          0               0     66.000    603.800      1.176          27.885                 2.16         60
      1          0               0     37.200    135.000      0.049           8.675                 1.18         10
      1          0               0     50.900    212.700      0.141          15.904                 1.28         20
      1          0               0     43.500    288.300      0.238          17.991                 1.69         30
      1          0               0     91.500    725.100      0.708          24.586                 1.64         40
      1          0               0     86.400    721.600      0.983          29.544                  1.7         50
      1          0               0     79.800    644.400      1.317          30.629                 1.97         60
      1          0               0     62.100    130.500      0.083           8.697                 1.16         10
      1          0               0     51.800    240.100      0.149          14.469                 1.39         20
      1          0               0     61.300    337.500      0.299          20.034                 1.51         30
      1          0               0     42.000    400.600      0.367          23.605                 1.71         40
      1          0               0     67.400    674.700      0.935          26.770                 1.88         50
      1          0               0     86.100    783.200      2.325          27.041                 2.24         60
      1          0               0     39.300    166.200      0.054           7.496                 1.35         10
      1          0               0     58.300    338.300      0.167          15.916                 1.27         20
      1          0               0    103.300    360.000      0.499          22.400                 1.35         30
      1          0               0     85.100    364.800      0.621          25.040                 1.61         40
      1          0               0     53.700    462.700      0.667          27.043                 1.86         50
      1          0               0     53.500    691.700      1.117          29.213                 2.07         60
      1          0               0     45.900    172.400      0.062           8.192                 1.24         10
      1          0               0     62.600    361.100      0.179          13.764                 1.46         20
      1          0               0     64.400    317.700      0.309          19.379                 1.56         30
      1          0               0     62.600    449.400      0.510          24.142                 1.67         40
      1          0               0     64.200    511.700      0.878          24.340                 2.07         50
      1          0               0     47.200    728.900      1.291          23.210                  2.6         60
      1          0               0     30.300    107.700      0.041           8.337                 1.21         10
      1          0               0     24.500    201.700      0.077          11.878                  1.7         20
      1          0               0     49.100    362.800      0.271          16.725                 1.82         30
      1          0               0     41.700    394.400      0.385          20.616                 1.95         40
      1          0               0     52.200    635.300      0.775          24.540                 2.06         50
      1          0               0     63.500    508.500      1.302          28.483                 2.13         60
      1          0               0     37.200    135.200      0.050           7.914                 1.28         10
      1          0               0     43.500    264.000      0.129          13.975                 1.44         20
      1          0               0     54.000    296.400      0.271          17.937                 1.68         30
      1          0               0     63.600    379.100      0.485          23.876                 1.69         40
      1          0               0     49.100    575.700      0.705          25.418                 2.01         50
      1          0               0     52.200    621.200      1.361          25.075                 2.42         60
      1          0               0     65.000    280.800      0.088           7.957                 1.28         10
      1          0               0     72.700    331.300      0.215          14.231                 1.41         20
      1          0               0     91.400    436.400      0.447          20.549                 1.47         30
      1          0               0     78.200    604.300      0.624          25.020                 1.61         40
      1          0               0     66.800    661.300      1.026          25.115                  2.0         50
      1          0               0     48.300    619.800      1.244          27.006                 2.24         60
      1          0               0     27.900    155.800      0.038           7.828                 1.37         10
      1          0               0     59.700    365.800      0.173          14.889                 1.35         20
      1          0               0     44.500    435.900      0.256          18.856                  1.6         30
      1          0               0     49.700    510.800      0.467          23.133                 1.74         40
      1          0               0     50.200    702.800      1.022          24.731                 2.04         50
      1          0               0     39.900    638.600      1.313          26.960                 2.26         60
      1          0               0     63.400    201.200      0.085           9.202                 1.09         10
      1          0               0     77.100    389.600      0.223          16.543                 1.22         20
      1          0               0     77.900    601.600      0.395          18.620                 1.63         30
      1          0               0     49.800    370.500      0.396          22.918                 1.75         40
      1          0               0     50.500    459.600      0.730          20.818                 2.43         50
      1          0               0     67.900    563.500      1.535          24.046                 2.51         60
      1          0               0     65.300    132.000      0.090           8.580                 1.17         10
      1          0               0     69.500    248.800      0.194          16.161                 1.24         20
      1          0               0     70.100    332.400      0.365          18.712                 1.61         30
      1          0               0     37.900    332.600      0.322          21.008                 1.92         40
      1          0               0     61.000    590.600      0.870          21.657                 2.32         50
      1          0               0     40.900    531.400      0.844          24.218                  2.5         60
      1          0               0     48.200    144.300      0.064           9.197                 1.09         10
      1          0               0     59.500    214.200      0.170          15.331                 1.32         20
      1          0               0     42.100    325.900      0.241          18.798                 1.63         30
      1          0               0     53.600    357.100      0.507          21.651                 1.89         40
      1          0               0     51.000    535.200      0.961          22.669                 2.26         50
      1          0               0     50.300    617.500      1.428          23.382                  2.6         60
      1          0               0     36.800    143.200      0.051           8.448                 1.22         10
      1          0               0     36.200    235.000      0.110          14.669                 1.37         20
      1          0               0     54.100    352.200      0.286          19.701                 1.55         30
      1          0               0     36.100    446.600      0.384          20.155                 2.01         40
      1          0               0     71.400    432.500      1.118          23.887                 2.12         50
      1          0               0     42.700    542.500      1.948          26.026                 2.33         60
      1          0               0     56.800    147.200      0.079           8.880                 1.15         10
      1          0               0     43.800    365.500      0.136          15.559                  1.3         20
      1          0               0     47.800    322.900      0.242          19.952                 1.51         30
      1          0               0     57.900    454.700      0.525          24.121                 1.68         40
      1          0               0     59.300    650.400      0.724          27.742                 1.83         50
      1          0               0     67.500    503.500      1.107          33.037                 1.86         60
      1          0               0     79.000    205.800      0.108           8.910                 1.14         10
      1          0               0     50.900    353.200      0.153          14.692                 1.38         20
      1          0               0     69.800    348.100      0.351          20.736                 1.45         30
      1          0               0     62.800    405.600      0.500          23.699                  1.7         40
      1          0               0     97.000    537.400      1.287          26.568                 1.89         50
      1          0               0     59.000    621.600      1.731          25.871                 2.33         60
      1          0               0     54.800    202.400      0.073           8.770                 1.16         10
      1          0               0     65.100    307.000      0.191          14.856                 1.37         20
      1          0               0     62.800    400.000      0.314          20.772                 1.48         30
      1          0               0     88.600    762.300      0.661          26.053                 1.56         40
      1          0               0     59.900    795.400      0.790          27.755                 1.84         50
      1          0               0     59.000    656.400      1.306          30.847                 1.97         60
      1          0               0     47.000    134.000      0.065           8.991                 1.13         10
      1          0               0     56.800    307.100      0.159          16.090                 1.25         20
      1          0               0     85.800    347.800      0.395          20.323                 1.48         30
      1          0               0     52.300    402.900      0.376          24.166                 1.67         40
      1          0               0     90.400    545.500      0.962          28.500                 1.78         50
      1          0               0     45.200    493.000      0.845          28.060                 2.17         60
      1          0               0     41.300    148.200      0.054           8.622                 1.19         10
      1          0               0     58.100    271.900      0.165          16.251                 1.25         20
      1          0               0     24.200    187.800      0.135          18.773                 1.66         30
      1          0               0     57.200    315.400      0.471          23.670                 1.71         40
      1          0               0     56.100    502.400      0.780          24.947                 2.04         50
      1          0               0     45.900    590.900      1.178          25.512                 2.37         60
      1          0               0     29.000     88.600      0.040           7.959                 1.27         10
      1          0               0     55.900    155.600      0.155          17.369                 1.16         20
      1          0               0     72.500    391.800      0.343          22.858                 1.34         30
      1          0               0     65.000    420.500      0.483          26.617                 1.51         40
      1          0               0     61.400    542.700      0.670          29.655                  1.7         50
      1          0               0     75.600    668.500      1.377          29.271                 2.08         60
      1          0               0     30.500     96.500      0.041           8.046                 1.25         10
      1          0               0     83.400    388.000      0.236          15.006                 1.34         20
      1          0               0     63.100    254.200      0.316          16.423                 1.84         30
      1          0               0     53.300    435.600      0.432          21.745                 1.85         40
      1          0               0     39.300    423.400      0.644          24.560                 2.07         50
      1          0               0     39.900    438.900      0.919          26.130                 2.33         60
      1          0               0     52.000    159.600      0.071           7.960                 1.29         10
      1          0               0     76.100    304.100      0.223          15.198                 1.32         20
      1          0               0     26.900    234.000      0.129          20.896                 1.45         30
      1          0               0     43.000    419.500      0.347          24.465                 1.64         40
      1          0               0     40.200    558.700      0.607          23.781                 2.11         50
      1          0               0     50.900    771.300      1.669          27.259                 2.21         60
      1          0               0     50.200    196.100      0.069           7.008                 1.47         10
      1          0               0     67.600    310.100      0.206          12.506                 1.62         20
      1          0               0     43.300    432.800      0.261          16.339                 1.87         30
      1          0               0     51.600    442.000      0.471          19.062                 2.11         40
      1          0               0     64.900    495.900      0.793          25.325                 1.98         50
      1          0               0     35.200    388.600      0.870          24.923                 2.44         60
      1          0               0     60.000    154.200      0.080           9.138                  1.1         10
      1          0               0     74.600    474.400      0.210          16.059                 1.26         20
      1          0               0     51.300    445.400      0.264          19.561                 1.55         30
      1          0               0     71.900    708.200      0.597          22.876                 1.76         40
      1          0               0     46.700    527.100      0.736          25.966                 1.96         50
      1          0               0     76.500    862.200      1.816          28.041                 2.16         60
      1          0               0     30.800     99.100      0.042           9.058                 1.12         10
      1          0               0     47.600    205.200      0.135          15.277                 1.31         20
      1          0               0     73.300    416.500      0.350          20.655                 1.46         30
      1          0               0     75.100    428.000      0.562          23.297                 1.72         40
      1          0               0     64.100    636.000      0.905          25.019                 2.01         50
      1          0               0     56.300    466.100      0.966          27.071                 2.23         60
      1          0               0     46.700    137.900      0.069           5.645                 1.84         10
      1          0               0     48.200    228.300      0.152          13.052                 1.55         20
      1          0               0     81.600    343.000      0.446          18.054                 1.69         30
      1          0               0     46.900    372.200      0.477          21.987                 1.86         40
      1          0               0     89.900    849.000      1.414          23.607                 2.14         50
      1          0               0     71.400    825.400      2.044          23.531                 2.57         60
      1          0               0     71.300    225.400      0.096           8.589                 1.18         10
      1          0               0     95.800    265.400      0.262          18.016                 1.12         20
      1          0               0     47.400    359.300      0.240          19.914                 1.52         30
      1          0               0     58.600    508.100      0.482          24.242                 1.67         40
      1          0               0     58.200    484.200      1.466          24.155                 2.08         50
      1          0               0     83.100    809.900      2.664          29.176                  2.1         60
      1          0               0     57.000    161.300      0.084           7.544                 1.36         10
      1          0               0     48.300    354.300      0.147          14.720                  1.4         20
      1          0               0     69.600    512.700      0.344          19.540                 1.56         30
      1          0               0     69.400    579.900      0.568          22.791                 1.77         40
      1          0               0     63.300    645.400      1.086          22.046                 2.29         50
      1          0               0     57.200    634.300      1.611          25.140                 2.41         60
      1          0               0     31.600    109.300      0.041           9.206                 1.09         10
      1          0               0     65.500    279.100      0.193          14.774                 1.36         20
      1          0               0     69.700    391.800      0.363          20.875                 1.45         30
      1          0               0     67.300    548.100      0.526          25.085                  1.6         40
      1          0               0     72.600    628.600      1.067          26.510                 1.89         50
      1          0               0     67.600    820.100      1.324          29.923                 2.01         60
      1          0               0     38.100    122.600      0.051           8.226                 1.23         10
      1          0               0     45.600    276.900      0.135          14.263                 1.41         20
      1          0               0     49.700    233.900      0.243          20.292                 1.49         30
      1          0               0     89.100    470.300      0.685          23.852                 1.68         40
      1          0               0     94.800    454.600      1.033          26.310                 1.91         50
      1          0               0     66.400    475.200      1.203          26.110                 2.31         60
      1          0               0     39.800    212.900      0.053           8.462                  1.2         10
      1          0               0     39.100    231.700      0.111          15.859                 1.27         20
      1          0               0     47.000    272.000      0.223          21.709                  1.4         30
      1          0               0     65.300    453.200      0.527          23.991                 1.67         40
      1          0               0     75.500    342.900      0.902          29.501                  1.7         50
      1          0               0     77.700    455.200      1.689          27.564                 2.19         60
      1          0               0     21.100     83.500      0.030           8.602                 1.17         10
      1          0               0     78.600    219.900      0.238          15.818                 1.28         20
      1          0               0     55.900    341.000      0.329          20.267                 1.49         30
      1          0               0     64.100    612.100      0.567          24.777                 1.65         40
      1          0               0     70.600    473.900      0.982          28.038                 1.83         50
      1          0               0     78.300    677.800      1.575          32.017                  1.9         60
      1          0               0     71.200    154.800      0.096           9.055                 1.12         10
      1          0               0     62.000    244.100      0.177          15.995                 1.26         20
      1          0               0     89.000    383.600      0.442          20.653                 1.46         30
      1          0               0     85.300    390.200      0.668          24.792                 1.63         40
      1          0               0     81.200    805.100      1.026          27.571                 1.83         50
      1          0               0     41.500    522.400      0.993          27.386                 2.24         60
      1          0               0     41.700    120.800      0.057           7.849                 1.28         10
      1          0               0     51.500    279.800      0.151          13.252                 1.52         20
      1          0               0     85.900    373.800      0.419          18.980                 1.59         30
      1          0               0     79.700    401.500      0.682          21.624                 1.86         40
      1          0               0     45.300    536.800      0.582          25.031                 2.03         50
      1          0               0     77.400    797.700      1.552          25.531                 2.37         60
      1          0               0     37.200    160.900      0.050           8.266                 1.24         10
      1          0               0     59.900    327.300      0.174          14.107                 1.45         20
      1          0               0     53.100    449.900      0.299          16.552                 1.82         30
      1          0               0     68.000    689.300      0.739          21.097                 1.92         40
      1          0               0     63.100   1040.300      1.284          24.033                 2.11         50
      1          0               0     65.200    879.000      2.656          27.498                 2.21         60
      1          0               0     56.700    146.400      0.077           9.088                 1.11         10
      1          0               0     38.300    286.500      0.121          13.574                 1.52         20
      1          0               0     39.900    331.100      0.232          17.466                 1.75         30
      1          0               0     55.800    482.000      0.495          23.572                 1.74         40
      1          0               0     60.700    414.200      0.733          27.072                 1.85         50
      1          0               0     65.300    511.900      1.404          27.381                 2.21         60
      1          0               0     41.400    126.200      0.057           7.855                 1.29         10
      1          0               0     29.600    161.600      0.085          14.412                  1.4         20
      1          0               0     47.300    331.600      0.253          17.400                 1.74         30
      1          0               0     85.300    675.800      0.764          22.134                 1.81         40
      1          0               0     78.200    692.000      0.998          26.345                 1.92         50
      1          0               0     69.200    737.600      1.865          26.785                 2.26         60
      1          0               0     87.100    195.200      0.118           8.537                 1.18         10
      1          0               0     68.400    323.600      0.196          15.702                 1.28         20
      1          0               0     82.500    404.400      0.428          18.778                 1.61         30
      1          0               0     82.400    811.800      0.708          24.732                 1.62         40
      1          0               0     56.500    534.400      0.730          24.393                 2.07         50
      1          0               0     76.700    751.800      1.365          30.840                 1.97         60
      1          0               0     88.900    243.500      0.119           9.358                 1.08         10
      1          0               0     81.900    416.300      0.231          15.259                 1.33         20
      1          0               0     83.300    536.000      0.432          20.367                 1.51         30
      1          0               0     50.600    632.700      0.552          21.253                 1.93         40
      1          0               0     53.900    691.800      1.039          24.725                 2.08         50
      1          0               0     54.200    861.300      1.699          25.854                 2.36         60
      1          0               0     69.300    157.900      0.096           7.436                 1.37         10
      1          0               0     77.500    264.900      0.214          15.231                 1.32         20
      1          0               0     64.600    421.100      0.301          21.497                  1.4         30
      1          0               0     58.500    568.400      0.453          22.944                 1.76         40
      1          0               0     66.000    594.100      0.831          26.780                 1.88         50
      1          0               0     48.400    545.600      1.083          25.101                 2.43         60
      1          0               0     49.800    129.600      0.066           9.018                 1.12         10
      1          0               0     64.000    238.500      0.176          17.947                 1.12         20
      1          0               0     29.400    277.400      0.146          22.048                 1.38         30
      1          0               0     73.300    625.500      0.655          24.338                 1.66         40
      1          0               0     61.400    613.400      0.882          29.072                 1.74         50
      1          0               0     58.200    704.100      1.548          29.378                 2.06         60
      1          0               0     48.900    156.700      0.066           8.806                 1.15         10
      1          0               0     42.200    189.700      0.121          14.443                 1.39         20
      1          0               0     32.600    181.800      0.165          18.871                  1.6         30
      1          0               0     58.400    287.400      0.437          25.223                 1.59         40
      1          0               0     69.200    434.500      0.888          26.738                 1.88         50
      1          0               0     59.300    646.600      1.493          27.248                 2.24         60
      1          0               0     46.000    144.900      0.061           9.115                 1.11         10
      1          0               0     62.200    272.300      0.167          17.397                 1.16         20
      1          0               0     51.800    353.200      0.247          22.158                 1.37         30
      1          0               0     64.700    535.300      0.494          25.243                  1.6         40
      1          0               0     74.700    607.000      1.051          25.455                 1.98         50
      1          0               0     51.000    640.700      1.239          26.333                  2.3         60
      1          0               0     87.500    162.700      0.118           8.709                 1.16         10
      1          0               0     89.900    350.100      0.257          15.324                 1.32         20
      1          0               0     59.000    357.300      0.290          20.795                 1.45         30
      1          0               0     54.700    373.800      0.474          22.980                 1.75         40
      1          0               0     69.200    651.700      1.235          24.247                 2.08         50
      1          0               0     57.800    503.700      1.279          30.384                 1.99         60
      1          0               0     43.600    113.100      0.058           9.312                 1.08         10
      1          0               0     35.600    251.500      0.104          14.851                 1.36         20
      1          0               0     28.800    318.800      0.153          21.424                 1.43         30
      1          0               0     75.400    488.400      0.626          26.484                 1.52         40
      1          0               0     63.600    599.500      0.988          29.827                 1.69         50
      1          0               0     63.200    855.300      1.826          30.245                 2.02         60
      1          0               0     46.200    126.200      0.062           8.102                 1.25         10
      1          0               0     33.000    214.000      0.094          15.027                 1.34         20
      1          0               0     81.400    386.500      0.378          21.183                 1.43         30
      1          0               0     58.700    509.900      0.424          25.175                 1.59         40
      1          0               0     47.300    480.500      0.620          26.089                 1.93         50
      1          0               0     71.700    467.400      1.358          28.576                 2.11         60
      1          0               0     39.400    124.100      0.052           8.919                 1.13         10
      1          0               0     87.700    391.900      0.243          15.366                 1.31         20
      1          0               0     74.400    367.400      0.345          22.380                 1.35         30
      1          0               0     52.500    377.100      0.407          25.779                 1.56         40
      1          0               0     64.600    515.600      0.805          28.350                 1.78         50
      1          0               0     59.900    475.400      1.209          27.694                 2.18         60
      1          0               0     11.800     49.500      0.016           8.331                  1.2         10
      1          0               0     65.800    351.400      0.202          12.635                 1.61         20
      1          0               0     62.700    421.800      0.333          16.324                 1.85         30
      1          0               0     65.800    427.100      0.545          20.663                 1.95         40
      1          0               0     40.400    318.600      0.746          20.230                 2.49         50
      1          0               0     67.700    494.500      1.606          23.938                 2.53         60
      1          0               0     64.000    192.400      0.084           9.116                 1.12         10
      1          0               0     29.300    140.100      0.085          14.652                 1.39         20
      1          0               0     66.800    288.000      0.334          20.181                  1.5         30
      1          0               0     60.000    454.200      0.555          20.448                 1.98         40
      1          0               0     44.700    497.100      0.901          21.221                 2.39         50
      1          0               0     39.300    462.000      0.805          28.165                 2.14         60
      1          0               0     44.200    161.300      0.060           7.946                 1.28         10
      1          0               0     24.200    224.800      0.070          14.455                  1.4         20
      1          0               0     30.700    314.100      0.160          18.583                 1.62         30
      1          0               0     36.800    315.200      0.303          22.894                 1.77         40
      1          0               0     68.300    549.300      0.883          27.612                 1.83         50
      1          0               0     70.200    557.800      2.242          27.088                 2.24         60
      1          0               0     46.300    202.900      0.063           7.758                 1.33         10
      1          0               0     47.000    417.000      0.157          12.953                 1.58         20
      1          0               0     47.400    471.400      0.247          18.816                 1.61         30
      1          0               0     49.600    442.000      0.495          18.819                 2.16         40
      1          0               0     40.700    659.800      0.605          21.840                 2.31         50
      1          0               0     45.000    772.400      1.386          21.678                 2.79         60
      1          0               0     47.700    104.700      0.063           8.744                 1.15         10
      1          0               0     59.700    334.100      0.171          12.970                 1.55         20
      1          0               0     63.800    515.900      0.310          18.837                 1.61         30
      1          0               0     56.300    648.400      0.502          24.099                 1.67         40
      1          0               0     40.600    654.500      0.623          26.069                 1.93         50
      1          0               0     52.700    610.500      1.343          25.516                 2.37         60
      1          0               0     56.100    122.700      0.075           7.936                 1.27         10
      1          0               0     47.400    237.100      0.149          12.422                 1.63         20
      1          0               0     47.300    421.100      0.286          15.575                 1.95         30
      1          0               0     59.000    454.800      0.629          18.608                 2.17         40
      1          0               0     55.400    556.800      0.883          21.390                 2.35         50
      1          0               0     70.200    711.700      2.359          20.983                 2.88         60
      1          0               0     41.000    172.100      0.056           7.800                 1.35         10
      1          0               0     41.500    247.900      0.125          14.653                 1.38         20
      1          0               0     81.300    387.200      0.454          17.160                 1.76         30
      1          0               0     75.600    733.900      0.751          22.288                  1.8         40
      1          0               0     67.400    608.500      1.123          24.999                 2.01         50
      1          0               0     70.100    721.100      2.346          26.983                 2.25         60
      1          0               0     61.300    172.500      0.080           9.204                  1.1         10
      1          0               0     43.300    284.200      0.127          14.376                 1.41         20
      1          0               0     78.900    353.800      0.364          22.484                 1.34         30
      1          0               0     82.000    524.500      0.583          26.102                 1.54         40
      1          0               0     65.300    518.100      0.691          31.247                 1.62         50
      1          0               0     53.000    601.700      1.041          30.875                 1.97         60
      1          0               0     54.000    187.600      0.071           9.009                 1.12         10
      1          0               0     76.400    388.300      0.223          14.183                 1.43         20
      1          0               0     85.900    545.800      0.453          16.980                 1.78         30
      1          0               0     57.100    433.700      0.478          21.033                 1.91         40
      1          0               0     76.400    702.100      1.124          22.174                 2.26         50
      1          0               0     54.800    784.700      1.373          24.226                 2.49         60
      1          0               0     37.700    157.800      0.051           8.825                 1.15         10
      1          0               0     74.500    318.100      0.203          17.208                 1.17         20
      1          0               0     82.700    559.400      0.400          21.214                 1.43         30
      1          0               0     98.200    612.000      0.935          24.939                 1.62         40
      1          0               0     70.400    441.000      0.790          29.497                 1.71         50
      1          0               0     33.400    421.100      0.722          28.644                 2.12         60
      1          0               0     51.100    194.800      0.069           7.650                 1.34         10
      1          0               0     71.300    320.600      0.217          14.822                 1.39         20
      1          0               0     64.900    567.000      0.354          18.259                 1.68         30
      1          0               0     84.700    700.500      0.656          24.183                 1.66         40
      1          0               0     70.000    562.000      0.775          28.944                 1.74         50
      1          0               0     89.600    811.600      1.484          33.571                 1.81         60
      1          0               0     74.800    178.100      0.100           9.182                 1.11         10
      1          0               0     66.800    223.400      0.191          15.624                 1.29         20
      1          0               0     75.000    568.300      0.396          18.829                 1.62         30
      1          0               0     56.900    580.700      0.579          22.353                 1.81         40
      1          0               0     54.300    675.700      1.092          24.571                 2.09         50
      1          0               0     58.500    875.900      2.140          26.099                 2.39         60
      1          0               0     68.200    224.100      0.091           9.183                  1.1         10
      1          0               0     34.100    175.800      0.094          16.815                  1.2         20
      1          0               0     44.000    356.900      0.234          19.798                 1.52         30
      1          0               0     48.100    388.900      0.379          22.977                 1.75         40
      1          0               0     44.200    559.700      0.678          24.934                 2.02         50
      1          0               0     45.900    669.500      1.870          24.135                  2.5         60
      1          0               0     61.600    236.800      0.083           7.633                 1.33         10
      1          0               0     88.100    436.100      0.249          16.299                 1.26         20
      1          0               0     77.000    451.900      0.356          22.683                 1.34         30
      1          0               0     46.500    472.200      0.444          22.310                  1.8         40
      1          0               0     78.200    619.000      0.934          28.198                 1.82         50
      1          0               0     56.800    634.000      1.102          31.771                 1.96         60
      1          0               0     62.300    226.400      0.085           7.931                 1.29         10
      1          0               0     47.300    267.100      0.139          13.856                 1.46         20
      1          0               0     58.000    444.600      0.294          19.602                 1.53         30
      1          0               0     60.100    500.000      0.436          26.661                 1.52         40
      1          0               0     46.700    679.100      0.600          25.760                 1.97         50
      1          0               0     50.800    706.800      1.291          26.884                 2.31         60
      1          0               0     69.500    170.100      0.092           9.263                 1.09         10
      1          0               0     29.300    216.300      0.082          15.860                 1.27         20
      1          0               0     64.700    323.500      0.326          21.343                 1.41         30
      1          0               0     65.300    420.900      0.561          24.933                 1.61         40
      1          0               0     38.800    352.000      0.874          24.418                 2.06         50
      1          0               0     68.000    538.700      2.323          27.959                 2.15         60
      1          0               0     61.600    232.600      0.085           7.914                 1.27         10
      1          0               0     72.600    241.000      0.203          15.541                 1.31         20
      1          0               0     60.300    398.300      0.294          19.997                 1.51         30
      1          0               0     90.300    547.700      0.688          27.251                 1.48         40
      1          0               0     48.500    481.100      0.615          27.019                 1.87         50
      1          0               0     48.000    494.000      0.895          29.735                 2.04         60
      1          0               0     56.700    171.100      0.076           8.571                 1.18         10
      1          0               0     40.700    304.600      0.122          13.160                 1.53         20
      1          0               0     45.200    307.800      0.351          14.810                 2.09         30
      1          0               0     46.200    386.000      0.886          17.106                 2.36         40
      1          0               0     46.300    437.900      0.945          23.043                 2.19         50
      1          0               0     43.100    488.200      1.868          24.457                  2.5         60
      1          0               0     55.300    175.200      0.077           7.725                 1.33         10
      1          0               0     60.900    312.500      0.190          13.657                 1.49         20
      1          0               0     35.900    409.900      0.253          14.426                 2.12         30
      1          0               0     58.300    560.400      0.665          20.868                 1.95         40
      1          0               0     66.600    611.200      1.086          25.000                 2.03         50
      1          0               0     76.800    812.900      2.027          27.954                 2.18         60
      1          0               0     57.600    160.000      0.083           7.868                 1.31         10
      1          0               0     27.000    130.700      0.077          14.600                 1.37         20
      1          0               0     49.300    249.500      0.245          20.430                 1.47         30
      1          0               0     65.900    659.600      0.526          23.545                 1.71         40
      1          0               0     72.500    625.100      0.892          26.084                 1.92         50
      1          0               0     64.900    878.600      1.316          26.675                 2.26         60
      1          0               0     43.600    147.100      0.061           8.284                 1.22         10
      1          0               0     50.900    288.600      0.156          13.725                 1.46         20
      1          0               0     42.200    375.900      0.243          19.775                 1.54         30
      1          0               0     80.800    731.900      0.672          25.047                 1.63         40
      1          0               0     62.200    660.500      0.951          29.095                 1.74         50
      1          0               0     42.000    640.900      1.122          29.702                 2.05         60
      1          0               0     43.800    131.900      0.063           7.507                 1.36         10
      1          0               0     44.200    293.300      0.132          13.480                  1.5         20
      1          0               0     62.200    345.800      0.320          20.428                 1.48         30
      1          0               0     56.400    495.500      0.523          23.690                 1.71         40
      1          0               0     52.200    569.900      0.745          26.239                 1.93         50
      1          0               0     48.500    693.300      1.481          25.074                 2.41         60
      1          0               0     68.100    134.900      0.092           9.347                 1.08         10
      1          0               0     66.100    243.700      0.182          16.841                 1.19         20
      1          0               0     37.500    292.300      0.191          20.200                 1.49         30
      1          0               0     41.700    602.900      0.404          20.403                  2.0         40
      1          0               0     62.700    539.300      0.865          25.895                 1.94         50
      1          0               0     69.000    665.100      1.769          26.213                 2.32         60
      1          0               0     35.300    190.100      0.048           7.419                 1.36         10
      1          0               0     61.000    276.200      0.169          16.826                 1.21         20
      1          0               0     46.800    264.600      0.220          21.410                 1.42         30
      1          0               0     43.600    377.400      0.524          20.461                 1.99         40
      1          0               0     53.800    368.300      1.118          23.375                  2.2         50
      1          0               0     44.300    538.500      2.037          26.235                 2.36         60
      1          0               0     83.400    296.600      0.127           8.236                 1.24         10
      1          0               0     34.000    222.600      0.159          14.824                 1.37         20
      1          0               0     82.100    388.100      0.384          22.923                 1.33         30
      1          0               0     48.300    463.300      0.443          24.120                 1.69         40
      1          0               0     49.900    585.500      1.076          23.196                 2.18         50
      1          0               0     98.500    919.200      2.378          26.917                 2.24         60
      1          0               0     20.200     81.000      0.027           8.688                 1.18         10
      1          0               0     82.400    329.000      0.239          14.447                  1.4         20
      1          0               0     44.300    334.100      0.214          21.093                 1.44         30
      1          0               0     50.100    345.200      0.400          22.932                 1.77         40
      1          0               0     65.300    566.500      0.726          26.916                 1.88         50
      1          0               0     51.300    653.700      0.975          27.402                 2.22         60
      1          0               0     26.800    107.400      0.037           8.407                  1.2         10
      1          0               0     54.900    247.600      0.151          16.883                 1.19         20
      1          0               0     83.600    349.000      0.495          21.078                 1.44         30
      1          0               0     71.700    610.100      0.670          24.105                 1.67         40
      1          0               0     61.900    514.000      0.829          25.670                 1.96         50
      1          0               0     49.100    500.400      0.863          31.283                 1.94         60
      1          0               0     45.100    135.400      0.061           8.741                 1.16         10
      1          0               0     47.500    256.700      0.139          14.686                 1.39         20
      1          0               0     74.500    486.500      0.422          19.251                 1.59         30
      1          0               0     70.500    548.300      0.586          24.679                 1.65         40
      1          0               0     89.400    808.000      1.359          27.520                 1.84         50
      1          0               0     83.300    872.200      2.782          26.803                 2.25         60
      1          0               0     45.800    133.900      0.061           9.070                 1.11         10
      1          0               0     80.600    296.200      0.233          13.855                 1.46         20
      1          0               0     69.500    361.700      0.355          19.317                 1.58         30
      1          0               0     51.100    464.400      0.396          24.640                 1.64         40
      1          0               0     69.000    822.700      0.941          25.687                 1.98         50
      1          0               0     66.600    718.400      1.770          25.949                 2.34         60
      1          0               0     71.600    160.400      0.096           9.102                 1.11         10
      1          0               0     44.500    309.700      0.148          12.697                 1.59         20
      1          0               0     71.900    392.700      0.373          18.886                  1.6         30
      1          0               0     74.700    431.100      0.661          23.609                  1.7         40
      1          0               0     66.200    649.900      0.891          26.887                 1.87         50
      1          0               0     40.200    484.100      0.993          25.943                 2.33         60
      1          0               0     37.600    147.100      0.051           7.838                 1.29         10
      1          0               0     85.800    201.600      0.238          16.085                 1.25         20
      1          0               0     82.100    246.000      0.410          20.914                 1.44         30
      1          0               0     36.500    317.600      0.305          25.392                 1.59         40
      1          0               0     37.000    479.800      0.626          27.408                 1.83         50
      1          0               0     44.100    574.500      1.270          27.671                 2.18         60
      1          0               0     46.500    171.600      0.064           7.292                 1.39         10
      1          0               0     35.400    240.400      0.109          12.503                 1.61         20
      1          0               0     50.000    345.900      0.260          19.524                 1.54         30
      1          0               0     66.600    498.100      0.703          20.434                 1.97         40
      1          0               0     32.900    432.400      0.527          24.529                 2.06         50
      1          0               0     44.400    534.900      1.375          24.671                 2.44         60
      1          0               0     41.300    166.600      0.056           7.971                 1.27         10
      1          0               0     58.300    307.800      0.166          15.902                 1.27         20
      1          0               0     49.700    236.200      0.233          20.974                 1.44         30
      1          0               0     73.400    605.800      0.551          25.082                 1.61         40
      1          0               0     69.500    780.200      0.963          26.095                 1.93         50
      1          0               0     60.300    530.300      1.354          25.667                 2.35         60
      1          0               0     40.900    105.900      0.056           7.460                 1.35         10
      1          0               0     75.900    417.100      0.225          13.262                 1.53         20
      1          0               0     69.300    514.700      0.359          19.287                 1.58         30
      1          0               0     33.900    444.400      0.367          19.640                 2.05         40
      1          0               0     57.400    824.400      1.589          22.826                  2.2         50
      1          0               0     45.000    762.400      2.393          23.860                 2.52         60
      1          0               0     46.200    191.800      0.064           7.574                 1.33         10
      1          0               0     45.200    225.700      0.141          13.586                 1.52         20
      1          0               0     62.300    272.700      0.288          22.022                 1.37         30
      1          0               0     58.800    471.300      0.411          28.105                 1.43         40
      1          0               0     58.300    428.500      0.654          27.419                 1.84         50
      1          0               0     68.500    738.700      1.286          29.019                 2.08         60
      1          0               0     55.000    185.500      0.078           8.611                 1.23         10
      1          0               0     17.600    142.000      0.052          13.898                 1.45         20
      1          0               0     50.100    306.300      0.295          17.483                 1.72         30
      1          0               0    105.100    535.200      1.031          21.353                 1.88         40
      1          0               0     30.100    366.100      0.812          20.239                 2.52         50
      1          0               0     72.200    753.000      2.988          24.180                 2.51         60
      1          0               0     42.900    144.900      0.058           8.860                 1.14         10
      1          0               0     44.400    228.200      0.131          15.345                 1.32         20
      1          0               0     29.800    259.800      0.157          18.872                  1.6         30
      1          0               0     67.900    585.500      0.699          23.043                 1.74         40
      1          0               0     62.200    762.200      1.126          24.788                 2.03         50
      1          0               0     60.400    707.800      2.896          25.805                 2.33         60
      1          0               0     63.300    127.100      0.084           9.253                 1.09         10
      1          0               0     21.700    155.200      0.065          14.000                 1.44         20
      1          0               0     53.800    311.300      0.263          20.388                 1.48         30
      1          0               0     42.700    445.000      0.358          24.267                 1.65         40
      1          0               0     78.600    597.100      0.991          24.499                 2.05         50
      1          0               0     47.100    594.100      1.352          23.157                 2.61         60
      1          0               0     50.200    125.200      0.067           8.289                 1.22         10
      1          0               0     52.000    274.000      0.147          15.275                 1.32         20
      1          0               0     79.600    427.300      0.366          22.544                 1.33         30
      1          0               0     54.600    343.000      0.431          26.148                 1.53         40
      1          0               0     59.700    505.200      0.970          27.094                 1.85         50
      1          0               0     66.000    576.000      3.935          26.679                 2.26         60
      1          0               0     37.300    136.400      0.051           7.957                 1.28         10
      1          0               0     55.700    203.100      0.158          15.504                 1.31         20
      1          0               0     60.600    401.600      0.299          19.196                 1.57         30
      1          0               0     71.100    530.200      0.554          23.918                 1.69         40
      1          0               0     60.100    438.000      0.800          25.433                  2.0         50
      1          0               0     79.900    721.300      1.879          28.387                 2.14         60
      1          0               0     31.500    124.100      0.045           7.429                 1.37         10
      1          0               0     46.600    313.900      0.143          12.702                 1.59         20
      1          0               0     63.400    359.900      0.360          18.749                 1.62         30
      1          0               0     61.700    430.300      0.559          19.773                 2.05         40
      1          0               0     33.700    412.800      0.512          22.288                 2.27         50
      1          0               0     49.600    499.500      1.128          22.942                 2.64         60
      1          0               0     55.900    172.800      0.081           8.161                 1.24         10
      1          0               0     39.600    267.800      0.126          12.732                 1.59         20
      1          0               0     39.300    349.100      0.214          19.033                  1.6         30
      1          0               0     77.000    526.500      0.619          23.218                 1.73         40
      1          0               0     83.800    789.800      0.988          24.377                 2.07         50
      1          0               0     80.300    925.000      1.775          27.187                 2.23         60
      1          0               0     54.000    216.100      0.075           7.994                 1.28         10
      1          0               0     59.700    301.800      0.170          15.253                 1.32         20
      1          0               0     57.100    524.600      0.296          17.315                 1.74         30
      1          0               0     95.000    820.100      0.720          23.673                  1.7         40
      1          0               0     58.600    600.100      0.684          25.227                  2.0         50
      1          0               0     73.800    495.100      1.193          29.656                 2.03         60
      1          0               0     82.000    197.300      0.109           9.491                 1.06         10
      1          0               0     33.500    207.700      0.093          16.836                 1.19         20
      1          0               0     73.100    494.100      0.333          24.248                 1.24         30
      1          0               0     51.700    495.100      0.595          25.079                  1.6         40
      1          0               0     58.600    544.100      1.215          25.717                 1.95         50
      1          0               0     59.800    628.800      3.269          27.110                 2.22         60
      1          0               0     67.900    157.500      0.091           9.052                 1.11         10
      1          0               0     37.700    182.700      0.107          16.313                 1.24         20
      1          0               0     77.900    423.200      0.371          21.612                 1.39         30
      1          0               0     81.400    462.100      0.773          23.555                  1.7         40
      1          0               0     47.200    443.100      0.756          23.360                 2.15         50
      1          0               0     85.000    825.800      2.369          27.199                 2.22         60
      1          0               0     51.600    124.800      0.068           9.289                 1.08         10
      1          0               0     40.900    192.500      0.119          14.447                  1.4         20
      1          0               0     68.300    327.300      0.325          21.482                 1.41         30
      1          0               0     70.000    448.400      0.652          20.300                  2.0         40
      1          0               0     64.500    599.300      1.065          22.381                 2.26         50
      1          0               0     57.700    685.200      1.736          21.078                 2.89         60
      1          0               0     54.000    179.000      0.072           8.793                 1.16         10
      1          0               0     69.300    224.400      0.192          16.988                  1.2         20
      1          0               0     65.200    385.800      0.339          20.115                  1.5         30
      1          0               0     47.400    313.300      0.399          23.985                 1.68         40
      1          0               0     63.300    500.400      0.987          23.321                 2.15         50
      1          0               0     53.800    624.800      1.198          27.160                 2.24         60
      1          0               0     35.800    114.100      0.049           8.575                 1.19         10
      1          0               0     47.400    294.200      0.141          14.441                  1.4         20
      1          0               0     52.600    350.900      0.297          18.532                 1.65         30
      1          0               0     61.400    484.400      0.463          24.936                 1.63         40
      1          0               0     65.700    495.800      0.828          28.581                 1.79         50
      1          0               0     70.300    568.900      1.360          29.435                 2.06         60
      1          0               0     34.300    137.600      0.048           7.863                 1.29         10
      1          0               0     66.900    202.600      0.190          16.810                 1.19         20
      1          0               0     60.000    303.200      0.293          20.365                 1.48         30
      1          0               0     41.600    460.600      0.362          22.377                  1.8         40
      1          0               0     66.300    566.500      0.954          26.780                 1.88         50
      1          0               0     56.500    635.600      1.631          28.002                 2.17         60
      1          0               0     53.400    130.500      0.073           8.654                 1.16         10
      1          0               0     80.800    390.400      0.238          14.708                 1.37         20
      1          0               0     95.900    254.900      0.441          21.467                 1.41         30
      1          0               0     55.500    399.500      0.429          24.025                 1.67         40
      1          0               0     95.900    538.700      1.226          27.339                 1.84         50
      1          0               0     67.300    858.500      1.462          27.040                 2.24         60
      1          0               0     35.300     83.700      0.049           7.173                 1.41         10
      1          0               0     40.400    182.800      0.115          15.074                 1.35         20
      1          0               0     48.300    351.400      0.234          20.762                 1.48         30
      1          0               0     49.700    340.600      0.401          23.473                 1.72         40
      1          0               0     55.500    385.000      0.706          27.112                 1.86         50
      1          0               0     45.300    385.500      0.818          32.276                 1.87         60
      1          0               0     62.300    182.000      0.091           7.775                 1.31         10
      1          0               0     70.600    308.300      0.215          14.363                 1.41         20
      1          0               0     55.000    313.900      0.341          18.753                 1.61         30
      1          0               0     86.400    564.500      1.121          23.633                  1.7         40
      1          0               0     59.700    601.000      1.289          26.183                 1.93         50
      1          0               0     44.200    531.200      1.459          28.661                 2.13         60
      1          0               0     23.200     85.300      0.032           7.220                 1.42         10
      1          0               0     41.400    277.200      0.135          13.490                  1.5         20
      1          0               0     47.400    370.000      0.400          16.032                 1.89         30
      1          0               0     39.400    402.600      0.396          21.794                 1.84         40
      1          0               0     44.400    472.000      0.677          25.547                 1.97         50
      1          0               0     54.000    604.500      1.237          27.746                 2.18         60
      1          0               0     23.500    104.500      0.033           8.770                 1.15         10
      1          0               0     75.100    212.900      0.219          15.644                 1.29         20
      1          0               0     43.900    338.900      0.255          17.144                 1.77         30
      1          0               0     43.100    393.000      0.415          22.842                 1.77         40
      1          0               0     72.000    496.600      1.035          25.649                 1.98         50
      1          0               0     57.100    688.600      1.651          28.215                 2.16         60
      1          0               0     31.300     85.500      0.043           9.415                 1.07         10
      1          0               0     62.100    199.700      0.179          16.092                 1.25         20
      1          0               0     47.400    295.900      0.234          22.658                 1.34         30
      1          0               0     63.500    601.600      0.537          25.454                 1.59         40
      1          0               0     61.400    576.400      0.895          27.619                 1.83         50
      1          0               0     51.400    607.300      1.427          28.196                 2.14         60
      1          0               0     67.100    155.500      0.092           7.736                  1.3         10
      1          0               0     68.900    301.600      0.209          14.919                 1.35         20
      1          0               0     81.900    393.300      0.400          19.526                 1.54         30
      1          0               0     40.400    335.200      0.458          21.022                 1.92         40
      1          0               0     92.900    639.700      1.605          23.584                 2.12         50
      1          0               0     45.800    396.700      1.114          25.338                 2.39         60
      1          0               0     61.900    130.300      0.082           9.355                 1.08         10
      1          0               0     42.900    234.300      0.121          14.730                 1.37         20
      1          0               0     43.700    318.000      0.224          21.233                 1.43         30
      1          0               0     81.500    562.700      0.591          25.146                 1.61         40
      1          0               0     57.300    672.200      0.683          27.305                 1.86         50
      1          0               0     66.200    757.000      1.107          33.656                 1.84         60
      1          0               0     40.900    138.400      0.056           7.638                 1.33         10
      1          0               0     52.700    294.200      0.148          15.309                 1.32         20
      1          0               0     64.000    385.400      0.308          20.845                 1.45         30
      1          0               0     54.100    658.300      0.430          26.438                 1.53         40
      1          0               0     48.700    591.300      0.570          29.329                 1.74         50
      1          0               0     88.700    834.200      1.533          32.359                 1.87         60
      1          0               0     27.700     97.600      0.038           7.606                 1.33         10
      1          0               0     45.700    272.900      0.133          14.304                 1.41         20
      1          0               0     57.900    414.000      0.319          17.789                  1.7         30
      1          0               0     66.600    381.500      0.558          22.258                 1.81         40
      1          0               0     53.100    366.600      0.654          25.659                 1.96         50
      1          0               0     52.900    450.900      1.105          27.042                 2.24         60
      1          0               0     58.800    141.300      0.078           9.027                 1.12         10
      1          0               0     62.300    215.600      0.175          15.968                 1.26         20
      1          0               0     77.600    299.600      0.358          22.403                 1.34         30
      1          0               0     78.000    428.400      0.601          25.138                  1.6         40
      1          0               0     36.700    333.200      0.513          25.101                 2.01         50
      1          0               0     71.300    550.000      1.334          27.816                 2.17         60
      1          0               0     44.800    116.900      0.060           9.225                 1.09         10
      1          0               0     12.800    103.500      0.038          15.055                 1.33         20
      1          0               0     48.100    318.900      0.247          20.256                 1.49         30
      1          0               0     85.200    525.100      0.649          24.433                 1.65         40
      1          0               0     47.500    543.100      0.648          26.217                 1.93         50
      1          0               0     39.500    612.100      1.170          28.413                 2.15         60
      1          0               0     54.500    125.700      0.076           6.490                 1.55         10
      1          0               0     39.400    187.100      0.117          13.518                  1.5         20
      1          0               0     34.500    272.600      0.177          18.496                 1.64         30
      1          0               0     55.400    384.000      0.416          24.601                 1.64         40
      1          0               0     79.800    776.600      1.074          25.753                 1.95         50
      1          0               0     64.400    686.000      1.619          25.868                 2.35         60
      1          0               0     36.500    136.500      0.051           7.244                 1.39         10
      1          0               0     34.000    224.600      0.102          13.941                 1.44         20
      1          0               0     75.900    270.400      0.381          20.615                 1.46         30
      1          0               0     91.800    393.800      0.732          26.197                 1.54         40
      1          0               0     36.900    396.500      0.523          26.959                 1.86         50
      1          0               0     97.000    645.900      2.014          30.373                 1.98         60
      1          0               0     71.300    185.400      0.096           8.310                 1.21         10
      1          0               0     56.000    396.000      0.158          16.621                 1.22         20
      1          0               0     81.800    273.200      0.366          25.210                  1.2         30
      1          0               0     38.900    380.900      0.329          25.612                 1.59         40
      1          0               0     34.400    443.800      0.503          27.776                 1.82         50
      1          0               0     41.100    402.900      0.742          32.827                 1.84         60
      1          0               0     31.900    100.200      0.043           8.524                 1.18         10
      1          0               0     36.700    236.600      0.105          15.777                 1.28         20
      1          0               0     62.000    329.400      0.299          21.555                  1.4         30
      1          0               0     51.400    339.700      0.400          24.934                 1.64         40
      1          0               0     41.500    425.400      0.588          25.781                 1.99         50
      1          0               0     51.300    523.800      1.354          24.840                 2.44         60
      1          0               0     77.200    153.100      0.104           9.358                 1.07         10
      1          0               0     91.200    385.400      0.254          17.025                 1.19         20
      1          0               0     59.200    492.100      0.296          21.620                  1.4         30
      1          0               0     43.500    454.300      0.368          25.699                 1.57         40
      1          0               0     72.700    671.700      0.905          28.928                 1.75         50
      1          0               0     79.000    795.800      1.438          30.780                 1.96         60
      1          0               0     77.200    207.800      0.104           8.790                 1.16         10
      1          0               0     75.300    294.100      0.222          15.151                 1.34         20
      1          0               0     67.400    470.600      0.337          21.025                 1.44         30
      1          0               0     73.500    564.200      0.630          25.831                 1.57         40
      1          0               0     93.500    623.400      1.195          29.124                 1.75         50
      1          0               0     32.100    485.900      1.120          24.794                 2.47         60
      1          0               0     29.400    124.800      0.041           7.194                 1.41         10
      1          0               0     38.800    201.600      0.120          14.322                 1.42         20
      1          0               0     76.000    344.200      0.373          20.783                 1.46         30
      1          0               0     76.600    578.000      0.689          21.292                 1.91         40
      1          0               0     49.100    496.600      0.632          27.627                 1.83         50
      1          0               0     48.200    635.900      1.020          27.849                 2.17         60
      1          0               0     71.400    232.600      0.096           8.803                 1.16         10
      1          0               0     41.000    312.900      0.118          15.880                 1.27         20
      1          0               0     83.900    417.900      0.391          22.528                 1.35         30
      1          0               0     70.700    458.200      0.523          26.884                  1.5         40
      1          0               0     49.300    326.500      0.577          28.296                 1.79         50
      1          0               0     40.800    421.700      0.836          30.279                 1.99         60
      1          0               0     50.200    196.400      0.068           7.685                 1.32         10
      1          0               0     54.300    343.000      0.156          14.149                 1.44         20
      1          0               0     33.700    329.300      0.181          18.401                 1.64         30
      1          0               0     55.200    524.300      0.428          25.234                 1.59         40
      1          0               0     60.800    581.300      0.844          26.156                 1.93         50
      1          0               0     60.400    551.400      1.217          28.838                 2.09         60
      1          0               0     39.600    121.100      0.052           8.826                 1.14         10
      1          0               0     74.400    247.200      0.208          16.501                 1.23         20
      1          0               0     44.100    302.200      0.238          19.263                 1.57         30
      1          0               0     65.600    434.800      0.544          23.322                 1.74         40
      1          0               0     39.600    569.000      0.629          22.646                 2.27         50
      1          0               0     36.100    483.700      0.880          24.931                 2.48         60
      1          0               0     43.300    123.600      0.060           8.125                 1.25         10
      1          0               0     69.900    227.300      0.194          16.947                  1.2         20
      1          0               0     47.800    320.500      0.230          22.084                 1.37         30
      1          0               0     74.600    541.800      0.560          22.879                 1.75         40
      1          0               0     43.400    395.000      0.607          25.624                 1.96         50
      1          0               0     29.300    404.700      0.640          27.119                 2.23         60
      1          0               0     61.500    185.400      0.082           9.231                  1.1         10
      1          0               0     40.200    192.100      0.118          15.430                 1.33         20
      1          0               0     70.200    300.100      0.328          21.573                 1.41         30
      1          0               0     68.200    385.900      0.555          25.138                 1.63         40
      1          0               0     56.900    398.700      0.703          30.469                  1.7         50
      1          0               0     70.800    629.900      1.183          32.836                 1.87         60
      1          0               0     49.600    116.500      0.067           9.337                 1.08         10
      1          0               0     97.300    385.000      0.289          14.848                 1.36         20
      1          0               0     51.900    308.900      0.290          17.561                 1.76         30
      1          0               0     86.400    507.700      0.726          23.569                 1.73         40
      1          0               0     63.200    680.200      0.919          24.315                 2.09         50
      1          0               0     53.800    505.200      1.209          26.699                 2.31         60
      1          0               0     64.600    206.200      0.087           8.444                 1.21         10
      1          0               0     72.400    263.700      0.201          16.470                 1.22         20
      1          0               0     69.800    538.100      0.353          18.979                  1.6         30
      1          0               0     73.700    673.400      0.730          20.715                 1.96         40
      1          0               0     64.000    718.200      1.056          22.556                 2.24         50
      1          0               0     56.500    696.200      1.682          25.531                 2.36         60
      1          0               0     16.100     75.000      0.022           7.689                 1.32         10
      1          0               0     42.900    208.500      0.140          13.476                 1.49         20
      1          0               0     36.400    298.000      0.211          18.453                 1.64         30
      1          0               0     49.300    504.800      0.528          20.428                 1.98         40
      1          0               0     45.500    405.100      0.778          24.945                 2.02         50
      1          0               0     52.600    553.600      1.430          23.694                 2.55         60
      1          0               0     25.500    109.000      0.035           7.800                  1.3         10
      1          0               0     61.400    308.200      0.184          14.173                 1.43         20
      1          0               0     64.600    619.500      0.338          17.896                 1.69         30
      1          0               0     48.300    517.500      0.459          21.012                 1.93         40
      1          0               0     58.100    582.200      0.835          24.551                 2.07         50
      1          0               0     55.800    587.800      0.972          29.084                  2.1         60
      1          0               0     29.300    133.500      0.040           6.983                 1.44         10
      1          0               0     42.800    235.900      0.140          10.706                 1.91         20
      1          0               0     86.500    510.400      0.442          19.287                 1.57         30
      1          0               0     64.300    432.800      0.547          23.014                 1.77         40
      1          0               0     65.300    744.200      1.048          26.378                 1.92         50
      1          0               0     51.100    670.400      1.305          27.442                 2.25         60
      1          0               0     56.800    202.800      0.077           8.264                 1.22         10
      1          0               0     62.300    254.100      0.174          15.790                 1.28         20
      1          0               0     67.600    356.800      0.330          20.138                  1.5         30
      1          0               0     83.800    553.200      0.699          22.989                 1.75         40
      1          0               0     54.000    537.600      0.740          24.246                 2.09         50
      1          0               0     53.100    601.500      1.306          24.260                  2.5         60
      1          0               0     35.700     97.900      0.048           8.499                 1.19         10
      1          0               0     80.200    247.800      0.226          15.771                 1.28         20
      1          0               0     59.300    388.000      0.289          20.944                 1.45         30
      1          0               0     55.800    463.200      0.446          25.093                  1.6         40
      1          0               0     70.800    489.900      0.997          26.054                 1.93         50
      1          0               0     43.700    658.600      1.149          25.245                  2.4         60
      1          0               0     66.200    211.600      0.089           8.816                 1.14         10
      1          0               0     40.300    224.700      0.113          15.739                 1.28         20
      1          0               0     68.100    474.800      0.317          20.977                 1.43         30
      1          0               0     54.100    306.600      0.394          24.604                 1.64         40
      1          0               0     41.700    341.100      0.557          25.796                 1.97         50
      1          0               0     87.000    718.300      2.019          27.103                 2.23         60
      1          0               0     36.400    134.400      0.050           7.571                 1.34         10
      1          0               0     37.400    185.900      0.113          14.184                 1.43         20
      1          0               0     56.600    301.300      0.272          20.306                 1.49         30
      1          0               0     57.400    439.000      0.481          22.882                 1.76         40
      1          0               0     96.000    656.200      1.416          24.814                 2.02         50
      1          0               0     43.500    524.500      1.295          26.531                 2.28         60
      1          0               0     20.700     68.800      0.028           8.990                 1.12         10
      1          0               0     23.400    172.500      0.065          15.846                 1.28         20
      1          0               0     49.400    277.500      0.230          22.148                 1.37         30
      1          0               0     51.000    365.500      0.394          25.355                  1.6         40
      1          0               0     43.800    528.300      0.617          27.756                 1.86         50
      1          0               0     38.700    447.900      0.985          29.922                 2.03         60
      1          0               0     29.600     86.900      0.041           8.149                 1.25         10
      1          0               0     24.300    168.700      0.072          14.235                 1.45         20
      1          0               0     37.900    221.200      0.200          18.678                 1.63         30
      1          0               0     73.900    358.500      0.523          27.602                 1.47         40
      1          0               0     87.000    644.600      0.917          31.147                 1.62         50
      1          0               0     80.100    556.000      1.525          31.715                  1.9         60
      1          0               0     73.600    169.700      0.099           9.094                 1.12         10
      1          0               0     47.200    206.400      0.132          15.383                 1.33         20
      1          0               0     49.800    256.200      0.237          21.269                 1.43         30
      1          0               0     67.500    586.200      0.628          19.687                 2.06         40
      1          0               0     68.300    568.500      0.910          25.167                  2.0         50
      1          0               0     47.800    494.200      1.121          26.801                 2.26         60
      1          0               0     58.400    197.600      0.080           7.409                 1.36         10
      1          0               0     51.900    266.000      0.154          12.963                 1.57         20
      1          0               0     63.600    311.800      0.313          16.918                 1.78         30
      1          0               0     51.700    364.400      0.447          20.692                 1.96         40
      1          0               0     54.700    446.600      0.958          18.812                 2.68         50
      1          0               0     47.900    453.700      1.226          19.591                 3.11         60
      1          0               0     59.300    190.200      0.083           7.843                 1.29         10
      1          0               0     66.700    201.100      0.185          15.732                 1.28         20
      1          0               0     74.500    366.400      0.350          22.370                 1.35         30
      1          0               0     58.100    465.900      0.458          26.489                 1.54         40
      1          0               0     66.600    470.400      0.871          28.480                  1.8         50
      1          0               0     46.200    534.900      1.297          26.331                 2.41         60
      1          0               0     55.900    184.400      0.073           8.835                 1.15         10
      1          0               0     66.400    329.400      0.229          13.199                 1.53         20
      1          0               0     61.400    366.400      0.365          19.777                 1.53         30
      1          0               0     76.000    618.300      0.814          23.642                 1.72         40
      1          0               0     66.300    650.500      1.186          29.237                 1.75         50
      1          0               0     82.300    868.600      2.297          30.531                 1.98         60
      1          0               0     39.300    139.900      0.052           8.725                 1.18         10
      1          0               0     51.400    336.800      0.147          14.152                 1.44         20
      1          0               0     47.600    281.600      0.260          15.328                 1.98         30
      1          0               0     42.400    331.700      0.376          18.521                 2.18         40
      1          0               0     35.300    385.800      0.694          19.493                 2.61         50
      1          0               0     53.000    430.000      1.645          22.943                 2.66         60
      1          0               0     19.700     88.400      0.026           8.401                 1.19         10
      1          0               0     64.100    283.300      0.180          15.307                 1.33         20
      1          0               0     49.900    368.500      0.243          18.535                 1.63         30
      1          0               0     61.500    468.100      0.768          19.276                 2.09         40
      1          0               0     69.200    488.300      1.134          25.929                 1.94         50
      1          0               0     39.800    613.500      1.422          27.093                 2.24         60
      1          0               0     65.300    146.300      0.090           8.338                 1.22         10
      1          0               0     85.100    438.100      0.246          15.261                 1.32         20
      1          0               0     97.200    482.900      0.476          19.658                 1.55         30
      1          0               0     87.300    623.600      0.677          25.534                  1.6         40
      1          0               0     78.400    690.600      1.102          24.776                 2.07         50
      1          0               0     65.900    782.100      1.831          24.527                 2.49         60
      1          0               0     45.500    113.700      0.061           8.475                 1.19         10
      1          0               0     79.200    332.500      0.218          16.665                 1.21         20
      1          0               0     74.700    556.000      0.339          23.902                 1.26         30
      1          0               0     81.600    617.400      0.594          28.941                  1.4         40
      1          0               0     60.900    557.000      0.702          30.573                 1.68         50
      1          0               0     61.900    655.000      1.356          28.990                 2.12         60
      1          0               0     59.500    168.300      0.081           8.746                 1.15         10
      1          0               0     60.200    320.600      0.177          15.595                  1.3         20
      1          0               0     82.700    558.300      0.383          23.606                 1.29         30
      1          0               0     61.000    531.100      0.502          25.146                 1.62         40
      1          0               0     65.800    687.800      1.186          27.775                 1.85         50
      1          0               0     45.900    919.300      1.574          29.601                 2.08         60
      1          0               0     54.700    131.000      0.077           7.548                 1.34         10
      1          0               0     49.100    228.400      0.142          15.440                  1.3         20
      1          0               0     62.100    564.000      0.346          19.143                 1.59         30
      1          0               0     42.800    505.100      0.479          19.869                 2.03         40
      1          0               0     35.000    445.800      0.598          21.237                 2.38         50
      1          0               0     45.800    507.700      1.146          25.155                 2.41         60
      1          0               0     22.300     96.600      0.030           8.870                 1.16         10
      1          0               0     39.800    225.600      0.117          15.163                 1.36         20
      1          0               0     61.800    376.400      0.372          17.456                 1.75         30
      1          0               0     56.800    386.000      0.526          21.496                  1.9         40
      1          0               0     50.700    473.200      0.787          21.886                 2.32         50
      1          0               0     48.700    503.200      1.205          25.612                 2.38         60
      1          0               0     30.600    111.100      0.041           8.663                 1.17         10
      1          0               0     77.100    229.800      0.215          15.660                  1.3         20
      1          0               0     88.100    607.700      0.455          19.831                 1.52         30
      1          0               0     67.700    412.900      0.642          23.078                 1.74         40
      1          0               0     92.800    706.000      1.119          28.744                 1.75         50
      1          0               0     82.100    723.500      2.020          27.568                 2.19         60
      1          0               0     31.400    121.400      0.042           8.841                 1.14         10
      1          0               0     63.900    312.800      0.183          15.247                 1.32         20
      1          0               0     66.300    385.200      0.322          21.360                 1.45         30
      1          0               0     90.100    743.800      0.646          27.870                 1.46         40
      1          0               0     66.900    398.600      0.749          31.327                 1.63         50
      1          0               0     96.000    700.600      1.946          32.233                 1.89         60
      1          0               0     25.800     81.600      0.035           8.740                 1.16         10
      1          0               0     60.600    323.500      0.173          15.736                 1.28         20
      1          0               0     58.700    391.300      0.346          15.741                 1.93         30
      1          0               0     42.500    376.400      0.415          20.176                 2.01         40
      1          0               0     62.400    427.700      0.761          26.955                 1.87         50
      1          0               0     88.200    898.600      2.476          24.624                 2.44         60
      1          0               0     42.100    115.100      0.057           8.760                 1.15         10
      1          0               0     53.700    251.500      0.160          14.916                 1.35         20
      1          0               0     59.500    340.400      0.318          18.595                 1.62         30
      1          0               0     68.700    331.900      0.545          21.958                 1.83         40
      1          0               0     68.300    414.000      0.821          26.223                 1.92         50
      1          0               0     72.300    589.700      1.558          24.372                 2.48         60
      1          0               0     20.800     95.800      0.027           8.495                 1.19         10
      1          0               0     39.300    244.700      0.113          14.552                 1.39         20
      1          0               0     35.400    311.500      0.190          18.782                 1.61         30
      1          0               0     45.300    362.300      0.386          23.497                 1.73         40
      1          0               0     52.400    382.400      0.610          28.277                 1.78         50
      1          0               0     30.300    415.700      0.637          28.172                 2.15         60
      1          0               0     53.400    187.600      0.074           7.603                 1.36         10
      1          0               0     67.600    316.400      0.196          15.302                 1.33         20
      1          0               0     46.900    266.700      0.258          18.891                 1.65         30
      1          0               0     41.000    379.800      0.377          21.876                 1.91         40
      1          0               0     55.400    449.100      0.690          26.074                 1.97         50
      1          0               0     51.500    590.200      1.084          27.592                  2.2         60
      1          0               0     27.200     78.200      0.037           8.206                 1.23         10
      1          0               0     44.400    282.700      0.130          13.993                 1.44         20
      1          0               0     80.700    417.800      0.407          19.713                 1.53         30
      1          0               0     66.900    461.500      0.668          21.879                 1.83         40
      1          0               0     46.800    481.400      0.777          22.100                 2.28         50
      1          0               0     66.100    530.000      1.562          26.280                  2.3         60
      1          0               0     22.900     76.500      0.031           8.301                 1.22         10
      1          0               0     53.600    236.600      0.154          12.879                 1.57         20
      1          0               0     44.600    357.700      0.265          16.170                 1.88         30
      1          0               0     54.500    516.900      0.579          20.187                 1.99         40
      1          0               0     64.600    645.100      1.025          22.723                 2.21         50
      1          0               0     65.400    570.200      1.522          28.508                 2.11         60
      1          0               0     50.700    141.400      0.068           8.787                 1.15         10
      1          0               0     47.100    203.200      0.131          15.480                  1.3         20
      1          0               0     32.500    225.900      0.165          19.268                 1.58         30
      1          0               0     60.800    460.000      0.497          21.433                 1.88         40
      1          0               0     61.000    726.100      0.803          23.867                 2.12         50
      1          0               0     75.700    818.400      1.477          25.189                 2.42         60
      1          0               0     49.400    181.900      0.068           7.769                 1.32         10
      1          0               0     58.500    314.900      0.174          14.082                 1.44         20
      1          0               0     53.500    414.500      0.279          20.069                 1.52         30
      1          0               0     66.100    520.300      0.503          25.537                 1.58         40
      1          0               0     71.200    819.100      1.017          27.496                 1.84         50
      1          0               0     52.200    908.400      2.321          24.751                 2.45         60
      1          0               0     30.900    132.000      0.042           8.049                 1.25         10
      1          0               0     86.300    289.800      0.254          15.782                 1.28         20
      1          0               0     61.600    277.600      0.326          18.940                 1.59         30
      1          0               0     68.800    330.300      0.664          20.699                 1.94         40
      1          0               0     73.800    733.700      0.991          26.745                 1.88         50
      1          0               0     46.500    518.500      1.120          29.138                 2.08         60
      1          0               0     61.900    115.700      0.084           7.625                 1.33         10
      1          0               0     48.700    326.600      0.147          14.294                 1.41         20
      1          0               0     30.300    238.700      0.148          20.597                 1.47         30
      1          0               0     65.400    605.700      0.510          25.864                 1.56         40
      1          0               0     61.900    384.800      0.659          31.688                  1.6         50
      1          0               0     61.400    672.900      1.280          33.080                 1.83         60
      1          0               0     71.500    209.100      0.098           8.903                 1.13         10
      1          0               0     43.300    178.400      0.123          14.908                 1.36         20
      1          0               0     37.900    268.200      0.221          17.166                 1.77         30
      1          0               0     53.500    381.900      0.485          22.211                 1.82         40
      1          0               0     27.900    313.200      0.379          25.090                  2.0         50
      1          0               0     50.500    440.200      1.041          26.659                 2.26         60
      1          0               0     72.500    185.800      0.097           9.194                  1.1         10
      1          0               0     50.000    241.700      0.143          15.830                 1.29         20
      1          0               0     35.200    283.600      0.174          20.818                 1.46         30
      1          0               0     53.700    436.700      0.468          24.439                 1.64         40
      1          0               0     32.200    416.500      0.480          24.286                 2.07         50
      1          0               0     40.500    516.400      1.377          26.743                 2.26         60
      1          0               0     69.300    145.300      0.095           8.343                  1.2         10
      1          0               0     82.800    305.500      0.233          16.912                 1.19         20
      1          0               0     64.900    555.600      0.344          19.148                 1.57         30
      1          0               0     60.400    504.200      0.442          27.661                 1.45         40
      1          0               0     57.200    532.500      0.753          28.348                 1.77         50
      1          0               0     52.400    594.100      1.032          31.660                 1.91         60
      1          0               0     37.800    124.500      0.051           9.138                  1.1         10
      1          0               0     62.200    260.500      0.173          16.000                 1.27         20
      1          0               0     49.500    360.500      0.237          21.620                 1.41         30
      1          0               0     59.100    511.600      0.466          24.920                 1.63         40
      1          0               0     48.900    533.100      0.703          28.084                  1.8         50
      1          0               0     65.000    659.300      1.153          28.792                 2.11         60
      1          0               0     32.400    135.600      0.044           7.769                  1.3         10
      1          0               0     58.800    288.800      0.172          14.333                 1.41         20
      1          0               0     59.200    439.400      0.282          20.829                 1.45         30
      1          0               0     79.300    606.200      0.634          24.203                 1.66         40
      1          0               0     69.600    574.500      0.869          26.917                 1.87         50
      1          0               0     56.700    661.000      1.389          27.802                 2.18         60
      1          0               0     39.100    127.400      0.052           9.263                 1.09         10
      1          0               0     81.300    393.200      0.236          14.935                 1.35         20
      1          0               0     58.900    454.200      0.288          22.151                 1.36         30
      1          0               0     78.100    500.800      0.571          25.128                  1.6         40
      1          0               0     90.000    451.800      1.037          30.526                 1.65         50
      1          0               0     88.700    921.100      1.910          31.904                 1.89         60
      1          0               0     51.200    175.900      0.068           9.244                  1.1         10
      1          0               0     76.400    271.500      0.218          15.937                 1.27         20
      1          0               0     77.500    456.100      0.388          19.634                 1.54         30
      1          0               0     68.900    623.500      0.629          24.398                 1.67         40
      1          0               0     82.000    632.500      0.958          27.452                 1.84         50
      1          0               0     68.100    602.000      1.326          28.856                 2.11         60
      1          0               0     56.000    171.700      0.074           8.850                 1.14         10
      1          0               0     47.800    280.700      0.140          14.243                 1.43         20
      1          0               0     56.000    394.100      0.290          19.782                 1.53         30
      1          0               0     52.200    435.900      0.534          22.098                 1.83         40
      1          0               0     57.900    552.500      0.835          28.425                 1.78         50
      1          0               0     52.100    610.500      1.209          30.077                 2.04         60
      1          0               0     46.600    118.900      0.062           9.172                  1.1         10
      1          0               0     55.000    345.200      0.159          14.638                 1.38         20
      1          0               0     61.000    452.900      0.297          21.536                 1.41         30
      1          0               0     38.800    428.300      0.314          24.946                 1.61         40
      1          0               0     58.000    538.500      0.671          26.834                 1.87         50
      1          0               0     73.500    831.500      1.474          25.087                  2.4         60
      1          0               0     43.300    159.600      0.059           8.148                 1.25         10
      1          0               0     66.200    361.100      0.195          13.047                 1.55         20
      1          0               0     84.200    449.300      0.445          16.696                 1.82         30
      1          0               0     79.900    595.300      0.643          21.631                 1.89         40
      1          0               0     57.100    602.600      0.857          21.594                 2.37         50
      1          0               0     55.900    667.900      2.551          25.503                 2.42         60
      1          0               0     42.200    181.200      0.057           8.507                  1.2         10
      1          0               0     50.700    269.100      0.144          16.002                 1.26         20
      1          0               0     53.200    411.600      0.268          21.073                 1.43         30
      1          0               0     51.100    376.400      0.445          23.417                 1.72         40
      1          0               0     61.400    592.600      0.848          28.080                 1.82         50
      1          0               0     62.800    603.800      1.424          28.631                 2.12         60
      1          0               0     46.800    159.400      0.065           7.323                 1.38         10
      1          0               0     73.200    300.400      0.214          14.351                  1.4         20
      1          0               0     69.900    408.300      0.335          20.710                 1.45         30
      1          0               0     75.900    489.300      0.612          24.412                 1.64         40
      1          0               0     50.800    570.000      0.573          29.742                 1.69         50
      1          0               0     37.600    588.000      1.008          27.330                 2.22         60
      1          0               0     57.100    164.500      0.076           9.149                  1.1         10
      1          0               0     79.600    312.700      0.227          16.701                 1.21         20
      1          0               0     66.100    308.600      0.313          22.191                 1.36         30
      1          0               0     54.200    400.600      0.495          21.681                 1.86         40
      1          0               0     36.300    560.900      0.674          23.887                 2.12         50
      1          0               0     81.400    785.300      1.593          31.507                 1.91         60
      1          0               0     64.800    159.800      0.089           8.275                 1.22         10
      1          0               0     97.200    307.700      0.276          15.307                 1.31         20
      1          0               0     50.200    284.500      0.261          18.667                 1.63         30
      1          0               0     64.400    408.800      0.504          23.753                  1.7         40
      1          0               0     52.200    557.900      0.601          27.272                 1.85         50
      1          0               0     63.700    621.200      1.152          29.914                 2.02         60
      1          0               0     57.100    182.000      0.079           8.000                 1.27         10
      1          0               0     28.900    212.400      0.085          13.841                 1.46         20
      1          0               0     55.200    363.700      0.294          16.828                  1.8         30
      1          0               0     62.700    385.200      0.544          21.008                 1.91         40
      1          0               0     59.600    510.000      0.799          23.428                 2.14         50
      1          0               0     43.200    660.500      1.556          23.782                 2.53         60
      1          0               0     77.500    221.500      0.106           8.743                 1.16         10
      1          0               0     32.100    194.100      0.094          15.449                 1.33         20
      1          0               0     46.600    325.800      0.226          20.521                 1.47         30
      1          0               0     45.700    446.400      0.433          24.175                 1.67         40
      1          0               0     43.800    593.400      0.588          28.005                  1.8         50
      1          0               0     51.800    643.100      1.411          27.832                 2.17         60
      1          0               0     62.000    195.400      0.083           9.081                 1.11         10
      1          0               0     83.400    380.700      0.228          17.185                 1.17         20
      1          0               0     58.000    511.500      0.290          19.616                 1.55         30
      1          0               0     80.900    634.100      0.659          25.513                  1.6         40
      1          0               0     80.000    859.000      1.058          28.246                 1.81         50
      1          0               0     57.000    687.900      1.284          28.932                 2.13         60
      1          0               0     34.800    157.400      0.048           7.411                 1.47         10
      1          0               0     70.600    295.800      0.206          13.989                 1.46         20
      1          0               0     90.300    337.500      0.487          19.000                 1.59         30
      1          0               0     81.700    475.500      0.717          23.017                 1.75         40
      1          0               0     64.100    673.100      1.297          21.484                 2.35         50
      1          0               0     42.600    516.500      2.757          21.573                 2.79         60
      1          0               0     24.800    115.000      0.034           8.395                  1.2         10
      1          0               0     41.200    295.300      0.116          16.153                 1.25         20
      1          0               0     47.500    355.100      0.230          20.695                 1.46         30
      1          0               0     61.200    543.400      0.547          22.686                 1.77         40
      1          0               0     42.600    470.900      0.682          25.019                 2.01         50
      1          0               0     61.500    790.100      2.155          25.291                 2.38         60
      1          0               0     46.200    165.300      0.061           8.539                  1.2         10
      1          0               0     70.700    186.900      0.194          17.669                 1.15         20
      1          0               0     75.900    400.300      0.388          20.258                  1.5         30
      1          0               0     84.400    715.600      0.688          24.322                 1.65         40
      1          0               0     73.600    519.300      0.971          24.814                 2.02         50
      1          0               0     48.300    591.700      1.420          25.048                 2.41         60
      1          0               0     34.100     91.200      0.045           8.856                 1.14         10
      1          0               0     51.800    151.700      0.140          14.757                 1.36         20
      1          0               0     28.700    196.200      0.133          21.118                 1.43         30
      1          0               0     72.500    550.600      0.510          27.298                 1.47         40
      1          0               0     34.000    352.800      0.396          29.985                 1.68         50
      1          0               0     53.600    425.800      0.892          31.090                 1.94         60
      1          0               0     74.600    168.800      0.100           9.038                 1.11         10
      1          0               0     74.700    324.500      0.206          15.550                  1.3         20
      1          0               0     60.500    414.500      0.296          21.207                 1.43         30
      1          0               0     49.300    477.200      0.481          23.617                 1.73         40
      1          0               0     45.900    706.100      0.618          26.401                 1.92         50
      1          0               0     71.100    806.000      1.391          30.191                 2.01         60
      1          0               0     43.200    109.600      0.056           9.127                  1.1         10
      1          0               0     74.600    251.500      0.220          15.068                 1.34         20
      1          0               0     68.400    431.100      0.332          21.086                 1.43         30
      1          0               0     82.400    428.700      0.631          25.752                 1.59         40
      1          0               0     63.000    491.500      0.752          29.710                 1.73         50
      1          0               0     70.900    487.700      1.255          30.639                 1.98         60
      1          0               0     44.600    146.600      0.060           7.908                 1.28         10
      1          0               0     62.400    291.600      0.174          16.492                 1.23         20
      1          0               0     78.700    281.500      0.371          23.849                 1.27         30
      1          0               0     68.600    440.800      0.504          28.306                 1.42         40
      1          0               0     73.100    739.900      0.771          33.633                  1.5         50
      1          0               0     45.500    495.500      0.822          33.174                 1.83         60
      1          0               0     55.700    210.100      0.076           7.826                 1.33         10
      1          0               0     53.000    422.100      0.174          12.804                 1.62         20
      1          0               0     46.900    535.100      0.290          16.343                 1.91         30
      1          0               0     52.600    572.400      0.507          21.399                 1.92         40
      1          0               0     57.000    772.200      0.834          23.942                  2.1         50
      1          0               0     67.000    702.000      1.670          22.345                 2.72         60
      1          0               0     45.500    126.400      0.061           8.286                 1.21         10
      1          0               0     49.700    255.400      0.149          14.618                 1.38         20
      1          0               0     67.700    513.800      0.326          21.183                 1.42         30
      1          0               0     58.700    632.700      0.481          24.659                 1.64         40
      1          0               0     81.200   1104.300      0.845          30.708                 1.64         50
      1          0               0     88.500    637.700      1.376          31.791                 1.91         60
      1          0               0     33.000    101.600      0.045           7.509                 1.34         10
      1          0               0     72.600    228.900      0.198          16.474                 1.23         20
      1          0               0     61.100    404.900      0.302          21.152                 1.44         30
      1          0               0     93.600    651.800      0.783          23.462                 1.73         40
      1          0               0     50.400    494.000      0.735          25.690                 1.96         50
      1          0               0     84.200    787.000      1.493          31.831                 1.91         60
      1          0               0     79.400    139.900      0.109           8.519                 1.18         10
      1          0               0     65.600    242.500      0.186          15.604                 1.29         20
      1          0               0     73.700    277.400      0.344          21.208                 1.43         30
      1          0               0     61.700    536.700      0.471          24.938                 1.62         40
      1          0               0     55.900    504.900      0.984          26.748                  1.9         50
      1          0               0     58.500    527.700      1.224          29.979                 2.02         60
      1          0               0     51.300    219.300      0.068           8.815                 1.14         10
      1          0               0     49.400    306.800      0.147          13.800                 1.48         20
      1          0               0     68.600    460.100      0.348          22.036                 1.38         30
      1          0               0     65.900    527.400      0.570          22.381                 1.81         40
      1          0               0     91.500    617.200      1.205          24.958                 2.02         50
      1          0               0     79.300    708.500      1.607          27.183                 2.23         60
      1          0               0     36.600    199.800      0.053           7.549                 1.35         10
      1          0               0     57.200    243.000      0.168          16.075                 1.26         20
      1          0               0     57.500    334.400      0.286          20.790                 1.47         30
      1          0               0     63.000    394.600      0.543          24.243                 1.68         40
      1          0               0     55.700    768.800      0.719          26.612                 1.93         50
      1          0               0     57.900    820.500      1.490          27.625                 2.22         60
      1          0               0     36.200    131.800      0.049           7.881                 1.29         10
      1          0               0     68.600    365.700      0.202          13.570                 1.49         20
      1          0               0     66.300    490.700      0.359          17.997                 1.68         30
      1          0               0     35.700    511.500      0.394          19.034                 2.14         40
      1          0               0     67.900    663.100      1.168          23.854                 2.12         50
      1          0               0     33.700    716.700      1.115          23.463                 2.58         60
      1          0               0     52.900    119.500      0.071           8.403                  1.2         10
      1          0               0     42.800    229.500      0.123          15.033                 1.35         20
      1          0               0     52.300    321.800      0.261          19.931                 1.51         30
      1          0               0     44.800    340.000      0.403          22.112                 1.82         40
      1          0               0     54.000    522.400      1.073          25.767                 1.99         50
      1          0               0     51.600    760.800      1.715          24.281                 2.51         60
      1          0               0     28.600     77.900      0.038           9.311                 1.08         10
      1          0               0     42.400    234.500      0.120          15.179                 1.32         20
      1          0               0     55.200    373.000      0.275          21.239                 1.42         30
      1          0               0     38.400    287.700      0.301          23.099                 1.74         40
      1          0               0     60.300    399.600      0.881          25.750                 1.97         50
      1          0               0     65.300    555.100      2.025          25.541                 2.38         60
      1          0               0     44.700    118.700      0.061           7.539                 1.35         10
      1          0               0     69.900    224.300      0.195          15.343                 1.31         20
      1          0               0     87.200    369.800      0.418          21.079                 1.43         30
      1          0               0     38.900    309.400      0.315          25.013                 1.61         40
      1          0               0     45.000    467.900      0.845          26.091                 1.92         50
      1          0               0     72.700    504.100      1.589          29.297                 2.05         60
      1          0               0     36.600    114.800      0.049           9.117                 1.11         10
      1          0               0     54.900    308.600      0.158          15.827                 1.28         20
      1          0               0     54.400    275.300      0.255          22.430                 1.35         30
      1          0               0     33.600    274.000      0.245          26.595                 1.53         40
      1          0               0     34.900    345.400      0.478          26.900                  1.9         50
      1          0               0     39.800    471.800      0.797          27.472                 2.21         60
      1          0               0     54.000    107.300      0.071           9.489                 1.06         10
      1          0               0     56.100    200.000      0.156          16.649                 1.21         20
      1          0               0     48.500    409.800      0.256          21.452                 1.42         30
      1          0               0     39.500    448.500      0.383          25.562                 1.58         40
      1          0               0     63.500    603.000      0.961          27.630                 1.83         50
      1          0               0     34.100    519.500      1.143          27.243                 2.24         60
      1          0               0     51.400    158.500      0.071           8.387                 1.23         10
      1          0               0     47.000    296.100      0.135          15.698                  1.3         20
      1          0               0     41.200    349.100      0.217          18.973                 1.62         30
      1          0               0     47.700    425.800      0.451          23.189                 1.75         40
      1          0               0     41.300    484.300      0.809          21.131                 2.41         50
      1          0               0     43.400    629.200      1.992          20.090                 3.04         60
