success  collision  collision_obst   makespan   flowtime    runtime     mean_groups     mean_groups_size     number
      1          0               0     45.800    176.300      0.060           8.688                 1.18         10
      1          0               0     45.000    300.600      0.128          14.589                 1.38         20
      1          0               0     70.000    339.400      0.380          22.003                 1.39         30
      1          0               0     62.200    295.800      0.508          26.928                  1.5         40
      1          0               0     60.000    385.200      0.715          30.220                 1.66         50
      1          0               0     74.900    826.600      1.274          31.852                 1.89         60
      1          0               0     42.500    129.000      0.054           8.666                 1.17         10
      1          0               0     49.900    203.400      0.133          16.078                 1.25         20
      1          0               0     72.800    425.500      0.324          22.526                 1.34         30
      1          0               0     43.600    350.800      0.370          25.606                 1.58         40
      1          0               0     72.000    526.600      0.773          28.803                 1.75         50
      1          0               0     79.100    804.300      1.297          31.116                 1.94         60
      1          0               0     57.600    157.800      0.074           8.469                 1.19         10
      1          0               0     49.200    284.500      0.140          14.165                 1.43         20
      1          0               0     55.400    433.100      0.284          19.572                 1.54         30
      1          0               0     57.100    397.000      0.489          24.559                 1.64         40
      1          0               0     60.500    535.100      0.782          27.226                 1.85         50
      1          0               0     61.200    603.300      0.982          32.678                 1.86         60
      1          0               0     56.400    149.600      0.072           9.094                 1.11         10
      1          0               0     38.600    231.600      0.105          16.018                 1.26         20
      1          0               0     77.100    269.200      0.325          25.160                  1.2         30
      1          0               0     59.900    418.300      0.411          28.366                 1.43         40
      1          0               0     65.200    742.600      0.782          30.936                 1.63         50
      1          0               0     87.200    629.600      1.361          34.713                 1.75         60
      1          0               0     65.500    177.900      0.088           8.446                 1.19         10
      1          0               0     34.300    223.100      0.104          13.653                 1.48         20
      1          0               0     44.400    453.800      0.285          16.378                 1.86         30
      1          0               0     49.900    577.500      0.594          16.719                 2.45         40
      1          0               0     52.200    643.400      1.098          18.778                 2.69         50
      1          0               0     35.800    632.000      1.192          23.014                 2.64         60
      1          0               0     28.600    103.100      0.037           9.105                 1.11         10
      1          0               0     57.300    258.200      0.156          16.080                 1.25         20
      1          0               0     63.600    297.800      0.291          23.226                 1.31         30
      1          0               0     47.000    372.000      0.445          23.232                 1.73         40
      1          0               0     55.500    552.600      0.919          24.868                 2.02         50
      1          0               0     52.700    443.600      0.956          30.076                 2.01         60
      1          0               0     43.400    127.300      0.058           8.873                 1.14         10
      1          0               0     75.700    358.300      0.210          16.213                 1.24         20
      1          0               0     72.000    317.900      0.311          23.007                 1.31         30
      1          0               0     87.100    403.300      0.589          26.776                  1.5         40
      1          0               0     60.800    588.600      0.798          27.424                 1.85         50
      1          0               0     36.900    586.800      0.992          25.764                 2.35         60
      1          0               0     57.800    112.900      0.073           9.149                  1.1         10
      1          0               0     63.300    183.200      0.165          17.725                 1.13         20
      1          0               0     41.800    234.500      0.190          22.998                 1.32         30
      1          0               0     60.100    522.400      0.449          24.311                 1.66         40
      1          0               0     65.400    485.100      0.775          26.613                 1.89         50
      1          0               0     50.800    575.200      1.290          26.226                 2.32         60
      1          0               0     78.100    174.700      0.101           9.111                 1.11         10
      1          0               0     66.100    229.800      0.170          18.316                  1.1         20
      1          0               0     45.500    279.500      0.213          22.653                 1.33         30
      1          0               0     59.000    427.400      0.443          25.449                 1.58         40
      1          0               0     62.700    436.300      0.693          28.863                 1.74         50
      1          0               0     53.600    548.700      1.053          26.381                 2.29         60
      1          0               0     58.500    189.100      0.076           8.872                 1.15         10
      1          0               0     58.200    271.800      0.165          15.897                  1.3         20
      1          0               0     48.200    307.400      0.217          23.168                 1.32         30
      1          0               0     62.800    494.400      0.480          27.202                  1.5         40
      1          0               0     70.000    457.400      0.750          30.363                 1.68         50
      1          0               0     64.600    633.100      1.057          30.858                 1.96         60
      1          0               0     57.600    176.100      0.073           8.951                 1.13         10
      1          0               0     83.400    303.800      0.223          16.727                  1.2         20
      1          0               0     77.300    312.800      0.340          22.445                 1.35         30
      1          0               0     46.600    402.400      0.370          23.365                 1.74         40
      1          0               0     53.900    486.700      0.728          26.922                 1.88         50
      1          0               0     62.600    401.900      1.201          27.562                 2.19         60
      1          0               0     62.100    152.100      0.096           9.227                 1.09         10
      1          0               0     46.900    311.000      0.143          13.921                 1.46         20
      1          0               0     45.700    473.700      0.246          17.864                 1.73         30
      1          0               0     45.100    414.900      0.448          22.967                 1.78         40
      1          0               0     41.100    464.300      0.609          28.005                 1.81         50
      1          0               0     65.500    578.300      1.429          27.421                 2.22         60
      1          0               0     75.000    125.300      0.104           9.097                 1.11         10
      1          0               0     64.700    250.800      0.172          16.876                  1.2         20
      1          0               0     71.800    306.100      0.304          23.198                  1.3         30
      1          0               0     41.800    381.100      0.322          25.306                 1.59         40
      1          0               0     67.100    580.800      0.896          26.405                  1.9         50
      1          0               0     51.400    613.700      0.990          28.589                 2.11         60
      1          0               0     63.100    196.800      0.083           7.956                 1.27         10
      1          0               0     72.600    343.100      0.195          15.656                 1.29         20
      1          0               0     76.200    379.400      0.345          21.873                 1.38         30
      1          0               0     66.900    378.800      0.503          25.619                 1.58         40
      1          0               0     79.600    676.100      1.211          29.288                 1.73         50
      1          0               0     58.100    603.900      1.616          29.941                 2.04         60
      1          0               0     90.100    359.200      0.118           9.012                 1.12         10
      1          0               0     58.700    279.900      0.160          16.284                 1.23         20
      1          0               0     70.700    588.300      0.322          20.436                 1.47         30
      1          0               0     60.000    522.100      0.475          23.680                  1.7         40
      1          0               0     70.000    564.500      0.873          27.021                 1.86         50
      1          0               0     70.600    697.500      1.393          27.755                 2.18         60
      1          0               0     52.600    140.500      0.069           7.580                 1.33         10
      1          0               0     51.200    334.300      0.160          13.254                 1.53         20
      1          0               0     89.200    510.800      0.473          18.470                 1.65         30
      1          0               0     82.200    696.400      0.756          23.428                 1.72         40
      1          0               0     79.400    667.600      0.971          26.427                  1.9         50
      1          0               0     71.700    678.500      1.650          28.142                 2.14         60
      1          0               0     83.600    154.200      0.109           8.443                 1.19         10
      1          0               0     51.100    227.000      0.140          14.908                 1.35         20
      1          0               0     42.600    330.500      0.207          18.467                 1.64         30
      1          0               0     64.200    346.800      0.496          22.861                 1.76         40
      1          0               0     41.500    387.700      0.537          26.022                 1.93         50
      1          0               0     44.100    593.800      0.989          27.916                 2.16         60
      1          0               0     37.400    151.900      0.051           7.893                 1.28         10
      1          0               0     65.800    357.500      0.188          15.771                 1.28         20
      1          0               0     79.400    399.100      0.423          20.155                 1.51         30
      1          0               0     44.500    416.000      0.454          19.735                 2.08         40
      1          0               0     39.300    497.000      0.669          22.656                 2.28         50
      1          0               0     45.000    556.700      1.196          24.713                 2.47         60
      1          0               0     38.900    119.100      0.052           7.440                 1.36         10
      1          0               0     38.600    196.500      0.108          14.127                 1.43         20
      1          0               0     75.600    424.200      0.355          19.725                 1.53         30
      1          0               0     67.300    494.000      0.501          24.318                 1.67         40
      1          0               0     50.400    620.500      0.680          26.579                  1.9         50
      1          0               0     75.300    641.300      1.795          29.215                 2.07         60
      1          0               0     47.300    156.200      0.060           9.118                  1.1         10
      1          0               0     59.400    341.500      0.166          14.692                 1.38         20
      1          0               0     38.200    309.900      0.227          17.859                 1.72         30
      1          0               0     59.200    448.600      0.512          26.296                 1.56         40
      1          0               0     88.500    694.700      0.926          30.276                 1.66         50
      1          0               0     44.100    512.300      0.884          29.639                 2.04         60
      1          0               0     51.500    208.200      0.067           8.212                 1.24         10
      1          0               0     52.900    336.500      0.144          15.357                 1.32         20
      1          0               0     65.100    402.600      0.305          19.680                 1.54         30
      1          0               0     56.100    592.700      0.411          24.645                 1.65         40
      1          0               0     66.100    575.700      0.802          23.286                 2.18         50
      1          0               0     72.700    754.600      1.336          27.978                 2.17         60
      1          0               0     57.000    150.700      0.080           9.042                 1.11         10
      1          0               0     33.800    306.300      0.100          14.074                 1.45         20
      1          0               0     46.500    395.400      0.226          18.262                 1.65         30
      1          0               0     38.700    331.800      0.352          21.183                 1.89         40
      1          0               0     46.900    418.000      0.678          25.631                 1.96         50
      1          0               0     49.900    452.200      1.431          25.248                 2.39         60
      1          0               0     20.500     83.000      0.029           8.024                 1.26         10
      1          0               0     57.300    210.500      0.172          15.061                 1.35         20
      1          0               0     61.200    342.700      0.303          21.392                 1.43         30
      1          0               0     80.000    752.900      0.564          28.261                 1.43         40
      1          0               0     60.700    378.200      0.648          30.357                 1.67         50
      1          0               0     34.400    412.700      0.705          28.959                 2.11         60
      1          0               0     60.600    153.700      0.078           8.381                  1.2         10
      1          0               0     71.500    289.600      0.210          12.698                 1.59         20
      1          0               0     47.700    269.700      0.231          18.585                 1.63         30
      1          0               0     46.500    437.600      0.394          21.439                 1.88         40
      1          0               0     33.300    379.400      0.624          23.087                 2.19         50
      1          0               0     22.700    387.200      0.672          25.207                 2.42         60
      1          0               0     60.400    107.500      0.080           8.540                 1.18         10
      1          0               0     52.700    189.200      0.145          13.266                 1.53         20
      1          0               0     80.100    261.400      0.381          16.486                 1.84         30
      1          0               0     37.000    229.100      0.273          21.832                 1.85         40
      1          0               0     24.100    356.000      0.415          23.560                 2.14         50
      1          0               0     44.800    366.300      1.279          23.853                 2.53         60
      1          0               0     51.400    158.200      0.068           8.165                 1.25         10
      1          0               0     46.500    201.600      0.135          13.626                 1.48         20
      1          0               0     60.600    388.400      0.306          18.805                  1.6         30
      1          0               0     47.700    341.800      0.362          24.008                 1.67         40
      1          0               0     96.300    682.000      1.108          25.519                 1.97         50
      1          0               0     81.800    465.700      1.904          28.938                 2.08         60
      1          0               0     68.500    127.300      0.088           9.600                 1.05         10
      1          0               0     70.700    337.100      0.185          16.492                 1.22         20
      1          0               0     80.200    455.000      0.354          23.130                 1.32         30
      1          0               0     68.800    532.400      0.521          26.025                 1.55         40
      1          0               0     78.000    958.000      0.999          28.858                 1.74         50
      1          0               0     56.600    751.700      1.125          27.942                 2.16         60
      1          0               0     71.700    169.000      0.098           8.463                 1.19         10
      1          0               0     36.600    231.900      0.121          13.320                 1.52         20
      1          0               0     73.500    512.200      0.360          19.389                 1.56         30
      1          0               0     77.700    581.700      0.623          26.115                 1.57         40
      1          0               0     90.900    742.000      0.934          29.785                 1.71         50
      1          0               0     80.800    581.000      1.536          29.528                 2.09         60
      1          0               0     48.500    164.000      0.064           8.074                 1.25         10
      1          0               0     60.900    209.500      0.174          15.005                 1.36         20
      1          0               0     47.000    283.100      0.257          17.781                 1.72         30
      1          0               0     55.700    434.400      0.483          21.603                 1.86         40
      1          0               0     55.300    430.700      0.671          25.553                 1.97         50
      1          0               0     72.900    524.700      1.260          29.962                 2.02         60
      1          0               0     56.200    208.100      0.076           7.055                 1.45         10
      1          0               0     75.500    433.800      0.216          13.089                 1.54         20
      1          0               0     52.000    555.100      0.265          18.935                 1.59         30
      1          0               0     44.600    457.400      0.363          25.052                 1.63         40
      1          0               0     81.000    772.800      1.182          27.660                 1.83         50
      1          0               0     65.000    983.100      2.029          27.255                 2.22         60
      1          0               0     31.000    153.900      0.041           7.674                 1.32         10
      1          0               0     57.100    202.100      0.162          15.548                  1.3         20
      1          0               0     48.500    292.700      0.242          19.792                 1.53         30
      1          0               0     51.700    449.200      0.552          24.994                 1.62         40
      1          0               0     49.800    417.400      0.711          29.745                 1.71         50
      1          0               0     34.200    443.100      1.280          29.857                 2.06         60
      1          0               0     19.500     81.600      0.025           8.472                  1.2         10
      1          0               0     47.900    231.700      0.132          15.979                 1.27         20
      1          0               0     67.900    250.700      0.294          23.524                 1.28         30
      1          0               0     64.400    398.600      0.461          26.000                 1.54         40
      1          0               0     39.000    434.100      0.477          28.064                  1.8         50
      1          0               0     63.300    657.800      1.109          33.000                 1.86         60
      1          0               0     32.900     98.000      0.042           8.626                 1.17         10
      1          0               0     64.800    319.800      0.176          17.167                 1.18         20
      1          0               0     72.900    391.100      0.340          20.384                  1.5         30
      1          0               0     91.200    543.200      0.648          25.613                 1.58         40
      1          0               0     66.100    481.900      1.137          24.537                 2.05         50
      1          0               0     49.400    545.600      1.526          23.585                 2.56         60
      1          0               0     56.300    226.500      0.075           8.449                 1.22         10
      1          0               0     55.300    269.300      0.153          16.197                 1.24         20
      1          0               0     63.900    524.500      0.310          20.455                 1.48         30
      1          0               0     41.500    430.400      0.315          24.164                 1.67         40
      1          0               0     50.400    560.000      0.818          26.490                  1.9         50
      1          0               0     52.600    615.000      1.088          27.122                 2.23         60
      1          0               0     27.900    132.000      0.038           7.122                 1.42         10
      1          0               0     68.700    300.100      0.199          15.135                 1.35         20
      1          0               0     58.700    278.600      0.282          20.598                 1.47         30
      1          0               0     31.400    307.600      0.271          23.137                 1.75         40
      1          0               0     40.400    478.200      0.785          23.302                 2.17         50
      1          0               0     37.100    528.900      1.578          23.930                 2.52         60
      1          0               0     48.200    112.200      0.065           9.149                 1.11         10
      1          0               0     77.400    200.700      0.219          16.451                 1.22         20
      1          0               0     76.800    455.700      0.405          21.065                 1.44         30
      1          0               0     42.900    395.200      0.311          26.040                 1.56         40
      1          0               0     43.600    460.800      0.476          30.567                 1.66         50
      1          0               0     59.000    545.800      0.973          31.797                 1.91         60
      1          0               0     52.700    163.400      0.069           7.863                 1.29         10
      1          0               0     74.600    282.600      0.227          14.137                 1.43         20
      1          0               0     76.200    473.000      0.407          20.059                 1.51         30
      1          0               0     40.200    348.300      0.338          21.970                 1.83         40
      1          0               0     63.900    496.300      0.737          28.227                 1.78         50
      1          0               0     33.800    426.000      0.688          30.683                 1.97         60
      1          0               0     50.200    166.800      0.065           8.365                 1.21         10
      1          0               0     35.000    248.800      0.099          14.746                 1.38         20
      1          0               0     67.200    349.700      0.368          18.405                 1.64         30
      1          0               0     64.600    511.000      0.607          21.189                 1.89         40
      1          0               0     77.800    411.000      1.205          25.452                 1.97         50
      1          0               0     31.200    442.600      0.879          26.054                 2.32         60
      1          0               0     53.000    192.900      0.070           8.066                 1.31         10
      1          0               0     42.900    236.100      0.123          14.100                 1.45         20
      1          0               0     55.800    443.900      0.295          18.441                 1.64         30
      1          0               0     70.700    592.000      0.701          21.861                 1.84         40
      1          0               0     73.800    631.400      0.927          27.005                 1.86         50
      1          0               0     65.800    548.700      1.757          27.026                 2.23         60
      1          0               0     47.800     95.300      0.063           7.540                 1.33         10
      1          0               0     87.200    264.200      0.231          16.127                 1.25         20
      1          0               0     65.300    378.500      0.313          19.718                 1.54         30
      1          0               0     67.300    384.800      0.626          22.752                 1.79         40
      1          0               0     39.700    479.600      0.738          24.990                 2.01         50
      1          0               0     40.000    532.400      1.234          21.988                 2.77         60
      1          0               0     46.900    154.400      0.061           8.974                 1.13         10
      1          0               0     38.800    188.600      0.110          15.057                 1.33         20
      1          0               0     57.000    293.300      0.287          18.919                  1.6         30
      1          0               0     82.700    460.800      0.608          25.453                 1.59         40
      1          0               0     51.300    427.000      0.566          28.669                 1.75         50
      1          0               0     67.900    521.500      1.093          31.200                 1.94         60
      1          0               0     30.300    114.000      0.040           8.861                 1.15         10
      1          0               0     39.000    206.900      0.110          15.867                 1.29         20
      1          0               0     64.700    305.100      0.305          23.578                  1.3         30
      1          0               0     57.000    380.400      0.459          25.128                 1.61         40
      1          0               0     85.300    588.200      0.930          28.770                 1.74         50
      1          0               0     60.100    639.100      1.281          27.659                  2.2         60
      1          0               0     33.900    118.500      0.046           7.136                 1.45         10
      1          0               0     48.900    272.500      0.138          14.290                 1.42         20
      1          0               0     43.300    289.500      0.215          19.679                 1.54         30
      1          0               0     44.900    461.500      0.440          22.918                 1.76         40
      1          0               0     53.500    530.900      0.810          26.047                 1.94         50
      1          0               0     52.100    518.100      1.491          23.107                 2.61         60
      1          0               0     22.800    106.100      0.031           7.614                 1.35         10
      1          0               0     45.100    221.500      0.183          15.891                 1.27         20
      1          0               0     82.700    490.600      0.409          19.548                 1.54         30
      1          0               0     82.100    444.000      0.728          22.983                 1.74         40
      1          0               0     58.700    472.200      1.011          26.744                 1.87         50
      1          0               0     45.000    373.600      1.058          27.671                 2.18         60
      1          0               0     46.600    122.300      0.063           7.534                 1.36         10
      1          0               0     53.000    173.600      0.161          12.523                 1.61         20
      1          0               0     71.200    268.800      0.490          16.348                 1.86         30
      1          0               0     46.100    356.000      0.857          17.332                 2.36         40
      1          0               0     38.000    417.000      1.666          19.218                 2.65         50
      1          0               0     71.400    670.200      4.244          21.216                 2.91         60
      1          0               0     76.600    168.400      0.100           9.493                 1.06         10
      1          0               0     69.800    220.600      0.187          18.258                 1.11         20
      1          0               0     62.600    327.700      0.272          24.887                 1.22         30
      1          0               0     63.900    378.300      0.450          28.704                 1.41         40
      1          0               0     57.300    504.800      0.672          28.087                  1.8         50
      1          0               0     70.200    647.700      1.231          29.201                 2.07         60
      1          0               0     40.700    114.500      0.053           8.319                 1.22         10
      1          0               0     57.100    171.700      0.154          16.424                 1.23         20
      1          0               0     86.100    301.200      0.383          22.341                 1.35         30
      1          0               0     33.700    316.300      0.286          22.772                 1.77         40
      1          0               0     63.700    507.400      1.077          24.391                 2.06         50
      1          0               0     67.800    555.300      1.705          25.655                 2.36         60
      1          0               0     54.900    232.600      0.075           7.523                 1.37         10
      1          0               0     36.400    251.500      0.102          14.000                 1.43         20
      1          0               0     91.900    461.600      0.444          18.793                 1.62         30
      1          0               0     56.200    444.300      0.461          21.938                 1.85         40
      1          0               0     64.700    507.100      0.863          26.915                 1.89         50
      1          0               0     51.300    419.500      1.028          25.834                 2.35         60
      1          0               0     44.300    157.200      0.059           7.919                 1.28         10
      1          0               0     47.600    266.100      0.142          13.242                 1.53         20
      1          0               0     57.800    490.500      0.312          18.514                 1.64         30
      1          0               0     38.200    304.900      0.307          25.911                 1.57         40
      1          0               0     44.500    387.300      0.649          25.434                  2.0         50
      1          0               0     42.200    480.400      1.063          26.415                 2.31         60
      1          0               0     28.900     94.400      0.038           8.941                 1.13         10
      1          0               0     50.300    199.300      0.139          16.101                 1.26         20
      1          0               0     71.400    447.900      0.323          21.146                 1.44         30
      1          0               0     68.700    500.100      0.513          24.540                 1.65         40
      1          0               0     63.900    533.200      0.722          28.401                 1.77         50
      1          0               0     54.700    594.800      1.016          28.839                 2.09         60
      1          0               0     21.700     81.300      0.029           8.622                 1.16         10
      1          0               0     72.200    437.200      0.212          15.058                 1.34         20
      1          0               0     84.400    555.800      0.396          22.370                 1.37         30
      1          0               0     84.500    648.800      0.661          25.073                 1.63         40
      1          0               0     65.900    637.500      0.722          27.484                 1.83         50
      1          0               0     58.900    705.700      1.261          26.871                 2.25         60
      1          0               0     37.900    131.900      0.051           8.253                 1.22         10
      1          0               0     51.300    330.200      0.157          12.513                 1.64         20
      1          0               0     53.700    303.800      0.267          19.603                 1.55         30
      1          0               0     53.300    423.800      0.431          23.135                 1.74         40
      1          0               0     67.800    867.300      0.938          26.525                  1.9         50
      1          0               0     60.500    733.400      1.405          28.823                  2.1         60
      1          0               0     40.900    145.900      0.054           7.800                 1.29         10
      1          0               0     54.000    246.100      0.150          14.181                 1.43         20
      1          0               0     60.700    424.200      0.317          17.794                 1.71         30
      1          0               0     76.500    395.100      0.625          21.325                 1.89         40
      1          0               0     56.900    447.200      1.083          21.274                 2.37         50
      1          0               0     54.300    456.800      1.877          22.670                 2.69         60
      1          0               0     49.800    138.400      0.066           8.108                 1.25         10
      1          0               0     33.400    214.600      0.101          13.398                 1.51         20
      1          0               0     59.800    436.700      0.329          18.306                 1.67         30
      1          0               0     43.000    353.900      0.459          20.137                 2.01         40
      1          0               0     52.100    531.700      1.089          22.023                 2.32         50
      1          0               0     62.600    697.100      1.769          23.647                  2.6         60
      1          0               0     41.700    157.100      0.057           6.595                 1.58         10
      1          0               0     62.600    278.300      0.174          14.435                 1.41         20
      1          0               0     84.500    292.600      0.370          22.000                 1.38         30
      1          0               0     71.800    385.500      0.546          24.159                 1.67         40
      1          0               0     81.300    516.100      0.882          27.481                 1.84         50
      1          0               0     38.900    486.800      0.907          26.797                 2.28         60
      1          0               0     38.100    181.200      0.053           7.654                 1.33         10
      1          0               0     37.100    141.000      0.106          16.496                 1.22         20
      1          0               0     66.800    302.500      0.312          22.103                 1.36         30
      1          0               0     60.800    501.100      0.501          25.528                 1.58         40
      1          0               0     43.700    469.600      0.626          27.906                 1.81         50
      1          0               0     65.800    504.300      1.538          26.840                 2.26         60
      1          0               0     32.600     93.700      0.044           9.120                  1.1         10
      1          0               0     55.000    241.500      0.150          15.993                 1.26         20
      1          0               0     60.000    340.900      0.286          19.805                 1.54         30
      1          0               0     84.100    460.900      0.631          26.115                 1.56         40
      1          0               0     89.700    523.900      0.925          32.046                 1.58         50
      1          0               0     54.800    485.800      1.060          29.157                  2.1         60
      1          0               0     52.800    202.500      0.072           7.837                  1.3         10
      1          0               0     42.900    205.800      0.120          16.385                 1.24         20
      1          0               0     55.700    369.500      0.273          20.711                 1.45         30
      1          0               0     58.000    411.100      0.498          23.938                 1.68         40
      1          0               0     50.600    636.800      0.859          24.998                 2.01         50
      1          0               0     46.600    644.500      1.100          26.176                  2.3         60
      1          0               0     34.800    109.600      0.046           8.399                  1.2         10
      1          0               0     81.600    261.600      0.223          16.195                 1.24         20
      1          0               0     30.400    220.600      0.145          21.799                 1.38         30
      1          0               0     44.100    380.600      0.360          25.705                 1.58         40
      1          0               0     77.600    452.800      0.882          30.210                 1.67         50
      1          0               0     50.800    587.300      0.942          29.846                 2.03         60
      1          0               0     18.700     86.300      0.024           8.690                 1.16         10
      1          0               0     39.700    176.000      0.109          14.733                 1.37         20
      1          0               0     32.100    210.900      0.162          19.249                 1.58         30
      1          0               0     69.800    425.300      0.553          22.188                 1.83         40
      1          0               0     73.500    685.500      1.395          23.392                 2.16         50
      1          0               0     35.900    504.900      0.959          26.050                 2.33         60
      1          0               0     71.400    233.900      0.095           7.847                 1.32         10
      1          0               0     57.700    240.400      0.160          14.222                 1.42         20
      1          0               0     60.600    267.000      0.292          17.627                 1.71         30
      1          0               0     78.900    484.300      0.619          22.548                 1.78         40
      1          0               0     47.500    422.900      0.509          26.575                  1.9         50
      1          0               0     65.200    615.900      1.266          27.400                 2.21         60
      1          0               0     39.300    129.700      0.050           8.725                 1.17         10
      1          0               0     50.700    202.600      0.138          15.976                 1.28         20
      1          0               0     53.600    296.300      0.277          18.543                 1.63         30
      1          0               0     84.100    531.800      0.630          24.995                 1.62         40
      1          0               0     46.500    374.300      0.564          29.544                 1.71         50
      1          0               0     64.400    502.100      1.058          31.014                 1.95         60
      1          0               0     49.600    115.300      0.065           8.554                 1.18         10
      1          0               0     51.900    238.000      0.146          14.476                 1.39         20
      1          0               0     58.400    370.700      0.311          20.257                 1.49         30
      1          0               0     70.700    556.000      0.551          23.750                 1.69         40
      1          0               0     67.600    522.800      0.917          26.873                 1.88         50
      1          0               0     83.000    707.600      2.118          27.172                 2.22         60
      1          0               0     38.400    159.900      0.053           7.586                 1.33         10
      1          0               0     59.700    307.000      0.164          15.945                 1.26         20
      1          0               0     94.700    330.300      0.442          22.245                 1.36         30
      1          0               0     34.900    297.300      0.259          23.831                  1.7         40
      1          0               0     62.000    552.500      0.769          27.716                 1.81         50
      1          0               0     61.200    568.000      1.290          29.052                 2.08         60
      1          0               0     47.100    168.800      0.062           8.210                 1.23         10
      1          0               0     65.900    363.900      0.190          13.766                 1.46         20
      1          0               0     64.100    307.100      0.307          19.480                 1.55         30
      1          0               0     62.400    412.700      0.508          24.173                 1.66         40
      1          0               0     56.900    712.700      0.719          25.503                 1.97         50
      1          0               0     48.400    705.000      1.245          23.304                 2.59         60
      1          0               0     30.000    104.400      0.040           8.350                 1.21         10
      1          0               0     19.900    194.600      0.059          12.055                 1.68         20
      1          0               0     35.600    327.300      0.214          16.792                 1.82         30
      1          0               0     36.900    356.600      0.332          21.653                 1.86         40
      1          0               0     58.900    547.700      0.902          24.565                 2.06         50
      1          0               0     56.900    505.900      1.272          28.225                 2.15         60
      1          0               0     37.200    131.700      0.049           7.933                 1.28         10
      1          0               0     44.800    258.100      0.129          14.232                 1.41         20
      1          0               0     60.000    337.500      0.291          18.508                 1.63         30
      1          0               0     30.600    299.000      0.259          23.065                 1.75         40
      1          0               0     40.500    450.700      0.616          25.279                 2.04         50
      1          0               0     48.600    648.400      1.302          25.294                 2.41         60
      1          0               0     76.900    309.100      0.105           7.961                 1.28         10
      1          0               0     70.600    312.900      0.203          14.364                  1.4         20
      1          0               0     89.200    370.200      0.419          20.728                 1.46         30
      1          0               0     83.200    526.800      0.632          25.346                 1.59         40
      1          0               0     50.300    642.300      0.776          24.517                 2.05         50
      1          0               0     36.600    608.900      1.103          26.445                 2.29         60
      1          0               0     27.900    152.100      0.038           7.817                 1.37         10
      1          0               0     59.000    346.800      0.168          14.871                 1.35         20
      1          0               0     44.500    433.700      0.245          19.108                 1.58         30
      1          0               0     50.200    576.600      0.520          23.084                 1.75         40
      1          0               0     52.600    779.700      1.129          25.055                 2.02         50
      1          0               0     83.100    767.500      1.859          28.019                 2.16         60
      1          0               0     63.300    159.500      0.084           9.220                 1.09         10
      1          0               0     53.100    326.400      0.154          15.955                 1.27         20
      1          0               0     53.300    480.700      0.291          18.017                 1.69         30
      1          0               0     43.800    379.800      0.365          22.694                 1.77         40
      1          0               0     48.900    409.900      0.690          21.174                 2.39         50
      1          0               0     70.100    590.700      1.714          23.505                 2.57         60
      1          0               0     64.800    122.300      0.084           8.494                 1.19         10
      1          0               0     73.400    193.000      0.195          16.149                 1.24         20
      1          0               0     69.700    357.800      0.406          18.509                 1.63         30
      1          0               0     36.400    314.800      0.306          21.593                 1.87         40
      1          0               0     65.200    692.400      0.984          22.149                 2.27         50
      1          0               0     39.000    438.800      0.836          23.933                 2.54         60
      1          0               0     50.500    134.300      0.067           9.152                  1.1         10
      1          0               0     64.800    213.000      0.187          15.619                  1.3         20
      1          0               0     45.900    330.900      0.254          19.451                 1.57         30
      1          0               0     51.400    392.100      0.490          21.677                 1.89         40
      1          0               0     46.500    591.200      0.773          22.656                 2.26         50
      1          0               0     41.900    542.600      1.104          23.783                 2.55         60
      1          0               0     36.200    158.300      0.048           8.533                  1.2         10
      1          0               0     37.000    207.300      0.108          14.881                 1.35         20
      1          0               0     53.300    339.600      0.274          19.666                 1.55         30
      1          0               0     50.200    438.300      0.456          22.253                 1.83         40
      1          0               0     68.400    500.900      1.037          23.300                 2.17         50
      1          0               0     33.400    515.900      1.445          25.473                 2.38         60
      1          0               0     56.600    144.600      0.074           8.889                 1.15         10
      1          0               0     43.500    305.800      0.124          15.200                 1.33         20
      1          0               0     59.000    356.800      0.297          20.656                 1.47         30
      1          0               0     69.400    531.300      0.538          24.983                 1.62         40
      1          0               0     61.900    712.300      0.759          27.646                 1.83         50
      1          0               0     68.800    501.400      1.059          33.686                 1.82         60
      1          0               0     79.200    198.000      0.105           8.823                 1.16         10
      1          0               0     50.500    347.300      0.144          14.729                 1.38         20
      1          0               0     48.300    248.600      0.240          19.992                 1.51         30
      1          0               0     51.300    361.700      0.400          23.682                 1.71         40
      1          0               0     64.100    484.800      0.797          26.691                 1.88         50
      1          0               0     44.700    519.500      1.103          25.937                 2.33         60
      1          0               0     44.200    181.500      0.058           8.595                 1.19         10
      1          0               0     64.700    300.600      0.187          14.895                 1.37         20
      1          0               0     55.800    335.900      0.289          20.884                 1.47         30
      1          0               0     92.500    654.000      0.668          26.039                 1.56         40
      1          0               0     62.400    656.000      0.780          28.514                  1.8         50
      1          0               0     64.600    836.000      1.163          31.026                 1.95         60
      1          0               0     46.600    130.700      0.062           8.964                 1.13         10
      1          0               0     57.400    303.100      0.154          16.071                 1.25         20
      1          0               0     85.700    336.500      0.377          20.361                 1.48         30
      1          0               0     52.800    369.700      0.384          23.646                  1.7         40
      1          0               0     73.300    589.100      0.802          29.033                 1.75         50
      1          0               0     37.300    429.200      0.655          28.442                 2.14         60
      1          0               0     41.100    143.900      0.053           8.674                 1.18         10
      1          0               0     55.800    273.600      0.155          16.020                 1.26         20
      1          0               0     29.200    185.400      0.149          18.784                 1.63         30
      1          0               0     40.800    280.700      0.318          23.772                 1.71         40
      1          0               0     29.500    351.300      0.407          24.220                 2.12         50
      1          0               0     82.800    798.700      1.575          26.581                 2.27         60
      1          0               0     28.800     84.500      0.039           8.257                 1.23         10
      1          0               0     65.500    170.400      0.174          17.689                 1.14         20
      1          0               0     70.200    327.700      0.324          22.587                 1.35         30
      1          0               0     51.100    447.700      0.380          26.718                 1.51         40
      1          0               0     65.300    464.300      0.722          29.639                  1.7         50
      1          0               0     85.700    787.100      1.444          29.733                 2.03         60
      1          0               0     30.100     93.100      0.041           8.070                 1.25         10
      1          0               0     83.000    415.900      0.230          15.028                 1.34         20
      1          0               0     63.700    257.200      0.302          16.421                 1.84         30
      1          0               0     57.000    431.300      0.441          22.233                 1.81         40
      1          0               0     68.700    590.900      0.870          25.888                 1.94         50
      1          0               0     35.600    411.100      0.851          26.301                 2.31         60
      1          0               0     51.900    157.600      0.069           7.967                 1.29         10
      1          0               0     50.800    255.800      0.147          15.484                  1.3         20
      1          0               0     26.400    221.800      0.124          20.905                 1.45         30
      1          0               0     60.800    482.000      0.470          24.446                 1.64         40
      1          0               0     43.500    608.600      0.623          24.517                 2.05         50
      1          0               0     50.100    704.200      1.378          26.890                 2.24         60
      1          0               0     50.000    196.500      0.068           6.988                 1.48         10
      1          0               0     67.300    285.800      0.205          12.508                 1.61         20
      1          0               0     42.300    440.500      0.248          16.267                 1.88         30
      1          0               0     41.700    374.100      0.376          19.683                 2.04         40
      1          0               0     69.000    461.700      0.859          25.275                 1.99         50
      1          0               0     34.900    410.100      0.846          24.630                 2.46         60
      1          0               0     60.100    151.300      0.078           9.163                  1.1         10
      1          0               0     84.600    420.100      0.231          15.905                 1.26         20
      1          0               0     60.400    466.600      0.315          19.646                 1.54         30
      1          0               0     80.000    622.600      0.628          24.059                 1.68         40
      1          0               0     57.300    628.000      0.801          26.351                 1.94         50
      1          0               0     69.400    652.500      1.500          28.169                 2.16         60
      1          0               0     30.600     96.100      0.039           9.042                 1.12         10
      1          0               0     45.200    192.300      0.125          15.288                 1.31         20
      1          0               0     76.400    424.900      0.360          20.555                 1.47         30
      1          0               0     50.200    385.200      0.381          23.064                 1.74         40
      1          0               0     71.100    703.000      0.890          24.937                 2.01         50
      1          0               0     50.000    460.300      0.826          26.820                 2.25         60
      1          0               0     47.000    135.100      0.067           5.653                 1.83         10
      1          0               0     47.300    228.100      0.145          12.956                 1.56         20
      1          0               0     56.100    320.200      0.303          17.718                 1.72         30
      1          0               0     62.100    436.100      0.537          22.860                 1.79         40
      1          0               0     40.800    484.600      0.716          22.841                 2.22         50
      1          0               0     82.000    833.800      2.460          23.273                 2.59         60
      1          0               0     71.000    222.100      0.093           8.597                 1.18         10
      1          0               0     96.000    382.500      0.254          17.949                 1.13         20
      1          0               0     49.000    370.300      0.241          19.565                 1.56         30
      1          0               0     43.400    518.200      0.371          23.491                 1.73         40
      1          0               0     55.900    469.900      1.478          24.343                 2.07         50
      1          0               0     48.100    565.500      1.555          28.590                 2.16         60
      1          0               0     56.800    158.900      0.077           7.540                 1.36         10
      1          0               0     72.100    370.900      0.210          15.223                 1.35         20
      1          0               0     50.500    420.300      0.259          18.311                 1.66         30
      1          0               0     71.400    519.800      0.562          22.943                 1.76         40
      1          0               0     41.500    544.600      0.759          22.441                 2.25         50
      1          0               0     50.200    561.000      1.439          25.313                  2.4         60
      1          0               0     31.200    105.300      0.039           9.189                  1.1         10
      1          0               0     65.700    272.900      0.192          14.778                 1.37         20
      1          0               0     70.700    386.000      0.351          21.126                 1.43         30
      1          0               0     69.800    592.100      0.540          24.370                 1.65         40
      1          0               0     82.500    722.700      1.369          27.004                 1.86         50
      1          0               0     67.700    665.500      1.208          30.024                 2.01         60
      1          0               0     37.800    119.200      0.050           8.291                 1.22         10
      1          0               0     49.400    272.100      0.143          14.249                 1.41         20
      1          0               0     52.200    241.900      0.244          20.375                 1.48         30
      1          0               0     87.500    460.500      0.659          23.897                 1.68         40
      1          0               0     56.700    411.900      0.684          25.217                  2.0         50
      1          0               0     35.300    452.400      0.737          25.306                 2.39         60
      1          0               0     39.500    191.600      0.052           8.443                 1.21         10
      1          0               0     39.200    211.100      0.105          16.199                 1.24         20
      1          0               0     46.900    252.000      0.219          21.618                  1.4         30
      1          0               0     68.700    293.000      0.530          24.045                 1.67         40
      1          0               0     37.100    308.400      0.452          29.094                 1.72         50
      1          0               0     54.200    433.700      1.263          27.386                  2.2         60
      1          0               0     21.100     80.100      0.028           8.592                 1.17         10
      1          0               0     76.100    226.400      0.224          15.812                 1.28         20
      1          0               0     70.900    353.900      0.394          21.137                 1.43         30
      1          0               0     66.500    506.800      0.614          23.884                  1.7         40
      1          0               0     78.900    606.600      1.116          27.687                 1.84         50
      1          0               0     33.200    384.000      0.772          29.488                 2.07         60
      1          0               0     70.900    150.800      0.091           9.066                 1.11         10
      1          0               0     61.600    238.300      0.171          16.062                 1.25         20
      1          0               0     40.500    349.400      0.206          20.820                 1.45         30
      1          0               0     80.300    540.300      0.590          25.030                 1.61         40
      1          0               0     80.300    623.300      0.998          27.660                 1.82         50
      1          0               0     69.900    635.400      1.466          28.286                 2.15         60
      1          0               0     43.900    121.000      0.057           7.802                 1.29         10
      1          0               0     75.500    279.500      0.210          14.257                 1.41         20
      1          0               0     93.900    477.900      0.432          19.269                 1.56         30
      1          0               0     93.100    519.400      0.771          21.322                 1.88         40
      1          0               0     37.000    404.300      0.490          24.689                 2.06         50
      1          0               0     88.200    861.000      1.653          26.040                 2.32         60
      1          0               0     38.400    168.600      0.052           7.875                 1.31         10
      1          0               0     48.000    312.300      0.137          13.398                 1.52         20
      1          0               0     48.900    437.300      0.267          16.652                 1.81         30
      1          0               0     67.900    617.700      0.715          21.227                 1.91         40
      1          0               0     72.300    945.000      1.439          23.755                 2.13         50
      1          0               0     66.300   1053.200      2.559          27.487                 2.21         60
      1          0               0     56.500    142.200      0.072           9.078                 1.11         10
      1          0               0     37.900    286.000      0.118          13.649                 1.52         20
      1          0               0     45.900    307.300      0.259          18.070                  1.7         30
      1          0               0     62.200    420.100      0.542          23.674                 1.72         40
      1          0               0     69.900    354.000      0.758          27.764                 1.81         50
      1          0               0     64.500    490.800      1.336          27.546                 2.19         60
      1          0               0     41.000    125.200      0.055           7.863                 1.28         10
      1          0               0     50.000    222.600      0.141          14.444                  1.4         20
      1          0               0     36.900    282.500      0.200          17.285                 1.76         30
      1          0               0     89.400    617.600      0.764          22.217                 1.81         40
      1          0               0     82.300    610.600      0.950          27.470                 1.84         50
      1          0               0     41.600    511.100      1.286          25.517                 2.37         60
      1          0               0     69.300    174.300      0.092           8.492                 1.19         10
      1          0               0     79.500    271.900      0.254          15.521                 1.29         20
      1          0               0     83.900    435.300      0.459          19.112                 1.58         30
      1          0               0     72.700    611.600      0.562          25.274                 1.59         40
      1          0               0     58.300    651.500      0.736          24.643                 2.04         50
      1          0               0     65.600    709.200      1.139          29.779                 2.04         60
      1          0               0     90.600    201.900      0.118           9.361                 1.08         10
      1          0               0     81.600    380.000      0.275          15.325                 1.32         20
      1          0               0     84.800    502.500      0.427          19.933                 1.54         30
      1          0               0     60.600    663.400      0.596          21.751                 1.87         40
      1          0               0     43.900    675.900      0.940          24.052                 2.14         50
      1          0               0     55.100    718.600      1.541          26.855                 2.27         60
      1          0               0     66.600    152.700      0.089           7.465                 1.36         10
      1          0               0     78.500    261.800      0.210          15.224                 1.32         20
      1          0               0     72.500    440.200      0.320          21.535                  1.4         30
      1          0               0     64.500    534.600      0.485          22.887                 1.76         40
      1          0               0     60.500    476.700      0.778          25.848                 1.95         50
      1          0               0     46.300    567.400      0.976          25.501                 2.39         60
      1          0               0     49.700    125.700      0.064           9.014                 1.12         10
      1          0               0     67.500    241.300      0.183          17.973                 1.12         20
      1          0               0     33.400    279.400      0.154          22.650                 1.34         30
      1          0               0     69.000    439.300      0.538          25.149                 1.62         40
      1          0               0     59.700    582.400      0.836          29.260                 1.73         50
      1          0               0     65.100    716.900      1.600          28.567                 2.11         60
      1          0               0     48.700    152.700      0.064           8.823                 1.15         10
      1          0               0     43.800    211.000      0.122          14.322                 1.41         20
      1          0               0     40.400    184.700      0.195          18.854                 1.61         30
      1          0               0     63.200    256.300      0.448          25.438                 1.58         40
      1          0               0     34.900    356.700      0.553          25.032                 2.01         50
      1          0               0     51.400    583.700      1.225          27.597                 2.21         60
      1          0               0     45.800    142.100      0.058           9.114                 1.11         10
      1          0               0     50.700    248.600      0.135          17.272                 1.16         20
      1          0               0     51.500    342.300      0.240          22.318                 1.36         30
      1          0               0     57.100    534.000      0.436          25.082                 1.61         40
      1          0               0     59.200    437.400      0.835          25.752                 1.95         50
      1          0               0     42.200    528.100      0.990          26.559                 2.28         60
      1          0               0     87.400    212.200      0.114           8.716                 1.16         10
      1          0               0     73.200    323.100      0.205          15.183                 1.33         20
      1          0               0     73.800    350.900      0.354          20.278                 1.49         30
      1          0               0     49.200    324.800      0.476          22.923                 1.76         40
      1          0               0     53.600    419.300      0.860          24.948                 2.03         50
      1          0               0     48.300    447.300      0.965          29.849                 2.03         60
      1          0               0     41.500    110.700      0.054           9.342                 1.08         10
      1          0               0     35.300    244.700      0.101          14.924                 1.36         20
      1          0               0     28.500    319.700      0.145          21.709                 1.42         30
      1          0               0     66.900    594.700      0.530          26.428                 1.52         40
      1          0               0     69.300    629.600      1.071          29.421                 1.72         50
      1          0               0     66.800    986.000      1.601          29.885                 2.03         60
      1          0               0     45.600    114.300      0.060           8.007                 1.27         10
      1          0               0     36.700    213.200      0.102          15.106                 1.34         20
      1          0               0     86.900    316.400      0.386          22.035                 1.38         30
      1          0               0     68.200    462.200      0.479          25.655                 1.56         40
      1          0               0     42.700    430.100      0.531          26.461                 1.91         50
      1          0               0     48.900    598.800      1.005          27.327                 2.21         60
      1          0               0     39.500    121.600      0.051           8.949                 1.13         10
      1          0               0     87.600    388.500      0.241          15.344                 1.31         20
      1          0               0     75.100    396.300      0.334          22.519                 1.34         30
      1          0               0     58.600    317.400      0.450          25.321                 1.59         40
      1          0               0     58.600    621.400      0.771          28.734                 1.75         50
      1          0               0     38.800    393.900      0.765          27.067                 2.24         60
      1          0               0     11.400     45.300      0.015           8.009                 1.26         10
      1          0               0     65.600    344.700      0.199          12.488                 1.63         20
      1          0               0     64.200    420.400      0.325          16.338                 1.85         30
      1          0               0     65.600    447.600      0.527          20.512                 1.96         40
      1          0               0     40.300    344.400      0.675          20.816                 2.42         50
      1          0               0     66.700    498.300      1.570          24.220                  2.5         60
      1          0               0     50.100    152.600      0.066           8.850                 1.15         10
      1          0               0     28.900    131.300      0.082          15.031                 1.35         20
      1          0               0     37.000    242.700      0.190          19.562                 1.55         30
      1          0               0     63.400    415.300      0.533          20.929                 1.93         40
      1          0               0     41.200    462.300      0.770          21.201                  2.4         50
      1          0               0     41.500    430.400      0.835          28.072                 2.14         60
      1          0               0     42.900    137.900      0.058           7.860                  1.3         10
      1          0               0     28.900    211.300      0.082          14.197                 1.42         20
      1          0               0     30.700    307.800      0.158          17.984                 1.68         30
      1          0               0     36.300    305.300      0.319          22.722                 1.78         40
      1          0               0     68.400    615.400      0.920          27.365                 1.85         50
      1          0               0     35.000    473.400      1.354          25.871                 2.36         60
      1          0               0     46.500    208.100      0.062           7.591                 1.35         10
      1          0               0     48.100    328.000      0.144          13.514                 1.51         20
      1          0               0     59.300    434.800      0.295          18.592                 1.62         30
      1          0               0     47.100    498.600      0.470          18.989                 2.13         40
      1          0               0     46.000    511.900      0.692          21.963                  2.3         50
      1          0               0     46.200    739.300      1.392          22.357                 2.72         60
      1          0               0     48.400    102.200      0.062           8.733                 1.15         10
      1          0               0     68.300    376.300      0.198          12.151                 1.68         20
      1          0               0     51.900    458.500      0.253          18.776                 1.62         30
      1          0               0     42.600    551.800      0.428          22.840                 1.77         40
      1          0               0     42.100    552.600      0.625          26.335                 1.91         50
      1          0               0     41.600    593.200      1.172          25.810                 2.34         60
      1          0               0     54.600    117.600      0.072           7.960                 1.26         10
      1          0               0     50.500    272.400      0.152          12.523                 1.62         20
      1          0               0     45.100    452.500      0.263          15.882                 1.91         30
      1          0               0     59.300    474.000      0.618          18.427                 2.19         40
      1          0               0     66.500    591.500      0.994          21.110                 2.38         50
      1          0               0     66.800    636.700      2.308          21.058                 2.87         60
      1          0               0     40.600    168.400      0.056           7.680                 1.38         10
      1          0               0     37.500    241.600      0.112          14.413                  1.4         20
      1          0               0     77.200    381.500      0.414          17.041                 1.77         30
      1          0               0     75.100    657.700      0.705          22.237                 1.81         40
      1          0               0     75.700    725.100      1.137          25.124                  2.0         50
      1          0               0     64.300    714.300      1.793          27.058                 2.23         60
      1          0               0     60.800    169.700      0.078           9.211                  1.1         10
      1          0               0     39.300    265.900      0.110          14.712                 1.38         20
      1          0               0     61.700    350.300      0.278          22.032                 1.38         30
      1          0               0    113.500    396.400      0.796          26.242                 1.53         40
      1          0               0     63.400    459.900      0.641          31.175                 1.62         50
      1          0               0     77.600    634.100      1.318          31.326                 1.94         60
      1          0               0     53.700    185.200      0.070           9.015                 1.12         10
      1          0               0     76.300    387.600      0.218          14.169                 1.43         20
      1          0               0     85.700    581.300      0.421          17.047                 1.77         30
      1          0               0     55.100    388.200      0.456          20.853                 1.93         40
      1          0               0     86.800    857.800      1.323          21.641                 2.32         50
      1          0               0     66.000    822.400      1.664          23.971                 2.52         60
      1          0               0     37.400    154.400      0.049           8.858                 1.14         10
      1          0               0     73.900    310.100      0.197          17.257                 1.17         20
      1          0               0     87.500    408.900      0.411          21.450                 1.42         30
      1          0               0     67.000    461.900      0.525          23.793                 1.71         40
      1          0               0     33.400    396.200      0.461          27.365                 1.85         50
      1          0               0     55.800    563.300      1.017          29.659                 2.04         60
      1          0               0     51.200    191.800      0.069           7.662                 1.34         10
      1          0               0     70.900    323.900      0.211          14.715                  1.4         20
      1          0               0     58.800    447.100      0.310          18.185                  1.7         30
      1          0               0     78.000    600.700      0.634          23.692                  1.7         40
      1          0               0     79.300    612.300      0.884          29.221                 1.72         50
      1          0               0     67.000    619.800      1.317          32.827                 1.85         60
      1          0               0     74.800    175.700      0.098           9.162                 1.11         10
      1          0               0     66.800    217.900      0.188          15.638                 1.29         20
      1          0               0     73.600    543.100      0.384          18.769                 1.62         30
      1          0               0     53.800    616.600      0.574          22.266                 1.82         40
      1          0               0     48.300    510.600      0.908          24.499                  2.1         50
      1          0               0     53.800    911.900      1.579          26.522                 2.34         60
      1          0               0     68.000    234.000      0.089           9.125                 1.11         10
      1          0               0     33.700    168.700      0.094          16.819                  1.2         20
      1          0               0     48.000    379.300      0.262          19.762                 1.53         30
      1          0               0     49.100    367.900      0.381          23.208                 1.73         40
      1          0               0     43.200    480.400      0.703          24.993                 2.01         50
      1          0               0     47.800    688.400      1.808          24.098                  2.5         60
      1          0               0     61.400    233.600      0.081           7.625                 1.33         10
      1          0               0     87.800    437.400      0.240          16.517                 1.23         20
      1          0               0     87.400    507.400      0.402          22.824                 1.33         30
      1          0               0     40.500    484.500      0.421          21.526                 1.87         40
      1          0               0     79.600    606.500      0.930          28.251                 1.82         50
      1          0               0     31.500    440.700      0.639          29.781                  2.1         60
      1          0               0     61.900    223.700      0.082           7.953                 1.28         10
      1          0               0     52.900    257.100      0.148          14.096                 1.43         20
      1          0               0     61.700    506.500      0.307          18.478                 1.63         30
      1          0               0     58.700    473.900      0.441          25.618                 1.58         40
      1          0               0     44.800    724.900      0.644          24.891                 2.05         50
      1          0               0     63.600    699.000      1.473          26.958                 2.26         60
      1          0               0     69.700    166.800      0.091           9.277                 1.08         10
      1          0               0     70.500    229.100      0.191          15.908                 1.26         20
      1          0               0     66.300    316.400      0.323          21.427                  1.4         30
      1          0               0     60.400    417.100      0.504          25.134                  1.6         40
      1          0               0     38.900    340.100      0.788          24.386                 2.06         50
      1          0               0     33.200    448.100      1.176          26.431                 2.29         60
      1          0               0     60.300    199.500      0.080           7.955                 1.26         10
      1          0               0     64.600    251.200      0.175          15.376                 1.32         20
      1          0               0     66.000    358.700      0.319          19.698                 1.53         30
      1          0               0     88.200    521.900      0.632          27.359                 1.48         40
      1          0               0     79.300    535.400      0.875          29.155                 1.73         50
      1          0               0     47.600    465.700      0.848          29.574                 2.05         60
      1          0               0     54.500    188.900      0.071           8.613                 1.17         10
      1          0               0     42.500    304.400      0.125          13.454                 1.51         20
      1          0               0     49.100    300.700      0.322          15.181                  2.0         30
      1          0               0     63.900    425.000      1.086          18.041                 2.23         40
      1          0               0     36.400    341.700      0.537          23.027                  2.2         50
      1          0               0     43.900    577.300      1.565          25.581                 2.39         60
      1          0               0     55.500    174.900      0.073           7.877                 1.31         10
      1          0               0     60.700    304.000      0.175          13.791                 1.47         20
      1          0               0     73.900    456.600      0.462          16.360                 1.86         30
      1          0               0     68.600    617.100      0.683          21.440                  1.9         40
      1          0               0     58.400    602.300      0.888          24.841                 2.05         50
      1          0               0     74.900    811.900      1.827          27.848                 2.18         60
      1          0               0     57.800    157.300      0.079           7.894                 1.31         10
      1          0               0     78.700    222.100      0.220          14.272                 1.41         20
      1          0               0     49.000    239.500      0.225          20.496                 1.47         30
      1          0               0     66.600    635.800      0.514          23.545                 1.71         40
      1          0               0     66.300    606.000      0.843          26.202                 1.92         50
      1          0               0     68.200    780.100      1.315          26.680                 2.26         60
      1          0               0     44.200    154.000      0.058           8.278                 1.22         10
      1          0               0     37.700    253.000      0.108          13.711                 1.47         20
      1          0               0     42.800    343.200      0.221          19.797                 1.54         30
      1          0               0     64.400    511.600      0.508          24.877                 1.65         40
      1          0               0     61.100    657.700      0.872          28.517                 1.78         50
      1          0               0     55.200    634.800      1.538          30.505                  2.0         60
      1          0               0     43.700    127.900      0.058           7.513                 1.36         10
      1          0               0     49.000    300.200      0.137          13.584                 1.49         20
      1          0               0     55.400    324.500      0.261          20.505                 1.48         30
      1          0               0     64.300    460.200      0.509          24.661                 1.64         40
      1          0               0     53.900    537.800      0.665          26.627                  1.9         50
      1          0               0     65.300    875.500      1.771          25.757                 2.36         60
      1          0               0     67.800    144.600      0.086           9.360                 1.07         10
      1          0               0     65.900    262.000      0.178          16.595                 1.21         20
      1          0               0     35.500    313.200      0.175          20.101                  1.5         30
      1          0               0     59.600    537.000      0.571          21.757                 1.87         40
      1          0               0     60.600    556.300      0.833          25.337                 1.99         50
      1          0               0     71.100    641.400      1.789          26.574                 2.29         60
      1          0               0     33.900    171.900      0.045           7.496                 1.35         10
      1          0               0     56.000    180.700      0.154          17.132                 1.19         20
      1          0               0     82.000    342.100      0.371          22.333                 1.35         30
      1          0               0     80.300    467.500      0.914          22.186                 1.83         40
      1          0               0     79.600    448.500      1.610          22.686                 2.24         50
      1          0               0     46.700    514.700      2.224          25.794                 2.39         60
      1          0               0     87.800    270.700      0.119           8.492                 1.19         10
      1          0               0     33.800    209.600      0.097          15.109                 1.34         20
      1          0               0     84.000    348.300      0.383          23.046                 1.32         30
      1          0               0     52.200    500.300      0.463          24.973                 1.63         40
      1          0               0     66.800    770.200      1.273          24.445                 2.07         50
      1          0               0     58.300    882.900      1.671          26.346                 2.29         60
      1          0               0     19.900     77.700      0.026           8.658                 1.19         10
      1          0               0     68.000    317.800      0.197          14.157                 1.42         20
      1          0               0     45.800    324.600      0.217          21.963                 1.38         30
      1          0               0     48.900    435.200      0.385          23.231                 1.75         40
      1          0               0     67.300    532.000      0.736          27.004                 1.88         50
      1          0               0     65.800    637.900      1.118          28.116                 2.16         60
      1          0               0     25.600    119.200      0.033           8.430                 1.19         10
      1          0               0     50.600    259.800      0.136          16.919                 1.19         20
      1          0               0     73.200    388.400      0.361          21.117                 1.44         30
      1          0               0     77.500    388.800      0.617          24.950                 1.61         40
      1          0               0     58.900    487.800      0.702          26.518                 1.91         50
      1          0               0     46.800    489.100      0.853          30.536                 1.98         60
      1          0               0     44.900    133.000      0.060           8.653                 1.16         10
      1          0               0     48.900    271.500      0.142          14.399                 1.42         20
      1          0               0     71.200    458.000      0.388          19.574                 1.56         30
      1          0               0     65.400    467.900      0.490          25.401                  1.6         40
      1          0               0     93.500    836.500      1.576          27.657                 1.83         50
      1          0               0     87.300    952.400      2.492          26.770                 2.25         60
      1          0               0     45.400    129.800      0.059           9.068                 1.11         10
      1          0               0     69.900    310.900      0.199          13.810                 1.46         20
      1          0               0     78.800    371.300      0.399          19.451                 1.57         30
      1          0               0     50.700    456.600      0.391          24.748                 1.63         40
      1          0               0     44.100    685.500      0.642          24.415                 2.07         50
      1          0               0     71.900    845.300      1.614          26.242                 2.33         60
      1          0               0     71.400    164.500      0.099           9.055                 1.12         10
      1          0               0     47.900    284.400      0.154          12.919                 1.56         20
      1          0               0     71.500    381.800      0.366          19.062                 1.58         30
      1          0               0     70.400    422.500      0.550          24.381                 1.65         40
      1          0               0     52.000    494.000      0.716          26.467                  1.9         50
      1          0               0     46.800    498.600      1.385          25.167                  2.4         60
      1          0               0     37.500    144.100      0.051           7.920                 1.28         10
      1          0               0     91.400    199.900      0.247          16.015                 1.25         20
      1          0               0     81.600    237.000      0.400          21.034                 1.43         30
      1          0               0     35.900    282.300      0.290          25.354                 1.59         40
      1          0               0     36.700    431.100      0.604          27.703                 1.81         50
      1          0               0     40.000    496.200      1.217          26.558                 2.27         60
      1          0               0     46.100    168.400      0.063           7.341                 1.38         10
      1          0               0     36.300    239.400      0.109          12.306                 1.64         20
      1          0               0     54.100    284.100      0.275          19.647                 1.53         30
      1          0               0     66.500    501.500      0.693          20.552                 1.96         40
      1          0               0     77.800    587.500      1.118          24.093                 2.09         50
      1          0               0     47.000    578.300      1.609          24.630                 2.45         60
      1          0               0     41.200    163.300      0.057           7.964                 1.27         10
      1          0               0     53.900    282.400      0.152          15.707                 1.28         20
      1          0               0     54.200    282.000      0.249          20.895                 1.46         30
      1          0               0     70.000    481.200      0.503          26.051                 1.56         40
      1          0               0     75.300    726.400      0.893          26.248                 1.91         50
      1          0               0     63.900    669.200      1.541          25.286                 2.39         60
      1          0               0     40.600    105.300      0.054           7.461                 1.35         10
      1          0               0     79.800    378.000      0.228          13.376                 1.52         20
      1          0               0     72.800    501.900      0.363          19.319                 1.57         30
      1          0               0     44.300    429.200      0.514          20.327                 1.98         40
      1          0               0     63.800    671.900      1.453          23.279                 2.16         50
      1          0               0     50.100    767.100      2.631          23.393                 2.58         60
      1          0               0     49.000    160.400      0.071           7.563                 1.33         10
      1          0               0     45.100    239.500      0.131          13.581                 1.52         20
      1          0               0     63.500    250.000      0.286          22.046                 1.37         30
      1          0               0     56.100    434.900      0.387          27.774                 1.45         40
      1          0               0    110.300   1022.300      1.157          28.218                 1.78         50
      1          0               0     61.100    700.100      1.069          29.149                 2.08         60
      1          0               0     41.900    174.900      0.058           8.284                 1.29         10
      1          0               0     17.300    134.300      0.050          13.879                 1.45         20
      1          0               0     50.600    297.600      0.287          17.536                 1.72         30
      1          0               0     91.000    572.100      0.884          21.204                  1.9         40
      1          0               0    101.800    700.300      2.065          23.086                 2.19         50
      1          0               0    114.400    763.700      4.530          24.981                 2.42         60
      1          0               0     42.700    143.800      0.057           8.883                 1.14         10
      1          0               0     44.100    221.200      0.128          15.270                 1.32         20
      1          0               0     45.600    273.900      0.222          19.787                 1.52         30
      1          0               0     59.400    506.400      0.577          23.077                 1.74         40
      1          0               0     70.100    601.200      1.135          24.996                 2.01         50
      1          0               0     65.900    867.900      2.218          26.027                 2.32         60
      1          0               0     68.100    126.500      0.089           9.238                 1.09         10
      1          0               0     24.600    140.900      0.072          14.110                 1.43         20
      1          0               0     55.500    291.300      0.262          20.604                 1.46         30
      1          0               0     37.800    405.900      0.315          25.138                  1.6         40
      1          0               0     65.300    691.400      0.853          24.646                 2.04         50
      1          0               0     50.200    506.200      1.156          23.530                 2.58         60
      1          0               0     49.900    121.800      0.066           8.311                 1.21         10
      1          0               0     61.700    286.800      0.176          15.404                 1.31         20
      1          0               0     82.500    303.400      0.372          22.505                 1.34         30
      1          0               0     54.600    330.600      0.411          26.011                 1.54         40
      1          0               0     59.100    532.600      0.946          26.585                 1.89         50
      1          0               0     64.900    500.000      3.401          27.430                  2.2         60
      1          0               0     30.200    123.700      0.040           8.272                 1.24         10
      1          0               0     55.400    194.600      0.155          15.496                 1.31         20
      1          0               0     57.400    291.700      0.278          19.214                 1.58         30
      1          0               0     56.100    425.400      0.441          23.752                 1.72         40
      1          0               0     43.200    418.000      0.612          24.637                 2.07         50
      1          0               0     40.600    550.800      1.139          26.993                 2.25         60
      1          0               0     48.000    143.700      0.066           7.775                 1.31         10
      1          0               0     39.400    267.000      0.122          13.129                 1.54         20
      1          0               0     59.800    390.500      0.344          18.666                 1.62         30
      1          0               0     50.300    433.900      0.460          19.785                 2.05         40
      1          0               0     45.700    353.900      0.620          23.514                 2.14         50
      1          0               0     67.800    481.000      1.402          23.125                 2.61         60
      1          0               0     55.800    171.000      0.076           8.151                 1.25         10
      1          0               0     39.300    253.200      0.123          12.608                 1.61         20
      1          0               0     61.700    410.100      0.319          19.311                 1.57         30
      1          0               0     81.000    656.400      0.631          23.626                  1.7         40
      1          0               0     79.000    733.900      0.934          24.027                 2.11         50
      1          0               0     82.200    862.000      1.833          27.124                 2.24         60
      1          0               0     58.000    206.300      0.079           7.898                 1.29         10
      1          0               0     59.900    289.200      0.166          15.314                 1.31         20
      1          0               0     65.300    552.800      0.334          17.188                 1.76         30
      1          0               0     78.600    710.500      0.610          23.204                 1.74         40
      1          0               0     62.700    601.500      0.699          25.313                 1.99         50
      1          0               0     69.900    550.500      1.122          29.591                 2.04         60
      1          0               0     82.600    194.900      0.107           9.499                 1.06         10
      1          0               0     37.300    182.100      0.102          16.769                  1.2         20
      1          0               0     72.700    483.300      0.325          24.314                 1.24         30
      1          0               0     51.100    515.200      0.560          25.159                 1.59         40
      1          0               0     59.000    474.200      1.272          25.900                 1.94         50
      1          0               0     68.300    599.700      3.630          27.158                 2.22         60
      1          0               0     57.100    144.400      0.076           9.063                 1.11         10
      1          0               0     59.000    203.600      0.162          16.897                 1.19         20
      1          0               0     80.000    381.100      0.368          22.262                 1.35         30
      1          0               0     61.400    440.900      0.576          23.383                 1.72         40
      1          0               0     42.900    426.900      0.695          23.221                 2.17         50
      1          0               0     55.500    651.100      1.366          27.739                 2.18         60
      1          0               0     51.100    121.000      0.066           9.301                 1.08         10
      1          0               0     46.200    169.000      0.129          14.502                 1.39         20
      1          0               0     88.000    389.900      0.405          21.842                 1.39         30
      1          0               0     71.600    424.400      0.619          20.302                 1.99         40
      1          0               0     54.400    615.100      1.039          21.537                 2.35         50
      1          0               0     57.600    565.700      1.604          21.288                 2.86         60
      1          0               0     50.200    165.700      0.066           8.719                 1.17         10
      1          0               0     60.700    237.200      0.167          16.685                 1.22         20
      1          0               0     71.400    315.300      0.353          20.473                 1.47         30
      1          0               0     51.000    280.100      0.418          23.816                 1.69         40
      1          0               0     46.900    505.600      0.712          23.228                 2.16         50
      1          0               0     52.900    534.000      1.302          27.104                 2.25         60
      1          0               0     35.800    111.100      0.047           8.581                 1.19         10
      1          0               0     63.800    328.800      0.183          14.520                 1.39         20
      1          0               0     46.200    339.300      0.251          18.149                 1.68         30
      1          0               0     48.000    386.500      0.367          24.756                 1.65         40
      1          0               0     73.700    598.900      0.865          28.608                 1.78         50
      1          0               0     51.600    434.000      0.919          29.628                 2.06         60
      1          0               0     35.000    135.600      0.047           7.829                  1.3         10
      1          0               0    117.200    311.600      0.320          16.846                 1.19         20
      1          0               0     60.700    308.400      0.290          20.608                 1.47         30
      1          0               0     53.000    437.600      0.456          22.177                 1.82         40
      1          0               0     70.000    555.000      0.942          26.990                 1.87         50
      1          0               0     55.000    642.100      1.368          28.820                  2.1         60
      1          0               0     53.000    126.000      0.070           8.668                 1.16         10
      1          0               0     80.800    428.200      0.231          14.561                 1.39         20
      1          0               0     45.300    249.000      0.210          20.506                 1.48         30
      1          0               0     67.100    415.800      0.483          24.787                 1.62         40
      1          0               0     92.200    614.600      1.074          27.275                 1.85         50
      1          0               0     74.000    761.300      1.444          27.659                 2.19         60
      1          0               0     35.200     80.400      0.048           7.378                 1.37         10
      1          0               0     40.200    177.100      0.113          15.234                 1.33         20
      1          0               0     64.400    253.800      0.294          22.116                 1.38         30
      1          0               0     58.200    291.100      0.467          24.459                 1.65         40
      1          0               0     73.400    456.200      0.871          27.508                 1.83         50
      1          0               0     62.500    414.800      1.018          32.610                 1.85         60
      1          0               0     60.400    221.800      0.081           7.964                 1.28         10
      1          0               0     80.600    279.100      0.228          14.272                 1.42         20
      1          0               0     62.900    353.900      0.354          18.849                  1.6         30
      1          0               0     83.000    743.500      1.013          23.636                  1.7         40
      1          0               0     62.200    572.500      1.256          26.423                 1.91         50
      1          0               0     49.800    538.800      1.686          28.635                 2.13         60
      1          0               0     21.600     93.600      0.028           7.509                 1.37         10
      1          0               0     43.400    264.200      0.130          13.530                 1.49         20
      1          0               0     49.800    350.500      0.320          15.779                 1.93         30
      1          0               0     39.300    377.400      0.372          21.819                 1.84         40
      1          0               0     55.000    481.000      0.831          25.978                 1.94         50
      1          0               0     57.700    600.700      1.139          28.317                 2.13         60
      1          0               0     67.700    145.300      0.090           9.377                 1.07         10
      1          0               0     74.200    209.200      0.206          15.635                 1.29         20
      1          0               0     43.700    368.400      0.238          17.185                 1.77         30
      1          0               0     48.900    405.100      0.437          22.389                  1.8         40
      1          0               0     73.600    548.700      0.975          25.457                  2.0         50
      1          0               0     57.200    640.100      1.336          28.407                 2.14         60
      1          0               0     30.800     86.500      0.040           9.386                 1.07         10
      1          0               0     62.100    205.900      0.168          16.114                 1.24         20
      1          0               0     63.000    351.700      0.286          22.800                 1.33         30
      1          0               0     56.000    568.600      0.452          25.002                 1.62         40
      1          0               0     55.900    581.100      0.854          27.544                 1.84         50
      1          0               0     53.800    556.900      1.606          27.909                 2.17         60
      1          0               0     65.800    208.700      0.089           7.761                  1.3         10
      1          0               0     70.100    213.800      0.205          14.864                 1.35         20
      1          0               0     82.100    313.300      0.383          19.409                 1.55         30
      1          0               0     79.700    367.200      0.867          20.721                 1.94         40
      1          0               0     75.800    509.200      1.260          23.716                 2.11         50
      1          0               0     41.300    452.800      1.002          24.758                 2.45         60
      1          0               0     61.600    127.900      0.080           9.383                 1.07         10
      1          0               0     42.800    224.000      0.121          14.692                 1.37         20
      1          0               0     43.100    295.100      0.214          21.183                 1.43         30
      1          0               0     65.800    411.200      0.474          25.132                 1.61         40
      1          0               0     62.800    722.600      0.731          27.642                 1.83         50
      1          0               0     58.600    654.800      0.911          33.848                 1.81         60
      1          0               0     39.200    139.900      0.052           7.474                 1.36         10
      1          0               0     50.700    290.000      0.139          15.316                 1.32         20
      1          0               0     60.900    349.200      0.282          20.841                 1.45         30
      1          0               0     59.600    631.300      0.466          26.594                 1.52         40
      1          0               0     44.500    581.900      0.506          29.362                 1.74         50
      1          0               0     96.700    846.200      1.501          32.938                 1.84         60
      1          0               0     27.400     92.500      0.036           7.547                 1.34         10
      1          0               0     45.400    261.600      0.128          14.220                 1.42         20
      1          0               0     62.400    434.500      0.315          18.151                 1.67         30
      1          0               0     62.400    442.400      0.519          22.147                 1.82         40
      1          0               0     62.800    402.300      0.734          26.834                 1.87         50
      1          0               0     42.300    445.600      0.868          26.908                 2.25         60
      1          0               0     62.100    141.000      0.081           8.979                 1.12         10
      1          0               0     61.700    222.000      0.168          15.943                 1.26         20
      1          0               0     77.400    283.200      0.345          22.642                 1.33         30
      1          0               0     68.300    351.300      0.521          24.776                 1.62         40
      1          0               0     36.500    321.400      0.578          25.153                 2.01         50
      1          0               0     31.200    364.300      0.634          26.843                 2.27         60
      1          0               0     46.400    121.400      0.059           9.108                 1.11         10
      1          0               0     12.500     95.500      0.036          14.896                 1.35         20
      1          0               0     70.900    471.100      0.347          20.925                 1.44         30
      1          0               0     37.200    305.500      0.300          23.102                 1.75         40
      1          0               0     48.300    404.200      0.709          26.050                 1.95         50
      1          0               0     40.000    533.900      0.993          29.323                 2.09         60
      1          0               0     54.400    123.000      0.074           6.494                 1.55         10
      1          0               0     39.000    179.600      0.183          13.410                 1.52         20
      1          0               0     38.000    242.900      0.183          19.176                 1.58         30
      1          0               0     54.500    364.000      0.397          24.428                 1.66         40
      1          0               0     69.100    660.400      0.921          25.805                 1.95         50
      1          0               0     63.400    648.900      1.520          26.375                  2.3         60
      1          0               0     34.200    147.600      0.046           7.202                  1.4         10
      1          0               0     33.700    217.000      0.097          14.267                 1.41         20
      1          0               0     76.200    265.100      0.370          20.667                 1.46         30
      1          0               0    116.500    352.200      0.822          26.671                 1.51         40
      1          0               0     38.500    395.500      0.547          26.823                 1.87         50
      1          0               0    107.000    520.500      2.172          30.363                 1.98         60
      1          0               0     75.100    188.000      0.099           8.254                 1.22         10
      1          0               0     66.800    354.500      0.180          16.972                 1.19         20
      1          0               0     28.900    200.400      0.143          23.190                 1.32         30
      1          0               0     38.100    373.800      0.303          25.871                 1.57         40
      1          0               0     55.600    528.300      0.631          29.923                 1.69         50
      1          0               0     33.200    425.900      0.721          31.991                 1.89         60
      1          0               0     32.100     97.500      0.042           8.555                 1.18         10
      1          0               0     35.400    230.500      0.099          15.782                 1.28         20
      1          0               0     54.800    345.800      0.260          21.847                 1.39         30
      1          0               0     55.300    351.100      0.424          25.092                 1.63         40
      1          0               0     40.500    421.400      0.554          25.383                 2.02         50
      1          0               0     43.200    481.100      1.534          23.516                 2.58         60
      1          0               0     83.100    194.900      0.110           9.241                 1.09         10
      1          0               0     89.300    450.400      0.242          17.082                 1.18         20
      1          0               0     57.400    482.400      0.279          21.030                 1.44         30
      1          0               0     45.100    474.800      0.373          25.876                 1.56         40
      1          0               0     51.800    545.000      0.681          27.927                 1.82         50
      1          0               0     76.300   1001.300      1.378          30.448                 1.99         60
      1          0               0     76.800    204.400      0.106           8.767                 1.16         10
      1          0               0     75.200    288.300      0.214          15.251                 1.32         20
      1          0               0     70.600    453.300      0.328          21.364                 1.42         30
      1          0               0     86.900    491.600      0.692          26.319                 1.54         40
      1          0               0     54.500    631.100      0.812          28.141                 1.82         50
      1          0               0     71.800    561.200      1.863          28.123                 2.18         60
      1          0               0     31.000    113.900      0.042           7.168                 1.42         10
      1          0               0     38.800    207.900      0.113          14.714                 1.38         20
      1          0               0     58.400    369.600      0.282          20.598                 1.48         30
      1          0               0     75.700    328.600      0.679          22.616                 1.81         40
      1          0               0     51.100    492.800      0.588          28.264                 1.79         50
      1          0               0     45.500    589.200      1.075          27.396                 2.21         60
      1          0               0     73.000    230.300      0.097           8.815                 1.16         10
      1          0               0     41.100    306.600      0.114          15.815                 1.27         20
      1          0               0     81.900    448.400      0.374          22.308                 1.37         30
      1          0               0     67.200    437.500      0.487          27.030                  1.5         40
      1          0               0     43.200    328.900      0.496          28.275                 1.79         50
      1          0               0     90.100    530.100      1.701          31.648                 1.91         60
      1          0               0     50.200    193.000      0.069           7.781                  1.3         10
      1          0               0     41.900    238.800      0.121          14.160                 1.44         20
      1          0               0     34.500    328.000      0.184          18.243                 1.65         30
      1          0               0     58.800    451.900      0.430          25.321                 1.59         40
      1          0               0     63.600    577.100      0.851          26.020                 1.94         50
      1          0               0     43.000    373.300      0.978          27.758                 2.18         60
      1          0               0     39.300    117.400      0.052           8.814                 1.15         10
      1          0               0     55.300    231.700      0.153          16.371                 1.23         20
      1          0               0     82.100    376.900      0.398          20.442                 1.48         30
      1          0               0     57.200    440.000      0.477          22.509                 1.81         40
      1          0               0     58.900    696.200      0.896          24.267                 2.11         50
      1          0               0     60.000    611.600      1.282          27.422                 2.24         60
      1          0               0     44.900    121.100      0.060           8.047                 1.26         10
      1          0               0     69.600    219.800      0.190          16.978                  1.2         20
      1          0               0     47.400    310.300      0.222          22.099                 1.37         30
      1          0               0     75.700    424.100      0.549          22.811                 1.76         40
      1          0               0     49.100    478.300      0.659          25.430                 1.97         50
      1          0               0     25.100    358.600      0.545          28.598                 2.12         60
      1          0               0     32.100    105.700      0.041           8.981                 1.14         10
      1          0               0     40.500    205.300      0.113          15.425                 1.32         20
      1          0               0     49.700    236.000      0.228          21.252                 1.43         30
      1          0               0     67.900    376.600      0.539          25.317                 1.61         40
      1          0               0     63.200    339.400      0.742          30.847                 1.67         50
      1          0               0     67.400    569.300      1.097          32.993                 1.86         60
      1          0               0     49.400    113.300      0.064           9.346                 1.08         10
      1          0               0     90.900    360.800      0.259          14.703                 1.38         20
      1          0               0     74.200    477.200      0.387          18.275                 1.69         30
      1          0               0     43.000    298.300      0.385          22.753                 1.81         40
      1          0               0     46.500    675.200      0.714          23.819                 2.13         50
      1          0               0     59.200    469.900      1.348          27.282                 2.24         60
      1          0               0     64.200    201.700      0.083           8.569                 1.19         10
      1          0               0     73.000    301.100      0.200          16.301                 1.24         20
      1          0               0     75.900    434.300      0.361          19.320                 1.57         30
      1          0               0     73.900    664.300      0.696          20.645                 1.96         40
      1          0               0     65.700    655.200      0.993          22.817                 2.21         50
      1          0               0     53.000    610.400      1.466          25.226                 2.38         60
      1          0               0     15.600     71.800      0.020           7.654                 1.33         10
      1          0               0     42.000    182.200      0.135          13.717                 1.47         20
      1          0               0     47.400    301.200      0.264          19.184                 1.58         30
      1          0               0     55.600    549.800      0.567          21.031                 1.93         40
      1          0               0     60.100    557.600      1.006          25.612                 1.97         50
      1          0               0     51.800    525.600      1.248          24.317                 2.48         60
      1          0               0     25.700    105.100      0.035           7.817                  1.3         10
      1          0               0     61.200    291.500      0.181          14.160                 1.43         20
      1          0               0     70.600    603.100      0.366          18.065                 1.68         30
      1          0               0     65.500    638.500      0.605          21.344                  1.9         40
      1          0               0     61.800    675.400      0.780          25.500                 1.98         50
      1          0               0     51.400    593.400      0.907          29.805                 2.05         60
      1          0               0     23.800    104.600      0.032           7.071                 1.42         10
      1          0               0     57.200    277.500      0.178          10.743                 1.89         20
      1          0               0     76.100    342.400      0.384          19.519                 1.55         30
      1          0               0     41.000    353.800      0.369          22.176                 1.85         40
      1          0               0     73.000    625.600      1.090          26.505                 1.92         50
      1          0               0     62.700    594.400      1.491          28.482                 2.16         60
      1          0               0     57.400    199.800      0.079           8.268                 1.22         10
      1          0               0     67.900    252.700      0.187          16.010                 1.26         20
      1          0               0     70.000    349.100      0.330          20.247                 1.49         30
      1          0               0     53.400    577.900      0.467          23.043                 1.76         40
      1          0               0     57.600    591.700      0.788          24.540                 2.07         50
      1          0               0     44.500    555.500      1.391          23.721                 2.58         60
      1          0               0     35.400     94.400      0.048           8.494                 1.19         10
      1          0               0     80.000    276.200      0.222          15.758                 1.28         20
      1          0               0     61.000    324.200      0.290          20.967                 1.44         30
      1          0               0     64.800    430.900      0.499          25.160                  1.6         40
      1          0               0     70.200    493.700      0.963          26.175                 1.92         50
      1          0               0     64.000    792.700      1.652          25.436                 2.38         60
      1          0               0     66.100    208.400      0.088           8.829                 1.14         10
      1          0               0     39.900    217.200      0.109          15.739                 1.28         20
      1          0               0     79.300    350.900      0.358          21.005                 1.43         30
      1          0               0     55.000    320.800      0.393          24.613                 1.64         40
      1          0               0     41.400    330.800      0.533          25.693                 1.98         50
      1          0               0     82.200    916.800      1.844          27.252                 2.22         60
      1          0               0     36.500    131.400      0.050           7.584                 1.34         10
      1          0               0     37.500    178.500      0.105          14.251                 1.42         20
      1          0               0     71.500    379.400      0.329          20.378                 1.48         30
      1          0               0     60.800    483.600      0.534          22.599                 1.78         40
      1          0               0     89.500    634.300      1.367          24.820                 2.02         50
      1          0               0     91.300    609.100      2.107          28.286                 2.14         60
      1          0               0     19.700     64.700      0.026           9.051                 1.11         10
      1          0               0     23.000    163.800      0.063          16.096                 1.27         20
      1          0               0     32.800    228.000      0.152          21.378                 1.41         30
      1          0               0     50.700    352.100      0.383          25.596                 1.58         40
      1          0               0     57.300    454.900      0.713          28.721                 1.78         50
      1          0               0     39.700    405.100      0.787          30.587                 1.98         60
      1          0               0     29.400     83.800      0.040           8.133                 1.25         10
      1          0               0     25.800    148.900      0.076          14.027                 1.47         20
      1          0               0     33.400    209.400      0.182          18.952                 1.61         30
      1          0               0     41.900    279.000      0.314          26.573                 1.54         40
      1          0               0     71.000    499.700      0.730          31.403                 1.61         50
      1          0               0     71.700    454.000      1.386          31.137                 1.94         60
      1          0               0     71.200    166.100      0.094           9.074                 1.13         10
      1          0               0     46.800    200.300      0.128          15.327                 1.33         20
      1          0               0     55.300    301.500      0.280          21.108                 1.45         30
      1          0               0     63.900    485.000      0.600          19.967                 2.03         40
      1          0               0     54.900    593.500      0.751          25.175                  2.0         50
      1          0               0     78.600    933.500      2.024          26.883                 2.24         60
      1          0               0     57.900    193.200      0.078           7.430                 1.36         10
      1          0               0     51.700    252.800      0.157          12.925                 1.58         20
      1          0               0     24.900    240.200      0.145          15.880                 1.92         30
      1          0               0     36.100    364.000      0.391          19.349                 2.09         40
      1          0               0     57.700    508.800      1.025          19.000                 2.65         50
      1          0               0     60.900    594.100      1.725          19.798                 3.06         60
      1          0               0     59.000    178.700      0.083           7.868                 1.29         10
      1          0               0     66.300    191.000      0.188          15.718                 1.29         20
      1          0               0     61.500    304.900      0.293          22.125                 1.37         30
      1          0               0     52.100    404.600      0.418          26.722                 1.53         40
      1          0               0     62.000    474.400      0.874          27.876                 1.83         50
      1          0               0     48.200    602.300      1.387          26.579                 2.39         60
      1          0               0     49.700    172.000      0.069           8.753                 1.15         10
      1          0               0     64.000    338.600      0.228          12.873                 1.57         20
      1          0               0     70.800    391.500      0.411          20.088                 1.51         30
      1          0               0     56.300    585.600      0.564          23.712                 1.71         40
      1          0               0     54.600    676.900      0.966          28.828                 1.77         50
      1          0               0     74.300    743.700      2.046          30.607                 1.98         60
      1          0               0     40.700    138.200      0.055           8.452                 1.21         10
      1          0               0     51.100    296.100      0.151          14.131                 1.44         20
      1          0               0     47.100    256.900      0.262          15.316                 1.98         30
      1          0               0     42.200    288.100      0.364          18.637                 2.16         40
      1          0               0     43.900    390.700      0.721          20.278                  2.5         50
      1          0               0     44.300    375.900      1.411          23.255                 2.63         60
      1          0               0     19.400     84.200      0.029           8.381                  1.2         10
      1          0               0     69.000    294.300      0.192          15.243                 1.33         20
      1          0               0     49.600    358.200      0.242          18.546                 1.62         30
      1          0               0     69.800    648.500      0.837          19.480                 2.06         40
      1          0               0     63.100    644.100      0.982          25.837                 1.95         50
      1          0               0     47.600    516.600      1.334          27.800                 2.17         60
      1          0               0     65.000    142.700      0.086           8.329                 1.22         10
      1          0               0     66.700    313.300      0.188          15.024                 1.34         20
      1          0               0     56.100    416.100      0.273          19.201                 1.59         30
      1          0               0     90.400    710.500      0.676          25.515                  1.6         40
      1          0               0     76.100    545.900      0.996          25.368                 2.01         50
      1          0               0     38.000    615.900      1.416          23.176                 2.64         60
      1          0               0     45.600    111.200      0.061           8.482                 1.18         10
      1          0               0     76.900    414.800      0.209          16.529                 1.22         20
      1          0               0     74.600    495.900      0.330          24.019                 1.26         30
      1          0               0     86.100    587.500      0.619          29.168                 1.39         40
      1          0               0     67.300    621.900      0.846          31.423                 1.64         50
      1          0               0     61.300    719.700      1.312          29.248                  2.1         60
      1          0               0     60.000    166.200      0.132           8.727                 1.16         10
      1          0               0     59.700    313.800      0.203          15.605                  1.3         20
      1          0               0     66.400    504.400      0.389          22.901                 1.33         30
      1          0               0     52.700    489.300      0.440          24.928                 1.63         40
      1          0               0     69.100    837.100      1.392          27.902                 1.84         50
      1          0               0     51.100    949.800      1.907          29.431                 2.11         60
      1          0               0     54.400    127.700      0.076           7.568                 1.34         10
      1          0               0     49.100    215.200      0.138          15.438                 1.31         20
      1          0               0     61.800    569.000      0.342          18.817                 1.61         30
      1          0               0     51.900    590.600      0.502          20.796                 1.94         40
      1          0               0     71.200    643.700      1.091          21.997                 2.29         50
      1          0               0     61.400    589.300      1.411          25.518                 2.37         60
      1          0               0     21.200     92.100      0.027           8.849                 1.16         10
      1          0               0     42.500    223.600      0.123          14.981                 1.38         20
      1          0               0     80.300    535.000      0.457          17.963                  1.7         30
      1          0               0     42.100    358.200      0.428          20.696                 1.96         40
      1          0               0     50.400    423.700      0.739          22.933                 2.21         50
      1          0               0     36.400    524.300      0.917          25.368                 2.39         60
      1          0               0     30.600    107.700      0.039           9.101                 1.11         10
      1          0               0     76.900    221.900      0.209          15.828                 1.28         20
      1          0               0     58.700    335.900      0.295          19.436                 1.55         30
      1          0               0     67.400    553.300      0.629          23.165                 1.73         40
      1          0               0     79.500    847.300      0.999          27.584                 1.82         50
      1          0               0     66.500    623.700      1.766          26.400                 2.28         60
      1          0               0     31.200    118.300      0.041           8.827                 1.14         10
      1          0               0     64.000    298.900      0.182          15.178                 1.33         20
      1          0               0     68.400    453.500      0.333          21.045                 1.46         30
      1          0               0     92.100    790.300      0.637          27.802                 1.47         40
      1          0               0     60.800    443.200      0.709          31.222                 1.64         50
      1          0               0     64.100    732.700      1.414          31.304                 1.95         60
      1          0               0     25.500     77.900      0.034           8.980                 1.13         10
      1          0               0     60.300    301.300      0.170          15.879                 1.27         20
      1          0               0     58.500    331.400      0.339          15.933                 1.91         30
      1          0               0     46.500    362.900      0.474          20.086                 2.01         40
      1          0               0     62.100    427.800      0.733          26.781                 1.88         50
      1          0               0     75.800    787.900      1.940          25.272                 2.38         60
      1          0               0     41.600    111.300      0.056           8.810                 1.15         10
      1          0               0     53.800    234.800      0.158          14.954                 1.34         20
      1          0               0     59.900    343.500      0.312          18.770                 1.61         30
      1          0               0     68.400    297.500      0.533          21.956                 1.83         40
      1          0               0     67.900    391.400      0.759          26.250                 1.92         50
      1          0               0     79.500    483.600      1.658          24.620                 2.45         60
      1          0               0     20.400     92.200      0.027           8.529                 1.19         10
      1          0               0     39.000    243.400      0.111          14.682                 1.38         20
      1          0               0     35.100    295.700      0.181          19.493                 1.55         30
      1          0               0     57.300    368.900      0.479          23.368                 1.73         40
      1          0               0     33.600    329.900      0.399          27.485                 1.83         50
      1          0               0     39.700    502.300      0.836          29.788                 2.03         60
      1          0               0     51.800    168.000      0.069           7.873                 1.31         10
      1          0               0     69.500    312.100      0.200          15.314                 1.33         20
      1          0               0     46.500    251.000      0.247          18.963                 1.64         30
      1          0               0     45.100    324.900      0.388          22.202                 1.88         40
      1          0               0     35.300    386.400      0.518          24.969                 2.06         50
      1          0               0     47.300    592.100      1.110          27.429                 2.22         60
      1          0               0     26.900     76.000      0.035           8.100                 1.24         10
      1          0               0     44.600    251.400      0.127          13.964                 1.44         20
      1          0               0     74.300    491.400      0.364          19.727                 1.53         30
      1          0               0     65.800    446.700      0.632          22.032                 1.82         40
      1          0               0     68.800    556.400      0.982          22.523                 2.23         50
      1          0               0     59.700    528.600      1.475          26.013                 2.32         60
      1          0               0     22.500     73.200      0.030           8.347                 1.21         10
      1          0               0     51.600    276.500      0.146          12.860                 1.57         20
      1          0               0     60.100    370.400      0.327          16.642                 1.82         30
      1          0               0     54.000    569.400      0.613          19.737                 2.04         40
      1          0               0     75.700    579.300      1.176          22.280                 2.26         50
      1          0               0     52.400    503.900      1.133          28.032                 2.15         60
      1          0               0     50.300    138.100      0.068           8.777                 1.15         10
      1          0               0     47.200    198.700      0.128          15.439                 1.31         20
      1          0               0     32.700    216.100      0.161          19.260                 1.58         30
      1          0               0     66.200    463.700      0.524          21.213                  1.9         40
      1          0               0     72.900    894.600      0.902          24.126                  2.1         50
      1          0               0     70.200    795.400      1.332          25.128                 2.41         60
      1          0               0     50.500    197.900      0.069           7.885                 1.29         10
      1          0               0     56.900    416.300      0.167          14.069                 1.44         20
      1          0               0     68.900    475.200      0.350          20.642                 1.48         30
      1          0               0     90.500    499.700      0.716          25.328                  1.6         40
      1          0               0     82.700    685.700      1.001          28.334                 1.78         50
      1          0               0     63.200    941.800      1.799          26.638                 2.28         60
      1          0               0     30.700    128.600      0.041           8.062                 1.25         10
      1          0               0     86.000    284.100      0.247          15.802                 1.28         20
      1          0               0     62.500    266.200      0.325          19.085                 1.58         30
      1          0               0     64.300    335.900      0.612          20.813                 1.93         40
      1          0               0     82.100    503.400      1.091          26.631                 1.89         50
      1          0               0     47.000    502.700      1.150          29.121                 2.08         60
      1          0               0     61.800    112.500      0.081           7.641                 1.32         10
      1          0               0     48.500    322.500      0.142          14.511                 1.39         20
      1          0               0     30.300    226.500      0.191          20.551                 1.47         30
      1          0               0     68.900    577.600      0.494          26.424                 1.53         40
      1          0               0     70.400    496.400      0.737          31.991                 1.58         50
      1          0               0     54.600    572.300      0.979          33.579                  1.8         60
      1          0               0     71.800    206.600      0.094           8.907                 1.13         10
      1          0               0     43.100    171.700      0.120          14.910                 1.35         20
      1          0               0     39.100    218.900      0.319          17.427                 1.74         30
      1          0               0     67.800    350.200      0.560          23.400                 1.72         40
      1          0               0     74.600    507.200      0.898          27.322                 1.84         50
      1          0               0     52.100    489.000      1.026          27.445                  2.2         60
      1          0               0     72.100    182.600      0.095           9.233                  1.1         10
      1          0               0     31.900    193.400      0.090          15.317                 1.33         20
      1          0               0     34.800    210.500      0.165          20.934                 1.46         30
      1          0               0     44.100    358.900      0.345          24.812                 1.62         40
      1          0               0     31.300    431.700      0.506          23.572                 2.14         50
      1          0               0     42.600    486.300      1.313          27.378                 2.21         60
      1          0               0     69.300    141.800      0.092           8.354                  1.2         10
      1          0               0     80.300    272.300      0.223          16.644                 1.21         20
      1          0               0     60.900    470.200      0.306          19.238                 1.57         30
      1          0               0     57.600    392.300      0.404          27.842                 1.44         40
      1          0               0     62.800    467.600      0.878          28.718                 1.75         50
      1          0               0     54.300    497.400      1.107          31.735                 1.91         60
      1          0               0     35.200    125.800      0.047           9.230                 1.09         10
      1          0               0     70.800    257.700      0.192          16.058                 1.26         20
      1          0               0     52.200    340.100      0.240          21.674                 1.41         30
      1          0               0     63.500    497.600      0.502          25.383                  1.6         40
      1          0               0     48.500    549.500      0.611          28.109                  1.8         50
      1          0               0     74.300    516.200      1.239          28.491                 2.12         60
      1          0               0     29.900    128.300      0.040           8.084                 1.27         10
      1          0               0     56.800    238.500      0.160          14.391                  1.4         20
      1          0               0     57.400    397.000      0.280          19.836                 1.52         30
      1          0               0     61.400    532.600      0.468          24.658                 1.63         40
      1          0               0     60.300    428.900      0.715          25.982                 1.94         50
      1          0               0     75.700    780.300      1.568          27.775                 2.18         60
      1          0               0     41.100    113.000      0.054           9.236                 1.09         10
      1          0               0     81.000    387.500      0.234          15.058                 1.34         20
      1          0               0     75.900    377.400      0.350          22.441                 1.34         30
      1          0               0     82.300    366.400      0.578          25.303                 1.59         40
      1          0               0     90.100    550.200      0.978          30.962                 1.62         50
      1          0               0     51.900    649.600      1.186          31.497                 1.92         60
      1          0               0     53.200    174.500      0.070           9.242                 1.09         10
      1          0               0     76.100    297.300      0.209          15.829                 1.27         20
      1          0               0     71.300    501.900      0.353          19.028                 1.59         30
      1          0               0     74.300    546.200      0.599          24.326                 1.68         40
      1          0               0     61.400    665.300      0.751          27.404                 1.86         50
      1          0               0     56.300    598.100      1.171          28.329                 2.15         60
      1          0               0     56.000    169.700      0.074           8.861                 1.14         10
      1          0               0     47.200    274.900      0.136          14.246                 1.42         20
      1          0               0     56.000    376.300      0.276          19.723                 1.53         30
      1          0               0     47.900    422.000      0.491          22.063                 1.83         40
      1          0               0     67.400    530.900      0.934          29.024                 1.74         50
      1          0               0     53.800    492.400      1.191          30.091                 2.02         60
      1          0               0     48.800    118.500      0.064           9.137                 1.11         10
      1          0               0     64.500    387.100      0.180          15.112                 1.34         20
      1          0               0     79.200    475.900      0.372          21.301                 1.42         30
      1          0               0     86.700    588.400      0.636          24.826                 1.62         40
      1          0               0     67.000    519.300      0.747          26.091                 1.93         50
      1          0               0     69.600    904.800      1.348          25.458                 2.36         60
      1          0               0     44.500    161.400      0.060           8.061                 1.26         10
      1          0               0     65.900    291.200      0.184          13.432                  1.5         20
      1          0               0     45.700    378.200      0.260          16.002                 1.92         30
      1          0               0     68.400    460.200      0.559          21.759                 1.88         40
      1          0               0     67.800    694.900      0.972          22.339                 2.28         50
      1          0               0     70.100    678.300      2.916          26.030                 2.37         60
      1          0               0     41.800    177.900      0.055           8.502                  1.2         10
      1          0               0     50.900    274.800      0.140          15.859                 1.28         20
      1          0               0     45.500    420.000      0.221          21.835                 1.38         30
      1          0               0     51.000    409.200      0.443          23.504                 1.71         40
      1          0               0     54.700    593.200      0.818          27.473                 1.86         50
      1          0               0     63.500    629.000      1.375          28.597                 2.12         60
      1          0               0     46.400    155.500      0.062           7.315                 1.38         10
      1          0               0     70.700    274.500      0.203          14.297                 1.41         20
      1          0               0     69.600    439.900      0.323          20.723                 1.45         30
      1          0               0     76.100    461.800      0.595          24.434                 1.64         40
      1          0               0     46.300    456.400      0.563          29.378                 1.71         50
      1          0               0     52.500    618.200      1.168          28.173                 2.16         60
      1          0               0     70.800    171.100      0.091           9.285                 1.08         10
      1          0               0     76.200    289.200      0.210          16.912                  1.2         20
      1          0               0     53.000    309.300      0.241          22.258                 1.36         30
      1          0               0     51.200    390.600      0.471          21.602                 1.86         40
      1          0               0     70.000    506.100      0.980          25.959                 1.94         50
      1          0               0     52.600    749.200      1.334          29.726                 2.04         60
      1          0               0     64.900    157.000      0.086           8.279                 1.22         10
      1          0               0     98.900    311.600      0.273          15.370                 1.31         20
      1          0               0     62.000    384.400      0.302          18.868                 1.61         30
      1          0               0     66.100    396.200      0.502          23.548                 1.72         40
      1          0               0     59.500    511.100      0.680          27.345                 1.84         50
      1          0               0     39.000    496.200      0.782          29.110                 2.08         60
      1          0               0     56.500    205.000      0.075           8.423                 1.21         10
      1          0               0     57.400    316.500      0.166          13.559                 1.49         20
      1          0               0     63.300    327.100      0.338          16.801                  1.8         30
      1          0               0     60.000    465.200      0.500          21.163                  1.9         40
      1          0               0     64.100    459.400      0.853          23.390                 2.14         50
      1          0               0     48.000    552.400      1.681          23.940                 2.52         60
      1          0               0     77.200    218.800      0.101           8.763                 1.16         10
      1          0               0     38.100    193.600      0.108          15.898                 1.29         20
      1          0               0     44.600    337.900      0.226          20.312                 1.49         30
      1          0               0     42.100    434.100      0.405          23.969                 1.68         40
      1          0               0     53.800    589.600      0.704          28.284                 1.78         50
      1          0               0     42.900    635.000      1.237          26.634                 2.27         60
      1          0               0     23.700    100.900      0.032           8.941                 1.13         10
      1          0               0     89.600    386.000      0.240          17.270                 1.17         20
      1          0               0     72.400    424.300      0.359          19.756                 1.54         30
      1          0               0     61.300    651.100      0.503          24.666                 1.66         40
      1          0               0     74.000    610.500      0.972          28.041                 1.83         50
      1          0               0     69.300    762.200      1.499          29.244                  2.1         60
      1          0               0     34.500    153.400      0.046           7.388                 1.47         10
      1          0               0     72.400    301.300      0.204          14.181                 1.44         20
      1          0               0     48.900    250.600      0.259          18.636                 1.63         30
      1          0               0     83.200    516.600      0.692          23.096                 1.74         40
      1          0               0     59.700    644.800      1.256          21.554                 2.34         50
      1          0               0     47.600    512.700      2.317          21.609                 2.79         60
      1          0               0     24.300    109.100      0.032           8.350                 1.21         10
      1          0               0     72.500    297.000      0.203          15.810                 1.28         20
      1          0               0     52.900    382.800      0.257          20.353                 1.48         30
      1          0               0     65.200    566.800      0.551          22.479                 1.79         40
      1          0               0     44.800    505.200      0.734          25.170                 1.99         50
      1          0               0     53.200    791.900      2.071          24.686                 2.44         60
      1          0               0     47.300    194.400      0.061           8.552                  1.2         10
      1          0               0     70.500    182.300      0.192          17.664                 1.15         20
      1          0               0     74.800    426.400      0.389          20.493                 1.48         30
      1          0               0     67.400    513.700      0.522          24.355                 1.65         40
      1          0               0     33.300    416.100      0.481          24.207                 2.08         50
      1          0               0     49.600    586.400      1.421          25.085                  2.4         60
      1          0               0     34.400     89.000      0.044           8.872                 1.13         10
      1          0               0     53.600    157.300      0.146          14.771                 1.36         20
      1          0               0     28.500    192.800      0.132          21.523                  1.4         30
      1          0               0     75.700    422.500      0.515          26.942                 1.49         40
      1          0               0     73.600    422.500      0.809          31.412                  1.6         50
      1          0               0     53.300    422.100      0.928          30.938                 1.95         60
      1          0               0     74.300    188.100      0.097           9.044                 1.11         10
      1          0               0     74.400    318.300      0.202          15.570                  1.3         20
      1          0               0     60.000    420.300      0.293          21.127                 1.44         30
      1          0               0     40.600    408.900      0.412          22.924                 1.78         40
      1          0               0     51.800    689.500      0.662          26.830                 1.89         50
      1          0               0    106.500   1027.700      2.147          30.500                 1.99         60
      1          0               0     43.100    106.200      0.055           9.130                 1.11         10
      1          0               0     71.800    252.200      0.202          15.088                 1.34         20
      1          0               0     68.000    455.600      0.327          21.081                 1.43         30
      1          0               0     72.600    424.200      0.542          25.731                 1.58         40
      1          0               0     78.400    569.000      0.848          30.247                 1.68         50
      1          0               0     65.100    567.900      1.201          31.084                 1.95         60
      1          0               0     44.600    143.700      0.058           7.901                 1.29         10
      1          0               0     58.000    278.700      0.165          16.293                 1.24         20
      1          0               0     78.800    271.600      0.362          23.868                 1.26         30
      1          0               0     74.900    455.000      0.511          29.005                 1.39         40
      1          0               0     71.500    572.000      0.749          33.359                 1.52         50
      1          0               0     61.300    609.400      1.025          34.041                 1.78         60
      1          0               0     57.100    210.300      0.077           7.841                 1.33         10
      1          0               0     78.100    487.700      0.268          13.079                 1.57         20
      1          0               0     47.400    497.500      0.295          16.789                 1.85         30
      1          0               0     53.000    589.600      0.473          21.421                 1.92         40
      1          0               0     60.500    616.400      0.833          24.593                 2.05         50
      1          0               0     60.000    757.000      1.727          22.615                 2.71         60
      1          0               0     47.600    125.100      0.062           8.284                 1.21         10
      1          0               0     84.800    336.100      0.249          15.322                 1.32         20
      1          0               0     67.400    511.200      0.339          21.211                 1.42         30
      1          0               0     61.400    662.900      0.469          24.793                 1.63         40
      1          0               0     62.200    640.000      0.729          28.984                 1.74         50
      1          0               0     55.900    574.700      0.909          30.989                 1.96         60
      1          0               0     33.100     98.100      0.045           7.514                 1.34         10
      1          0               0     72.700    233.100      0.198          16.428                 1.23         20
      1          0               0     61.300    424.500      0.290          21.297                 1.43         30
      1          0               0     81.500    633.100      0.710          22.941                 1.77         40
      1          0               0     51.800    475.200      0.757          25.286                  2.0         50
      1          0               0     79.600    977.300      1.366          31.631                 1.93         60
      1          0               0     79.300    136.800      0.108           8.518                 1.18         10
      1          0               0     65.400    235.000      0.181          15.595                 1.29         20
      1          0               0     74.700    363.500      0.343          21.118                 1.44         30
      1          0               0     69.300    421.000      0.494          25.356                 1.59         40
      1          0               0     60.400    492.200      0.862          27.253                 1.86         50
      1          0               0     40.400    451.500      0.902          29.790                 2.04         60
      1          0               0     50.900    216.900      0.069           8.809                 1.14         10
      1          0               0     51.200    294.200      0.155          13.984                 1.46         20
      1          0               0     58.200    428.900      0.345          21.610                 1.41         30
      1          0               0     63.700    630.200      0.509          23.677                 1.72         40
      1          0               0     75.200    641.000      1.034          25.172                 2.01         50
      1          0               0     69.000    697.400      1.531          26.822                 2.27         60
      1          0               0     36.700    196.600      0.049           7.569                 1.35         10
      1          0               0     54.700    212.000      0.148          15.941                 1.26         20
      1          0               0     56.600    355.700      0.272          20.823                 1.46         30
      1          0               0     65.600    437.400      0.525          24.245                 1.67         40
      1          0               0     66.800    772.800      0.832          27.246                 1.88         50
      1          0               0     51.700    632.800      1.345          26.907                 2.28         60
      1          0               0     35.600    128.400      0.048           7.831                  1.3         10
      1          0               0     68.700    359.600      0.196          13.585                 1.49         20
      1          0               0     62.000    461.800      0.350          17.821                  1.7         30
      1          0               0     84.100    758.800      0.775          20.743                 1.96         40
      1          0               0     60.100    697.000      1.007          23.446                 2.16         50
      1          0               0     31.500    662.600      0.840          23.921                 2.54         60
      1          0               0     52.200    159.100      0.069           8.406                  1.2         10
      1          0               0     42.900    222.500      0.123          15.077                 1.35         20
      1          0               0     42.200    254.300      0.216          19.467                 1.55         30
      1          0               0     46.500    338.300      0.380          22.581                 1.78         40
      1          0               0     49.200    485.100      0.799          26.309                 1.94         50
      1          0               0     67.500    743.200      2.245          25.468                 2.39         60
      1          0               0     28.100     74.000      0.036           9.270                 1.09         10
      1          0               0     46.500    192.200      0.128          15.181                 1.32         20
      1          0               0     86.100    497.300      0.415          21.041                 1.43         30
      1          0               0     38.000    275.200      0.292          23.097                 1.74         40
      1          0               0     66.900    366.800      0.986          25.725                 1.97         50
      1          0               0     31.700    327.300      1.027          23.751                 2.56         60
      1          0               0     45.500    108.800      0.061           7.591                 1.33         10
      1          0               0     72.900    223.800      0.199          15.320                 1.31         20
      1          0               0     87.100    359.400      0.403          21.075                 1.43         30
      1          0               0     38.900    332.400      0.328          24.987                 1.61         40
      1          0               0     44.200    425.300      0.898          26.176                 1.92         50
      1          0               0     74.400    597.300      1.570          29.173                 2.06         60
      1          0               0     34.900    115.800      0.046           9.120                  1.1         10
      1          0               0     57.200    265.000      0.158          16.000                 1.26         20
      1          0               0     74.000    317.300      0.342          22.099                 1.37         30
      1          0               0     33.200    269.400      0.235          26.880                 1.52         40
      1          0               0     67.800    394.400      0.823          28.631                 1.77         50
      1          0               0     71.200    560.700      1.289          27.947                 2.16         60
      1          0               0     53.900    103.800      0.069           9.464                 1.06         10
      1          0               0     55.800    192.600      0.150          16.643                 1.21         20
      1          0               0     51.700    383.200      0.264          21.518                 1.41         30
      1          0               0     48.900    478.300      0.460          25.575                 1.58         40
      1          0               0     64.500    513.700      0.919          28.132                 1.79         50
      1          0               0     55.100    569.700      1.642          27.737                 2.19         60
      1          0               0     50.000    183.300      0.066           8.522                 1.21         10
      1          0               0     57.500    358.000      0.182          15.638                  1.3         20
      1          0               0     52.100    329.900      0.271          19.536                 1.57         30
      1          0               0     55.700    366.800      0.524          23.197                 1.75         40
      1          0               0     50.300    459.000      0.899          22.767                 2.25         50
      1          0               0     37.300    525.900      1.622          20.681                 2.96         60
