success  collision  collision_obst   makespan   flowtime    runtime     mean_groups     mean_groups_size     number
      1          0               0    127.300    344.400      0.253           8.097                 1.25         10
      1          0               0    192.100    667.300      0.773          17.797                 1.13         20
      1          0               0     99.000    646.200      0.634          22.260                 1.37         30
      1          0               0    130.700   1008.900      1.308          25.254                 1.59         40
      1          0               0    121.000   1039.700      1.765          28.844                 1.74         50
      1          0               0     93.500   1178.600      2.621          26.989                 2.24         60
      1          0               0     95.000    436.400      0.179           8.871                 1.14         10
      1          0               0    173.100    659.100      0.696          13.173                 1.53         20
      1          0               0    234.100    585.900      1.458          19.535                 1.54         30
      1          0               0    167.200    844.200      2.086          20.398                 1.97         40
      1          0               0    119.900    693.000      2.559          23.439                 2.14         50
      1          0               0    165.900   1611.700      6.124          24.621                 2.44         60
      1          0               0     48.600    187.900      0.094           8.451                  1.2         10
      1          0               0     68.600    305.300      0.272          16.497                 1.23         20
      1          0               0    117.500    553.100      0.771          20.534                 1.47         30
      1          0               0    100.000    863.900      1.140          23.133                 1.74         40
      1          0               0     91.000   1051.700      1.585          22.909                 2.19         50
      1          0               0    185.300   1917.800      5.628          23.681                 2.54         60
      1          0               0    145.800    355.000      0.283           8.163                 1.24         10
      1          0               0    114.000    414.000      0.453          15.470                  1.3         20
      1          0               0    127.600    900.100      0.911          21.439                 1.42         30
      1          0               0    117.200   1273.500      1.246          24.544                 1.64         40
      1          0               0    193.800   2342.400      3.316          26.063                 1.92         50
      1          0               0    130.200   1835.900      3.518          28.306                 2.13         60
      1          0               0    138.000    335.100      0.257           8.718                 1.15         10
      1          0               0     72.600    397.600      0.275          16.242                 1.24         20
      1          0               0     71.800    733.300      0.471          20.916                 1.46         30
      1          0               0     49.600    565.500      0.531          24.111                 1.67         40
      1          0               0     91.000    858.900      1.393          27.315                 1.84         50
      1          0               0     95.000    981.900      2.248          27.902                 2.16         60
      1          0               0     59.300    198.700      0.114           8.369                  1.2         10
      1          0               0     93.300    400.000      0.382          14.859                 1.35         20
      1          0               0    137.100    584.800      1.038          20.115                 1.51         30
      1          0               0    117.800    828.600      1.471          25.271                  1.6         40
      1          0               0    130.700   1067.700      2.636          25.181                  2.0         50
      1          0               0     85.800    825.800      2.190          26.413                  2.3         60
      1          0               0     41.300    152.800      0.078           9.051                 1.12         10
      1          0               0     88.200    412.500      0.348          15.943                 1.26         20
      1          0               0    121.500    733.000      0.776          21.810                 1.39         30
      1          0               0    125.700   1369.800      1.317          25.022                  1.6         40
      1          0               0     89.100    948.500      1.523          27.173                 1.85         50
      1          0               0    108.100   1697.100      3.661          26.364                 2.29         60
      1          0               0    131.600    582.900      0.246           8.981                 1.12         10
      1          0               0    102.000    780.500      0.396          16.783                  1.2         20
      1          0               0    122.700   1091.000      0.902          18.818                  1.6         30
      1          0               0    103.200   1021.300      1.093          23.666                 1.71         40
      1          0               0    117.100   1660.800      1.923          26.591                 1.89         50
      1          0               0    186.000   2194.900      4.426          29.333                 2.07         60
      1          0               0    114.600    449.200      0.227           7.873                 1.29         10
      1          0               0    113.800    425.700      0.439          15.712                 1.29         20
      1          0               0    120.500    823.800      0.769          21.161                 1.42         30
      1          0               0    153.900    985.400      1.548          26.737                 1.51         40
      1          0               0    113.400   1316.000      1.837          28.170                 1.79         50
      1          0               0    140.800   1497.100      3.340          31.900                 1.89         60
      1          0               0     58.300    190.700      0.116           8.883                 1.13         10
      1          0               0    149.400    665.400      0.579          15.863                 1.27         20
      1          0               0    104.300    776.700      0.703          21.082                 1.44         30
      1          0               0    111.000    829.000      1.244          24.219                 1.66         40
      1          0               0     95.000    919.700      2.032          22.249                 2.27         50
      1          0               0     89.700    913.800      3.786          24.301                 2.48         60
      1          0               0    134.700    428.600      0.248           9.371                 1.07         10
      1          0               0    144.400    449.800      0.584          14.828                 1.36         20
      1          0               0    158.900    970.500      1.419          18.819                 1.61         30
      1          0               0    159.000   1682.500      2.164          22.704                 1.77         40
      1          0               0    187.400   2047.700      4.483          26.363                 1.91         50
      1          0               0    176.500   2511.200      7.026          27.710                 2.18         60
      1          0               0    117.100    350.200      0.242           6.663                 1.53         10
      1          0               0     98.100    491.800      0.426          12.226                 1.66         20
      1          0               0     61.200    595.700      0.581          14.989                 2.02         30
      1          0               0    125.200   1057.300      1.451          19.978                 2.02         40
      1          0               0     93.200   1296.700      2.212          21.659                 2.32         50
      1          0               0    108.900   1764.200      4.129          20.553                 2.95         60
      1          0               0     79.700    222.300      0.150           9.138                  1.1         10
      1          0               0     44.300    201.500      0.177          15.111                 1.34         20
      1          0               0     76.200    438.100      0.554          19.273                 1.57         30
      1          0               0     59.800    509.900      0.748          22.570                 1.79         40
      1          0               0     79.200    634.000      1.606          27.677                 1.81         50
      1          0               0     82.800    888.200      3.389          26.633                 2.26         60
      1          0               0    107.200    291.400      0.197           9.439                 1.06         10
      1          0               0    106.000    649.800      0.412          16.119                 1.24         20
      1          0               0    139.800    995.500      0.960          19.454                 1.55         30
      1          0               0    129.900   1122.200      1.460          22.403                 1.79         40
      1          0               0    159.600   1778.100      2.779          24.651                 2.03         50
      1          0               0    126.600   1668.500      2.994          27.447                 2.19         60
      1          0               0    141.900    514.600      0.280           8.164                 1.24         10
      1          0               0    140.600    626.600      0.605          16.084                 1.25         20
      1          0               0    116.000    603.500      0.749          22.658                 1.34         30
      1          0               0    149.100    972.000      1.448          28.443                 1.41         40
      1          0               0    158.500   1001.600      2.472          28.963                 1.73         50
      1          0               0     89.300    935.300      2.081          30.113                 2.01         60
      1          0               0    106.900    311.300      0.203           8.851                 1.15         10
      1          0               0     89.300    326.800      0.340          17.331                 1.16         20
      1          0               0     62.800    463.300      0.429          19.543                 1.55         30
      1          0               0     93.500    862.800      1.000          24.678                 1.64         40
      1          0               0    136.900   1429.700      2.367          26.772                 1.88         50
      1          0               0    147.500   1688.200      3.542          29.407                 2.06         60
      1          0               0     77.200    302.300      0.147           8.117                 1.25         10
      1          0               0    105.200    726.600      0.442          14.091                 1.43         20
      1          0               0    177.300   1015.500      1.152          20.078                  1.5         30
      1          0               0    109.200   1054.400      1.100          25.522                 1.58         40
      1          0               0    134.700    966.800      1.894          29.914                 1.68         50
      1          0               0    153.800   1346.700      3.018          31.807                 1.89         60
      1          0               0    116.100    367.700      0.233           7.298                  1.4         10
      1          0               0    176.800   1062.600      0.723          14.821                 1.36         20
      1          0               0     96.400    625.900      0.644          21.587                  1.4         30
      1          0               0     88.300    559.300      0.985          23.242                 1.72         40
      1          0               0     85.700    522.700      1.331          26.613                 1.89         50
      1          0               0     79.100    819.800      2.948          25.630                 2.35         60
      1          0               0    115.100    442.600      0.222           8.984                 1.13         10
      1          0               0    118.800    590.700      0.460          16.609                 1.21         20
      1          0               0    193.100   1231.900      1.199          21.806                 1.38         30
      1          0               0     83.900   1147.600      0.922          24.380                 1.65         40
      1          0               0    101.200   1111.500      2.075          26.417                 1.92         50
      1          0               0    129.700   1359.500      3.749          30.025                 2.04         60
      1          0               0     92.200    384.400      0.179           7.888                 1.28         10
      1          0               0     46.900    162.600      0.197          15.209                 1.32         20
      1          0               0     96.600    707.400      0.735          19.253                 1.56         30
      1          0               0    121.100   1136.200      1.777          20.836                 1.93         40
      1          0               0    114.700   1144.900      2.724          22.791                  2.2         50
      1          0               0    122.700   1523.000      4.305          25.425                 2.37         60
      1          0               0    173.500    472.400      0.331           8.646                 1.18         10
      1          0               0    106.900    505.400      0.484          17.418                 1.15         20
      1          0               0    101.700    653.400      0.669          21.407                 1.41         30
      1          0               0    141.500   1198.500      1.496          24.519                 1.64         40
      1          0               0    131.900   1587.400      2.222          26.521                 1.89         50
      1          0               0    166.800   3027.600      3.901          28.107                 2.14         60
      1          0               0     78.700    225.900      0.155           8.413                  1.2         10
      1          0               0     75.500    574.400      0.372          14.332                 1.41         20
      1          0               0    121.300    765.500      0.796          22.106                 1.38         30
      1          0               0    163.800   1557.800      2.359          24.040                 1.69         40
      1          0               0     72.800   1125.100      1.666          25.558                 1.99         50
      1          0               0     85.700   1364.600      3.705          26.211                 2.34         60
      1          0               0     87.600    305.000      0.170           8.311                 1.22         10
      1          0               0    121.800    501.600      0.524          13.899                 1.45         20
      1          0               0    221.200   1405.000      1.537          20.795                 1.45         30
      1          0               0    137.000   1230.800      1.485          23.926                 1.68         40
      1          0               0    102.800   1115.200      1.524          27.652                 1.84         50
      1          0               0    145.900   1158.300      2.806          32.660                 1.87         60
      1          0               0     65.000    237.100      0.122           8.491                 1.18         10
      1          0               0     96.900    686.500      0.446          13.675                 1.47         20
      1          0               0     96.800    693.600      0.771          19.517                 1.54         30
      1          0               0     86.900    721.100      0.965          23.457                 1.71         40
      1          0               0    100.700    685.300      1.641          26.292                 1.91         50
      1          0               0    117.300   1081.100      3.012          27.509                 2.19         60
      1          0               0     49.300    117.300      0.100           8.584                 1.17         10
      1          0               0     73.500    332.400      0.302          15.312                 1.33         20
      1          0               0    112.900    803.500      0.782          21.985                 1.39         30
      1          0               0    173.600   1233.000      2.599          25.021                 1.62         40
      1          0               0    172.300   1742.900      8.345          24.056                 2.09         50
      1          0               0    107.700   1420.600      5.845          27.432                 2.19         60
      1          0               0     44.200    134.900      0.084           9.156                  1.1         10
      1          0               0     96.500    438.800      0.389          16.549                 1.22         20
      1          0               0    126.600    758.000      0.827          22.248                 1.36         30
      1          0               0    104.000    809.600      1.100          26.499                 1.54         40
      1          0               0     74.300    850.500      1.388          25.400                 1.99         50
      1          0               0    136.800   1467.500      6.576          21.819                 2.77         60
      1          0               0     49.700    192.300      0.094           8.579                 1.18         10
      1          0               0    115.400    785.400      0.550          14.370                  1.4         20
      1          0               0    131.500    787.300      0.960          20.395                 1.47         30
      1          0               0     74.400    620.900      0.910          22.532                 1.78         40
      1          0               0    183.600   1371.400      2.827          27.519                 1.82         50
      1          0               0    104.200   1151.900      2.478          27.706                 2.18         60
      1          0               0    122.100    242.100      0.233           8.694                 1.16         10
      1          0               0    127.200    490.100      0.487          16.939                 1.19         20
      1          0               0    139.200    628.600      0.869          21.826                 1.38         30
      1          0               0    131.900   1086.500      1.233          27.087                 1.48         40
      1          0               0    109.200   1275.000      1.905          27.856                  1.8         50
      1          0               0    215.600   2189.800      5.223          30.888                 1.95         60
      1          0               0     76.000    252.600      0.148           8.201                 1.24         10
      1          0               0    141.500    645.100      0.573          16.269                 1.25         20
      1          0               0    134.300   1150.900      1.082          20.206                  1.5         30
      1          0               0    157.500   1680.400      1.927          24.703                 1.64         40
      1          0               0    135.100   1833.900      3.418          25.964                 1.97         50
      1          0               0    174.900   2601.200      7.981          25.919                 2.36         60
      1          0               0     42.500    120.800      0.080           9.233                 1.09         10
      1          0               0    164.000    477.700      0.652          14.671                 1.37         20
      1          0               0     91.000    515.800      0.606          18.662                 1.62         30
      1          0               0     73.900    708.900      0.796          22.645                 1.77         40
      1          0               0    117.200   1208.600      1.720          25.793                 1.95         50
      1          0               0     74.400   1169.300      2.014          26.202                  2.3         60
      1          0               0    102.900    326.600      0.196           8.845                 1.15         10
      1          0               0     75.600    334.400      0.419          14.214                 1.41         20
      1          0               0    143.100    861.900      1.473          17.987                  1.7         30
      1          0               0    105.000    774.200      1.438          20.502                 1.96         40
      1          0               0    137.900   1117.900      2.816          22.058                 2.28         50
      1          0               0    107.600   1138.300      4.204          20.475                 2.97         60
      1          0               0    103.400    273.700      0.191           9.518                 1.06         10
      1          0               0     83.700    356.500      0.329          16.079                 1.26         20
      1          0               0     63.000    525.900      0.450          21.902                  1.4         30
      1          0               0     98.000    685.100      1.060          26.681                 1.52         40
      1          0               0     88.800   1111.700      1.797          28.883                 1.75         50
      1          0               0     80.800   1294.100      2.907          29.094                 2.08         60
      1          0               0     81.800    224.400      0.158           8.032                 1.26         10
      1          0               0    110.700    532.400      0.460          14.145                 1.43         20
      1          0               0    107.400    755.900      0.761          20.408                 1.49         30
      1          0               0     91.800    749.200      0.986          22.121                 1.82         40
      1          0               0    137.100   1244.700      2.124          25.790                 1.96         50
      1          0               0    151.400   2408.700      5.093          24.320                 2.49         60
      1          0               0    104.800    194.100      0.195           9.657                 1.04         10
      1          0               0    174.500    832.300      0.680          16.897                 1.19         20
      1          0               0     70.600    333.100      0.478          20.329                 1.49         30
      1          0               0    181.200    974.000      2.124          21.602                 1.86         40
      1          0               0    163.100   1204.600      3.916          21.799                  2.3         50
      1          0               0    170.700   1578.400      6.544          19.230                 3.13         60
      1          0               0     60.000    172.500      0.113           8.973                 1.12         10
      1          0               0    133.300    555.500      0.536          16.259                 1.24         20
      1          0               0     98.500    585.200      0.759          21.489                 1.41         30
      1          0               0    104.500    712.300      1.359          23.991                 1.69         40
      1          0               0     99.800   1119.400      2.455          26.106                 1.95         50
      1          0               0     82.500   1043.600      2.759          29.686                 2.03         60
      1          0               0     88.100    436.200      0.215           7.379                 1.39         10
      1          0               0    125.000    568.900      0.535          12.976                 1.55         20
      1          0               0     79.900    667.700      0.624          16.855                 1.79         30
      1          0               0     86.200    720.000      1.075          21.036                 1.92         40
      1          0               0     80.800   1033.000      2.342          21.828                 2.33         50
      1          0               0    130.300   1654.800      5.022          24.583                 2.46         60
      1          0               0     83.200    273.300      0.160           8.537                 1.18         10
      1          0               0     58.000    290.000      0.287          12.534                 1.63         20
      1          0               0     98.300    702.200      0.835          16.449                 1.86         30
      1          0               0     78.100    885.200      0.998          21.581                 1.87         40
      1          0               0    103.000   1173.200      2.187          25.821                 1.95         50
      1          0               0     95.200   1119.900      3.598          25.089                 2.41         60
      1          0               0    181.700    406.200      0.369           7.852                 1.28         10
      1          0               0    135.400    542.600      0.549          15.952                 1.26         20
      1          0               0    129.800    609.800      0.844          23.820                 1.26         30
      1          0               0    119.500    704.100      1.133          26.143                 1.53         40
      1          0               0    105.300    756.600      1.434          29.602                  1.7         50
      1          0               0    137.200   1239.600      3.107          27.500                 2.19         60
      1          0               0    107.700    429.300      0.246           8.843                 1.14         10
      1          0               0    195.800    900.700      0.741          17.824                 1.13         20
      1          0               0     97.100    709.800      0.603          22.527                 1.34         30
      1          0               0    139.200   1244.100      1.339          26.313                 1.53         40
      1          0               0    119.500   1245.000      1.862          28.961                 1.74         50
      1          0               0    142.100   1108.900      3.306          29.475                 2.05         60
      1          0               0    158.300    363.500      0.297           9.413                 1.07         10
      1          0               0    188.200    528.400      0.715          17.092                 1.18         20
      1          0               0    158.200    984.900      1.027          21.272                 1.42         30
      1          0               0    138.700   1534.300      1.632          22.145                 1.82         40
      1          0               0    148.400   1262.200      2.360          25.599                 1.96         50
      1          0               0     92.500    986.700      2.335          26.590                 2.27         60
      1          0               0     28.700    120.200      0.055           9.080                 1.11         10
      1          0               0     43.100    191.800      0.174          14.731                 1.36         20
      1          0               0    107.800    644.000      0.752          20.979                 1.44         30
      1          0               0     66.800    495.300      0.809          23.084                 1.74         40
      1          0               0     68.700    719.000      1.493          24.806                 2.03         50
      1          0               0     92.200    937.500      5.222          23.851                 2.52         60
      1          0               0     93.100    298.600      0.178           8.376                 1.21         10
      1          0               0     55.000    424.200      0.220          16.745                 1.21         20
      1          0               0    104.000    716.100      0.651          22.649                 1.33         30
      1          0               0    120.800    808.800      1.096          27.234                 1.48         40
      1          0               0    102.100    837.000      1.544          26.590                  1.9         50
      1          0               0    123.000   1509.500      2.844          27.772                 2.17         60
      1          0               0     99.900    276.300      0.191           9.363                 1.07         10
      1          0               0    184.000    950.600      0.690          18.428                 1.09         20
      1          0               0    196.000   1076.300      1.182          23.930                 1.26         30
      1          0               0    123.800   1095.700      1.149          25.484                 1.57         40
      1          0               0     92.500   1086.400      1.267          28.989                 1.73         50
      1          0               0     75.800   1164.100      1.660          28.388                 2.12         60
      1          0               0    123.800    479.300      0.237           8.672                 1.17         10
      1          0               0    127.100    651.500      0.494          16.349                 1.23         20
      1          0               0    138.100    938.000      0.998          18.529                 1.63         30
      1          0               0    119.900    692.500      1.282          23.121                 1.74         40
      1          0               0    122.600   1130.400      1.915          26.611                  1.9         50
      1          0               0    104.700   1007.300      2.691          27.190                 2.24         60
      1          0               0    136.100    349.100      0.255           9.569                 1.05         10
      1          0               0    132.000    815.500      0.540          14.089                 1.43         20
      1          0               0    126.800   1122.300      0.872          19.287                 1.56         30
      1          0               0    101.200    658.200      1.019          24.048                 1.67         40
      1          0               0    136.300   1278.300      1.928          27.768                 1.81         50
      1          0               0     97.500   1197.700      2.283          29.366                 2.06         60
      1          0               0     72.900    169.800      0.137           9.490                 1.06         10
      1          0               0     81.400    333.800      0.358          15.625                 1.29         20
      1          0               0     48.000    470.600      0.457          19.148                 1.58         30
      1          0               0     74.100    661.100      0.952          23.238                 1.73         40
      1          0               0     80.800    904.700      2.427          24.319                 2.09         50
      1          0               0    137.500   1572.400      8.373          24.756                 2.48         60
      1          0               0    154.900    405.000      0.293           9.103                 1.11         10
      1          0               0    188.700    691.800      0.716          16.655                 1.21         20
      1          0               0    158.900    389.100      1.018          21.980                 1.37         30
      1          0               0    120.000    848.800      1.547          22.290                  1.8         40
      1          0               0    104.400   1183.200      2.206          23.108                 2.18         50
      1          0               0     83.300   1245.500      3.591          23.013                 2.62         60
      1          0               0     86.700    459.100      0.170           7.216                 1.41         10
      1          0               0    106.200    802.100      0.421          14.268                 1.42         20
      1          0               0    105.600    976.600      0.718          17.865                 1.69         30
      1          0               0    157.900   1288.200      1.632          24.156                 1.67         40
      1          0               0     53.600    637.400      1.151          24.034                  2.1         50
      1          0               0     96.200   1455.000      3.446          25.784                 2.34         60
      1          0               0    123.900    530.300      0.243           8.239                 1.23         10
      1          0               0    208.100    886.900      0.807          17.568                 1.15         20
      1          0               0    166.200    991.100      1.005          24.989                 1.21         30
      1          0               0    110.000    662.200      1.189          26.134                 1.54         40
      1          0               0    148.700   1093.400      2.301          28.551                 1.75         50
      1          0               0     44.900    593.900      1.618          28.283                 2.13         60
      1          0               0    128.300    321.300      0.239           8.463                 1.19         10
      1          0               0    157.300    626.400      0.631          15.828                 1.27         20
      1          0               0    187.000   1291.500      1.213          20.637                 1.46         30
      1          0               0    120.400   1210.000      1.458          21.380                 1.88         40
      1          0               0    141.400   1710.800      2.690          25.206                 1.99         50
      1          0               0    136.600   1293.600      5.573          24.193                 2.49         60
      1          0               0    102.100    523.100      0.211           6.810                  1.5         10
      1          0               0     96.100    552.400      0.435          14.170                 1.42         20
      1          0               0    127.200    859.900      0.921          20.356                 1.48         30
      1          0               0     96.700    919.500      1.056          23.038                 1.75         40
      1          0               0    149.400   1398.000      2.280          25.453                 1.97         50
      1          0               0     96.400    875.000      2.861          26.638                 2.29         60
      1          0               0    113.000    395.500      0.215           8.562                 1.18         10
      1          0               0     70.200    341.900      0.287          15.275                 1.32         20
      1          0               0    136.800    738.100      0.962          18.819                  1.6         30
      1          0               0    167.700   1230.800      1.886          22.695                 1.77         40
      1          0               0    102.200    912.700      1.981          23.809                 2.12         50
      1          0               0    112.400   1594.800      3.145          28.113                 2.15         60
      1          0               0     43.200    158.500      0.085           9.051                 1.12         10
      1          0               0    108.300    634.900      0.436          14.752                 1.36         20
      1          0               0    101.900    706.000      0.728          19.134                 1.58         30
      1          0               0     82.400    837.800      0.983          23.598                 1.71         40
      1          0               0    187.200   1971.400      3.257          25.604                 1.96         50
      1          0               0     61.400    886.300      1.690          28.303                 2.14         60
      1          0               0     53.900    239.000      0.101           8.850                 1.14         10
      1          0               0     69.200    255.300      0.288          14.010                 1.44         20
      1          0               0    143.500    612.900      1.048          20.266                 1.49         30
      1          0               0    118.700    793.200      1.520          20.505                 1.96         40
      1          0               0    125.900    721.300      2.181          26.263                 1.92         50
      1          0               0    103.600    906.700      2.638          29.110                 2.07         60
      1          0               0     94.900    355.900      0.188           8.118                 1.25         10
      1          0               0    128.800    289.000      0.533          13.415                 1.49         20
      1          0               0    142.600   1215.400      1.174          15.148                 1.99         30
      1          0               0    102.300    897.700      1.407          21.200                  1.9         40
      1          0               0    109.400   1121.500      2.465          22.988                 2.19         50
      1          0               0     74.400   1080.500      2.725          26.565                 2.27         60
      1          0               0     18.800     75.700      0.035           9.378                 1.08         10
      1          0               0    160.600    712.600      0.620          15.797                 1.27         20
      1          0               0    145.800   1395.100      1.019          21.136                 1.43         30
      1          0               0    172.300   1036.000      1.876          23.500                 1.71         40
      1          0               0    191.900   2361.200      2.970          26.925                 1.87         50
      1          0               0    129.000   1383.200      3.466          27.539                 2.21         60
      1          0               0    146.700    563.500      0.278           8.660                 1.18         10
      1          0               0     69.100    327.700      0.287          14.427                 1.39         20
      1          0               0     74.200    583.700      0.510          20.445                 1.47         30
      1          0               0     93.000   1105.300      1.103          22.606                 1.79         40
      1          0               0    161.800   1783.500      2.581          26.292                 1.92         50
      1          0               0     94.900   1134.900      2.517          25.213                  2.4         60
      1          0               0     67.400    281.500      0.136           8.091                 1.27         10
      1          0               0    156.800    474.900      0.711          13.802                 1.46         20
      1          0               0    119.400    726.100      0.907          19.539                 1.55         30
      1          0               0    140.900   1209.100      1.618          21.828                 1.85         40
      1          0               0    157.900   1515.800      2.894          24.946                 2.02         50
      1          0               0    201.300   1919.600      4.471          27.068                 2.23         60
      1          0               0     92.900    182.700      0.176           8.882                 1.13         10
      1          0               0    189.700   1009.400      0.754          16.041                 1.25         20
      1          0               0    160.200   1437.900      1.112          22.419                 1.34         30
      1          0               0    131.200   1128.600      1.437          25.259                 1.59         40
      1          0               0    137.500   1884.500      2.609          23.385                 2.14         50
      1          0               0     83.100   1338.700      2.252          26.775                 2.25         60
      1          0               0     84.300    295.100      0.184           8.628                 1.17         10
      1          0               0    133.800    580.300      0.615          13.168                 1.52         20
      1          0               0    128.100   1083.900      1.190          16.761                 1.82         30
      1          0               0    110.100    955.600      1.666          20.847                 1.95         40
      1          0               0    146.600   1341.900      3.737          22.956                 2.24         50
      1          0               0    125.400   1221.900      6.634          27.479                  2.2         60
      1          0               0     77.000    250.000      0.152           8.096                 1.24         10
      1          0               0    112.200    450.700      0.573          12.682                  1.6         20
      1          0               0     55.200    528.400      0.583          16.504                 1.84         30
      1          0               0    147.900   1204.500      1.769          21.506                 1.87         40
      1          0               0     71.700    580.400      1.365          24.859                 2.02         50
      1          0               0     36.100    545.600      1.454          24.895                 2.45         60
      1          0               0    150.400    358.700      0.285           8.814                 1.14         10
      1          0               0    118.500    661.200      0.475          15.763                 1.28         20
      1          0               0    170.300    768.300      1.040          23.061                 1.31         30
      1          0               0    117.000    921.800      1.219          24.544                 1.64         40
      1          0               0     99.100   1097.200      1.587          26.928                 1.88         50
      1          0               0     88.000   1074.700      3.648          27.339                 2.21         60
      1          0               0    166.500    493.000      0.318           9.301                 1.09         10
      1          0               0    172.000    712.100      0.649          18.688                 1.08         20
      1          0               0    136.200    716.800      0.841          24.219                 1.26         30
      1          0               0    155.200    865.600      1.473          27.521                 1.46         40
      1          0               0    106.400    741.900      1.889          28.432                 1.76         50
      1          0               0    131.000   1583.800      3.460          30.180                  2.0         60
      1          0               0    140.900    280.500      0.263           9.510                 1.06         10
      1          0               0    222.700    732.300      0.884          15.455                  1.3         20
      1          0               0    133.700    836.800      0.935          20.996                 1.44         30
      1          0               0    210.100   1189.800      2.449          24.997                 1.61         40
      1          0               0     89.900   1054.800      1.628          26.815                 1.87         50
      1          0               0    154.500   1614.400      3.806          28.458                 2.12         60
      1          0               0    137.600    206.700      0.305           8.628                 1.16         10
      1          0               0    156.800    877.300      0.633          14.758                 1.37         20
      1          0               0    197.200   1548.800      1.547          17.474                 1.74         30
      1          0               0    122.500   1291.500      1.584          19.504                 2.06         40
      1          0               0    191.800   2381.300      4.067          22.340                 2.26         50
      1          0               0    145.400   2117.300      6.442          22.064                 2.73         60
      1          0               0     38.800    136.300      0.074           9.124                 1.11         10
      1          0               0    110.900    445.200      0.418          17.960                 1.12         20
      1          0               0     97.700    578.500      0.741          17.764                 1.71         30
      1          0               0     89.600    671.400      1.059          21.741                 1.85         40
      1          0               0     78.600    889.300      1.693          23.308                 2.16         50
      1          0               0    132.000   1158.900      6.785          23.624                 2.55         60
      1          0               0    127.500    463.700      0.243           8.543                 1.18         10
      1          0               0    100.700    504.200      0.406          16.264                 1.25         20
      1          0               0     99.000    671.400      0.721          21.385                 1.41         30
      1          0               0     56.000    567.000      0.607          24.525                 1.64         40
      1          0               0     52.100    511.400      0.856          27.983                  1.8         50
      1          0               0    115.000   1286.100      2.872          28.753                  2.1         60
      1          0               0    181.900    265.000      0.342           8.758                 1.14         10
      1          0               0    148.200    750.900      0.579          16.015                 1.26         20
      1          0               0     79.200    533.000      0.573          21.139                 1.43         30
      1          0               0     75.900    593.900      0.815          24.867                 1.63         40
      1          0               0    133.200    673.000      1.806          29.102                 1.73         50
      1          0               0     96.500    750.600      1.938          28.826                  2.1         60
      1          0               0     77.900    183.300      0.146           9.216                 1.09         10
      1          0               0    159.800    580.900      0.654          14.422                 1.41         20
      1          0               0    128.300    807.200      0.981          17.507                 1.73         30
      1          0               0    113.800    832.000      1.462          21.818                 1.86         40
      1          0               0     86.800   1353.100      2.105          22.908                 2.21         50
      1          0               0    175.300   2208.900      5.603          27.367                 2.21         60
      1          0               0    144.700    301.600      0.277           9.095                 1.12         10
      1          0               0     81.500    471.700      0.345          15.921                 1.28         20
      1          0               0    177.600   1150.300      1.207          21.463                 1.43         30
      1          0               0     78.500    595.700      1.058          23.520                 1.71         40
      1          0               0    119.400   1203.700      2.514          27.020                 1.86         50
      1          0               0     72.900    782.200      2.741          28.867                  2.1         60
      1          0               0     68.000    289.400      0.137           7.828                 1.29         10
      1          0               0    103.100    699.200      0.513          14.252                 1.41         20
      1          0               0    100.100    680.300      0.772          18.381                 1.64         30
      1          0               0     81.500    845.500      1.224          20.584                 1.95         40
      1          0               0     81.100   1157.800      2.246          25.122                  2.0         50
      1          0               0    112.300   1187.600      3.621          28.451                 2.13         60
      1          0               0    133.800    390.100      0.267           8.042                 1.25         10
      1          0               0    214.900   1030.300      0.952          15.083                 1.33         20
      1          0               0    135.200   1232.000      0.932          21.933                 1.37         30
      1          0               0    162.600   1510.500      1.551          26.100                 1.54         40
      1          0               0    120.500   1240.900      1.690          30.573                 1.64         50
      1          0               0    203.500   1866.400      3.894          31.602                  1.9         60
      1          0               0    153.200    424.200      0.286           9.148                  1.1         10
      1          0               0    171.700    604.800      0.772          13.061                 1.54         20
      1          0               0    144.600    920.700      1.431          16.100                 1.89         30
      1          0               0    100.700    916.000      1.698          18.665                 2.16         40
      1          0               0    154.000   1323.500      3.349          22.607                 2.23         50
      1          0               0    104.900   1089.200      4.025          23.553                 2.57         60
      1          0               0     88.300    211.300      0.167           9.125                 1.11         10
      1          0               0    119.200    484.400      0.447          18.089                 1.12         20
      1          0               0    168.800    720.200      1.043          24.242                 1.25         30
      1          0               0     59.700    567.700      0.602          28.640                 1.41         40
      1          0               0    146.000   1592.500      3.090          26.627                 1.88         50
      1          0               0     72.300    797.800      2.156          26.432                 2.28         60
      1          0               0    193.600    522.800      0.365           9.101                 1.13         10
      1          0               0    173.800    799.500      0.693          16.032                 1.26         20
      1          0               0    174.600   1214.800      1.190          21.251                 1.43         30
      1          0               0    205.600   2304.100      2.185          23.841                  1.7         40
      1          0               0    118.500   1650.400      1.996          25.788                 1.96         50
      1          0               0    214.700   3714.900      5.420          28.185                 2.15         60
      1          0               0    141.100    355.400      0.269           9.123                 1.11         10
      1          0               0    106.900    515.400      0.436          15.306                 1.32         20
      1          0               0     90.300    652.100      0.557          21.790                 1.38         30
      1          0               0    119.800   1261.800      1.557          20.734                 1.94         40
      1          0               0    200.200   1817.600      3.483          25.894                 1.94         50
      1          0               0    133.400   2277.100      3.863          29.124                 2.08         60
      1          0               0     94.400    310.000      0.189           7.294                 1.39         10
      1          0               0    166.800    860.100      0.669          14.185                 1.42         20
      1          0               0    122.500   1054.000      0.830          19.548                 1.55         30
      1          0               0    177.900   1658.500      1.750          25.993                 1.55         40
      1          0               0    151.000   1199.000      2.048          29.646                  1.7         50
      1          0               0    113.900   1245.500      2.692          29.038                 2.09         60
      1          0               0     89.100    252.900      0.166           9.378                 1.07         10
      1          0               0    181.600    511.400      0.672          17.334                 1.16         20
      1          0               0    169.700    746.800      1.024          23.877                 1.26         30
      1          0               0    160.400   1414.100      1.862          24.844                 1.61         40
      1          0               0    146.100   1159.200      2.461          27.962                 1.79         50
      1          0               0    158.400   1550.300      3.859          28.885                 2.09         60
      1          0               0    201.600    404.400      0.417           9.526                 1.06         10
      1          0               0    140.600    592.900      0.549          17.075                 1.18         20
      1          0               0    200.200   1061.800      1.274          22.623                 1.33         30
      1          0               0    113.900    553.200      1.334          25.566                 1.57         40
      1          0               0    106.800    642.500      2.151          27.289                 1.85         50
      1          0               0    125.400   1187.600      6.882          25.659                 2.37         60
      1          0               0     59.800    184.900      0.111           8.813                 1.14         10
      1          0               0     86.400    484.200      0.362          14.576                 1.38         20
      1          0               0     84.900    534.900      0.652          16.634                 1.82         30
      1          0               0     75.800    562.300      0.979          18.269                  2.2         40
      1          0               0     87.900    651.900      1.637          20.518                 2.44         50
      1          0               0     79.200   1013.400      2.090          21.408                 2.83         60
      1          0               0     90.000    324.600      0.174           8.294                 1.21         10
      1          0               0    129.600    580.500      0.557          13.563                 1.49         20
      1          0               0    138.300   1002.000      1.010          19.145                 1.58         30
      1          0               0    118.300   1108.900      1.370          24.149                 1.66         40
      1          0               0    134.300    899.700      2.735          28.257                 1.77         50
      1          0               0     72.100    837.500      2.062          30.551                 1.98         60
      1          0               0     76.300    424.500      0.164           5.670                 1.85         10
      1          0               0    128.000    845.800      0.591          13.009                 1.58         20
      1          0               0    117.000    883.200      0.920          19.470                 1.57         30
      1          0               0     89.600    998.600      1.218          22.955                 1.75         40
      1          0               0    115.800   1805.300      2.845          24.630                 2.04         50
      1          0               0    114.000   1898.800      4.502          23.779                 2.53         60
      1          0               0     76.000    293.900      0.142           9.342                 1.08         10
      1          0               0     57.400    344.800      0.247          14.549                 1.39         20
      1          0               0     80.900    647.400      0.664          20.163                  1.5         30
      1          0               0    129.000   1035.700      1.313          27.660                 1.46         40
      1          0               0    102.800   1281.000      1.718          28.986                 1.74         50
      1          0               0     88.700   1222.700      1.948          29.826                 2.03         60
      1          0               0    155.500    327.100      0.294           9.375                 1.08         10
      1          0               0     73.000    271.100      0.336          15.347                 1.31         20
      1          0               0    129.600    952.100      0.907          21.113                 1.43         30
      1          0               0    146.300   1162.700      1.481          26.055                 1.54         40
      1          0               0    124.100   1420.900      2.570          25.599                 1.96         50
      1          0               0    107.200   1164.900      4.454          25.676                 2.35         60
      1          0               0    151.800    324.500      0.290           8.630                 1.16         10
      1          0               0    172.100    636.900      0.665          16.465                 1.22         20
      1          0               0    132.100    779.200      0.884          20.261                  1.5         30
      1          0               0    114.800    869.000      1.157          26.567                 1.53         40
      1          0               0     92.100   1004.800      1.399          29.655                  1.7         50
      1          0               0     84.300   1091.900      2.203          28.754                 2.11         60
      1          0               0     57.600    124.300      0.110           9.556                 1.05         10
      1          0               0     95.000    431.600      0.374          17.579                 1.14         20
      1          0               0     81.400    669.300      0.602          22.091                 1.37         30
      1          0               0    108.500   1054.200      1.234          25.276                 1.59         40
      1          0               0     62.800    614.700      1.085          27.161                 1.86         50
      1          0               0     50.400    584.900      1.924          25.149                 2.41         60
      1          0               0     58.300    218.300      0.116           7.859                 1.29         10
      1          0               0     27.200    155.500      0.106          17.184                 1.17         20
      1          0               0    143.900    549.800      0.960          20.632                 1.46         30
      1          0               0     48.500    563.900      0.641          22.425                 1.79         40
      1          0               0    119.700    990.700      2.789          25.561                 1.97         50
      1          0               0     59.200    776.000      1.898          24.478                 2.47         60
      1          0               0    151.200    431.900      0.282           9.528                 1.06         10
      1          0               0     88.200    490.100      0.381          13.675                 1.47         20
      1          0               0    141.100    961.000      1.180          17.553                 1.72         30
      1          0               0    147.400   1018.500      2.084          20.790                 1.94         40
      1          0               0     96.600   1056.900      4.795          19.619                 2.57         50
      1          0               0    141.300   1211.100      8.273          23.266                 2.59         60
      1          0               0    149.700    519.300      0.289           8.359                 1.21         10
      1          0               0    156.200    546.800      0.632          14.493                 1.38         20
      1          0               0    105.700    636.100      0.753          20.325                 1.48         30
      1          0               0    166.100   1423.800      2.055          24.675                 1.64         40
      1          0               0    182.400   1909.400      3.522          24.026                 2.09         50
      1          0               0    106.200   1340.400      4.155          21.893                 2.76         60
      1          0               0     85.100    162.200      0.166           9.028                 1.11         10
      1          0               0    212.200    533.700      0.809          16.777                  1.2         20
      1          0               0    164.200    957.700      1.630          18.472                 1.63         30
      1          0               0    150.500    853.700      2.328          21.481                 1.87         40
      1          0               0     74.200   1076.400      1.880          21.016                  2.4         50
      1          0               0     84.800   1317.400      2.948          22.890                 2.64         60
      1          0               0     72.600    269.000      0.138           9.061                 1.11         10
      1          0               0     70.200    446.500      0.377          11.296                  1.8         20
      1          0               0    126.800    859.200      1.494          14.602                 2.07         30
      1          0               0     84.300   1115.200      2.000          19.840                 2.03         40
      1          0               0     76.400   1384.300      3.444          21.734                 2.32         50
      1          0               0     80.300   1302.600      4.026          24.042                 2.51         60
      1          0               0     68.800    282.500      0.132           8.628                 1.17         10
      1          0               0     78.600    505.800      0.351          14.327                 1.42         20
      1          0               0     97.300    873.700      0.706          20.667                 1.47         30
      1          0               0    174.900   1422.200      1.796          26.182                 1.54         40
      1          0               0    125.700   1310.100      2.126          29.541                 1.71         50
      1          0               0    147.700   1619.200      4.741          26.639                 2.26         60
      1          0               0     80.700    153.900      0.151           9.478                 1.06         10
      1          0               0    147.700    435.300      0.562          16.885                 1.19         20
      1          0               0     90.900    424.900      0.568          23.078                 1.31         30
      1          0               0    112.100    786.200      1.114          24.889                 1.62         40
      1          0               0     67.400    832.000      1.203          25.822                 1.95         50
      1          0               0    118.300   1657.600      2.762          27.496                  2.2         60
      1          0               0     71.900    181.600      0.131           8.987                 1.13         10
      1          0               0    124.800    487.300      0.470          16.871                 1.19         20
      1          0               0    166.500    676.700      1.057          20.804                 1.45         30
      1          0               0    172.100    980.900      1.583          25.373                 1.59         40
      1          0               0    167.600   1401.100      2.732          23.345                 2.16         50
      1          0               0     79.800   1448.200      2.653          23.392                 2.59         60
      1          0               0     83.000    236.700      0.152           9.000                 1.12         10
      1          0               0    132.400    923.900      0.521          16.042                 1.27         20
      1          0               0    163.200   1641.200      1.111          21.275                 1.43         30
      1          0               0     91.900   1009.900      1.115          24.498                 1.66         40
      1          0               0    149.600   1584.200      2.998          23.715                 2.12         50
      1          0               0    127.700   1901.300      4.487          24.792                 2.43         60
      1          0               0    102.100    344.500      0.188           8.661                 1.16         10
      1          0               0    140.400    795.000      0.539          15.333                 1.31         20
      1          0               0     75.600    694.000      0.500          21.876                 1.39         30
      1          0               0     70.300    843.200      0.846          22.546                 1.79         40
      1          0               0    139.800   1550.900      2.307          26.359                 1.91         50
      1          0               0     88.700   1049.700      2.423          28.116                 2.17         60
      1          0               0    116.000    491.400      0.214           8.829                 1.16         10
      1          0               0    167.400    759.600      0.703          14.625                 1.37         20
      1          0               0    149.900   1022.500      1.412          19.238                 1.57         30
      1          0               0    171.000   1253.000      3.314          19.574                 2.05         40
      1          0               0    113.900   1466.600      3.275          21.614                 2.32         50
      1          0               0     90.100   1497.300      5.413          25.261                 2.39         60
      1          0               0    168.800    427.300      0.340           9.517                 1.06         10
      1          0               0     93.800    634.300      0.427          15.072                 1.34         20
      1          0               0    119.300   1015.500      1.119          19.336                 1.57         30
      1          0               0     97.700   1225.900      1.653          18.843                 2.14         40
      1          0               0    104.700   1743.300      3.266          19.101                 2.63         50
      1          0               0    107.700   1345.900      5.885          21.321                 2.83         60
      1          0               0     67.500    259.900      0.125           8.945                 1.15         10
      1          0               0    102.000    527.700      0.385          17.172                 1.18         20
      1          0               0    129.900    704.100      0.933          22.116                 1.37         30
      1          0               0    137.300   1129.500      1.491          24.735                 1.63         40
      1          0               0    149.000   1516.800      2.216          28.462                 1.77         50
      1          0               0    137.500   1434.700      3.352          27.585                 2.18         60
      1          0               0    116.900    330.200      0.213           9.353                 1.08         10
      1          0               0    148.700    903.000      0.571          16.621                 1.22         20
      1          0               0    156.500   1079.800      1.027          21.335                 1.42         30
      1          0               0    126.700   1190.000      1.317          25.349                 1.59         40
      1          0               0    130.500   1511.900      2.980          25.013                 2.01         50
      1          0               0    125.700   1666.300      4.383          27.690                 2.18         60
      1          0               0    168.100    626.200      0.307           9.043                 1.13         10
      1          0               0    180.500    548.000      0.711          16.081                 1.25         20
      1          0               0    105.900    638.400      0.770          19.660                 1.53         30
      1          0               0    195.700   1699.400      2.076          25.211                  1.6         40
      1          0               0    173.800   1974.000      3.457          26.758                 1.88         50
      1          0               0    117.500   1394.200      3.151          31.779                  1.9         60
      1          0               0     96.900    259.200      0.186           7.996                 1.27         10
      1          0               0    132.900    619.500      0.505          16.125                 1.25         20
      1          0               0     80.100    476.300      0.523          21.782                 1.38         30
      1          0               0     97.600    776.600      1.023          25.961                 1.55         40
      1          0               0    169.700   2189.800      2.692          26.944                 1.86         50
      1          0               0    127.900   1499.000      3.667          26.551                 2.28         60
      1          0               0     51.900    186.700      0.099           9.064                 1.12         10
      1          0               0     59.700    302.300      0.252          15.137                 1.35         20
      1          0               0     72.200    332.400      0.484          21.601                 1.42         30
      1          0               0     89.600    652.800      1.204          20.610                 1.96         40
      1          0               0    101.000    785.300      2.181          23.561                 2.16         50
      1          0               0    100.400    925.900      4.194          24.125                 2.53         60
      1          0               0    167.900    430.200      0.309           9.444                 1.06         10
      1          0               0    153.300   1184.700      0.615          14.902                 1.35         20
      1          0               0    179.800   1611.400      1.215          21.197                 1.43         30
      1          0               0    141.200   1576.700      1.505          25.059                 1.62         40
      1          0               0    142.100   1615.700      2.259          28.286                 1.78         50
      1          0               0    168.200   2074.900      3.822          27.655                 2.18         60
      1          0               0    183.200    550.700      0.344           8.891                 1.15         10
      1          0               0    145.400    665.500      0.663          14.899                 1.35         20
      1          0               0    154.100   1223.100      1.551          16.866                  1.8         30
      1          0               0    160.100   1656.200      2.337          20.787                 1.94         40
      1          0               0    138.300   1812.900      3.531          23.982                 2.11         50
      1          0               0    139.900   2093.400      7.528          23.243                  2.6         60
      1          0               0     64.600    258.900      0.120           8.404                  1.2         10
      1          0               0     83.200    595.600      0.334          14.135                 1.42         20
      1          0               0     84.100    582.900      0.585          20.057                 1.51         30
      1          0               0    158.900    893.000      1.694          22.502                 1.79         40
      1          0               0    136.600   1052.000      2.112          23.339                 2.16         50
      1          0               0     97.100   1242.600      2.894          21.887                 2.76         60
      1          0               0    198.100    476.600      0.365           9.378                 1.08         10
      1          0               0    186.600    850.000      0.775          16.698                 1.21         20
      1          0               0    134.300    582.600      0.854          25.270                  1.2         30
      1          0               0    159.800   1526.100      1.578          27.660                 1.46         40
      1          0               0    154.900   1388.400      2.075          33.304                 1.51         50
      1          0               0     81.000    933.600      1.954          33.305                 1.82         60
      1          0               0     93.300    391.500      0.173           8.554                 1.18         10
      1          0               0     77.200    368.700      0.290          17.075                 1.18         20
      1          0               0    109.100    588.000      1.081          23.006                 1.32         30
      1          0               0     94.700    807.300      0.900          27.902                 1.45         40
      1          0               0     99.600    802.400      1.359          30.907                 1.64         50
      1          0               0     98.800   1059.000      2.470          28.779                  2.1         60
      1          0               0     93.600    168.900      0.188           8.673                 1.16         10
      1          0               0    148.600    513.000      0.578          16.639                 1.21         20
      1          0               0    136.500   1085.100      0.927          21.538                  1.4         30
      1          0               0    127.500    836.700      1.378          25.481                 1.58         40
      1          0               0    148.600   1081.800      2.455          25.692                 1.96         50
      1          0               0    128.000   1052.400      3.853          25.893                 2.33         60
      1          0               0     94.400    400.000      0.189           8.726                 1.15         10
      1          0               0     67.800    536.000      0.311          13.313                 1.53         20
      1          0               0     61.700    411.800      0.436          20.580                 1.46         30
      1          0               0    128.200   1026.300      1.608          25.122                  1.6         40
      1          0               0    152.500   1912.200      2.948          25.647                 1.95         50
      1          0               0    161.800   1609.500      4.406          29.983                 2.02         60
      1          0               0     80.800    429.500      0.191           7.075                 1.47         10
      1          0               0     87.800    394.100      0.436          15.260                 1.32         20
      1          0               0     91.900    701.100      0.728          19.360                 1.56         30
      1          0               0     99.200    897.900      1.439          22.043                 1.82         40
      1          0               0     76.700    803.900      3.358          23.565                 2.13         50
      1          0               0     84.200   1186.100      4.984          24.205                  2.5         60
      1          0               0    105.300    441.500      0.228           8.447                 1.19         10
      1          0               0     94.000    708.200      0.393          14.367                  1.4         20
      1          0               0    160.500   1255.700      1.573          18.326                 1.64         30
      1          0               0    138.000   1446.800      1.600          24.427                 1.65         40
      1          0               0    138.700   1618.800      3.143          26.511                 1.89         50
      1          0               0    108.600    951.400      3.910          26.576                 2.27         60
      1          0               0    152.200    376.500      0.282           9.212                  1.1         10
      1          0               0    204.200    511.800      0.789          17.639                 1.15         20
      1          0               0    103.700    562.600      0.763          21.163                 1.43         30
      1          0               0    157.900    920.900      1.640          24.463                 1.64         40
      1          0               0    197.300   1008.500      3.124          29.635                 1.69         50
      1          0               0    173.000   1691.600      4.638          33.413                  1.8         60
      1          0               0    116.100    439.400      0.229           8.196                 1.24         10
      1          0               0    133.000    805.000      0.545          14.355                  1.4         20
      1          0               0    180.400   1407.200      1.307          20.055                 1.51         30
      1          0               0    123.600   1097.700      1.341          26.610                 1.52         40
      1          0               0    143.800   1159.600      3.084          26.510                  1.9         50
      1          0               0    143.300   1667.200      3.917          28.994                 2.11         60
      1          0               0    158.200    323.200      0.305           8.728                 1.15         10
      1          0               0    205.400    609.500      0.815          17.617                 1.15         20
      1          0               0     35.200    293.400      0.272          19.276                 1.57         30
      1          0               0    114.100   1054.500      1.350          22.371                  1.8         40
      1          0               0    167.800   1442.800      3.457          25.856                 1.96         50
      1          0               0     98.000   1137.100      3.322          26.917                 2.24         60
      1          0               0    129.200    374.600      0.241           9.536                 1.05         10
      1          0               0    151.700    525.200      0.566          16.979                 1.19         20
      1          0               0     95.000    518.100      0.633          21.103                 1.43         30
      1          0               0     54.000    515.400      0.589          24.093                 1.67         40
      1          0               0     87.000    943.900      1.482          27.628                 1.82         50
      1          0               0    109.000   1468.100      2.729          28.750                  2.1         60
      1          0               0    126.200    571.100      0.241           9.076                 1.11         10
      1          0               0     73.600    576.100      0.341          14.129                 1.42         20
      1          0               0     95.600    824.100      0.744          18.236                 1.65         30
      1          0               0    101.400   1369.700      1.416          18.891                 2.13         40
      1          0               0     84.900   1315.600      1.851          21.106                 2.39         50
      1          0               0     99.100   1008.000      2.725          24.204                 2.49         60
      1          0               0    121.700    401.400      0.237           8.006                 1.29         10
      1          0               0    154.300    796.200      0.623          15.026                 1.34         20
      1          0               0    144.300    963.700      1.006          20.805                 1.45         30
      1          0               0     71.900    469.500      0.770          26.031                 1.55         40
      1          0               0     84.100    851.200      1.969          26.282                 1.92         50
      1          0               0     78.300    992.800      3.308          27.349                  2.2         60
      1          0               0     87.500    249.600      0.169           8.555                 1.18         10
      1          0               0     99.200    560.100      0.540          12.863                 1.58         20
      1          0               0     92.700    826.500      0.980          16.791                 1.84         30
      1          0               0     62.800    866.900      1.889          18.277                 2.21         40
      1          0               0    131.100   1580.900      6.912          20.765                 2.46         50
      1          0               0    177.200   2065.700     15.505          21.606                  2.8         60
      1          0               0     90.200    366.500      0.174           9.048                 1.12         10
      1          0               0    142.900    826.400      0.605          14.499                 1.39         20
      1          0               0     97.200    644.200      0.673          21.964                 1.37         30
      1          0               0     99.700    537.000      1.238          21.518                 1.87         40
      1          0               0     74.000    660.500      1.431          22.507                 2.23         50
      1          0               0     38.800    681.700      1.501          21.977                 2.75         60
      1          0               0    150.200    337.800      0.300           9.664                 1.04         10
      1          0               0    196.100   1118.200      0.755          16.619                 1.21         20
      1          0               0    189.800   1394.100      1.253          21.444                 1.41         30
      1          0               0    157.000   1160.800      1.510          25.405                 1.58         40
      1          0               0    162.900   1903.500      2.726          27.049                 1.86         50
      1          0               0    171.600   1781.700      4.079          31.529                 1.92         60
      1          0               0    156.200    413.300      0.292           9.110                 1.11         10
      1          0               0    152.200    655.400      0.575          16.556                 1.22         20
      1          0               0    100.400    766.900      0.882          18.269                 1.65         30
      1          0               0     89.400    931.200      1.306          20.026                  2.0         40
      1          0               0     69.800   1183.100      2.041          21.414                 2.35         50
      1          0               0     74.200   1255.000      5.101          23.433                 2.57         60
      1          0               0     82.900    312.200      0.166           8.006                 1.26         10
      1          0               0     50.800    270.800      0.217          16.496                 1.22         20
      1          0               0     66.000    552.100      0.522          18.488                 1.63         30
      1          0               0    122.500    902.200      1.688          17.721                 2.27         40
      1          0               0    124.300   1150.700      3.278          21.513                 2.34         50
      1          0               0    100.200   1144.500      3.843          23.012                 2.62         60
      1          0               0    149.100    437.800      0.279           8.476                 1.19         10
      1          0               0    137.200   1065.900      0.521          16.001                 1.26         20
      1          0               0    169.700   1416.800      1.178          19.117                 1.59         30
      1          0               0     96.200    619.100      1.074          23.348                 1.75         40
      1          0               0     90.400    732.600      1.476          24.493                 2.07         50
      1          0               0    134.700   1100.800      3.500          26.106                 2.31         60
      1          0               0     83.700    324.800      0.156           8.952                 1.13         10
      1          0               0     56.100    250.300      0.218          15.672                 1.28         20
      1          0               0     68.900    511.600      0.479          19.927                 1.52         30
      1          0               0     84.600    740.100      1.026          23.599                 1.73         40
      1          0               0    130.500   1190.600      2.166          27.267                 1.86         50
      1          0               0     92.500    898.200      2.501          29.121                 2.08         60
      1          0               0    126.100    312.600      0.232           9.534                 1.06         10
      1          0               0    160.900    738.700      0.641          16.323                 1.24         20
      1          0               0     94.700    878.600      0.649          22.392                 1.38         30
      1          0               0     96.300   1002.500      1.102          25.174                 1.63         40
      1          0               0     75.200   1136.400      1.863          27.108                  1.9         50
      1          0               0     90.100   1587.000      4.034          25.978                 2.35         60
      1          0               0    119.200    454.200      0.233           7.446                 1.36         10
      1          0               0     81.200    454.700      0.336          14.946                 1.34         20
      1          0               0    148.900   1294.400      1.128          18.246                 1.67         30
      1          0               0    150.100   1702.300      2.526          19.234                  2.1         40
      1          0               0    143.300   2388.500      3.268          23.234                 2.17         50
      1          0               0    146.800   2336.800      8.210          23.274                 2.59         60
      1          0               0     76.400    189.900      0.144           9.237                  1.1         10
      1          0               0    114.400    359.600      0.453          15.539                 1.29         20
      1          0               0    120.200    660.500      0.909          18.780                  1.6         30
      1          0               0    104.800    823.200      1.184          22.287                  1.8         40
      1          0               0    118.800   1449.600      2.640          25.036                 2.01         50
      1          0               0     98.900   1425.600      3.778          25.655                 2.35         60
      1          0               0     93.800    304.700      0.177           8.878                 1.15         10
      1          0               0    157.000    504.100      0.616          15.644                 1.29         20
      1          0               0    199.200   1133.100      1.478          19.560                 1.54         30
      1          0               0    195.400   1390.100      2.349          25.207                 1.59         40
      1          0               0    108.800    738.600      2.124          25.827                 1.94         50
      1          0               0     99.000   1006.000      2.705          30.068                  2.0         60
      1          0               0    138.400    374.900      0.255           9.423                 1.07         10
      1          0               0    110.800    362.600      0.441          14.449                 1.39         20
      1          0               0    173.100   1010.700      1.085          21.214                 1.42         30
      1          0               0    172.400   1383.000      1.898          24.544                 1.64         40
      1          0               0    146.200   1120.200      2.426          26.682                 1.88         50
      1          0               0    143.100   1589.000      3.558          30.495                 1.97         60
      1          0               0     79.100    210.400      0.149           8.230                 1.23         10
      1          0               0    137.200    534.600      0.583          14.881                 1.36         20
      1          0               0    124.700   1075.600      1.033          16.505                 1.83         30
      1          0               0    151.300   1106.700      2.169          22.253                  1.8         40
      1          0               0    185.900   1814.200      3.650          26.721                 1.88         50
      1          0               0    146.400   2284.800      5.035          25.524                 2.36         60
      1          0               0    125.000    382.300      0.232           9.224                 1.09         10
      1          0               0    157.000   1006.100      0.602          16.257                 1.24         20
      1          0               0    174.300   1599.100      1.186          21.114                 1.43         30
      1          0               0    197.000   1599.100      2.584          24.118                 1.67         40
      1          0               0    158.300   2156.500      2.997          25.260                 1.99         50
      1          0               0    129.000   1369.600      4.465          26.705                 2.25         60
      1          0               0    154.900    634.100      0.295           8.223                 1.23         10
      1          0               0    175.200    704.300      0.730          15.714                 1.28         20
      1          0               0    152.200   1125.600      1.154          19.609                 1.54         30
      1          0               0    138.300   1138.400      1.812          22.345                  1.8         40
      1          0               0    145.300    989.600      3.306          25.841                 1.94         50
      1          0               0     90.900   1104.300      3.532          26.532                 2.28         60
      1          0               0     93.100    321.400      0.174           9.185                  1.1         10
      1          0               0    159.500   1052.500      0.685          14.389                 1.41         20
      1          0               0    208.000   1581.900      1.343          19.904                 1.51         30
      1          0               0    174.500   1833.800      1.889          22.988                 1.75         40
      1          0               0    198.600   1680.200      3.122          25.329                 1.98         50
      1          0               0    105.900    910.900      2.415          30.025                 2.01         60
      1          0               0     94.900    195.400      0.179           8.869                 1.13         10
      1          0               0     93.400    447.500      0.402          12.963                 1.55         20
      1          0               0     94.300    663.600      0.682          18.456                 1.64         30
      1          0               0    198.000   1150.100      2.106          24.051                 1.67         40
      1          0               0     77.500    864.800      1.502          24.512                 2.06         50
      1          0               0     89.600   1220.300      2.653          24.408                 2.49         60
      1          0               0    148.800    280.400      0.299           9.436                 1.07         10
      1          0               0    155.600    413.400      0.642          15.656                 1.28         20
      1          0               0    190.400   1229.800      1.404          20.921                 1.44         30
      1          0               0    126.700   1258.600      1.733          23.509                 1.73         40
      1          0               0    126.000   1552.900      2.876          25.306                  2.0         50
      1          0               0    112.800   1622.100      5.928          26.622                 2.27         60
      1          0               0     57.800    195.600      0.109           8.779                 1.15         10
      1          0               0    135.800    802.400      0.566          14.627                 1.38         20
      1          0               0    140.300   1196.700      1.135          17.307                 1.75         30
      1          0               0    125.500   1482.600      1.649          19.938                 2.02         40
      1          0               0    110.700   1412.500      2.050          23.997                  2.1         50
      1          0               0    103.500   1314.400      3.012          26.985                 2.25         60
      1          0               0    169.700    299.800      0.308           9.609                 1.05         10
      1          0               0     90.000    461.400      0.361          15.866                 1.27         20
      1          0               0    131.000    592.400      0.838          21.340                 1.41         30
      1          0               0     63.400    702.800      0.694          23.241                 1.73         40
      1          0               0     68.500    825.800      1.262          22.812                 2.22         50
      1          0               0     98.000   1047.100      3.053          23.667                 2.58         60
      1          0               0    112.500    334.400      0.212           9.050                 1.12         10
      1          0               0     76.200    337.900      0.326          13.753                 1.47         20
      1          0               0    151.100    986.200      1.207          17.921                 1.69         30
      1          0               0     74.000    897.900      0.977          18.758                 2.16         40
      1          0               0    119.800   1484.900      2.694          21.167                 2.38         50
      1          0               0     77.000   1584.600      6.083          20.168                 3.02         60
      1          0               0     88.700    369.400      0.167           8.817                 1.14         10
      1          0               0    111.700    515.100      0.431          15.875                 1.27         20
      1          0               0     92.400    492.100      0.620          20.134                  1.5         30
      1          0               0    128.400    843.900      1.515          22.938                 1.75         40
      1          0               0     54.100    561.200      1.028          26.159                 1.93         50
      1          0               0    108.400   1054.300      2.628          28.761                  2.1         60
      1          0               0    149.300    256.600      0.278           9.587                 1.05         10
      1          0               0     74.700    249.200      0.285          17.056                 1.18         20
      1          0               0    170.100    605.600      1.072          23.306                  1.3         30
      1          0               0    128.700    719.700      1.186          27.250                 1.49         40
      1          0               0    189.000   1019.500      2.698          30.337                 1.67         50
      1          0               0    154.600   1037.000      2.945          32.357                 1.87         60
      1          0               0    134.400    286.700      0.243           9.550                 1.05         10
      1          0               0    163.300    423.700      0.620          14.306                  1.4         20
      1          0               0    144.300    911.500      0.938          20.613                 1.46         30
      1          0               0     90.600    483.900      1.065          21.845                 1.84         40
      1          0               0    144.200   1095.800      2.465          25.426                 1.97         50
      1          0               0     83.100    934.400      2.138          25.600                 2.36         60
      1          0               0    154.200    415.900      0.292           8.879                 1.13         10
      1          0               0     88.400    567.600      0.415          14.012                 1.44         20
      1          0               0    149.100    989.300      1.260          20.387                 1.48         30
      1          0               0    126.400   1039.200      1.542          22.652                 1.77         40
      1          0               0    165.400   1833.900      4.006          22.937                 2.19         50
      1          0               0    139.900   1912.900      5.316          24.224                 2.49         60
      1          0               0    114.300    281.200      0.213           9.577                 1.05         10
      1          0               0    145.400    543.800      0.583          17.008                 1.18         20
      1          0               0    187.000   1269.400      1.259          21.658                  1.4         30
      1          0               0    182.700   1555.400      2.015          22.916                 1.75         40
      1          0               0    176.100   1762.400      3.467          23.378                 2.15         50
      1          0               0    115.100   1497.100      3.208          25.465                 2.37         60
      1          0               0    149.800    504.300      0.278           8.331                 1.23         10
      1          0               0    152.300    914.200      0.627          15.773                 1.27         20
      1          0               0    164.500   1071.700      1.212          19.878                 1.51         30
      1          0               0     94.400    563.500      1.109          24.334                 1.65         40
      1          0               0    141.500   1034.000      2.513          24.917                 2.01         50
      1          0               0    103.800   1402.500      3.069          27.248                 2.23         60
      1          0               0     86.900    261.500      0.163           8.573                 1.17         10
      1          0               0     82.100    291.600      0.318          15.957                 1.26         20
      1          0               0    150.200    664.800      1.240          16.491                 1.84         30
      1          0               0    130.100    758.900      1.708          19.174                 2.11         40
      1          0               0    138.900    952.500      2.948          22.316                 2.28         50
      1          0               0     83.000    877.200      2.704          22.339                 2.73         60
      1          0               0    130.900    245.200      0.251           8.773                 1.15         10
      1          0               0    110.500    288.100      0.426          15.136                 1.33         20
      1          0               0    124.800    766.500      0.771          20.659                 1.46         30
      1          0               0    183.000    980.000      1.929          24.072                 1.67         40
      1          0               0    178.900   1104.100      3.313          24.393                 2.06         50
      1          0               0     86.100    664.000      2.501          25.254                  2.4         60
      1          0               0     71.100    208.600      0.141           7.772                  1.3         10
      1          0               0     65.400    328.000      0.269          15.644                 1.29         20
      1          0               0    146.200   1140.900      1.157          19.914                 1.52         30
      1          0               0    111.800   1461.000      1.779          21.700                 1.86         40
      1          0               0     85.300   1304.100      4.012          21.491                 2.34         50
      1          0               0     67.000   1353.900      4.794          23.939                 2.52         60
      1          0               0    150.700    591.000      0.282           9.075                 1.11         10
      1          0               0     58.900    325.300      0.236          15.610                  1.3         20
      1          0               0    136.100    938.000      0.952          20.441                 1.48         30
      1          0               0    176.700   1518.000      1.856          24.973                 1.61         40
      1          0               0    164.700   1526.700      2.473          28.357                 1.78         50
      1          0               0     98.400   1569.700      4.340          25.552                 2.36         60
      1          0               0     84.600    311.000      0.159           9.012                 1.12         10
      1          0               0     68.000    409.000      0.265          16.018                 1.26         20
      1          0               0     97.700    710.200      0.758          19.378                 1.55         30
      1          0               0     86.400    852.400      1.056          21.233                  1.9         40
      1          0               0    114.500    867.900      1.756          26.582                 1.89         50
      1          0               0    111.300   1071.100      2.730          27.351                  2.2         60
      1          0               0    147.200    381.200      0.276           9.270                 1.09         10
      1          0               0    168.800    713.000      0.647          17.322                 1.16         20
      1          0               0    152.600   1102.500      1.009          21.512                  1.4         30
      1          0               0    149.000    920.700      1.696          21.784                 1.85         40
      1          0               0    136.700   1215.600      2.353          26.617                 1.89         50
      1          0               0    188.600   1843.700      4.102          29.695                 2.03         60
      1          0               0    121.300    315.100      0.222           9.654                 1.04         10
      1          0               0    165.000    725.600      0.650          17.571                 1.15         20
      1          0               0     81.500    824.600      0.627          21.717                 1.44         30
      1          0               0     84.100   1043.200      1.170          22.725                  1.8         40
      1          0               0     94.100   1117.400      1.882          28.983                 1.75         50
      1          0               0     81.800   1282.300      2.728          30.141                 2.03         60
      1          0               0    116.100    242.100      0.243           7.628                 1.33         10
      1          0               0     32.100    191.500      0.144          15.399                  1.3         20
      1          0               0    209.400   1076.600      1.402          22.482                 1.34         30
      1          0               0    170.000   1210.000      1.991          24.838                 1.62         40
      1          0               0    150.000   1552.400      3.338          25.930                 1.94         50
      1          0               0    131.700   1990.700      5.677          25.227                 2.39         60
      1          0               0     40.600    156.400      0.086           8.296                 1.21         10
      1          0               0    165.700    784.900      0.657          15.857                 1.27         20
      1          0               0    126.700    957.900      0.946          17.190                 1.76         30
      1          0               0    138.800   1051.500      1.555          21.689                 1.85         40
      1          0               0     86.900    703.200      1.349          27.107                 1.85         50
      1          0               0    108.300   1234.200      2.656          28.075                 2.14         60
      1          0               0    141.000    419.900      0.263           9.138                 1.11         10
      1          0               0     74.700    248.300      0.288          15.671                 1.28         20
      1          0               0     82.700    605.200      0.534          21.719                 1.39         30
      1          0               0     84.100    815.100      0.857          24.639                 1.64         40
      1          0               0    109.200   1177.300      1.834          25.326                 1.99         50
      1          0               0    107.200   1740.200      3.246          26.468                 2.29         60
      1          0               0     77.500    333.300      0.207           9.070                 1.11         10
      1          0               0    158.800    789.100      0.616          16.530                 1.23         20
      1          0               0    172.700   1800.500      1.183          19.638                 1.54         30
      1          0               0    166.400   1629.200      2.025          22.076                 1.83         40
      1          0               0    184.600   2327.400      3.356          24.285                 2.07         50
      1          0               0    121.700   1480.600      3.602          25.135                 2.39         60
      1          0               0    126.500    329.600      0.231           9.517                 1.06         10
      1          0               0    160.000    509.600      0.592          18.080                 1.11         20
      1          0               0    133.100    711.900      1.118          20.905                 1.45         30
      1          0               0     82.000    684.700      1.158          22.126                 1.82         40
      1          0               0    103.100    801.700      2.340          23.229                 2.19         50
      1          0               0     72.200    827.600      2.740          24.270                 2.52         60
      1          0               0     75.400    226.000      0.142           8.971                 1.13         10
      1          0               0     84.700    629.200      0.396          14.282                 1.43         20
      1          0               0     99.800   1076.900      1.068          18.962                 1.61         30
      1          0               0     93.800   1514.800      1.877          18.721                 2.17         40
      1          0               0     87.900   1541.300      2.845          21.307                 2.36         50
      1          0               0    119.100   1760.100      6.158          25.156                  2.4         60
      1          0               0     83.200    352.900      0.167           8.611                 1.19         10
      1          0               0     79.000    449.500      0.335          14.562                 1.38         20
      1          0               0     82.600    582.500      0.641          19.056                 1.58         30
      1          0               0     95.100   1063.100      1.382          21.877                 1.84         40
      1          0               0     80.700   1163.300      2.008          24.654                 2.04         50
      1          0               0     98.100   1344.900      4.121          26.964                 2.24         60
      1          0               0    110.400    451.700      0.243           7.806                  1.3         10
      1          0               0     92.600    591.200      0.394          14.283                 1.41         20
      1          0               0    107.700    981.300      0.761          20.670                 1.46         30
      1          0               0    111.200    853.100      1.404          21.326                 1.89         40
      1          0               0     89.900   1018.800      2.279          23.949                  2.1         50
      1          0               0     99.900   1119.800      3.393          26.369                  2.3         60
      1          0               0    143.900    461.300      0.271           8.569                 1.17         10
      1          0               0     73.300    436.900      0.323          13.080                 1.55         20
      1          0               0    145.200    711.600      0.994          19.806                 1.52         30
      1          0               0     73.900    522.700      0.972          19.303                 2.08         40
      1          0               0     96.600    826.900      2.415          21.686                 2.32         50
      1          0               0     82.600    939.300      3.711          22.333                  2.7         60
      1          0               0     51.600    172.900      0.099           8.397                  1.2         10
      1          0               0    118.500    522.300      0.491          12.853                 1.57         20
      1          0               0    115.400    877.500      0.767          19.303                 1.56         30
      1          0               0    130.000   1158.300      1.430          23.110                 1.74         40
      1          0               0    176.200   1557.200      4.417          22.191                 2.27         50
      1          0               0     77.900   1234.800      3.157          23.331                  2.6         60
      1          0               0    113.700    405.400      0.218           8.387                 1.21         10
      1          0               0    114.000    759.300      0.483          15.105                 1.33         20
      1          0               0    113.800    981.700      0.820          18.817                  1.6         30
      1          0               0    108.600   1387.700      1.406          21.109                 1.91         40
      1          0               0    108.800   1268.700      1.855          28.504                 1.78         50
      1          0               0    100.600   1233.800      2.556          31.584                 1.93         60
      1          0               0    131.100    277.500      0.249           8.623                 1.17         10
      1          0               0    106.500    752.200      0.435          15.374                 1.31         20
      1          0               0    165.200    949.900      1.056          21.125                 1.43         30
      1          0               0    114.700    764.400      1.346          22.745                 1.77         40
      1          0               0     95.700    999.000      1.995          25.120                  2.0         50
      1          0               0    179.200   1881.400      5.148          27.662                 2.18         60
      1          0               0    123.700    315.000      0.250           8.274                 1.25         10
      1          0               0    107.500    464.900      0.505          13.671                 1.49         20
      1          0               0    104.700    503.600      0.813          20.269                  1.5         30
      1          0               0    115.600    748.900      1.399          23.696                 1.72         40
      1          0               0    136.800   1624.400      2.696          26.224                 1.94         50
      1          0               0    110.800   1204.500      4.415          26.106                 2.32         60
      1          0               0     38.000    157.200      0.080           7.584                 1.35         10
      1          0               0     56.000    249.100      0.233          14.271                 1.41         20
      1          0               0    134.800    809.100      1.018          19.169                 1.57         30
      1          0               0    105.400    920.500      1.414          21.591                 1.86         40
      1          0               0    143.600   1320.300      3.279          23.336                 2.15         50
      1          0               0    153.400   2582.300      5.519          26.355                 2.29         60
      1          0               0     81.600    268.300      0.181           7.712                 1.31         10
      1          0               0     88.200    393.000      0.372          15.806                 1.27         20
      1          0               0    174.900    769.100      1.156          21.927                 1.37         30
      1          0               0    156.500   1438.500      2.059          24.950                 1.61         40
      1          0               0    109.500   1320.500      2.118          28.043                 1.79         50
      1          0               0    110.800   1421.300      4.008          28.229                 2.13         60
      1          0               0    124.500    518.900      0.260           6.960                 1.47         10
      1          0               0     98.200    535.900      0.390          15.910                 1.26         20
      1          0               0    104.400    774.100      0.826          18.450                 1.63         30
      1          0               0    131.400    965.700      2.066          22.957                 1.76         40
      1          0               0     96.000   1178.100      2.404          21.309                 2.36         50
      1          0               0    117.100   1261.600      4.522          24.758                 2.44         60
      1          0               0    103.100    351.200      0.195           8.280                 1.22         10
      1          0               0    114.200    803.100      0.498          14.216                 1.42         20
      1          0               0    135.800    752.000      0.984          19.999                 1.51         30
      1          0               0    113.900    914.900      1.359          24.784                 1.63         40
      1          0               0    123.900   1090.500      2.591          28.413                 1.78         50
      1          0               0    137.900   1641.000      4.432          28.782                 2.13         60
      1          0               0     47.300    165.400      0.093           8.099                 1.24         10
      1          0               0     94.600    496.400      0.432          15.467                  1.3         20
      1          0               0    131.000    707.400      0.932          20.004                 1.51         30
      1          0               0    111.200   1545.500      1.813          20.604                 1.96         40
      1          0               0    109.800   1698.200      3.131          25.425                 1.98         50
      1          0               0     91.800   1570.000      3.935          25.599                 2.38         60
      1          0               0    136.400    221.100      0.266           9.672                 1.04         10
      1          0               0    109.000    375.700      0.431          17.006                 1.18         20
      1          0               0    123.400    570.300      0.860          19.786                 1.53         30
      1          0               0     86.900    712.200      1.130          22.113                 1.83         40
      1          0               0    133.700    947.000      2.463          24.109                 2.08         50
      1          0               0    128.800   1250.600      3.330          26.269                 2.29         60
      1          0               0     93.000    408.700      0.177           8.452                 1.19         10
      1          0               0    107.900    569.900      0.425          15.627                 1.29         20
      1          0               0    137.400    744.300      0.888          20.662                 1.46         30
      1          0               0    116.600    745.300      1.591          21.707                 1.85         40
      1          0               0    130.400   1782.800      3.357          23.735                 2.13         50
      1          0               0    127.300   1672.800      5.552          23.412                 2.58         60
      1          0               0     54.800    303.400      0.106           7.801                  1.3         10
      1          0               0    120.500    592.500      0.529          14.065                 1.43         20
      1          0               0     81.800    634.200      0.602          19.238                 1.56         30
      1          0               0     96.000   1039.300      1.383          21.079                  1.9         40
      1          0               0     89.500   1095.100      1.714          25.844                 1.94         50
      1          0               0     96.000   1413.000      3.252          25.834                 2.35         60
      1          0               0    126.800    545.400      0.257           7.267                  1.4         10
      1          0               0     65.600    355.500      0.291          13.116                 1.53         20
      1          0               0    108.500    848.400      1.116          18.223                 1.66         30
      1          0               0    112.300   1144.900      1.541          21.986                 1.83         40
      1          0               0    119.100   1341.000      2.373          25.663                 1.96         50
      1          0               0    118.200   1423.400      4.291          25.578                 2.36         60
      1          0               0     96.300    353.100      0.182           8.247                 1.23         10
      1          0               0    139.700    645.800      0.571          16.082                 1.25         20
      1          0               0    146.300    763.100      1.073          20.818                 1.45         30
      1          0               0    116.700    913.400      1.449          22.414                  1.8         40
      1          0               0    113.100   1336.400      2.117          25.344                 1.98         50
      1          0               0     94.500   1267.600      2.712          29.003                 2.09         60
      1          0               0    108.300    408.400      0.205           8.873                 1.14         10
      1          0               0    129.800    788.900      0.509          15.010                 1.35         20
      1          0               0    105.500    800.700      0.720          21.116                 1.44         30
      1          0               0    117.800    900.900      1.350          22.633                 1.78         40
      1          0               0    125.700    998.700      2.223          25.235                 1.99         50
      1          0               0    125.600   1251.100      3.083          27.838                 2.17         60
      1          0               0     77.400    313.400      0.159           8.169                 1.25         10
      1          0               0    109.300    515.000      0.445          15.403                 1.31         20
      1          0               0    141.300    752.200      1.185          20.773                 1.46         30
      1          0               0    116.100    931.000      1.616          25.089                 1.61         40
      1          0               0     96.600    918.600      2.101          29.565                  1.7         50
      1          0               0     99.300   1078.100      3.949          26.636                 2.27         60
      1          0               0    161.600    362.200      0.311           8.729                 1.15         10
      1          0               0     69.500    260.600      0.287          13.506                 1.49         20
      1          0               0    139.900    452.200      1.041          18.054                 1.67         30
      1          0               0    151.100    741.800      1.981          20.839                 1.93         40
      1          0               0     98.000    896.000      2.234          24.104                  2.1         50
      1          0               0     94.900    560.000      3.573          24.255                 2.51         60
      1          0               0    118.600    265.000      0.230           7.719                  1.3         10
      1          0               0    121.300    336.000      0.478          15.131                 1.33         20
      1          0               0    159.100    539.700      1.003          19.920                 1.51         30
      1          0               0     52.300    385.800      0.671          22.021                 1.84         40
      1          0               0    108.500    701.100      2.059          25.074                  2.0         50
      1          0               0     82.100    788.400      2.304          27.248                 2.22         60
      1          0               0    138.400    321.500      0.259           8.819                 1.14         10
      1          0               0    205.900    489.100      0.784          15.577                 1.29         20
      1          0               0    140.900    606.000      0.925          22.353                 1.35         30
      1          0               0    157.800    522.500      1.399          29.529                 1.36         40
      1          0               0    168.300   1099.400      2.318          30.042                 1.67         50
      1          0               0     72.600    978.100      1.626          31.382                 1.94         60
      1          0               0     93.000    230.100      0.174           9.249                 1.09         10
      1          0               0     89.400    258.900      0.342          15.527                 1.29         20
      1          0               0    129.600    628.600      0.779          23.367                 1.29         30
      1          0               0     77.300    836.200      0.857          24.290                 1.65         40
      1          0               0    154.000   1154.200      2.930          26.321                 1.91         50
      1          0               0    105.400   1002.200      3.353          26.263                 2.29         60
      1          0               0    110.100    442.500      0.208           8.064                 1.25         10
      1          0               0    110.800    327.900      0.425          15.904                 1.26         20
      1          0               0     58.800    560.800      0.515          19.626                 1.54         30
      1          0               0    155.800   1029.300      1.921          23.067                 1.74         40
      1          0               0    131.100   1471.500      2.263          26.788                 1.88         50
      1          0               0    119.400   1810.600      3.467          29.353                 2.06         60
      1          0               0    168.400    569.000      0.315           8.017                 1.26         10
      1          0               0    148.200    817.200      0.596          15.928                 1.26         20
      1          0               0    113.300    784.000      0.908          19.885                 1.52         30
      1          0               0    151.100   1051.400      1.924          25.821                 1.58         40
      1          0               0    130.900   1048.600      2.596          28.631                 1.76         50
      1          0               0    141.000   1431.500      6.084          30.188                 2.01         60
      1          0               0    109.900    334.500      0.211           8.035                 1.26         10
      1          0               0     98.600    493.400      0.390          14.767                 1.36         20
      1          0               0    138.800    776.700      0.867          22.043                 1.37         30
      1          0               0    134.900   1004.300      1.450          23.262                 1.73         40
      1          0               0     76.500    643.700      1.276          26.303                 1.94         50
      1          0               0    102.800    937.800      2.245          27.664                 2.19         60
      1          0               0    145.700    548.300      0.285           7.566                 1.35         10
      1          0               0    160.200    664.000      0.650          15.056                 1.34         20
      1          0               0    121.800    745.500      0.965          19.608                 1.54         30
      1          0               0    114.900    963.700      1.314          23.655                  1.7         40
      1          0               0    139.100   1184.700      3.211          26.891                 1.87         50
      1          0               0    177.100   1569.700      6.130          27.458                 2.19         60
      1          0               0     70.700    263.300      0.182           7.943                 1.28         10
      1          0               0     95.900    614.400      0.392          16.781                  1.2         20
      1          0               0     72.800    609.800      0.498          21.151                 1.44         30
      1          0               0     70.600    668.500      0.765          26.150                 1.55         40
      1          0               0    133.400   1029.300      2.129          28.731                 1.75         50
      1          0               0    154.800   1793.000      4.533          24.474                 2.46         60
      1          0               0    168.100    594.700      0.321           7.589                 1.34         10
      1          0               0    101.800    337.000      0.397          14.340                  1.4         20
      1          0               0     88.400    635.800      0.599          20.189                  1.5         30
      1          0               0    138.100   1025.700      1.477          23.203                 1.74         40
      1          0               0    145.400   1490.300      3.287          23.948                 2.11         50
      1          0               0    132.900   2131.900      5.754          25.271                 2.41         60
      1          0               0     94.700    189.100      0.178           8.295                 1.22         10
      1          0               0    161.600    655.200      0.681          14.684                 1.37         20
      1          0               0     63.800    569.800      0.635          19.179                  1.6         30
      1          0               0    157.000   1061.300      1.470          26.824                  1.5         40
      1          0               0    144.900   1185.700      2.156          27.204                 1.86         50
      1          0               0    131.300   1615.300      3.065          28.291                 2.15         60
      1          0               0     87.200    265.000      0.158           9.370                 1.08         10
      1          0               0     69.200    260.200      0.270          17.224                 1.17         20
      1          0               0    140.700    683.100      0.855          23.419                 1.29         30
      1          0               0    241.400   1581.100      2.267          26.288                 1.53         40
      1          0               0    138.200    905.400      2.184          27.538                 1.82         50
      1          0               0    163.500   1825.400      4.281          29.445                 2.05         60
      1          0               0    147.600    365.000      0.273           9.183                  1.1         10
      1          0               0     75.100    583.700      0.346          13.727                 1.47         20
      1          0               0    145.300    915.300      1.209          17.121                 1.77         30
      1          0               0    161.300    931.600      1.788          22.148                 1.81         40
      1          0               0    102.100    994.500      2.076          24.679                 2.03         50
      1          0               0    107.900   1036.100      2.848          25.549                 2.36         60
      1          0               0    161.400    444.600      0.299           9.400                 1.07         10
      1          0               0    142.900    613.400      0.590          15.241                 1.33         20
      1          0               0    101.600    703.800      0.729          20.309                 1.51         30
      1          0               0    135.200   1262.600      1.810          23.556                 1.71         40
      1          0               0     92.900   1239.800      1.715          23.137                 2.18         50
      1          0               0    141.600   1529.700      3.759          25.741                 2.36         60
      1          0               0    156.800    493.000      0.296           8.550                 1.18         10
      1          0               0    179.500    861.900      0.753          14.177                 1.42         20
      1          0               0     70.800    418.700      0.509          18.853                  1.6         30
      1          0               0    118.700    773.100      1.265          25.460                 1.59         40
      1          0               0    142.000   1470.500      3.131          26.420                  1.9         50
      1          0               0    154.900   1215.000      4.290          27.395                  2.2         60
      1          0               0     60.700    142.600      0.114           8.710                 1.15         10
      1          0               0     92.000    514.500      0.379          15.182                 1.32         20
      1          0               0    112.100    788.100      0.933          19.104                 1.59         30
      1          0               0     90.900    947.800      1.124          22.386                  1.8         40
      1          0               0     72.600   1077.900      1.516          26.121                 1.93         50
      1          0               0     90.500   1390.500      3.592          25.770                 2.35         60
      1          0               0    134.200    436.600      0.271           7.587                 1.33         10
      1          0               0     80.900    612.900      0.353          13.801                 1.47         20
      1          0               0    150.200   1169.300      1.219          18.675                 1.63         30
      1          0               0    166.700   1664.300      2.322          21.532                 1.88         40
      1          0               0    110.400   1696.500      2.424          25.159                 2.01         50
      1          0               0    111.100   1929.500      3.062          27.539                 2.21         60
      1          0               0     79.700    278.200      0.155           7.762                 1.29         10
      1          0               0     96.300    541.200      0.386          14.687                 1.38         20
      1          0               0     98.600    657.600      0.716          19.233                 1.58         30
      1          0               0    118.100   1139.500      1.529          20.358                 1.98         40
      1          0               0    129.400   1051.400      2.467          23.007                  2.2         50
      1          0               0    101.000   1259.500      4.038          24.627                 2.47         60
      1          0               0     97.600    292.600      0.182           9.172                  1.1         10
      1          0               0    191.400    787.100      0.750          15.386                 1.31         20
      1          0               0     80.600    633.500      0.727          19.097                  1.6         30
      1          0               0    119.300   1116.900      1.386          22.975                 1.75         40
      1          0               0    149.600   1602.000      3.171          24.154                 2.08         50
      1          0               0    139.700   1623.300      5.248          26.829                 2.25         60
      1          0               0    135.200    508.600      0.255           9.115                 1.11         10
      1          0               0     73.700    394.400      0.296          15.822                 1.27         20
      1          0               0    125.200    598.500      0.855          20.031                  1.5         30
      1          0               0     48.400    336.300      0.527          24.626                 1.64         40
      1          0               0    131.300   1185.500      1.760          28.078                  1.8         50
      1          0               0    161.500   1885.100      2.998          31.687                 1.92         60
      1          0               0    157.500    268.600      0.289           9.530                 1.05         10
      1          0               0    155.900    644.500      0.632          15.686                 1.28         20
      1          0               0    153.100   1063.100      0.970          20.860                 1.44         30
      1          0               0    140.400   1075.300      1.358          26.472                 1.52         40
      1          0               0    164.200   1272.500      2.341          28.269                 1.78         50
      1          0               0    153.500   1539.700      3.746          26.302                  2.3         60
      1          0               0    151.700    416.700      0.295           8.376                  1.2         10
      1          0               0    138.900    675.600      0.563          12.846                 1.56         20
      1          0               0    125.200    751.200      0.860          18.294                 1.64         30
      1          0               0     74.000    679.700      0.799          21.523                 1.87         40
      1          0               0     38.800    453.400      0.713          24.884                 2.03         50
      1          0               0    149.000   1129.400      3.881          30.182                  2.0         60
      1          0               0    114.800    225.500      0.219           8.435                  1.2         10
      1          0               0     70.600    245.700      0.286          15.758                 1.27         20
      1          0               0    163.000    979.900      1.502          21.664                 1.39         30
      1          0               0    122.000    669.300      1.483          25.798                 1.56         40
      1          0               0    200.300   1344.900      3.159          29.445                 1.71         50
      1          0               0    160.200   1103.400      3.988          30.202                 2.01         60
      1          0               0    166.200    327.300      0.296           9.358                 1.08         10
      1          0               0    172.700    670.500      0.711          16.340                 1.23         20
      1          0               0     40.500    273.600      0.367          19.212                 1.62         30
      1          0               0    110.400    775.300      1.566          23.806                  1.7         40
      1          0               0     95.900    938.900      2.513          22.969                 2.19         50
      1          0               0     96.000    959.000      4.183          23.895                 2.53         60
      1          0               0    110.700    429.200      0.209           7.850                 1.29         10
      1          0               0     45.100    298.200      0.180          15.086                 1.34         20
      1          0               0    109.000    738.100      0.736          22.148                 1.36         30
      1          0               0    114.500    899.200      1.340          24.293                 1.66         40
      1          0               0    106.200   1243.900      2.177          26.246                 1.91         50
      1          0               0    102.400   1183.900      3.530          28.370                 2.12         60
      1          0               0    112.300    218.700      0.207           8.774                 1.14         10
      1          0               0    207.000    597.000      0.801          15.316                 1.31         20
      1          0               0    171.800    883.400      1.094          20.334                 1.48         30
      1          0               0    202.000   1224.300      1.841          26.333                 1.53         40
      1          0               0    148.500   1730.900      2.173          31.715                 1.59         50
      1          0               0    116.600   1356.100      2.509          32.473                 1.86         60
      1          0               0    164.000    482.400      0.322           8.227                 1.23         10
      1          0               0    161.700    884.700      0.678          16.076                 1.25         20
      1          0               0    141.900   1435.200      1.193          19.889                 1.52         30
      1          0               0    169.100   1445.500      1.709          24.430                 1.64         40
      1          0               0    171.000   1832.000      2.571          28.623                 1.76         50
      1          0               0    178.800   2157.400      4.094          30.724                 1.97         60
      1          0               0    121.100    562.400      0.232           8.085                 1.25         10
      1          0               0    120.300   1046.000      0.583          12.605                  1.6         20
      1          0               0    102.000    809.800      0.895          17.881                 1.69         30
      1          0               0    111.500   1252.200      1.333          22.526                 1.79         40
      1          0               0    134.200   1266.400      2.253          26.902                 1.87         50
      1          0               0    152.300   1788.400      3.716          26.655                 2.26         60
      1          0               0    109.600    411.900      0.211           7.488                 1.35         10
      1          0               0    147.900    656.400      0.624          13.564                 1.48         20
      1          0               0    105.100    559.200      0.829          19.143                 1.57         30
      1          0               0     97.100    704.000      1.248          20.402                 1.98         40
      1          0               0     70.600    630.200      1.459          22.686                 2.22         50
      1          0               0    108.700   1222.300      3.540          23.657                 2.55         60
      1          0               0     71.400    153.700      0.131           9.597                 1.05         10
      1          0               0    129.200    619.100      0.498          17.099                 1.18         20
      1          0               0    120.600    948.000      0.861          19.609                 1.54         30
      1          0               0    129.500   1252.600      1.318          24.531                 1.64         40
      1          0               0    107.300   1266.800      1.901          27.781                 1.81         50
      1          0               0    129.000   1916.700      4.829          25.553                 2.36         60
      1          0               0     72.500    238.300      0.140           8.279                 1.22         10
      1          0               0     80.400    393.300      0.354          13.846                 1.45         20
      1          0               0     84.100    635.300      0.633          19.263                 1.57         30
      1          0               0     85.100    805.900      0.955          25.046                 1.61         40
      1          0               0    161.000   1761.300      2.666          26.378                  1.9         50
      1          0               0    107.800   1096.900      2.797          29.482                 2.05         60
      1          0               0    112.900    194.900      0.212           9.198                  1.1         10
      1          0               0     84.200    359.400      0.367          15.048                 1.34         20
      1          0               0    174.500    932.400      1.209          20.590                 1.47         30
      1          0               0    111.400    788.800      1.590          20.205                 1.99         40
      1          0               0     98.800   1146.100      2.066          23.774                 2.11         50
      1          0               0    169.600   1638.000      5.451          25.400                 2.37         60
      1          0               0     97.700    224.500      0.183           9.178                  1.1         10
      1          0               0     85.700    323.900      0.343          15.839                 1.28         20
      1          0               0     96.900    608.200      0.607          24.483                 1.23         30
      1          0               0     94.600   1014.300      1.089          29.225                 1.39         40
      1          0               0    124.900   1558.600      2.229          30.728                 1.64         50
      1          0               0    144.400   1608.800      3.933          33.247                 1.82         60
      1          0               0     84.300    373.200      0.167           7.004                 1.45         10
      1          0               0     52.700    366.100      0.288          12.843                 1.58         20
      1          0               0     90.600    439.600      1.008          17.504                 1.73         30
      1          0               0     49.200    558.100      0.827          20.305                 2.01         40
      1          0               0     51.100    824.600      1.642          22.701                 2.25         50
      1          0               0     61.600   1005.200      2.162          27.050                 2.23         60
      1          0               0    112.500    293.700      0.210           9.253                 1.09         10
      1          0               0     20.800    166.500      0.093          13.144                 1.53         20
      1          0               0    181.100   1364.400      1.131          20.659                 1.46         30
      1          0               0    131.000    808.400      1.321          23.701                  1.7         40
      1          0               0    111.200    942.900      2.135          25.938                 1.96         50
      1          0               0    123.200   1198.700      3.853          24.440                 2.47         60
      1          0               0     49.100    190.000      0.097           8.073                 1.25         10
      1          0               0    158.000    529.800      0.642          15.233                 1.32         20
      1          0               0    129.700    760.200      0.924          21.910                  1.4         30
      1          0               0    122.800    951.800      1.479          24.019                 1.69         40
      1          0               0    102.800   1217.500      1.908          29.707                 1.72         50
      1          0               0     76.900   1115.400      3.054          28.969                  2.1         60
      1          0               0     93.300    264.500      0.192           7.299                  1.4         10
      1          0               0    141.600    477.000      0.656          14.016                 1.44         20
      1          0               0    139.700   1186.800      1.143          17.984                 1.68         30
      1          0               0     72.200   1010.800      1.065          21.003                 1.92         40
      1          0               0    149.100   1842.100      6.305          21.064                 2.39         50
      1          0               0     75.300   1359.500      5.443          23.768                 2.56         60
      1          0               0    127.400    291.600      0.266           8.587                 1.17         10
      1          0               0     68.400    363.500      0.299          14.474                 1.41         20
      1          0               0     91.500    655.400      0.676          19.610                 1.56         30
      1          0               0    169.500   1588.200      1.873          24.381                 1.65         40
      1          0               0    170.700   1013.900      2.513          28.362                 1.77         50
      1          0               0    100.200    795.300      2.484          29.133                 2.08         60
      1          0               0    106.800    449.400      0.236           8.731                 1.16         10
      1          0               0     91.500    436.700      0.381          14.904                 1.37         20
      1          0               0     88.900    889.800      0.725          19.012                  1.6         30
      1          0               0    158.600   1082.300      1.639          27.083                 1.51         40
      1          0               0     94.200   1158.700      2.220          27.620                 1.89         50
      1          0               0    106.700   1300.900      3.607          29.676                 2.08         60
      1          0               0     97.400    279.600      0.184           8.227                 1.23         10
      1          0               0    213.900    901.100      0.840          14.657                 1.37         20
      1          0               0    133.500    947.100      0.967          17.637                 1.71         30
      1          0               0    172.000   1347.900      1.710          22.916                 1.75         40
      1          0               0    167.600   1367.700      2.434          25.061                  2.0         50
      1          0               0    157.500   1299.300      3.312          26.897                 2.24         60
      1          0               0     94.900    228.000      0.186           9.020                 1.11         10
      1          0               0     91.100    593.900      0.362          15.614                 1.29         20
      1          0               0     72.000    480.600      0.505          22.182                 1.37         30
      1          0               0    120.100    838.200      1.501          23.396                 1.71         40
      1          0               0     76.100    825.600      1.535          24.537                 2.05         50
      1          0               0    125.700   1455.200      3.439          26.692                 2.26         60
      1          0               0    151.800    387.300      0.302           8.463                 1.19         10
      1          0               0    174.600    614.700      0.690          17.367                 1.16         20
      1          0               0    135.000    660.100      0.925          19.482                 1.55         30
      1          0               0    104.300    637.800      1.123          22.563                 1.78         40
      1          0               0     92.500    774.800      1.832          23.526                 2.14         50
      1          0               0     89.300    599.200      2.539          25.867                 2.33         60
      1          0               0     90.500    210.700      0.173           9.327                 1.08         10
      1          0               0    213.900    650.600      0.914          15.491                 1.29         20
      1          0               0     47.000    339.100      0.382          17.715                  1.7         30
      1          0               0    134.500    679.700      1.677          19.803                 2.03         40
      1          0               0    170.000   1097.800      4.176          21.321                 2.36         50
      1          0               0    134.600   1584.300      8.314          21.143                 2.86         60
      1          0               0     96.700    308.100      0.181           8.990                 1.13         10
      1          0               0     90.300    418.300      0.383          16.183                 1.25         20
      1          0               0    107.700    844.200      0.823          21.275                 1.43         30
      1          0               0    160.700   1478.700      1.948          27.825                 1.45         40
      1          0               0    135.000   1417.400      2.093          30.169                 1.67         50
      1          0               0    100.600   1403.600      2.522          30.253                  2.0         60
      1          0               0    126.400    421.500      0.238           8.602                 1.17         10
      1          0               0    134.700    871.800      0.576          12.598                  1.6         20
      1          0               0    146.900    894.800      1.062          17.452                 1.73         30
      1          0               0    122.000   1350.000      1.302          23.846                 1.68         40
      1          0               0    169.600   1688.400      3.202          28.185                 1.78         50
      1          0               0    177.200   1502.300      8.228          29.116                 2.07         60
      1          0               0     97.500    294.800      0.191           7.724                 1.31         10
      1          0               0     45.100    256.500      0.200          13.876                 1.45         20
      1          0               0     52.400    479.100      0.466          15.452                 1.97         30
      1          0               0     78.400    802.300      1.222          17.485                  2.3         40
      1          0               0    131.000   1678.700      4.103          20.020                 2.52         50
      1          0               0    135.400   1834.700      9.741          18.213                 3.32         60
      1          0               0    115.000    276.000      0.213           9.510                 1.06         10
      1          0               0     84.600    592.100      0.339          16.110                 1.25         20
      1          0               0     70.900    587.600      0.474          20.942                 1.44         30
      1          0               0    126.300    988.100      1.432          22.935                 1.75         40
      1          0               0    101.600   1085.400      1.866          25.782                 1.96         50
      1          0               0     66.000    937.800      1.816          28.620                 2.11         60
      1          0               0     68.000    162.800      0.124           9.488                 1.06         10
      1          0               0    103.200    473.300      0.430          14.593                 1.38         20
      1          0               0    127.800    645.800      0.867          20.599                 1.46         30
      1          0               0    111.900    893.600      1.253          23.475                 1.71         40
      1          0               0    173.700   1616.000      2.945          26.980                 1.86         50
      1          0               0    116.300   1791.300      4.103          26.468                 2.27         60
      1          0               0     87.700    405.200      0.180           6.667                 1.53         10
      1          0               0    123.200    919.600      0.558          12.922                 1.56         20
      1          0               0    138.800   1427.200      1.072          19.224                 1.57         30
      1          0               0    119.800   1358.400      1.533          20.181                 1.99         40
      1          0               0    115.900   1449.300      2.156          25.531                 1.97         50
      1          0               0    124.900   1420.100      3.520          26.696                 2.25         60
      1          0               0     72.400    252.500      0.133           9.203                 1.11         10
      1          0               0    188.200    436.500      0.727          16.801                 1.21         20
      1          0               0    110.000    500.900      0.700          23.953                 1.28         30
      1          0               0    102.700    667.100      1.062          26.614                 1.52         40
      1          0               0    124.800    841.800      1.966          29.409                 1.72         50
      1          0               0     71.500    866.200      1.829          29.066                  2.1         60
      1          0               0     81.700    210.700      0.162           8.420                  1.2         10
      1          0               0     73.400    336.600      0.301          14.074                 1.43         20
      1          0               0    176.500    917.000      1.164          20.824                 1.45         30
      1          0               0     61.400    579.600      0.699          23.182                 1.74         40
      1          0               0    124.000   1090.700      1.892          25.866                 1.95         50
      1          0               0     65.900    920.600      2.141          26.068                 2.35         60
      1          0               0     79.200    224.300      0.149           8.936                 1.13         10
      1          0               0    124.000    772.000      0.591          14.102                 1.43         20
      1          0               0     94.500    820.200      0.674          20.469                 1.48         30
      1          0               0     97.700    991.000      1.386          22.396                 1.79         40
      1          0               0    112.400    966.300      3.664          22.274                 2.25         50
      1          0               0     45.700    696.100      2.313          21.547                 2.81         60
      1          0               0     91.400    207.100      0.174           8.033                 1.25         10
      1          0               0    147.900    680.200      0.617          15.533                  1.3         20
      1          0               0    135.100    685.400      0.966          18.931                 1.59         30
      1          0               0     50.100    519.700      0.592          21.982                 1.83         40
      1          0               0    192.800   1922.800      3.635          27.312                 1.84         50
      1          0               0    208.600   1829.600      6.883          26.518                 2.27         60
      1          0               0    119.900    448.700      0.227           8.488                 1.19         10
      1          0               0    117.200    662.300      0.482          14.567                  1.4         20
      1          0               0    165.700   1036.200      1.121          20.970                 1.46         30
      1          0               0    185.400   1171.000      2.025          23.919                  1.7         40
      1          0               0    112.700   1010.900      2.132          26.176                 1.94         50
      1          0               0    104.200   1088.000      2.602          29.734                 2.03         60
      1          0               0     76.700    232.700      0.148           8.692                 1.16         10
      1          0               0    137.700    883.300      0.549          14.795                 1.36         20
      1          0               0    152.300   1222.700      1.024          20.337                 1.49         30
      1          0               0    198.000   2040.300      1.955          25.351                 1.59         40
      1          0               0    162.200   1507.500      3.068          28.578                 1.76         50
      1          0               0    166.200   1875.500      4.354          29.777                 2.02         60
      1          0               0    104.000    289.100      0.206           7.616                 1.32         10
      1          0               0    103.400    427.000      0.429          13.767                 1.46         20
      1          0               0     83.200    543.100      0.635          19.837                 1.53         30
      1          0               0     61.900    494.000      0.840          21.556                 1.87         40
      1          0               0     71.900    709.800      1.628          24.463                 2.06         50
      1          0               0     93.100   1177.400      2.780          27.716                 2.19         60
      1          0               0    157.400    338.100      0.307           8.321                 1.22         10
      1          0               0     56.500    306.700      0.227          16.000                 1.25         20
      1          0               0     59.800    475.000      0.379          21.818                 1.38         30
      1          0               0     42.100    394.500      0.462          23.048                 1.74         40
      1          0               0     59.600    613.700      0.994          25.163                 1.99         50
      1          0               0     93.600    897.500      2.335          27.481                 2.19         60
      1          0               0     80.000    254.700      0.161           9.295                 1.08         10
      1          0               0     78.300    577.200      0.326          15.057                 1.35         20
      1          0               0    131.700    736.800      0.937          19.506                 1.55         30
      1          0               0    153.100   1555.000      1.463          27.831                 1.45         40
      1          0               0    147.200   1836.100      2.542          29.595                  1.7         50
      1          0               0    135.400   1689.700      5.270          29.601                 2.04         60
      1          0               0     98.800    364.900      0.187           8.114                 1.24         10
      1          0               0     62.700    443.600      0.289          12.708                  1.6         20
      1          0               0    100.400    767.700      0.717          20.034                 1.51         30
      1          0               0    104.100    802.200      1.090          23.978                 1.67         40
      1          0               0     94.800   1043.400      1.625          23.668                 2.12         50
      1          0               0     88.900   1232.500      2.969          26.452                 2.28         60
      1          0               0    109.200    516.500      0.209           8.137                 1.24         10
      1          0               0    136.900    537.500      0.543          16.900                 1.19         20
      1          0               0     78.200    650.100      0.600          19.657                 1.53         30
      1          0               0    109.300    902.100      1.472          21.705                 1.86         40
      1          0               0     97.400    921.800      2.397          22.848                 2.21         50
      1          0               0    162.800   2043.100      6.212          25.924                 2.33         60
      1          0               0     93.500    420.500      0.193           6.787                 1.52         10
      1          0               0    125.000    752.600      0.574          13.243                 1.52         20
      1          0               0    132.500    955.600      0.905          20.550                 1.47         30
      1          0               0    121.700   1364.200      1.482          26.916                 1.51         40
      1          0               0     89.900   1135.600      1.613          28.412                 1.78         50
      1          0               0    136.000   1931.000      3.543          29.734                 2.04         60
      1          0               0    135.700    326.600      0.247           9.438                 1.06         10
      1          0               0    132.300    718.000      0.526          15.392                 1.31         20
      1          0               0    126.400    941.700      0.903          18.668                 1.63         30
      1          0               0    105.300    808.600      1.076          22.980                 1.75         40
      1          0               0    129.600   1093.100      2.348          23.430                 2.14         50
      1          0               0    125.800   1939.000      3.672          26.332                 2.29         60
      1          0               0    148.900    495.500      0.308           8.196                 1.24         10
      1          0               0    113.400    698.100      0.459          14.593                 1.38         20
      1          0               0     86.500    663.400      0.700          19.372                 1.56         30
      1          0               0     90.300    680.400      1.166          20.794                 1.93         40
      1          0               0     91.100    986.100      1.663          25.199                  2.0         50
      1          0               0    106.700    998.200      4.695          28.567                 2.11         60
      1          0               0    177.800    557.300      0.336           9.299                 1.09         10
      1          0               0    150.800    687.400      0.668          14.471                 1.39         20
      1          0               0    111.200    641.600      0.736          21.553                  1.4         30
      1          0               0    130.300   1151.900      1.383          23.771                  1.7         40
      1          0               0     92.700    966.500      1.695          25.991                 1.93         50
      1          0               0     75.300   1005.400      2.422          25.498                 2.37         60
      1          0               0    102.400    320.000      0.196           8.520                 1.19         10
      1          0               0    121.800    610.300      0.460          16.877                 1.19         20
      1          0               0     83.900    566.400      0.515          23.975                 1.26         30
      1          0               0     76.600    624.100      0.917          23.086                 1.74         40
      1          0               0    147.500    730.700      2.588          24.031                 2.09         50
      1          0               0    157.600   1287.000      5.429          24.691                 2.44         60
      1          0               0     61.500    266.300      0.118           8.454                 1.19         10
      1          0               0    123.800    579.400      0.537          14.326                  1.4         20
      1          0               0     87.800    514.100      0.614          21.131                 1.43         30
      1          0               0     63.100    743.700      0.891          23.382                 1.73         40
      1          0               0     70.500    806.500      1.248          25.550                 1.98         50
      1          0               0     73.300    696.900      1.862          27.547                 2.19         60
      1          0               0     57.400    167.200      0.108           8.774                 1.14         10
      1          0               0     61.200    362.700      0.264          15.095                 1.34         20
      1          0               0     81.000    704.000      0.611          18.646                 1.62         30
      1          0               0     80.400    959.400      1.010          21.642                 1.86         40
      1          0               0     72.800   1147.700      1.704          25.255                 1.99         50
      1          0               0     84.600   1279.400      3.048          26.968                 2.24         60
      1          0               0     45.600    159.200      0.091           8.836                 1.14         10
      1          0               0    143.600    588.000      0.559          17.212                 1.18         20
      1          0               0    151.200    837.100      1.023          23.964                 1.27         30
      1          0               0    129.500    713.200      1.231          30.454                 1.32         40
      1          0               0     98.800    815.300      1.891          30.404                 1.67         50
      1          0               0    109.100    849.300      2.710          33.697                  1.8         60
      1          0               0    139.900    493.700      0.273           8.020                 1.27         10
      1          0               0    118.200    716.900      0.486          14.675                 1.37         20
      1          0               0    138.400    687.100      0.916          22.968                 1.31         30
      1          0               0     76.300    708.400      0.943          22.641                 1.78         40
      1          0               0     87.100    910.100      1.815          25.009                 2.01         50
      1          0               0     79.500   1528.500      3.414          24.204                  2.5         60
      1          0               0     49.100    170.000      0.095           7.452                 1.36         10
      1          0               0     71.600    336.100      0.301          14.215                 1.41         20
      1          0               0     87.400    733.600      0.717          18.134                 1.68         30
      1          0               0     75.400    756.600      1.207          22.045                 1.85         40
      1          0               0    126.700   1236.100      2.335          27.126                 1.89         50
      1          0               0    115.900   1249.400      3.676          28.849                 2.13         60
      1          0               0     52.600    190.100      0.098           9.289                 1.08         10
      1          0               0     62.300    365.100      0.247          15.342                 1.32         20
      1          0               0    109.600    678.100      0.733          20.230                  1.5         30
      1          0               0     74.900    506.000      0.941          23.176                 1.73         40
      1          0               0     32.700    350.200      0.683          26.235                 1.95         50
      1          0               0     52.000    440.200      1.309          31.152                 1.96         60
      1          0               0     80.000    264.100      0.144           9.185                  1.1         10
      1          0               0    133.900    889.000      0.547          13.876                 1.45         20
      1          0               0    120.600   1007.700      0.822          18.831                  1.6         30
      1          0               0    139.500   1514.000      1.325          24.675                 1.62         40
      1          0               0    119.800    720.000      1.579          27.505                 1.83         50
      1          0               0     62.700    878.700      1.609          27.340                 2.22         60
      1          0               0     65.700    176.400      0.128           7.849                 1.29         10
      1          0               0     39.700    192.000      0.174          14.421                 1.42         20
      1          0               0     77.500    432.200      0.513          18.054                 1.68         30
      1          0               0    125.000    671.900      1.621          19.331                 2.08         40
      1          0               0     79.800   1024.600      2.243          19.972                 2.53         50
      1          0               0     97.600   1321.100      3.968          22.692                 2.65         60
