success  collision  collision_obst   makespan   flowtime    runtime     mean_groups     mean_groups_size     number
      1          0               0     78.600    254.300      0.150           7.824                  1.3         10
      1          0               0    241.100    913.500      0.897          17.742                 1.14         20
      1          0               0    123.000    872.000      0.815          21.672                  1.4         30
      1          0               0    175.700   1422.200      1.777          25.122                  1.6         40
      1          0               0    104.900    856.200      1.735          28.570                 1.76         50
      1          0               0     97.200   1174.600      2.672          26.512                 2.28         60
      1          0               0    101.500    398.700      0.187           8.772                 1.15         10
      1          0               0    180.900    528.600      0.750          13.248                 1.52         20
      1          0               0     89.800    355.600      0.583          19.324                 1.56         30
      1          0               0     96.500    780.900      1.254          19.993                 2.01         40
      1          0               0    140.300    657.200      2.939          23.433                 2.14         50
      1          0               0    174.200   1797.000      6.484          24.799                 2.42         60
      1          0               0     56.200    206.800      0.107           8.988                 1.13         10
      1          0               0     82.000    329.900      0.312          16.480                 1.23         20
      1          0               0    117.000    600.200      0.795          20.047                 1.52         30
      1          0               0     97.100    736.000      1.115          22.961                 1.75         40
      1          0               0    138.600   1154.900      2.456          22.982                 2.18         50
      1          0               0    150.400   1366.900      4.496          23.463                 2.56         60
      1          0               0    154.200    392.000      0.292           8.543                 1.18         10
      1          0               0    109.100    590.700      0.429          15.525                  1.3         20
      1          0               0    152.600   1298.700      1.025          22.452                 1.35         30
      1          0               0    138.200   1937.600      1.519          25.004                 1.61         40
      1          0               0    134.900   2072.500      2.611          26.136                 1.92         50
      1          0               0    129.000   2024.600      4.473          28.173                 2.14         60
      1          0               0     24.900    110.100      0.046           8.731                 1.15         10
      1          0               0     84.700    485.800      0.317          16.266                 1.24         20
      1          0               0     70.700    742.600      0.511          20.955                 1.46         30
      1          0               0     97.400    901.000      0.967          24.670                 1.63         40
      1          0               0     64.200    721.100      1.022          27.403                 1.84         50
      1          0               0    106.900   1236.000      2.391          27.588                 2.19         60
      1          0               0     66.800    218.000      0.125           8.290                 1.21         10
      1          0               0    148.400    686.000      0.589          14.943                 1.34         20
      1          0               0    156.400    649.800      1.162          20.089                  1.5         30
      1          0               0    123.900   1015.000      1.464          25.171                  1.6         40
      1          0               0    139.200   1196.200      2.472          26.177                 1.92         50
      1          0               0    100.100   1117.600      2.618          27.063                 2.25         60
      1          0               0     45.100    171.600      0.082           8.973                 1.13         10
      1          0               0     96.800    374.200      0.380          15.867                 1.27         20
      1          0               0    129.900    960.600      0.807          22.115                 1.37         30
      1          0               0    101.200   1119.000      1.176          24.031                 1.68         40
      1          0               0     94.900   1129.900      1.758          26.935                 1.87         50
      1          0               0     97.300   1536.400      3.753          26.148                 2.31         60
      1          0               0    137.500    598.500      0.263           8.817                 1.15         10
      1          0               0    149.400    973.400      0.560          16.856                 1.19         20
      1          0               0    131.500   1212.700      0.903          18.703                 1.61         30
      1          0               0    129.100   1130.100      1.411          23.462                 1.72         40
      1          0               0    117.300   1526.400      2.066          26.091                 1.93         50
      1          0               0    174.900   1605.200      4.252          28.959                 2.09         60
      1          0               0    140.000    455.400      0.269           8.133                 1.24         10
      1          0               0    166.700    629.300      0.632          15.965                 1.26         20
      1          0               0    135.300    957.900      0.848          21.334                 1.41         30
      1          0               0    157.900   1110.100      1.614          26.596                 1.52         40
      1          0               0    114.300   1429.200      1.917          28.220                 1.79         50
      1          0               0    150.300   1630.600      3.572          31.820                 1.89         60
      1          0               0     57.900    192.200      0.107           8.938                 1.13         10
      1          0               0    167.500    668.700      0.652          15.967                 1.26         20
      1          0               0    115.300    827.400      0.808          21.330                 1.42         30
      1          0               0    122.200    830.600      1.390          24.180                 1.67         40
      1          0               0    103.200   1039.000      2.114          22.472                 2.25         50
      1          0               0     91.900   1013.800      3.888          24.092                 2.51         60
      1          0               0    137.600    448.000      0.245           9.390                 1.07         10
      1          0               0    101.000    459.000      0.415          14.538                 1.39         20
      1          0               0    168.700   1054.300      1.498          18.932                 1.59         30
      1          0               0    156.700   1694.500      2.247          22.505                 1.79         40
      1          0               0    172.700   2133.900      4.274          26.771                 1.88         50
      1          0               0    159.700   2793.500      6.858          27.485                  2.2         60
      1          0               0    125.400    385.600      0.264           6.700                 1.52         10
      1          0               0    114.800    560.100      0.557          12.100                 1.67         20
      1          0               0     65.000    627.900      0.720          14.922                 2.04         30
      1          0               0    114.900    935.900      1.408          19.563                 2.06         40
      1          0               0    111.500   1505.300      2.469          21.728                 2.32         50
      1          0               0    138.000   1727.800      5.537          20.860                 2.91         60
      1          0               0     88.200    242.300      0.194           9.168                  1.1         10
      1          0               0     51.800    208.200      0.212          15.400                 1.31         20
      1          0               0     89.700    416.700      0.671          18.894                  1.6         30
      1          0               0     58.200    512.700      0.846          22.753                 1.77         40
      1          0               0     63.100    597.000      1.465          27.512                 1.83         50
      1          0               0     84.000    950.500      4.050          25.862                 2.33         60
      1          0               0    109.300    310.500      0.210           9.358                 1.07         10
      1          0               0    164.900    634.100      0.680          15.742                 1.27         20
      1          0               0    148.400    976.400      1.143          19.315                 1.56         30
      1          0               0    127.300   1316.800      1.551          22.743                 1.77         40
      1          0               0    145.400   1755.400      2.743          24.695                 2.03         50
      1          0               0    112.500   1536.200      3.095          26.131                 2.31         60
      1          0               0    155.800    576.500      0.324           8.417                  1.2         10
      1          0               0    147.400    638.200      0.625          16.170                 1.25         20
      1          0               0    124.200    662.700      0.807          22.877                 1.32         30
      1          0               0    135.000    736.200      1.390          28.405                 1.42         40
      1          0               0    129.700   1027.900      2.196          28.298                 1.77         50
      1          0               0    117.700   1188.100      2.964          30.531                 1.97         60
      1          0               0    117.400    335.700      0.244           9.099                 1.11         10
      1          0               0    106.500    367.000      0.453          17.361                 1.16         20
      1          0               0     59.500    433.700      0.436          19.254                 1.57         30
      1          0               0     92.200    878.500      1.057          24.348                 1.66         40
      1          0               0    109.600   1249.100      2.127          26.398                 1.91         50
      1          0               0    168.000   1760.600      4.585          29.611                 2.04         60
      1          0               0     77.400    363.400      0.151           8.200                 1.23         10
      1          0               0    125.300    726.100      0.570          14.397                 1.39         20
      1          0               0    206.100   1167.300      1.375          20.350                 1.48         30
      1          0               0    133.100   1193.900      1.446          25.844                 1.56         40
      1          0               0    180.100   1442.600      2.721          30.063                 1.67         50
      1          0               0    166.600   1471.100      3.472          31.980                 1.88         60
      1          0               0    127.900    399.600      0.262           7.454                 1.36         10
      1          0               0    144.400    906.600      0.596          14.780                 1.37         20
      1          0               0     93.200    641.700      0.641          21.517                  1.4         30
      1          0               0    102.100    617.900      1.254          23.190                 1.73         40
      1          0               0     88.000    674.100      1.436          26.498                  1.9         50
      1          0               0     86.600    823.700      3.626          25.529                 2.36         60
      1          0               0    104.800    414.600      0.204           8.844                 1.14         10
      1          0               0    136.700    542.000      0.550          16.879                 1.19         20
      1          0               0    208.500   1223.900      1.388          21.649                 1.39         30
      1          0               0    142.100   1217.000      1.565          25.615                 1.57         40
      1          0               0     79.100    994.300      2.140          25.718                 1.97         50
      1          0               0    184.600   2187.700      5.478          30.125                 2.02         60
      1          0               0     95.400    387.200      0.194           8.194                 1.23         10
      1          0               0     47.400    174.000      0.211          15.245                 1.32         20
      1          0               0    110.600    590.700      0.902          19.068                 1.58         30
      1          0               0    154.500   1428.400      2.372          21.064                 1.91         40
      1          0               0    163.000   1499.300      4.457          21.820                  2.3         50
      1          0               0    125.800   1495.000      4.745          25.572                 2.36         60
      1          0               0    168.000    536.900      0.331           8.712                 1.16         10
      1          0               0     93.100    485.100      0.373          17.421                 1.15         20
      1          0               0    136.400   1060.000      0.936          21.282                 1.42         30
      1          0               0    206.000   2198.200      2.250          24.850                 1.62         40
      1          0               0    192.800   2818.000      3.151          26.857                 1.87         50
      1          0               0    178.200   3326.100      4.533          27.957                 2.15         60
      1          0               0     81.700    286.100      0.158           8.741                 1.16         10
      1          0               0     75.900    628.900      0.339          14.602                 1.39         20
      1          0               0    131.300    894.000      0.913          22.197                 1.38         30
      1          0               0    166.900   1635.000      2.611          23.777                 1.71         40
      1          0               0    117.000   1582.400      2.494          27.116                 1.88         50
      1          0               0     87.900   1288.100      4.343          26.327                 2.35         60
      1          0               0    104.600    317.500      0.203           8.337                 1.22         10
      1          0               0    127.600    531.800      0.547          14.153                 1.42         20
      1          0               0     78.900    870.100      0.625          19.451                 1.55         30
      1          0               0    159.400   1837.400      1.886          23.587                  1.7         40
      1          0               0    114.800   1344.400      1.813          27.726                 1.83         50
      1          0               0     76.800    981.200      1.746          30.854                 1.97         60
      1          0               0    146.600    320.900      0.285           8.660                 1.16         10
      1          0               0    102.800    698.800      0.482          13.905                 1.44         20
      1          0               0     94.800    674.700      0.773          19.453                 1.55         30
      1          0               0     90.700    725.200      1.027          23.843                 1.68         40
      1          0               0    105.500    692.600      1.799          26.289                 1.91         50
      1          0               0    113.100   1236.400      3.329          27.297                 2.21         60
      1          0               0     51.600    124.400      0.101           8.609                 1.17         10
      1          0               0     82.300    433.900      0.344          15.825                 1.28         20
      1          0               0    118.800    752.200      0.854          22.324                 1.37         30
      1          0               0    195.800   1242.900      3.414          24.977                 1.62         40
      1          0               0    193.500   1826.600     10.132          24.611                 2.04         50
      1          0               0    102.700   1605.700      7.008          26.384                 2.29         60
      1          0               0     46.300    148.100      0.091           9.041                 1.12         10
      1          0               0    102.000    536.200      0.429          16.497                 1.22         20
      1          0               0    104.600    727.100      0.725          21.960                 1.38         30
      1          0               0     92.000    824.700      1.132          26.063                 1.57         40
      1          0               0     85.900   1035.500      1.592          25.767                 1.96         50
      1          0               0    145.200   1430.300      5.886          22.331                  2.7         60
      1          0               0     53.400    210.900      0.105           8.676                 1.16         10
      1          0               0    130.200    778.800      0.631          14.878                 1.35         20
      1          0               0    143.000    868.000      1.072          20.457                 1.47         30
      1          0               0     79.300    698.700      1.023          22.712                 1.77         40
      1          0               0    179.000   1411.200      3.067          27.401                 1.83         50
      1          0               0    117.700   1250.900      3.019          27.681                 2.18         60
      1          0               0    129.900    262.200      0.254           8.721                 1.15         10
      1          0               0    156.900    382.600      0.599          17.139                 1.17         20
      1          0               0    162.100    713.300      1.050          21.637                 1.39         30
      1          0               0    128.000    940.600      1.249          26.998                 1.49         40
      1          0               0    126.900   1103.200      2.346          27.517                 1.82         50
      1          0               0    117.700   1566.900      4.125          29.850                 2.02         60
      1          0               0     83.600    275.600      0.166           8.246                 1.23         10
      1          0               0    147.100    640.300      0.604          16.360                 1.24         20
      1          0               0    133.500   1277.100      1.087          20.567                 1.47         30
      1          0               0    175.700   1513.300      2.149          24.866                 1.62         40
      1          0               0    167.600   2081.900      4.143          26.710                 1.91         50
      1          0               0    130.700   2269.400      7.419          24.909                 2.44         60
      1          0               0     43.500    131.300      0.084           9.244                 1.08         10
      1          0               0    179.100    519.300      0.733          14.677                 1.37         20
      1          0               0     91.300    545.000      0.626          18.754                 1.61         30
      1          0               0     75.200    712.200      0.889          22.493                 1.78         40
      1          0               0    103.100   1073.700      1.654          25.565                 1.97         50
      1          0               0    105.600   1280.300      2.638          27.316                 2.21         60
      1          0               0    104.400    344.900      0.209           9.070                 1.12         10
      1          0               0     66.300    369.600      0.360          14.068                 1.43         20
      1          0               0    111.200    669.000      1.196          18.072                 1.67         30
      1          0               0    118.800    901.500      1.765          20.678                 1.94         40
      1          0               0    133.600   1210.800      2.920          22.266                 2.26         50
      1          0               0    117.000   1215.900      5.187          20.450                 2.98         60
      1          0               0    102.800    276.900      0.197           9.586                 1.05         10
      1          0               0     88.800    386.500      0.361          15.901                 1.27         20
      1          0               0     70.600    624.700      0.487          22.371                 1.37         30
      1          0               0    100.600    703.300      1.045          26.936                  1.5         40
      1          0               0    101.100   1114.200      2.109          28.868                 1.76         50
      1          0               0     91.100   1230.300      3.356          28.134                 2.15         60
      1          0               0     82.900    233.500      0.170           8.023                 1.27         10
      1          0               0    122.700    582.100      0.514          14.582                 1.38         20
      1          0               0     75.500    812.900      0.583          19.285                 1.59         30
      1          0               0     88.200    757.800      1.039          21.999                 1.83         40
      1          0               0    191.700   1797.600      2.930          26.212                 1.92         50
      1          0               0    160.100   2121.800      5.804          24.644                 2.48         60
      1          0               0    117.500    217.900      0.227           9.665                 1.04         10
      1          0               0    176.500    816.000      0.710          16.862                 1.19         20
      1          0               0    112.700    451.800      0.770          20.701                 1.46         30
      1          0               0    180.100   1019.200      2.400          21.552                 1.87         40
      1          0               0    179.100   1208.000      4.247          22.018                 2.28         50
      1          0               0    178.100   1980.000      6.855          19.375                  3.1         60
      1          0               0     57.500    172.500      0.112           9.184                  1.1         10
      1          0               0    102.600    463.900      0.435          15.982                 1.26         20
      1          0               0    147.900    813.900      1.078          22.158                 1.37         30
      1          0               0    106.500    732.500      1.454          23.889                 1.69         40
      1          0               0     96.300   1161.200      2.891          25.193                 2.02         50
      1          0               0     86.300   1166.400      3.073          29.286                 2.07         60
      1          0               0     96.100    524.500      0.201           7.736                 1.32         10
      1          0               0    148.300    793.900      0.674          12.813                 1.57         20
      1          0               0     95.300    697.700      0.800          16.775                  1.8         30
      1          0               0     74.700    707.100      1.014          21.193                 1.91         40
      1          0               0     98.100   1189.100      2.699          22.456                 2.25         50
      1          0               0    134.500   1904.200      5.222          24.710                 2.45         60
      1          0               0     87.400    289.600      0.173           8.637                 1.16         10
      1          0               0     63.100    292.800      0.329          12.173                 1.66         20
      1          0               0    107.000    972.500      0.936          16.207                 1.88         30
      1          0               0    118.300   1202.700      1.544          22.292                 1.81         40
      1          0               0    124.200   1535.800      2.849          25.959                 1.94         50
      1          0               0    128.800   1449.800      4.630          24.644                 2.45         60
      1          0               0    181.100    409.500      0.380           7.895                 1.27         10
      1          0               0    141.200    468.800      0.603          15.767                 1.27         20
      1          0               0    173.000    709.200      1.102          24.519                 1.23         30
      1          0               0    131.600    771.900      1.294          26.571                 1.51         40
      1          0               0    111.100    822.300      1.560          29.529                  1.7         50
      1          0               0    119.200   1049.400      2.663          27.576                 2.18         60
      1          0               0    123.400    472.500      0.241           8.911                 1.13         10
      1          0               0    196.700    935.900      0.771          17.844                 1.13         20
      1          0               0    151.800    806.300      0.957          22.801                 1.32         30
      1          0               0    215.800   1848.100      2.073          26.804                  1.5         40
      1          0               0    151.800   1397.800      2.471          28.489                 1.76         50
      1          0               0     92.500    830.500      2.307          29.051                 2.07         60
      1          0               0    172.700    388.900      0.330           9.445                 1.07         10
      1          0               0    193.200    556.600      0.751          17.249                 1.16         20
      1          0               0    169.700   1131.900      1.185          21.224                 1.42         30
      1          0               0    155.200   1700.700      1.833          22.771                 1.77         40
      1          0               0     82.400    755.500      1.668          25.374                 1.98         50
      1          0               0     72.800    772.100      2.284          25.971                 2.32         60
      1          0               0     30.200    133.300      0.058           9.166                  1.1         10
      1          0               0     34.200    187.800      0.151          14.681                 1.38         20
      1          0               0    136.700    767.500      0.926          21.637                 1.39         30
      1          0               0     79.900    605.500      0.928          23.322                 1.72         40
      1          0               0     71.900    582.500      1.406          26.182                 1.92         50
      1          0               0     84.000    750.800      4.445          24.626                 2.44         60
      1          0               0    104.800    370.900      0.208           8.595                 1.18         10
      1          0               0     63.100    492.200      0.253          16.840                  1.2         20
      1          0               0     92.600    700.500      0.604          22.516                 1.34         30
      1          0               0    134.700    913.200      1.282          27.425                 1.47         40
      1          0               0    106.300    869.400      1.697          26.500                 1.91         50
      1          0               0    135.500   1374.900      3.358          28.084                 2.15         60
      1          0               0    118.300    328.500      0.265           9.541                 1.05         10
      1          0               0    215.900    922.700      0.830          19.036                 1.05         20
      1          0               0    210.000   1138.000      1.302          24.023                 1.25         30
      1          0               0    130.000   1169.800      1.253          25.459                 1.58         40
      1          0               0     94.800   1147.400      1.348          29.133                 1.72         50
      1          0               0     86.600   1247.900      2.004          28.778                 2.09         60
      1          0               0    157.700    595.700      0.311           8.984                 1.13         10
      1          0               0    120.100    694.100      0.506          15.888                 1.27         20
      1          0               0    147.300    839.100      1.178          18.249                 1.65         30
      1          0               0    126.000    729.100      1.439          23.078                 1.74         40
      1          0               0    132.200   1258.500      2.215          26.714                 1.89         50
      1          0               0    128.500   1193.700      3.355          27.752                 2.18         60
      1          0               0    152.600    395.200      0.301           9.509                 1.06         10
      1          0               0    110.900    853.400      0.485          13.858                 1.45         20
      1          0               0    137.700   1038.300      1.036          18.883                  1.6         30
      1          0               0     74.300    580.200      0.839          23.764                 1.69         40
      1          0               0    135.500   1339.700      2.249          27.517                 1.83         50
      1          0               0    103.900   1362.000      2.634          29.446                 2.05         60
      1          0               0     74.900    186.100      0.150           9.543                 1.05         10
      1          0               0     89.700    389.400      0.413          15.698                 1.28         20
      1          0               0     58.400    516.400      0.560          19.217                 1.58         30
      1          0               0     89.900    707.000      1.221          23.617                 1.71         40
      1          0               0     85.300    953.400      2.746          24.141                 2.11         50
      1          0               0    151.500   1372.200      8.799          25.199                 2.43         60
      1          0               0     86.500    350.400      0.170           8.578                 1.18         10
      1          0               0    203.700    868.600      0.789          16.729                  1.2         20
      1          0               0    158.900    403.200      1.066          21.957                 1.37         30
      1          0               0    101.600    986.800      1.506          22.092                 1.82         40
      1          0               0    112.100   1221.000      2.465          22.864                  2.2         50
      1          0               0    104.100   1424.500      4.257          23.575                 2.56         60
      1          0               0     99.100    514.000      0.199           7.393                 1.38         10
      1          0               0    117.400    835.200      0.478          14.604                 1.38         20
      1          0               0    123.000    792.900      0.839          18.263                 1.66         30
      1          0               0    121.400    936.900      1.330          23.785                 1.69         40
      1          0               0    186.000   1617.300      4.087          24.063                 2.09         50
      1          0               0    118.500   1633.800      4.435          25.173                 2.39         60
      1          0               0    136.800    523.800      0.266           8.462                 1.19         10
      1          0               0    207.600    821.300      0.867          17.491                 1.16         20
      1          0               0    161.500   1022.600      0.993          25.181                  1.2         30
      1          0               0    110.300    668.900      1.207          26.050                 1.55         40
      1          0               0    155.300   1284.300      2.563          28.567                 1.75         50
      1          0               0    181.900   1455.600      5.299          29.561                 2.03         60
      1          0               0    142.200    368.600      0.275           8.495                 1.18         10
      1          0               0     91.700    434.000      0.394          15.081                 1.34         20
      1          0               0    207.700   1496.400      1.385          20.636                 1.46         30
      1          0               0    217.400   1889.600      2.686          22.052                 1.83         40
      1          0               0    149.600   1607.100      2.992          25.523                 1.97         50
      1          0               0    154.100   1321.600      6.662          23.899                 2.52         60
      1          0               0    140.900    495.500      0.358           7.312                 1.43         10
      1          0               0    106.200    581.000      0.484          14.362                  1.4         20
      1          0               0    131.800    864.000      0.946          20.146                  1.5         30
      1          0               0     92.800    876.400      1.078          22.713                 1.78         40
      1          0               0    113.700    840.900      1.883          25.444                 1.98         50
      1          0               0     80.400   1057.200      2.819          27.045                 2.27         60
      1          0               0    111.800    425.300      0.218           8.712                 1.16         10
      1          0               0     76.100    395.000      0.322          15.327                 1.31         20
      1          0               0    165.600    880.700      1.191          18.933                 1.59         30
      1          0               0    174.300   1143.900      2.062          22.372                 1.79         40
      1          0               0    100.300    993.800      2.084          24.107                 2.09         50
      1          0               0    132.400   1619.400      4.272          28.386                 2.13         60
      1          0               0     46.300    173.800      0.091           9.013                 1.12         10
      1          0               0    104.100    672.900      0.428          14.873                 1.35         20
      1          0               0     91.400    828.000      0.682          18.605                 1.63         30
      1          0               0     88.200    989.300      1.112          23.400                 1.72         40
      1          0               0    134.300   1749.300      2.467          25.778                 1.95         50
      1          0               0     80.800   1116.300      2.361          28.198                 2.15         60
      1          0               0     57.300    249.200      0.114           8.531                 1.18         10
      1          0               0     72.400    264.500      0.311          14.128                 1.43         20
      1          0               0     83.800    436.000      0.680          19.700                 1.54         30
      1          0               0    145.400    745.300      1.832          20.790                 1.93         40
      1          0               0    121.800    766.700      2.231          26.289                 1.91         50
      1          0               0    117.000    972.500      3.092          29.510                 2.04         60
      1          0               0    103.000    399.200      0.207           8.070                 1.25         10
      1          0               0    141.000    324.900      0.604          13.370                  1.5         20
      1          0               0    134.800   1045.300      1.180          15.086                 2.01         30
      1          0               0    114.300    999.600      1.620          21.170                  1.9         40
      1          0               0     98.600   1226.800      2.640          22.682                 2.22         50
      1          0               0    103.500   1397.300      4.277          26.801                 2.25         60
      1          0               0     19.100     79.600      0.037           9.382                 1.07         10
      1          0               0    166.700    913.200      0.689          15.824                 1.27         20
      1          0               0    180.000   1560.200      1.221          21.139                 1.43         30
      1          0               0    180.300   1026.300      2.060          23.378                 1.72         40
      1          0               0    151.700   1693.600      2.593          26.314                 1.91         50
      1          0               0    119.300   1639.700      3.558          27.875                 2.17         60
      1          0               0    157.500    575.700      0.311           9.036                 1.12         10
      1          0               0     79.500    379.000      0.344          14.370                  1.4         20
      1          0               0    155.100    723.100      1.117          21.014                 1.43         30
      1          0               0    116.000   1204.300      1.355          23.244                 1.73         40
      1          0               0    153.100   1585.200      2.579          25.960                 1.94         50
      1          0               0     93.000   1232.400      3.030          24.343                 2.49         60
      1          0               0     71.900    293.400      0.164           8.121                 1.26         10
      1          0               0    142.600    555.600      0.735          13.863                 1.46         20
      1          0               0    144.600    665.500      1.186          19.898                 1.52         30
      1          0               0    120.400   1104.300      1.522          21.355                 1.89         40
      1          0               0    161.700   1445.700      3.106          25.077                 2.01         50
      1          0               0    177.600   1478.000      4.427          26.937                 2.24         60
      1          0               0     99.900    202.900      0.192           8.900                 1.13         10
      1          0               0    216.700   1077.500      0.899          16.253                 1.23         20
      1          0               0    177.600   1587.500      1.182          22.959                 1.31         30
      1          0               0    156.600   1885.800      1.907          24.157                 1.66         40
      1          0               0    135.900   2114.800      2.891          23.213                 2.16         50
      1          0               0    130.100   1314.900      3.772          26.847                 2.25         60
      1          0               0     83.200    270.900      0.162           8.636                 1.17         10
      1          0               0     93.800    551.300      0.427          12.860                 1.56         20
      1          0               0    142.400   1027.600      1.385          16.565                 1.84         30
      1          0               0    131.900   1075.500      2.007          20.619                 1.98         40
      1          0               0    144.200   1205.500      4.322          22.130                 2.33         50
      1          0               0    135.700   1258.900      8.183          27.489                 2.19         60
      1          0               0     77.700    294.100      0.152           8.427                  1.2         10
      1          0               0     97.200    475.600      0.539          12.513                 1.62         20
      1          0               0     58.100    539.200      0.686          16.737                 1.82         30
      1          0               0    170.200   1004.400      2.166          21.474                 1.88         40
      1          0               0     80.600    706.000      1.596          24.978                 2.01         50
      1          0               0     33.700    565.300      1.202          25.267                  2.4         60
      1          0               0    170.500    509.600      0.334           8.825                 1.14         10
      1          0               0    161.400    856.900      0.674          15.171                 1.33         20
      1          0               0    183.100    710.600      1.164          23.329                 1.29         30
      1          0               0    126.000   1041.700      1.365          24.500                 1.64         40
      1          0               0    118.700   1225.300      1.907          27.990                  1.8         50
      1          0               0     88.700   1024.000      4.142          26.957                 2.24         60
      1          0               0    179.700    527.100      0.349           9.237                 1.09         10
      1          0               0    149.500    654.100      0.591          18.603                 1.09         20
      1          0               0    151.500    763.300      0.954          24.354                 1.25         30
      1          0               0    181.100    967.400      1.912          27.549                 1.46         40
      1          0               0    108.000    871.700      2.104          28.338                 1.77         50
      1          0               0     98.300   1305.200      3.075          29.665                 2.03         60
      1          0               0    138.400    281.600      0.263           9.557                 1.05         10
      1          0               0    247.800    827.800      1.008          15.431                  1.3         20
      1          0               0    111.200    664.700      0.775          21.105                 1.43         30
      1          0               0    224.100   1739.100      2.765          25.104                  1.6         40
      1          0               0    109.900   1129.400      2.145          26.943                 1.86         50
      1          0               0    168.500   1619.500      4.335          28.890                 2.09         60
      1          0               0    149.300    261.600      0.290           8.646                 1.16         10
      1          0               0    164.300    960.600      0.672          14.641                 1.38         20
      1          0               0    168.100   1275.200      1.406          16.863                 1.82         30
      1          0               0    137.300   1348.500      1.833          19.422                 2.07         40
      1          0               0    198.600   2382.100      4.456          22.212                 2.27         50
      1          0               0    181.200   2457.000      6.934          22.825                 2.64         60
      1          0               0     41.400    152.200      0.080           9.205                  1.1         10
      1          0               0    201.900    850.000      0.778          18.110                 1.11         20
      1          0               0    102.200    631.800      0.791          17.892                  1.7         30
      1          0               0    126.100   1013.300      1.594          21.733                 1.86         40
      1          0               0    154.500   1390.900      3.209          25.539                 1.97         50
      1          0               0    168.000   1633.700      8.943          24.305                 2.48         60
      1          0               0    142.600    478.000      0.280           9.042                 1.12         10
      1          0               0    116.900    569.800      0.525          16.338                 1.24         20
      1          0               0    102.500    704.000      0.726          21.495                 1.41         30
      1          0               0     80.300    637.500      0.858          24.836                 1.61         40
      1          0               0    123.100    808.600      1.880          29.747                 1.69         50
      1          0               0    124.400   1350.800      3.214          28.927                 2.09         60
      1          0               0    196.000    291.300      0.379           8.777                 1.14         10
      1          0               0    162.500    855.600      0.654          16.015                 1.26         20
      1          0               0    113.900    606.100      0.783          21.788                 1.39         30
      1          0               0     75.100    597.200      0.876          24.691                 1.65         40
      1          0               0    143.400    760.000      2.011          29.103                 1.73         50
      1          0               0    116.400    965.500      2.397          28.957                 2.09         60
      1          0               0     85.400    197.800      0.165           9.150                  1.1         10
      1          0               0    171.800    616.600      0.724          14.398                 1.41         20
      1          0               0    136.800    745.100      1.095          17.634                 1.73         30
      1          0               0    119.000    857.800      1.570          21.649                 1.86         40
      1          0               0    126.900   1660.800      3.031          23.416                 2.16         50
      1          0               0    179.800   2764.800      6.200          26.910                 2.24         60
      1          0               0    112.200    289.600      0.221           8.920                 1.14         10
      1          0               0     80.500    525.500      0.363          15.523                 1.31         20
      1          0               0     97.100    765.900      0.753          19.692                 1.57         30
      1          0               0     81.200    674.300      1.109          23.691                  1.7         40
      1          0               0    121.500   1377.300      2.730          26.880                 1.87         50
      1          0               0     74.400    860.600      2.886          28.731                 2.11         60
      1          0               0     82.200    305.500      0.163           8.370                 1.21         10
      1          0               0    118.400    771.900      0.586          14.410                  1.4         20
      1          0               0     89.700    644.200      0.732          18.162                 1.66         30
      1          0               0     94.600    841.400      1.342          20.847                 1.93         40
      1          0               0     85.400   1310.600      2.261          25.645                 1.96         50
      1          0               0     79.400   1248.300      2.853          26.961                 2.24         60
      1          0               0    151.600    445.100      0.308           7.888                 1.28         10
      1          0               0    234.400   1157.000      1.014          15.342                 1.31         20
      1          0               0    149.100   1388.300      1.062          22.062                 1.37         30
      1          0               0    171.000   1332.700      1.624          26.299                 1.53         40
      1          0               0    144.700   1323.600      2.059          30.312                 1.66         50
      1          0               0    219.200   1906.800      4.270          31.642                  1.9         60
      1          0               0    140.900    410.800      0.269           9.353                 1.08         10
      1          0               0    186.800    675.100      0.863          13.410                  1.5         20
      1          0               0    156.600    997.900      1.577          15.934                 1.91         30
      1          0               0    106.900    965.400      2.084          18.197                 2.21         40
      1          0               0    138.000   1215.700      3.284          22.227                 2.28         50
      1          0               0     92.400   1042.700      3.788          23.845                 2.55         60
      1          0               0     93.800    226.900      0.182           9.226                  1.1         10
      1          0               0    129.800    582.400      0.509          18.109                 1.11         20
      1          0               0    184.400    805.900      1.186          24.245                 1.25         30
      1          0               0     56.300    533.000      0.582          28.600                 1.41         40
      1          0               0    160.700   1749.900      3.426          27.219                 1.84         50
      1          0               0     74.200    780.900      2.211          26.345                 2.29         60
      1          0               0    220.100    512.700      0.442           9.205                 1.11         10
      1          0               0    181.900    849.500      0.742          16.304                 1.25         20
      1          0               0    228.900   1586.700      1.561          21.586                  1.4         30
      1          0               0    156.700   1923.000      1.835          23.890                  1.7         40
      1          0               0    116.200   1631.500      2.214          25.533                 1.98         50
      1          0               0    251.000   3757.200      6.325          28.002                 2.16         60
      1          0               0    143.800    371.600      0.290           8.992                 1.13         10
      1          0               0    165.500    694.600      0.678          15.879                 1.27         20
      1          0               0     95.100    567.200      0.610          22.146                 1.36         30
      1          0               0    141.900   1556.500      2.042          21.117                  1.9         40
      1          0               0    194.300   1777.800      3.455          25.715                 1.95         50
      1          0               0    153.300   2133.400      4.317          29.593                 2.04         60
      1          0               0    104.600    357.100      0.213           7.474                 1.36         10
      1          0               0    188.300    997.700      0.774          14.557                 1.38         20
      1          0               0    147.900   1376.500      1.022          19.832                 1.52         30
      1          0               0    180.700   1945.100      1.895          26.012                 1.55         40
      1          0               0    153.200   1507.400      2.238          29.275                 1.72         50
      1          0               0    114.600   1207.800      2.738          29.748                 2.04         60
      1          0               0     95.100    264.600      0.184           9.490                 1.06         10
      1          0               0    188.000    527.100      0.727          17.385                 1.15         20
      1          0               0    193.000    884.100      1.212          23.934                 1.26         30
      1          0               0    170.800   1382.100      2.143          24.902                 1.61         40
      1          0               0    152.800   1450.200      2.814          27.917                  1.8         50
      1          0               0    182.300   1629.800      4.600          28.956                 2.08         60
      1          0               0     82.100    294.100      0.163           8.855                 1.15         10
      1          0               0    109.100    674.700      0.448          16.746                 1.21         20
      1          0               0    201.200   1224.100      1.345          22.893                 1.32         30
      1          0               0    113.200    681.000      1.379          25.018                 1.61         40
      1          0               0    116.000    713.400      2.408          27.381                 1.84         50
      1          0               0     91.200   1025.600      5.736          24.959                 2.43         60
      1          0               0    105.700    265.700      0.204           8.744                 1.15         10
      1          0               0     93.700    496.700      0.411          14.372                  1.4         20
      1          0               0     87.700    688.000      0.700          17.383                 1.75         30
      1          0               0     86.100    605.700      1.093          18.734                 2.14         40
      1          0               0     77.700    604.400      1.351          21.230                 2.37         50
      1          0               0     73.100    847.800      2.044          20.996                 2.89         60
      1          0               0     95.200    331.600      0.187           8.418                 1.19         10
      1          0               0     98.400    477.400      0.472          13.035                 1.57         20
      1          0               0    155.400   1050.600      1.177          19.165                 1.57         30
      1          0               0    126.000   1028.100      1.614          24.192                 1.66         40
      1          0               0    142.400   1218.800      2.927          28.202                 1.78         50
      1          0               0    120.300    962.300      3.789          31.429                 1.93         60
      1          0               0    119.700    489.300      0.258           6.284                 1.68         10
      1          0               0    157.900    880.300      0.764          13.256                 1.56         20
      1          0               0    120.400    889.500      1.007          19.529                 1.57         30
      1          0               0    102.500   1120.600      1.407          22.874                 1.76         40
      1          0               0    126.600   1617.900      3.479          24.847                 2.02         50
      1          0               0    140.000   2162.500      7.091          23.486                 2.56         60
      1          0               0     80.900    302.200      0.158           9.337                 1.08         10
      1          0               0    102.000    452.500      0.434          15.922                 1.28         20
      1          0               0     82.500    698.600      0.686          19.895                 1.52         30
      1          0               0    108.300   1062.200      1.202          27.056                 1.49         40
      1          0               0    101.400   1351.800      1.713          28.805                 1.75         50
      1          0               0     90.300   1263.800      2.122          29.920                 2.02         60
      1          0               0    167.900    354.800      0.326           9.393                 1.07         10
      1          0               0     77.600    323.400      0.362          15.512                  1.3         20
      1          0               0    143.500   1037.900      1.038          21.337                 1.41         30
      1          0               0    146.900   1408.100      1.532          26.688                 1.51         40
      1          0               0    149.700   1323.700      3.231          25.614                 1.96         50
      1          0               0     98.800   1455.300      4.482          24.902                 2.43         60
      1          0               0    167.700    364.200      0.328           8.589                 1.17         10
      1          0               0    179.600    563.000      0.711          16.519                 1.22         20
      1          0               0    149.900   1007.700      1.060          20.149                 1.51         30
      1          0               0    148.800    710.600      1.523          26.198                 1.55         40
      1          0               0    104.100    982.900      1.718          29.513                 1.71         50
      1          0               0     94.200   1266.700      2.760          28.013                 2.17         60
      1          0               0     65.600    138.600      0.127           9.502                 1.06         10
      1          0               0    107.200    467.000      0.428          17.607                 1.14         20
      1          0               0     89.900    881.400      0.684          22.031                 1.37         30
      1          0               0    113.800   1154.600      1.335          25.071                 1.61         40
      1          0               0     66.300    795.100      1.175          27.184                 1.86         50
      1          0               0     48.500    650.400      2.070          24.942                 2.43         60
      1          0               0     65.300    242.200      0.136           7.766                 1.31         10
      1          0               0     30.900    165.300      0.125          17.084                 1.17         20
      1          0               0    145.200    572.300      1.007          20.849                 1.44         30
      1          0               0     60.100    560.600      0.850          22.424                 1.79         40
      1          0               0    122.900    910.300      2.741          25.619                 1.96         50
      1          0               0     63.000    768.900      1.873          25.173                  2.4         60
      1          0               0     63.000    264.000      0.122           9.365                 1.08         10
      1          0               0     97.100    511.600      0.424          13.755                 1.46         20
      1          0               0    145.200   1028.900      1.230          17.559                 1.72         30
      1          0               0     95.900    864.200      1.432          20.071                 2.01         40
      1          0               0     92.200    951.000      4.120          20.725                 2.42         50
      1          0               0     99.900   1036.800      6.189          22.324                  2.7         60
      1          0               0    165.700    607.000      0.315           8.311                 1.22         10
      1          0               0    162.000    577.700      0.654          14.488                 1.38         20
      1          0               0    206.200   1303.900      1.381          21.447                 1.41         30
      1          0               0    189.000   1732.300      2.278          24.559                 1.65         40
      1          0               0    173.000   1693.200      3.244          24.631                 2.04         50
      1          0               0    110.500   1409.600      4.142          21.793                 2.77         60
      1          0               0     90.600    175.900      0.170           9.035                 1.11         10
      1          0               0     98.000    357.200      0.376          16.486                 1.23         20
      1          0               0    176.400   1116.600      1.699          18.524                 1.62         30
      1          0               0    165.200    978.200      2.336          21.633                 1.85         40
      1          0               0     75.900    928.100      1.937          21.877                 2.31         50
      1          0               0    100.000   1214.000      3.586          23.376                 2.58         60
      1          0               0     77.100    294.800      0.145           9.101                 1.11         10
      1          0               0     73.900    562.700      0.390          11.344                 1.79         20
      1          0               0    137.800    922.200      1.421          14.792                 2.04         30
      1          0               0     97.100    943.300      2.195          19.786                 2.03         40
      1          0               0     76.600   1285.700      3.308          22.023                 2.28         50
      1          0               0     90.300   1382.700      4.123          23.965                 2.52         60
      1          0               0     76.000    314.600      0.144           8.913                 1.13         10
      1          0               0     90.200    452.800      0.392          15.041                 1.36         20
      1          0               0    101.400    814.400      0.715          20.811                 1.46         30
      1          0               0    174.100   1431.300      1.815          26.091                 1.55         40
      1          0               0    157.500   1352.100      2.626          29.570                 1.71         50
      1          0               0    151.300   2210.700      4.824          27.260                 2.22         60
      1          0               0    102.700    221.800      0.194           9.476                 1.06         10
      1          0               0    162.300    473.600      0.615          16.962                 1.19         20
      1          0               0     57.000    392.900      0.373          21.735                 1.39         30
      1          0               0    122.100    829.200      1.249          24.878                 1.62         40
      1          0               0    149.300   1671.700      2.358          26.559                 1.89         50
      1          0               0    123.900   1643.600      3.177          27.195                 2.22         60
      1          0               0     63.800    200.600      0.118           9.342                 1.08         10
      1          0               0    143.600    545.800      0.546          16.904                 1.19         20
      1          0               0    179.700    748.200      1.216          20.850                 1.45         30
      1          0               0    176.600   1111.800      1.677          25.283                 1.59         40
      1          0               0     84.200   1028.900      1.615          22.449                 2.26         50
      1          0               0     88.200   1326.400      3.187          23.629                 2.57         60
      1          0               0     87.800    256.900      0.163           9.213                 1.09         10
      1          0               0    140.300   1124.800      0.571          15.952                 1.27         20
      1          0               0    169.100   1723.000      1.129          21.940                 1.38         30
      1          0               0    154.100   1273.400      1.787          25.564                 1.59         40
      1          0               0     87.500   1216.700      2.301          22.819                 2.22         50
      1          0               0    134.300   2013.800      5.160          24.913                 2.42         60
      1          0               0    106.400    382.600      0.203           8.552                 1.18         10
      1          0               0    110.300    581.000      0.436          15.198                 1.32         20
      1          0               0    174.400   1277.700      1.088          22.339                 1.35         30
      1          0               0    140.600   1142.500      1.515          23.078                 1.75         40
      1          0               0     67.900    949.800      1.428          25.146                  2.0         50
      1          0               0     54.400    906.600      2.012          25.647                 2.37         60
      1          0               0    129.800    498.600      0.248           8.638                 1.19         10
      1          0               0    181.300    936.500      0.749          14.871                 1.35         20
      1          0               0    166.000   1074.300      1.677          19.361                 1.56         30
      1          0               0    130.800   1076.200      2.754          19.998                 2.01         40
      1          0               0    130.100   1766.600      3.925          21.890                 2.29         50
      1          0               0    107.500   1514.900      6.328          24.725                 2.44         60
      1          0               0    190.100    482.300      0.352           9.524                 1.06         10
      1          0               0     78.400    529.500      0.385          14.101                 1.45         20
      1          0               0    128.600    876.000      1.164          19.536                 1.55         30
      1          0               0     91.300    867.700      1.569          19.445                 2.07         40
      1          0               0    122.100   1738.300      3.912          18.993                 2.64         50
      1          0               0    130.800   1258.900      7.343          21.686                 2.79         60
      1          0               0     84.900    274.900      0.158           9.134                 1.13         10
      1          0               0    120.500    607.100      0.470          17.426                 1.17         20
      1          0               0    157.900    935.700      1.036          22.206                 1.36         30
      1          0               0    147.800   1261.600      1.572          24.681                 1.63         40
      1          0               0    172.200   1741.800      2.788          28.129                 1.79         50
      1          0               0    139.400   1347.900      3.558          27.377                  2.2         60
      1          0               0     72.700    237.600      0.137           8.887                 1.15         10
      1          0               0    150.200   1004.400      0.610          16.203                 1.25         20
      1          0               0    188.700   1073.200      1.190          21.453                 1.41         30
      1          0               0    148.800   1439.600      1.581          25.506                 1.58         40
      1          0               0    144.500   1621.000      3.501          25.222                 1.99         50
      1          0               0    122.300   1653.900      4.090          28.144                 2.14         60
      1          0               0    177.900    640.300      0.328           9.391                 1.07         10
      1          0               0    206.200    580.400      0.787          16.195                 1.24         20
      1          0               0    215.800   1071.400      1.477          21.066                 1.43         30
      1          0               0    159.900   1551.200      1.727          25.033                 1.61         40
      1          0               0    177.800   1598.200      3.444          27.542                 1.83         50
      1          0               0    120.100   1597.000      3.402          31.494                 1.92         60
      1          0               0    107.300    285.000      0.207           8.049                 1.26         10
      1          0               0    103.200    407.100      0.397          16.311                 1.23         20
      1          0               0     70.100    507.400      0.449          22.100                 1.36         30
      1          0               0     84.300    819.700      0.928          26.065                 1.54         40
      1          0               0    176.300   2271.000      3.065          27.011                 1.86         50
      1          0               0    115.700    989.700      3.569          26.329                  2.3         60
      1          0               0     58.200    205.400      0.108           8.629                 1.17         10
      1          0               0     61.300    313.800      0.253          15.576                 1.31         20
      1          0               0     77.300    465.200      0.506          21.578                 1.42         30
      1          0               0     92.900    747.300      1.333          20.307                 1.99         40
      1          0               0     67.800    624.900      1.582          22.937                 2.22         50
      1          0               0    111.800    926.100      4.912          24.252                 2.51         60
      1          0               0    176.400    502.600      0.321           9.459                 1.06         10
      1          0               0    177.300   1301.000      0.711          15.401                 1.31         20
      1          0               0    140.200   1469.100      1.011          20.902                 1.45         30
      1          0               0    145.800   1611.500      1.672          24.709                 1.64         40
      1          0               0    171.900   1683.700      2.561          27.545                 1.82         50
      1          0               0    162.200   1922.100      3.717          27.450                 2.19         60
      1          0               0    199.700    571.100      0.369           9.124                 1.12         10
      1          0               0    133.900    612.100      0.570          15.382                 1.31         20
      1          0               0    167.100   1196.200      1.836          17.045                 1.79         30
      1          0               0    188.100   1647.100      3.443          21.151                 1.91         40
      1          0               0    165.300   1817.000      4.713          24.555                 2.06         50
      1          0               0    169.800   2239.200      8.666          24.191                  2.5         60
      1          0               0     70.800    281.400      0.132           8.418                  1.2         10
      1          0               0     94.100    525.900      0.391          13.874                 1.45         20
      1          0               0     93.800    608.700      0.642          20.113                  1.5         30
      1          0               0     76.600    810.100      0.930          21.112                 1.91         40
      1          0               0    139.100   1115.200      2.221          23.451                 2.14         50
      1          0               0     93.000   1112.000      2.952          21.228                 2.86         60
      1          0               0    218.000    589.500      0.390           9.366                 1.08         10
      1          0               0    198.400    906.900      0.793          16.455                 1.22         20
      1          0               0    146.500    685.000      0.939          25.165                 1.21         30
      1          0               0    119.200   1005.100      1.213          26.102                 1.54         40
      1          0               0    101.800    861.400      1.475          33.104                 1.52         50
      1          0               0     87.900    973.000      1.967          33.166                 1.83         60
      1          0               0    102.000    442.000      0.191           8.497                 1.19         10
      1          0               0     82.300    429.300      0.311          17.095                 1.18         20
      1          0               0    120.900    642.400      0.745          23.083                 1.32         30
      1          0               0    113.200    694.900      1.010          28.952                  1.4         40
      1          0               0    106.200    834.100      1.439          30.784                 1.65         50
      1          0               0    125.300   1349.700      2.992          29.504                 2.04         60
      1          0               0    109.400    189.500      0.207           8.724                 1.15         10
      1          0               0    160.800    539.500      0.612          16.670                 1.21         20
      1          0               0    145.700   1083.900      0.916          21.711                 1.39         30
      1          0               0    125.700    963.600      1.227          25.421                 1.58         40
      1          0               0    158.500   1211.600      2.624          25.750                 1.96         50
      1          0               0    141.200   1276.200      3.383          26.261                 2.29         60
      1          0               0     95.400    460.900      0.178           8.704                 1.16         10
      1          0               0     71.600    598.700      0.303          13.232                 1.54         20
      1          0               0    107.400    635.500      0.720          20.303                 1.48         30
      1          0               0    126.700   1155.900      1.385          25.050                  1.6         40
      1          0               0    159.300   1688.400      3.049          25.590                 1.96         50
      1          0               0    174.400   1645.700      4.304          29.960                 2.02         60
      1          0               0     85.700    503.600      0.184           7.223                 1.45         10
      1          0               0    152.900    752.100      0.616          15.802                 1.27         20
      1          0               0     93.000    797.600      0.715          19.137                 1.58         30
      1          0               0     89.500    921.800      1.127          22.155                 1.81         40
      1          0               0     97.600   1036.800      4.270          23.238                 2.16         50
      1          0               0     87.300   1258.100      5.286          24.253                 2.49         60
      1          0               0    142.300    651.100      0.263           8.506                 1.19         10
      1          0               0     88.000    749.400      0.362          15.109                 1.33         20
      1          0               0    104.400   1088.400      1.002          18.469                 1.63         30
      1          0               0     97.500   1322.000      1.222          25.304                 1.59         40
      1          0               0    140.700   1756.600      3.378          26.321                 1.91         50
      1          0               0    108.300   1173.100      4.044          25.921                 2.33         60
      1          0               0    164.700    458.900      0.311           9.187                  1.1         10
      1          0               0    217.200    629.300      0.859          17.579                 1.16         20
      1          0               0     55.900    549.500      0.467          19.576                 1.54         30
      1          0               0    186.000   1264.500      1.999          24.436                 1.64         40
      1          0               0    194.400    987.600      3.096          29.662                 1.69         50
      1          0               0    187.300   1552.100      5.237          33.160                 1.82         60
      1          0               0    132.000    523.200      0.250           8.546                  1.2         10
      1          0               0    140.800    787.000      0.585          14.146                 1.42         20
      1          0               0    122.500   1024.900      0.896          19.714                 1.53         30
      1          0               0    130.200   1299.200      1.352          26.793                 1.51         40
      1          0               0    150.400   1371.200      3.031          25.924                 1.94         50
      1          0               0    145.300   1752.100      4.283          28.172                 2.17         60
      1          0               0    172.500    358.200      0.319           8.790                 1.15         10
      1          0               0    257.000    718.200      0.963          17.730                 1.14         20
      1          0               0     36.000    292.500      0.283          19.014                 1.59         30
      1          0               0    120.100   1127.400      1.463          22.281                 1.81         40
      1          0               0    196.700   1632.900      4.183          25.845                 1.96         50
      1          0               0     73.900   1050.900      3.073          26.378                  2.3         60
      1          0               0    154.600    411.300      0.285           9.584                 1.05         10
      1          0               0    223.600    733.800      0.833          17.124                 1.17         20
      1          0               0     97.900    613.000      0.626          20.957                 1.44         30
      1          0               0     51.900    528.900      0.564          23.952                 1.68         40
      1          0               0     99.200   1207.300      1.601          27.686                 1.82         50
      1          0               0    111.200   1415.100      2.990          28.193                 2.14         60
      1          0               0    125.000    614.100      0.230           9.233                 1.09         10
      1          0               0     84.600    694.000      0.351          13.982                 1.44         20
      1          0               0     96.200    898.800      0.773          18.322                 1.65         30
      1          0               0    156.100   2003.200      2.540          18.436                 2.18         40
      1          0               0     86.900   1083.200      1.789          21.165                 2.38         50
      1          0               0    108.000   1109.200      3.023          24.047                 2.52         60
      1          0               0    114.600    430.200      0.222           7.798                 1.33         10
      1          0               0    150.100    788.600      0.636          14.588                 1.38         20
      1          0               0    145.100   1080.900      1.035          20.682                 1.46         30
      1          0               0     75.700    542.300      0.830          25.737                 1.56         40
      1          0               0    141.800   1394.500      3.022          27.009                 1.87         50
      1          0               0    155.100   1691.400      6.917          27.202                 2.22         60
      1          0               0     98.700    274.700      0.186           8.670                 1.17         10
      1          0               0    101.400    605.700      0.535          12.985                 1.56         20
      1          0               0     89.100    819.200      1.372          16.832                 1.84         30
      1          0               0     75.200    940.900      2.173          18.775                 2.15         40
      1          0               0    147.700   1836.500      7.420          21.150                 2.39         50
      1          0               0    155.600   1903.300     12.108          21.945                 2.76         60
      1          0               0     96.900    423.000      0.183           8.949                 1.13         10
      1          0               0    155.300    901.200      0.624          14.841                 1.36         20
      1          0               0    106.200    691.800      0.763          21.813                 1.39         30
      1          0               0     85.700    441.100      1.066          21.369                 1.89         40
      1          0               0     60.800    517.800      1.199          22.821                  2.2         50
      1          0               0     41.200    691.600      1.470          22.823                 2.65         60
      1          0               0    184.800    414.000      0.335           9.693                 1.04         10
      1          0               0    221.200   1128.400      0.828          16.795                  1.2         20
      1          0               0    199.500   1484.500      1.280          21.371                 1.41         30
      1          0               0    156.800   1074.400      1.650          25.037                  1.6         40
      1          0               0    169.200   1951.900      2.910          26.797                 1.88         50
      1          0               0    187.800   2096.500      4.332          31.589                 1.91         60
      1          0               0    171.600    465.500      0.318           9.129                 1.11         10
      1          0               0    164.800    719.900      0.626          16.615                 1.21         20
      1          0               0    108.700    969.900      1.132          17.990                 1.68         30
      1          0               0     92.200    961.000      1.431          20.020                  2.0         40
      1          0               0     83.600   1304.400      2.664          21.038                 2.39         50
      1          0               0     73.300   1452.700      5.607          23.936                 2.52         60
      1          0               0     86.500    289.000      0.166           8.017                 1.26         10
      1          0               0     53.300    292.000      0.207          16.439                 1.22         20
      1          0               0     76.800    593.400      0.571          18.983                 1.59         30
      1          0               0    122.700    970.600      1.546          18.355                 2.19         40
      1          0               0    151.000   1482.800      4.056          21.330                 2.36         50
      1          0               0    137.900   1826.700      5.463          23.857                 2.55         60
      1          0               0    134.200    423.900      0.258           8.609                 1.17         10
      1          0               0    191.600   1287.800      0.729          16.212                 1.24         20
      1          0               0    127.100   1083.300      0.965          18.248                 1.66         30
      1          0               0    100.600    707.400      1.162          23.273                 1.76         40
      1          0               0     94.300    858.300      1.547          23.963                 2.11         50
      1          0               0    132.700   1077.200      3.210          26.109                 2.31         60
      1          0               0     97.200    364.800      0.182           8.770                 1.16         10
      1          0               0     60.200    274.900      0.248          15.513                 1.29         20
      1          0               0     78.300    532.400      0.515          20.152                 1.51         30
      1          0               0     77.200    735.200      0.940          23.189                 1.76         40
      1          0               0    149.700   1361.200      2.441          27.504                 1.84         50
      1          0               0    101.100   1002.700      2.711          29.053                 2.08         60
      1          0               0    133.100    329.900      0.243           9.533                 1.06         10
      1          0               0    164.800    739.400      0.641          16.535                 1.22         20
      1          0               0     77.800    730.700      0.531          21.657                 1.42         30
      1          0               0    107.900   1111.200      1.158          25.335                 1.61         40
      1          0               0    131.900   1591.700      3.240          27.638                 1.84         50
      1          0               0    111.500   1803.600      4.847          26.028                 2.35         60
      1          0               0    125.700    479.200      0.242           7.914                 1.29         10
      1          0               0     85.900    457.800      0.344          15.783                 1.27         20
      1          0               0    159.800   1451.600      1.213          18.611                 1.64         30
      1          0               0    139.000   1757.200      2.614          18.858                 2.14         40
      1          0               0    120.000   2160.800      3.952          22.087                 2.29         50
      1          0               0    167.800   2940.700      8.167          23.243                 2.59         60
      1          0               0    148.500    338.200      0.284           9.521                 1.06         10
      1          0               0    128.000    412.200      0.500          15.395                 1.31         20
      1          0               0    134.200    700.400      0.949          18.826                 1.61         30
      1          0               0    103.100    806.300      1.171          22.152                 1.81         40
      1          0               0    113.700   1442.700      2.583          24.580                 2.05         50
      1          0               0    121.100   1557.100      4.693          26.129                 2.31         60
      1          0               0    155.000    422.400      0.285           9.172                 1.11         10
      1          0               0    112.400    519.300      0.457          15.072                 1.35         20
      1          0               0    197.900   1247.000      1.443          19.676                 1.53         30
      1          0               0    188.600   1791.900      2.291          25.319                 1.58         40
      1          0               0    147.900    988.100      2.957          25.817                 1.94         50
      1          0               0     97.700    980.500      2.815          29.882                 2.02         60
      1          0               0    147.100    425.300      0.289           9.477                 1.06         10
      1          0               0    114.400    383.800      0.468          14.524                 1.38         20
      1          0               0    181.100   1034.500      1.178          21.362                 1.41         30
      1          0               0    164.300   1393.400      1.822          24.476                 1.64         40
      1          0               0    154.000   1247.800      2.665          26.321                 1.91         50
      1          0               0    152.500   1555.100      4.128          30.828                 1.95         60
      1          0               0     86.900    231.800      0.165           8.170                 1.24         10
      1          0               0    148.200    576.300      0.643          14.802                 1.37         20
      1          0               0    108.700    935.800      0.956          16.019                  1.9         30
      1          0               0    157.400   1005.700      2.443          21.484                 1.87         40
      1          0               0    173.500   2132.900      3.613          27.081                 1.86         50
      1          0               0    156.100   1971.700      5.480          25.399                 2.37         60
      1          0               0    179.100    483.100      0.331           9.292                 1.09         10
      1          0               0    164.000   1193.000      0.655          15.994                 1.26         20
      1          0               0    184.900   1368.600      1.300          21.071                 1.43         30
      1          0               0    135.100   1734.900      1.817          23.494                 1.71         40
      1          0               0    171.400   1917.800      3.217          25.498                 1.97         50
      1          0               0    192.500   2463.700      6.311          26.510                 2.27         60
      1          0               0    176.500    764.700      0.336           8.056                 1.26         10
      1          0               0    189.200    647.900      0.779          15.601                 1.29         20
      1          0               0    163.400   1213.600      1.252          19.771                 1.53         30
      1          0               0    176.600   1391.500      2.193          22.858                 1.76         40
      1          0               0    179.800   1357.800      4.316          25.533                 1.96         50
      1          0               0    173.200   1495.000      6.485          26.432                 2.28         60
      1          0               0    140.500    388.600      0.258           9.302                 1.08         10
      1          0               0    184.500    910.200      0.799          14.773                 1.37         20
      1          0               0    178.100   1456.100      1.166          19.674                 1.53         30
      1          0               0    166.200   1824.800      1.803          22.773                 1.77         40
      1          0               0    183.000   1751.300      2.970          25.604                 1.96         50
      1          0               0    174.100   1298.700      4.213          29.450                 2.05         60
      1          0               0    105.000    225.300      0.199           8.813                 1.14         10
      1          0               0    151.400    624.900      0.637          13.281                 1.52         20
      1          0               0    101.000    687.800      0.759          18.768                 1.61         30
      1          0               0    170.400   1230.700      1.857          24.138                 1.67         40
      1          0               0     82.500   1135.600      1.485          24.887                 2.03         50
      1          0               0    103.100   1047.400      3.129          23.855                 2.54         60
      1          0               0    164.500    386.600      0.299           9.542                 1.05         10
      1          0               0    165.400    488.900      0.666          15.714                 1.27         20
      1          0               0    157.900   1431.100      1.220          20.334                 1.49         30
      1          0               0    150.200   1420.200      2.030          23.879                 1.71         40
      1          0               0    192.500   2246.500      4.764          24.940                 2.03         50
      1          0               0    133.600   1820.600      6.756          26.579                 2.27         60
      1          0               0     60.100    243.900      0.114           8.899                 1.14         10
      1          0               0    135.300    850.300      0.579          14.056                 1.43         20
      1          0               0    139.500   1224.000      1.101          17.649                 1.71         30
      1          0               0    138.900   1646.500      1.988          19.783                 2.04         40
      1          0               0    115.500   1467.300      2.216          24.697                 2.04         50
      1          0               0    101.500   1397.700      2.953          27.205                 2.24         60
      1          0               0    107.100    308.100      0.194           9.536                 1.06         10
      1          0               0    135.200    540.800      0.544          16.281                 1.24         20
      1          0               0    185.600    728.300      1.159          21.611                 1.39         30
      1          0               0     61.900    600.700      0.717          23.019                 1.75         40
      1          0               0    178.700   1444.100      2.935          23.922                 2.11         50
      1          0               0     94.400   1078.400      3.103          23.446                 2.62         60
      1          0               0    147.900    434.000      0.276           9.175                  1.1         10
      1          0               0     81.800    411.800      0.344          13.817                 1.46         20
      1          0               0     91.600    861.800      0.766          16.669                 1.82         30
      1          0               0    105.800   1307.300      1.332          19.499                 2.08         40
      1          0               0    131.100   1336.700      3.090          21.506                 2.35         50
      1          0               0     97.500   2008.600      9.997          20.701                 2.96         60
      1          0               0     96.000    404.100      0.180           8.934                 1.13         10
      1          0               0     96.000    532.200      0.373          15.967                 1.26         20
      1          0               0     88.100    569.600      0.585          20.703                 1.45         30
      1          0               0    172.100    878.200      2.015          22.811                 1.76         40
      1          0               0    115.600    980.100      1.903          27.351                 1.84         50
      1          0               0    115.500   1079.600      2.933          28.387                 2.13         60
      1          0               0    180.900    291.600      0.337           9.642                 1.04         10
      1          0               0     81.600    268.500      0.306          17.067                 1.18         20
      1          0               0    176.000    656.700      1.091          23.272                  1.3         30
      1          0               0    173.000    858.900      1.603          27.499                 1.47         40
      1          0               0    117.700    806.800      1.604          29.841                  1.7         50
      1          0               0    106.500    851.700      2.096          31.604                 1.92         60
      1          0               0    168.600    339.300      0.309           9.626                 1.04         10
      1          0               0    171.400    456.700      0.664          14.376                  1.4         20
      1          0               0    146.800    952.900      0.903          20.659                 1.46         30
      1          0               0     95.200    496.200      1.095          21.886                 1.84         40
      1          0               0    157.100   1644.900      2.683          25.514                 1.97         50
      1          0               0    103.200   1167.300      2.776          25.528                 2.37         60
      1          0               0    168.500    459.100      0.319           8.831                 1.14         10
      1          0               0     96.300    704.900      0.434          13.937                 1.45         20
      1          0               0    103.500    951.300      0.724          21.201                 1.43         30
      1          0               0    146.600   1031.800      1.788          22.477                 1.79         40
      1          0               0    171.100   1574.200      4.399          22.302                 2.25         50
      1          0               0    162.100   2154.100      6.188          24.700                 2.44         60
      1          0               0    129.500    301.900      0.235           9.578                 1.05         10
      1          0               0    180.400    815.200      0.678          17.073                 1.18         20
      1          0               0    153.800   1066.300      1.049          21.365                 1.42         30
      1          0               0    172.200   1540.900      1.887          22.897                 1.76         40
      1          0               0    143.600   1611.600      2.960          23.272                 2.16         50
      1          0               0    137.300   1890.000      4.156          25.213                 2.39         60
      1          0               0    145.600    478.800      0.280           8.302                 1.23         10
      1          0               0    153.900    750.200      0.642          16.156                 1.25         20
      1          0               0    158.900   1059.300      1.195          19.923                 1.51         30
      1          0               0     96.300    723.000      1.135          24.907                 1.61         40
      1          0               0    166.400   1287.000      2.979          24.804                 2.02         50
      1          0               0    135.400   1708.300      4.227          27.465                  2.2         60
      1          0               0     95.600    287.600      0.185           8.570                 1.17         10
      1          0               0     83.000    309.100      0.330          15.780                 1.28         20
      1          0               0    165.400    697.600      1.400          16.300                 1.87         30
      1          0               0    136.000    890.600      1.981          18.348                  2.2         40
      1          0               0    139.300    997.100      3.103          22.096                 2.31         50
      1          0               0     89.100    911.600      2.829          22.182                 2.75         60
      1          0               0    136.800    268.400      0.257           8.835                 1.14         10
      1          0               0    116.700    313.000      0.449          15.189                 1.32         20
      1          0               0    130.700    831.500      0.820          20.764                 1.45         30
      1          0               0    187.000   1121.800      1.894          24.353                 1.65         40
      1          0               0    199.000   1548.300      3.686          24.296                 2.07         50
      1          0               0     89.500    784.400      2.528          25.008                 2.42         60
      1          0               0     82.500    235.600      0.161           7.663                 1.32         10
      1          0               0     70.200    478.900      0.286          15.640                 1.29         20
      1          0               0    145.700   1164.500      1.099          20.047                 1.51         30
      1          0               0    120.400   1450.800      1.907          21.597                 1.86         40
      1          0               0     78.300   1377.500      4.097          21.326                 2.36         50
      1          0               0     77.200   1332.300      5.001          23.755                 2.54         60
      1          0               0    170.900    686.200      0.321           9.168                  1.1         10
      1          0               0     34.900    260.700      0.157          14.318                 1.43         20
      1          0               0    101.700    754.800      0.737          20.116                 1.51         30
      1          0               0    111.900   1080.000      1.281          23.938                 1.68         40
      1          0               0    108.700   1288.200      1.975          27.506                 1.83         50
      1          0               0     98.000   1650.500      4.623          25.307                 2.38         60
      1          0               0    129.100    535.100      0.242           8.923                 1.13         10
      1          0               0     78.100    470.800      0.329          15.301                 1.32         20
      1          0               0     88.600    591.100      0.607          20.226                 1.49         30
      1          0               0     89.600    804.000      1.120          21.280                 1.89         40
      1          0               0    100.300    842.300      1.534          27.032                 1.86         50
      1          0               0    180.800   1741.100      4.220          27.486                 2.19         60
      1          0               0    158.600    420.400      0.296           9.337                 1.08         10
      1          0               0     81.000    405.600      0.312          17.346                 1.16         20
      1          0               0    165.100   1126.200      1.067          21.804                 1.38         30
      1          0               0    134.200    897.300      1.584          21.577                 1.86         40
      1          0               0    130.800   1257.800      2.289          26.622                 1.89         50
      1          0               0    113.800   1376.000      2.706          28.971                 2.09         60
      1          0               0    126.800    333.100      0.234           9.697                 1.03         10
      1          0               0    138.800    646.500      0.534          17.201                 1.18         20
      1          0               0     83.500    835.800      0.613          21.438                 1.45         30
      1          0               0     86.600   1048.000      1.152          22.517                 1.81         40
      1          0               0    186.600   1753.600      2.901          29.768                  1.7         50
      1          0               0    104.400   1426.400      2.945          30.552                  2.0         60
      1          0               0    124.900    259.000      0.249           7.725                 1.31         10
      1          0               0     35.300    177.900      0.149          15.309                 1.31         20
      1          0               0    175.200   1017.200      1.215          22.346                 1.35         30
      1          0               0    169.800    967.800      2.010          24.594                 1.64         40
      1          0               0    167.600   1586.800      3.876          25.878                 1.94         50
      1          0               0    147.500   1815.600      6.954          24.951                 2.43         60
      1          0               0     47.100    175.700      0.089           8.465                 1.19         10
      1          0               0    178.700    837.300      0.697          15.914                 1.26         20
      1          0               0    122.900    935.400      0.937          17.290                 1.75         30
      1          0               0    142.900   1107.700      1.567          22.143                 1.81         40
      1          0               0     93.800    844.100      1.509          26.977                 1.86         50
      1          0               0    119.200   1360.600      2.752          28.685                 2.09         60
      1          0               0    143.800    545.400      0.271           8.862                 1.14         10
      1          0               0     42.400    192.300      0.167          15.632                 1.28         20
      1          0               0     92.400    744.200      0.615          21.492                 1.41         30
      1          0               0     90.000    845.800      0.870          24.843                 1.62         40
      1          0               0     83.000    957.300      1.556          25.128                  2.0         50
      1          0               0    123.200   1907.600      3.372          26.534                 2.28         60
      1          0               0     82.200    344.900      0.150           9.232                 1.09         10
      1          0               0    106.100    667.000      0.417          16.509                 1.24         20
      1          0               0    183.900   1793.500      1.247          19.463                 1.55         30
      1          0               0    173.900   1765.900      1.916          22.201                 1.81         40
      1          0               0    165.300   2259.500      3.116          25.840                 1.94         50
      1          0               0    127.800   1977.300      3.674          25.054                  2.4         60
      1          0               0    136.800    335.200      0.251           9.453                 1.07         10
      1          0               0    179.700    608.200      0.673          18.020                 1.12         20
      1          0               0    137.000    852.400      1.165          20.742                 1.46         30
      1          0               0     80.100    662.200      1.128          22.086                 1.82         40
      1          0               0    113.000   1106.100      2.514          23.800                 2.14         50
      1          0               0     96.200    916.900      3.354          24.468                 2.49         60
      1          0               0     81.800    243.900      0.153           9.044                 1.12         10
      1          0               0    101.100    767.800      0.487          14.565                  1.4         20
      1          0               0     93.100   1108.200      1.074          18.178                 1.68         30
      1          0               0    119.500   1732.000      2.197          19.603                 2.07         40
      1          0               0    106.900   1733.500      3.614          21.905                  2.3         50
      1          0               0     99.100   1788.600      5.206          25.261                 2.39         60
      1          0               0     87.500    456.000      0.167           8.891                 1.14         10
      1          0               0    105.700    616.400      0.434          15.153                 1.33         20
      1          0               0     88.800    687.300      0.743          18.700                 1.61         30
      1          0               0     78.800   1121.500      1.191          21.607                 1.86         40
      1          0               0     79.300   1273.200      2.016          24.902                 2.02         50
      1          0               0    105.100   1747.200      5.175          26.146                 2.31         60
      1          0               0     84.100    331.600      0.158           8.386                  1.2         10
      1          0               0    132.200    897.000      0.554          15.057                 1.34         20
      1          0               0    146.500   1157.700      1.018          20.952                 1.44         30
      1          0               0    162.500   1280.600      2.006          21.500                 1.87         40
      1          0               0    107.200   1127.000      2.577          24.423                 2.06         50
      1          0               0    103.100   1063.100      2.896          26.916                 2.25         60
      1          0               0    154.000    490.400      0.288           8.605                 1.17         10
      1          0               0    107.700    521.900      0.459          13.509                  1.5         20
      1          0               0     86.600    481.100      0.608          19.327                 1.56         30
      1          0               0    108.600    749.400      1.378          19.769                 2.03         40
      1          0               0     93.700   1127.200      2.507          21.332                 2.36         50
      1          0               0     99.600   1099.100      3.916          22.540                 2.68         60
      1          0               0     54.200    180.600      0.104           8.417                  1.2         10
      1          0               0    105.400    493.500      0.456          12.801                 1.58         20
      1          0               0    115.300    879.100      0.794          19.395                 1.56         30
      1          0               0    124.500   1245.600      1.466          23.161                 1.74         40
      1          0               0    113.400   1259.300      3.121          22.666                 2.23         50
      1          0               0    100.400   1338.500      3.689          23.380                 2.59         60
      1          0               0    113.700    417.400      0.210           8.458                  1.2         10
      1          0               0    109.700    739.700      0.449          14.961                 1.35         20
      1          0               0    111.300    850.100      0.813          18.741                 1.61         30
      1          0               0    127.300   1346.700      1.616          21.284                  1.9         40
      1          0               0    113.200   1244.300      2.033          27.536                 1.85         50
      1          0               0    100.800   1332.600      2.499          30.821                 1.98         60
      1          0               0    136.000    243.000      0.257           8.668                 1.16         10
      1          0               0    115.900    769.400      0.475          15.554                  1.3         20
      1          0               0    169.300    931.700      1.106          21.064                 1.43         30
      1          0               0    135.100   1112.600      1.571          22.574                 1.78         40
      1          0               0    149.400   1541.700      3.101          25.283                 1.98         50
      1          0               0    137.100   1606.200      3.878          27.631                 2.18         60
      1          0               0    168.900    356.000      0.339           8.266                 1.26         10
      1          0               0    114.800    539.200      0.516          13.760                 1.48         20
      1          0               0    115.800    523.600      0.919          19.901                 1.53         30
      1          0               0    127.800    755.100      1.380          23.847                 1.71         40
      1          0               0     89.000   1022.900      1.912          25.653                 1.99         50
      1          0               0    124.800   1485.700      4.342          26.496                 2.28         60
      1          0               0     45.600    166.500      0.087           7.430                 1.37         10
      1          0               0     58.500    264.600      0.239          14.291                 1.41         20
      1          0               0    147.000    875.500      1.096          19.132                 1.58         30
      1          0               0    116.000   1010.900      1.451          21.809                 1.84         40
      1          0               0    153.700   1642.900      3.475          23.340                 2.15         50
      1          0               0    179.100   2405.100      7.077          25.604                 2.36         60
      1          0               0     84.500    287.800      0.166           7.854                 1.29         10
      1          0               0     90.500    475.200      0.366          15.914                 1.26         20
      1          0               0    181.200    920.800      1.193          21.831                 1.38         30
      1          0               0    188.400   1802.400      2.444          24.632                 1.63         40
      1          0               0    121.900   1314.400      2.864          27.842                  1.8         50
      1          0               0    137.800   1637.900      4.362          28.302                 2.13         60
      1          0               0    130.400    511.400      0.271           6.965                 1.47         10
      1          0               0    103.600    609.400      0.421          15.709                 1.28         20
      1          0               0    110.600    820.800      0.865          18.533                 1.63         30
      1          0               0     76.400    828.200      1.069          22.110                 1.84         40
      1          0               0     95.500   1164.100      2.530          21.351                 2.37         50
      1          0               0    120.800   1331.400      4.765          24.759                 2.44         60
      1          0               0    118.400    401.000      0.225           8.511                 1.19         10
      1          0               0    126.200    837.500      0.534          14.906                 1.36         20
      1          0               0    113.700    864.700      0.819          20.100                  1.5         30
      1          0               0    120.200    960.900      1.388          25.097                 1.61         40
      1          0               0    130.100   1145.200      2.477          28.743                 1.76         50
      1          0               0    103.900   1283.300      4.604          27.727                 2.21         60
      1          0               0     49.600    193.000      0.096           7.734                 1.31         10
      1          0               0     94.200    534.200      0.403          15.276                 1.32         20
      1          0               0    137.100    883.700      0.956          20.202                 1.49         30
      1          0               0    106.500   1439.900      1.688          20.256                  2.0         40
      1          0               0    118.100   1658.200      3.190          25.240                  2.0         50
      1          0               0     98.200   1608.000      4.549          24.958                 2.43         60
      1          0               0    145.700    235.000      0.267           9.734                 1.03         10
      1          0               0    121.500    381.200      0.468          17.194                 1.17         20
      1          0               0    134.000    585.200      0.900          20.070                  1.5         30
      1          0               0     85.300    774.600      1.032          21.916                 1.85         40
      1          0               0    104.700   1005.600      1.999          24.263                 2.07         50
      1          0               0    100.300   1181.800      2.819          26.066                 2.31         60
      1          0               0     99.100    361.800      0.184           8.849                 1.14         10
      1          0               0    106.600    585.000      0.419          15.676                 1.28         20
      1          0               0    111.600    732.300      0.732          20.268                 1.48         30
      1          0               0    121.700    926.600      1.699          21.633                 1.86         40
      1          0               0    149.100   1792.100      3.679          24.103                 2.09         50
      1          0               0    111.100   1899.300      5.113          22.763                 2.65         60
      1          0               0     59.000    263.900      0.116           7.731                 1.32         10
      1          0               0    132.100    629.500      0.577          14.042                 1.43         20
      1          0               0     96.400    732.600      0.687          19.505                 1.54         30
      1          0               0     99.200    984.200      1.337          21.407                 1.87         40
      1          0               0     91.700   1239.000      1.914          25.592                 1.96         50
      1          0               0     83.100   1399.800      2.763          25.840                 2.34         60
      1          0               0    138.300    582.400      0.281           7.284                 1.39         10
      1          0               0     68.900    385.500      0.313          13.157                 1.53         20
      1          0               0    113.500    877.700      1.139          18.280                 1.66         30
      1          0               0    121.300   1275.400      1.598          22.514                  1.8         40
      1          0               0    113.600   1402.000      2.433          25.357                 1.99         50
      1          0               0    113.600   1397.900      3.828          25.923                 2.33         60
      1          0               0     87.400    313.100      0.165           8.382                  1.2         10
      1          0               0    154.300    683.200      0.617          16.132                 1.25         20
      1          0               0    144.800    786.000      1.061          20.825                 1.45         30
      1          0               0     55.500    465.100      0.700          21.411                 1.89         40
      1          0               0    122.400   1392.800      2.384          25.436                 1.98         50
      1          0               0    114.400   1489.400      3.076          28.874                  2.1         60
      1          0               0    146.600    501.200      0.274           9.211                 1.09         10
      1          0               0    143.500    892.900      0.573          15.385                 1.32         20
      1          0               0    120.300    888.300      0.818          20.757                 1.47         30
      1          0               0    142.600   1031.500      1.707          22.395                  1.8         40
      1          0               0    140.400   1058.800      2.590          25.449                 1.97         50
      1          0               0    120.700   1387.200      2.972          27.812                 2.17         60
      1          0               0     70.900    373.300      0.139           8.103                 1.26         10
      1          0               0     95.600    501.100      0.382          15.446                  1.3         20
      1          0               0    148.200   1076.500      1.257          20.694                 1.46         30
      1          0               0    143.100   1071.400      2.071          25.335                 1.59         40
      1          0               0     94.600    985.000      2.083          29.481                 1.71         50
      1          0               0     90.400   1157.700      3.634          27.051                 2.23         60
      1          0               0    175.800    340.000      0.329           8.755                 1.15         10
      1          0               0     76.000    283.300      0.319          13.550                 1.48         20
      1          0               0    152.400    419.000      1.136          18.058                 1.67         30
      1          0               0    142.300    786.900      1.898          20.905                 1.93         40
      1          0               0     71.000    709.800      1.693          23.635                 2.15         50
      1          0               0     87.000    731.600      3.366          24.083                 2.53         60
      1          0               0    127.700    286.500      0.247           7.659                 1.32         10
      1          0               0    123.000    389.800      0.483          15.182                 1.32         20
      1          0               0    165.500    704.700      1.067          19.939                 1.51         30
      1          0               0     55.100    431.100      0.715          22.132                 1.84         40
      1          0               0     81.900    578.600      1.681          24.595                 2.05         50
      1          0               0     83.900    890.800      2.320          27.521                 2.19         60
      1          0               0    147.100    426.500      0.277           8.875                 1.13         10
      1          0               0    185.900    605.600      0.738          15.223                 1.32         20
      1          0               0    151.400    816.200      0.997          22.048                 1.37         30
      1          0               0    223.600    829.600      2.016          28.697                  1.4         40
      1          0               0    154.900   1378.000      2.346          29.726                  1.7         50
      1          0               0     80.800    963.500      1.993          31.723                 1.91         60
      1          0               0     95.900    322.700      0.179           9.188                  1.1         10
      1          0               0     96.400    297.800      0.372          15.553                 1.29         20
      1          0               0    145.400    644.500      0.915          23.369                 1.29         30
      1          0               0     79.100    805.300      0.951          23.474                 1.71         40
      1          0               0    124.700   1097.900      2.442          25.803                 1.95         50
      1          0               0    121.300   1175.700      3.969          27.094                 2.22         60
      1          0               0    121.100    495.000      0.231           8.193                 1.24         10
      1          0               0    128.200    367.400      0.499          16.093                 1.25         20
      1          0               0     56.100    603.000      0.536          19.701                 1.53         30
      1          0               0    156.300   1067.300      2.023          22.777                 1.76         40
      1          0               0    125.100   1580.600      2.212          26.308                 1.91         50
      1          0               0    127.900   1929.200      4.036          29.185                 2.07         60
      1          0               0    188.800    614.000      0.351           8.585                 1.17         10
      1          0               0    168.300    816.000      0.680          16.056                 1.25         20
      1          0               0    129.200    890.700      1.084          20.377                 1.49         30
      1          0               0    129.100   1135.200      1.908          25.229                 1.62         40
      1          0               0    141.100   1131.900      3.003          28.558                 1.77         50
      1          0               0    141.200   1423.000      6.257          29.841                 2.03         60
      1          0               0    117.800    397.500      0.221           8.087                 1.25         10
      1          0               0     98.000    550.700      0.385          15.290                 1.31         20
      1          0               0    138.900    773.700      0.841          22.189                 1.36         30
      1          0               0    181.000   1472.800      1.845          23.074                 1.74         40
      1          0               0     88.700    713.500      1.388          26.794                  1.9         50
      1          0               0    105.400   1107.300      2.210          28.059                 2.16         60
      1          0               0    149.400    535.000      0.292           7.694                 1.32         10
      1          0               0    200.500    840.100      0.816          15.174                 1.33         20
      1          0               0    174.100    975.400      1.373          19.779                 1.52         30
      1          0               0    124.800   1104.900      1.389          23.879                 1.68         40
      1          0               0    175.200   1546.200      3.478          27.336                 1.83         50
      1          0               0    187.700   1811.100      6.446          27.551                 2.18         60
      1          0               0     97.000    298.600      0.181           8.573                 1.18         10
      1          0               0    121.700    754.000      0.472          16.692                 1.21         20
      1          0               0    101.600    762.800      0.662          21.615                 1.41         30
      1          0               0     69.500    686.300      0.755          25.942                 1.57         40
      1          0               0     41.900    649.700      0.829          26.050                 1.94         50
      1          0               0     61.400    926.400      2.076          24.142                  2.5         60
      1          0               0    140.900    527.700      0.271           7.414                 1.37         10
      1          0               0    108.200    430.300      0.428          14.317                  1.4         20
      1          0               0    166.200   1164.800      1.123          20.969                 1.44         30
      1          0               0    158.900   1240.200      1.706          23.335                 1.73         40
      1          0               0    149.300   1657.600      3.477          23.334                 2.17         50
      1          0               0    155.000   2521.500      7.430          24.690                 2.46         60
      1          0               0    103.800    206.200      0.198           8.220                 1.23         10
      1          0               0    156.500    697.800      0.662          14.601                 1.38         20
      1          0               0     63.300    712.000      0.696          18.787                 1.62         30
      1          0               0     83.900    862.300      0.928          25.437                 1.59         40
      1          0               0    164.000   1234.900      2.496          27.914                 1.81         50
      1          0               0     99.100   1376.600      2.640          27.686                  2.2         60
      1          0               0     93.300    270.200      0.182           9.335                 1.08         10
      1          0               0     58.200    255.800      0.232          16.735                  1.2         20
      1          0               0    168.900    765.700      1.035          24.168                 1.25         30
      1          0               0    133.800   1192.100      1.420          25.993                 1.54         40
      1          0               0    142.400   1035.400      2.568          27.519                 1.83         50
      1          0               0     92.200   1341.500      2.453          29.414                 2.06         60
      1          0               0    140.200    404.000      0.257           9.284                 1.09         10
      1          0               0    173.600    971.400      0.755          13.935                 1.44         20
      1          0               0    151.700    968.100      1.207          17.020                 1.77         30
      1          0               0    164.200    996.100      1.781          22.410                 1.79         40
      1          0               0    104.600   1160.500      2.054          24.210                 2.07         50
      1          0               0    109.800   1210.100      2.860          25.720                 2.34         60
      1          0               0    172.300    498.600      0.319           9.432                 1.07         10
      1          0               0    154.900    647.700      0.629          15.367                 1.32         20
      1          0               0     96.200    750.200      0.677          20.450                 1.49         30
      1          0               0    141.800   1349.800      1.856          23.382                 1.73         40
      1          0               0    109.600   1210.500      2.065          23.395                 2.16         50
      1          0               0    163.500   1860.700      4.265          26.020                 2.33         60
      1          0               0    164.000    561.800      0.308           8.577                 1.17         10
      1          0               0    199.700    969.600      0.855          14.125                 1.42         20
      1          0               0     73.600    430.600      0.526          18.918                  1.6         30
      1          0               0    151.100   1191.300      1.556          25.641                 1.58         40
      1          0               0    133.400   1555.600      2.653          26.575                 1.89         50
      1          0               0    155.000   1522.400      4.296          27.428                 2.19         60
      1          0               0     62.000    145.100      0.117           8.726                 1.15         10
      1          0               0     85.600    519.700      0.361          15.174                 1.33         20
      1          0               0    101.000    941.200      0.876          18.712                 1.62         30
      1          0               0     83.200    936.500      1.153          22.404                  1.8         40
      1          0               0     68.300   1099.000      1.536          26.117                 1.93         50
      1          0               0    101.000   1507.600      4.591          25.803                 2.34         60
      1          0               0    146.800    577.100      0.291           7.618                 1.33         10
      1          0               0    178.300    808.100      0.769          13.836                 1.45         20
      1          0               0    154.700   1274.400      1.214          18.632                 1.63         30
      1          0               0    102.000   1401.300      1.606          20.316                 1.99         40
      1          0               0    108.500   1562.600      2.032          25.644                 1.97         50
      1          0               0    111.100   1796.500      3.170          27.419                 2.23         60
      1          0               0     82.200    301.100      0.159           7.813                 1.29         10
      1          0               0     91.700    518.500      0.412          14.483                  1.4         20
      1          0               0    141.200    739.200      0.970          19.811                 1.53         30
      1          0               0    127.000    956.500      1.658          20.685                 1.95         40
      1          0               0    168.100   1323.500      3.250          23.312                 2.17         50
      1          0               0    105.400   1193.200      4.292          24.901                 2.44         60
      1          0               0    103.200    331.300      0.190           9.108                 1.11         10
      1          0               0    200.200    923.900      0.800          15.289                 1.32         20
      1          0               0     80.100    764.200      0.806          19.403                 1.57         30
      1          0               0    119.100   1152.700      1.481          22.217                 1.81         40
      1          0               0    161.700   1610.900      3.573          23.403                 2.15         50
      1          0               0    139.100   1889.200      5.631          26.284                 2.31         60
      1          0               0    149.500    567.700      0.277           9.199                 1.09         10
      1          0               0     66.600    274.900      0.272          15.727                 1.28         20
      1          0               0    126.300    761.300      0.962          20.005                 1.51         30
      1          0               0     61.000    411.600      0.682          25.180                 1.61         40
      1          0               0    170.500   1834.100      2.284          28.225                 1.79         50
      1          0               0    173.100   2069.700      3.337          31.577                 1.92         60
      1          0               0    172.700    354.700      0.312           9.531                 1.05         10
      1          0               0    170.500    581.700      0.643          16.497                 1.21         20
      1          0               0    161.100   1235.200      0.989          21.089                 1.43         30
      1          0               0    135.100   1155.800      1.389          25.944                 1.55         40
      1          0               0    172.600   1401.900      2.468          27.759                 1.81         50
      1          0               0    184.700   2057.300      4.197          27.035                 2.24         60
      1          0               0    158.400    444.200      0.297           8.392                  1.2         10
      1          0               0    144.900    791.700      0.574          13.163                 1.53         20
      1          0               0    133.900    692.300      0.923          18.352                 1.64         30
      1          0               0     79.600    661.700      0.876          21.975                 1.83         40
      1          0               0     45.100    501.700      0.831          24.486                 2.06         50
      1          0               0     81.700    969.200      2.293          29.240                 2.07         60
      1          0               0    106.700    195.800      0.203           8.423                  1.2         10
      1          0               0     75.000    253.500      0.308          15.731                 1.28         20
      1          0               0    158.100    859.800      1.445          21.201                 1.42         30
      1          0               0    114.000    676.000      1.407          25.879                 1.55         40
      1          0               0    223.400   1758.300      3.489          29.527                  1.7         50
      1          0               0    148.300   1059.900      3.955          30.250                 2.01         60
      1          0               0    185.000    358.500      0.416           9.401                 1.07         10
      1          0               0    160.600    479.800      0.649          16.458                 1.23         20
      1          0               0     52.700    359.600      0.470          19.528                 1.58         30
      1          0               0    129.300    871.600      1.667          24.309                 1.66         40
      1          0               0    127.800   1129.700      3.116          23.721                 2.13         50
      1          0               0    113.100   1106.700      5.122          23.829                 2.54         60
      1          0               0    117.000    458.800      0.225           7.993                 1.26         10
      1          0               0     53.600    332.600      0.213          15.341                 1.31         20
      1          0               0    136.700    825.000      0.930          21.932                 1.38         30
      1          0               0    116.900    887.000      1.448          24.601                 1.64         40
      1          0               0    112.100   1346.100      2.418          26.472                  1.9         50
      1          0               0     86.200   1128.700      3.125          28.635                  2.1         60
      1          0               0     42.700    154.300      0.080           8.508                 1.18         10
      1          0               0    242.900    720.400      0.957          15.263                 1.32         20
      1          0               0    202.800    988.200      1.295          20.905                 1.44         30
      1          0               0     98.400    634.000      1.052          25.355                  1.6         40
      1          0               0    143.200   1681.500      2.127          31.670                  1.6         50
      1          0               0    126.600   1368.500      2.851          32.334                 1.87         60
      1          0               0    189.100    546.800      0.363           8.232                 1.23         10
      1          0               0    175.500    946.300      0.681          16.582                 1.21         20
      1          0               0    149.300   1375.400      1.148          20.620                 1.46         30
      1          0               0    101.200    755.800      1.074          24.194                 1.67         40
      1          0               0    170.600   1703.100      2.588          28.382                 1.77         50
      1          0               0    173.000   1800.900      3.765          30.772                 1.96         60
      1          0               0    135.100    601.500      0.262           8.101                 1.25         10
      1          0               0    157.700   1368.200      0.672          13.481                 1.49         20
      1          0               0    126.800    965.700      0.960          18.521                 1.63         30
      1          0               0    124.800   1444.000      1.584          22.205                 1.82         40
      1          0               0    134.500   1166.300      2.208          26.738                 1.88         50
      1          0               0    142.600   1662.000      3.685          26.695                 2.26         60
      1          0               0    115.600    442.200      0.221           7.475                 1.36         10
      1          0               0    160.500    832.100      0.672          13.100                 1.53         20
      1          0               0    137.400    585.100      1.077          19.188                 1.57         30
      1          0               0     62.100    579.500      0.930          19.787                 2.05         40
      1          0               0    140.700   1124.100      2.565          23.748                 2.12         50
      1          0               0     86.200   1149.900      2.861          23.347                 2.58         60
      1          0               0     73.000    163.900      0.134           9.590                 1.05         10
      1          0               0    139.100    658.000      0.545          17.001                 1.19         20
      1          0               0    130.200   1009.100      1.002          19.327                 1.57         30
      1          0               0    125.100   1396.500      1.332          24.295                 1.66         40
      1          0               0     93.400   1283.700      1.713          27.450                 1.84         50
      1          0               0    141.200   2175.300      5.839          25.282                  2.4         60
      1          0               0     75.400    242.500      0.146           8.153                 1.24         10
      1          0               0     80.200    493.800      0.353          13.804                 1.46         20
      1          0               0     85.200    637.100      0.649          19.290                 1.58         30
      1          0               0     75.500    799.400      0.844          24.981                 1.62         40
      1          0               0    151.000   1568.200      2.673          26.130                 1.92         50
      1          0               0     88.700   1073.000      2.432          29.223                 2.07         60
      1          0               0    125.200    306.000      0.241           9.303                 1.08         10
      1          0               0     78.200    433.200      0.367          14.476                  1.4         20
      1          0               0    189.000    861.400      1.323          20.418                 1.48         30
      1          0               0    123.600    861.800      1.753          20.407                 1.97         40
      1          0               0     91.200   1278.900      2.078          23.522                 2.14         50
      1          0               0    195.400   1918.700      6.279          25.455                 2.36         60
      1          0               0    101.200    306.000      0.190           9.205                  1.1         10
      1          0               0     94.300    393.900      0.371          15.866                 1.28         20
      1          0               0    107.400    659.500      0.669          24.564                 1.23         30
      1          0               0    188.500   1309.700      1.900          30.226                 1.34         40
      1          0               0    117.700   1364.300      2.218          30.367                 1.66         50
      1          0               0    131.800   1887.300      3.914          33.001                 1.84         60
      1          0               0     89.700    406.200      0.176           7.332                 1.39         10
      1          0               0     55.000    392.800      0.267          13.555                  1.5         20
      1          0               0     49.100    416.400      0.479          16.833                  1.8         30
      1          0               0     64.500    603.000      1.098          20.794                 1.97         40
      1          0               0     64.700    937.100      2.085          23.808                 2.14         50
      1          0               0     61.800   1164.300      2.387          26.481                 2.29         60
      1          0               0    126.000    451.600      0.236           9.306                 1.08         10
      1          0               0     32.200    198.900      0.135          13.099                 1.54         20
      1          0               0    189.000   1300.100      1.153          20.686                 1.46         30
      1          0               0    147.000    872.200      1.520          23.602                  1.7         40
      1          0               0    119.100   1147.800      2.264          25.777                 1.96         50
      1          0               0    129.000   1050.000      3.989          24.423                 2.47         60
      1          0               0     54.100    217.100      0.106           8.050                 1.26         10
      1          0               0    177.000    631.500      0.718          15.153                 1.33         20
      1          0               0    126.500    723.800      0.856          21.998                 1.39         30
      1          0               0    141.600   1256.500      1.693          23.919                 1.72         40
      1          0               0    110.200   1250.900      1.880          30.040                  1.7         50
      1          0               0     88.400    978.200      3.053          28.777                 2.11         60
      1          0               0     92.000    346.200      0.182           7.501                 1.35         10
      1          0               0    148.400    767.700      0.629          14.321                  1.4         20
      1          0               0    155.000   1188.000      1.268          17.972                 1.68         30
      1          0               0     72.900   1024.000      1.058          21.453                 1.88         40
      1          0               0    147.200   2019.800      6.628          21.087                 2.39         50
      1          0               0     85.400   1584.300      5.605          24.425                 2.49         60
      1          0               0    135.900    316.300      0.254           8.620                 1.17         10
      1          0               0     80.200    406.200      0.338          14.628                 1.39         20
      1          0               0     78.400    629.600      0.582          19.296                 1.57         30
      1          0               0    163.500   1383.300      1.817          24.291                 1.66         40
      1          0               0    174.500   1253.500      2.783          27.923                  1.8         50
      1          0               0     80.000    753.800      2.055          27.956                 2.16         60
      1          0               0    136.500    615.600      0.255           8.656                 1.17         10
      1          0               0     96.500    536.200      0.408          14.599                  1.4         20
      1          0               0     98.600    747.100      0.736          19.367                 1.57         30
      1          0               0    118.200   1175.500      1.312          26.201                 1.57         40
      1          0               0     89.800   1148.300      2.421          27.127                 1.92         50
      1          0               0     95.900   1080.900      3.868          28.784                 2.14         60
      1          0               0    100.900    328.700      0.190           8.201                 1.23         10
      1          0               0    219.200   1120.700      0.842          14.708                 1.36         20
      1          0               0    141.900    981.900      1.003          17.529                 1.72         30
      1          0               0    181.000   1547.700      1.793          22.935                 1.75         40
      1          0               0    181.800   1345.700      2.617          25.100                  2.0         50
      1          0               0    143.200   1541.000      3.092          26.787                 2.24         60
      1          0               0    123.100    274.600      0.232           8.823                 1.14         10
      1          0               0     88.200    614.600      0.362          15.332                 1.31         20
      1          0               0     88.300    585.400      0.574          22.607                 1.34         30
      1          0               0    128.600   1205.800      1.594          23.417                 1.71         40
      1          0               0    152.500   1100.400      2.762          24.458                 2.05         50
      1          0               0    150.300   2047.500      4.134          26.894                 2.24         60
      1          0               0    162.000    411.200      0.311           8.436                  1.2         10
      1          0               0    155.100    536.000      0.593          17.255                 1.16         20
      1          0               0    134.700    726.100      0.912          19.362                 1.55         30
      1          0               0    126.200    758.500      1.292          22.563                 1.78         40
      1          0               0    113.800    845.700      2.059          24.149                 2.08         50
      1          0               0    121.700    881.800      3.237          25.785                 2.33         60
      1          0               0    101.800    180.500      0.188           9.370                 1.08         10
      1          0               0    222.500    688.200      0.936          15.596                 1.28         20
      1          0               0     55.500    407.600      0.454          17.279                 1.74         30
      1          0               0    149.400    576.700      1.832          19.823                 2.02         40
      1          0               0    146.900   1310.400      3.626          21.107                 2.38         50
      1          0               0    149.600   1850.800      9.935          21.376                 2.82         60
      1          0               0     95.800    317.800      0.177           9.070                 1.11         10
      1          0               0     94.800    495.500      0.397          15.785                 1.28         20
      1          0               0    113.100    958.300      0.785          21.210                 1.43         30
      1          0               0    169.000   1362.200      1.901          27.921                 1.45         40
      1          0               0    131.600   1428.000      2.099          30.260                 1.67         50
      1          0               0    102.200   1639.100      2.536          30.660                 1.97         60
      1          0               0    131.500    455.600      0.249           8.665                 1.17         10
      1          0               0    125.000    868.400      0.540          12.738                 1.59         20
      1          0               0    149.700   1009.200      1.037          17.928                 1.68         30
      1          0               0    144.800   1641.500      1.583          23.281                 1.72         40
      1          0               0    131.500   1591.000      2.431          27.834                 1.81         50
      1          0               0    174.800   1899.500      8.182          28.496                 2.12         60
      1          0               0     93.600    292.800      0.179           7.808                 1.29         10
      1          0               0     47.700    275.500      0.196          14.038                 1.43         20
      1          0               0     58.100    491.700      0.456          16.139                 1.88         30
      1          0               0     73.000    715.000      1.037          17.715                 2.28         40
      1          0               0    161.200   1714.800      4.922          20.207                 2.51         50
      1          0               0    151.300   2200.900     15.671          17.977                 3.39         60
      1          0               0    101.400    347.900      0.188           9.419                 1.07         10
      1          0               0     84.100    579.100      0.353          15.738                 1.28         20
      1          0               0     73.300    626.500      0.483          21.164                 1.43         30
      1          0               0    126.400    999.900      1.390          23.418                 1.71         40
      1          0               0    105.600   1038.600      1.980          25.757                 1.95         50
      1          0               0     62.400    945.800      1.786          28.973                 2.09         60
      1          0               0     36.900    147.100      0.068           9.060                 1.12         10
      1          0               0    102.700    491.100      0.433          14.694                 1.37         20
      1          0               0    131.200    706.900      0.885          20.687                 1.46         30
      1          0               0    132.400   1025.300      1.500          23.328                 1.72         40
      1          0               0    170.700   1725.500      3.220          26.875                 1.87         50
      1          0               0    120.300   1765.900      4.781          26.254                 2.29         60
      1          0               0    103.300    436.400      0.214           6.985                 1.48         10
      1          0               0    132.200    965.500      0.577          13.079                 1.54         20
      1          0               0    123.100   1432.400      1.015          18.891                 1.59         30
      1          0               0    147.200   1587.700      1.827          20.728                 1.94         40
      1          0               0    120.500   1277.300      2.252          25.434                 1.98         50
      1          0               0    175.100   1695.100      4.765          27.225                 2.21         60
      1          0               0     82.600    283.100      0.153           9.182                 1.11         10
      1          0               0    168.500    657.900      0.650          16.546                 1.23         20
      1          0               0    124.000    552.200      0.785          24.248                 1.26         30
      1          0               0    100.300    630.000      1.084          26.160                 1.55         40
      1          0               0    123.300    914.700      1.963          29.281                 1.73         50
      1          0               0     97.100    934.400      2.277          29.512                 2.06         60
      1          0               0     88.400    230.400      0.166           8.361                 1.21         10
      1          0               0     83.500    367.100      0.342          14.101                 1.43         20
      1          0               0    194.300    998.600      1.226          20.863                 1.44         30
      1          0               0    106.900    961.400      1.122          23.413                 1.72         40
      1          0               0    116.300   1407.500      1.787          25.951                 1.94         50
      1          0               0     81.400    979.800      2.395          26.531                 2.33         60
      1          0               0    115.000    242.900      0.213           9.384                 1.07         10
      1          0               0    114.700    828.700      0.471          14.998                 1.35         20
      1          0               0    103.600    857.000      0.718          20.546                 1.47         30
      1          0               0     84.200   1064.300      1.163          22.765                 1.77         40
      1          0               0     98.400    872.300      3.294          22.228                 2.26         50
      1          0               0     49.600    763.300      2.850          21.224                 2.85         60
      1          0               0    102.900    211.100      0.198           7.878                 1.28         10
      1          0               0    165.300    675.400      0.656          15.734                 1.28         20
      1          0               0    138.600    733.000      1.024          18.920                  1.6         30
      1          0               0     62.800    547.400      0.753          22.564                 1.78         40
      1          0               0    189.100   1719.100      3.562          27.328                 1.84         50
      1          0               0    186.300   1915.400      6.070          26.585                 2.26         60
      1          0               0    135.600    508.200      0.259           8.503                 1.19         10
      1          0               0    148.200    699.800      0.604          14.933                 1.36         20
      1          0               0     90.800    789.700      0.684          19.217                  1.6         30
      1          0               0    206.000   1222.300      2.225          24.432                 1.66         40
      1          0               0    102.100   1189.400      1.982          25.581                 1.97         50
      1          0               0    102.400   1097.700      2.769          29.240                 2.07         60
      1          0               0     91.700    261.500      0.171           8.684                 1.16         10
      1          0               0    142.900    908.700      0.563          14.787                 1.36         20
      1          0               0    184.600   1332.500      1.266          20.479                 1.48         30
      1          0               0    180.500   1488.500      1.775          25.558                 1.58         40
      1          0               0    177.000   1647.800      3.386          28.138                 1.79         50
      1          0               0    158.200   1780.700      4.427          29.112                 2.07         60
      1          0               0    117.900    282.000      0.237           7.589                 1.33         10
      1          0               0    110.500    487.200      0.459          13.836                 1.46         20
      1          0               0     84.900    643.100      0.629          20.340                  1.5         30
      1          0               0     65.400    652.600      0.846          21.621                 1.87         40
      1          0               0     58.200    661.000      1.404          23.935                  2.1         50
      1          0               0     78.800   1206.200      2.324          27.772                 2.18         60
      1          0               0    165.700    366.000      0.314           8.257                 1.23         10
      1          0               0     61.000    322.100      0.233          16.561                 1.22         20
      1          0               0     68.500    484.800      0.430          22.054                 1.37         30
      1          0               0     54.300    416.500      0.606          23.018                 1.74         40
      1          0               0     58.300    704.500      0.993          25.244                 1.99         50
      1          0               0     90.700    866.900      2.307          27.361                  2.2         60
      1          0               0    133.400    352.100      0.244           9.567                 1.05         10
      1          0               0     83.800    603.600      0.342          15.305                 1.33         20
      1          0               0    109.100    611.400      0.775          19.588                 1.54         30
      1          0               0    176.500   1920.200      1.712          27.786                 1.45         40
      1          0               0    147.400   1901.700      2.405          30.086                 1.67         50
      1          0               0    136.500   1822.400      4.992          29.731                 2.03         60
      1          0               0    104.400    411.900      0.199           8.192                 1.23         10
      1          0               0     71.800    486.400      0.302          13.403                 1.51         20
      1          0               0     86.800    899.900      0.621          19.389                 1.55         30
      1          0               0    116.800    886.700      1.211          24.366                 1.65         40
      1          0               0    101.300   1024.900      1.805          24.580                 2.04         50
      1          0               0     92.200   1254.000      3.298          26.384                 2.28         60
      1          0               0    119.500    593.200      0.229           8.253                 1.23         10
      1          0               0    140.700    621.700      0.552          16.833                  1.2         20
      1          0               0     84.600    676.800      0.681          19.408                 1.56         30
      1          0               0    109.400    937.100      1.597          21.244                  1.9         40
      1          0               0     97.700    966.800      2.837          22.399                 2.25         50
      1          0               0    172.500   2207.300      6.794          26.013                 2.32         60
      1          0               0     97.500    451.900      0.192           7.299                  1.4         10
      1          0               0    134.400    752.000      0.578          13.461                 1.49         20
      1          0               0     99.900    752.200      0.723          20.425                 1.48         30
      1          0               0    101.700   1124.700      1.317          26.067                 1.55         40
      1          0               0     96.000   1195.800      1.786          28.259                 1.79         50
      1          0               0    104.200   1680.300      2.965          29.082                 2.09         60
      1          0               0    150.300    365.300      0.285           9.492                 1.06         10
      1          0               0    139.400    752.200      0.585          15.654                 1.29         20
      1          0               0    140.300    973.300      1.017          19.218                 1.58         30
      1          0               0    154.800    952.100      1.589          23.242                 1.73         40
      1          0               0    162.400   1209.800      2.870          24.028                 2.09         50
      1          0               0    132.200   1818.200      4.058          25.716                 2.34         60
      1          0               0    124.700    506.300      0.234           8.249                 1.23         10
      1          0               0    117.100    704.300      0.479          14.643                 1.37         20
      1          0               0    100.700    777.700      0.779          19.570                 1.55         30
      1          0               0     94.800    747.100      1.268          20.572                 1.95         40
      1          0               0     96.100   1052.800      1.904          24.957                 2.01         50
      1          0               0    110.000   1260.700      5.183          28.265                 2.14         60
      1          0               0    194.600    609.600      0.366           9.360                 1.08         10
      1          0               0    157.100    863.700      0.731          14.223                 1.41         20
      1          0               0    120.900    689.800      0.822          21.367                 1.41         30
      1          0               0    143.400   1271.600      1.592          22.916                 1.76         40
      1          0               0     83.200    900.300      1.519          26.227                 1.92         50
      1          0               0     98.600   1248.500      3.236          26.122                 2.32         60
      1          0               0    106.700    331.300      0.203           8.786                 1.15         10
      1          0               0     88.100    466.700      0.339          16.355                 1.23         20
      1          0               0     90.800    514.600      0.558          23.670                 1.27         30
      1          0               0    110.900    709.900      1.234          23.353                 1.72         40
      1          0               0    158.800    890.000      2.825          24.130                 2.08         50
      1          0               0     89.700   1146.600      3.676          23.395                 2.58         60
      1          0               0     65.400    295.800      0.122           8.671                 1.16         10
      1          0               0    121.900    644.000      0.532          14.275                 1.41         20
      1          0               0     84.600    545.500      0.596          20.915                 1.45         30
      1          0               0     63.600    754.800      0.883          23.107                 1.75         40
      1          0               0     74.500    784.800      1.296          25.396                  2.0         50
      1          0               0     68.400    806.500      1.824          27.089                 2.22         60
      1          0               0     59.000    178.700      0.110           8.831                 1.14         10
      1          0               0     66.600    414.100      0.288          14.809                 1.37         20
      1          0               0     83.300    766.500      0.611          18.529                 1.63         30
      1          0               0     83.200    855.800      1.038          21.438                 1.88         40
      1          0               0     84.900   1256.500      1.946          25.380                 1.99         50
      1          0               0     79.700   1348.400      3.278          26.631                 2.27         60
      1          0               0     48.500    186.900      0.091           8.759                 1.16         10
      1          0               0     98.700    465.300      0.390          16.925                  1.2         20
      1          0               0    139.400    716.500      0.977          23.801                 1.28         30
      1          0               0    151.600    910.900      1.437          30.361                 1.33         40
      1          0               0     66.700    669.500      1.274          29.211                 1.75         50
      1          0               0    134.400    950.600      3.410          34.150                 1.78         60
      1          0               0    129.700    435.500      0.251           8.012                 1.28         10
      1          0               0     92.200    686.300      0.376          14.266                 1.41         20
      1          0               0     88.200    425.000      0.555          22.932                 1.31         30
      1          0               0     87.200    945.100      1.040          22.424                  1.8         40
      1          0               0     87.800    960.500      2.119          24.795                 2.03         50
      1          0               0     89.100   1556.200      3.733          24.452                 2.48         60
      1          0               0     53.000    188.200      0.101           7.981                 1.27         10
      1          0               0     76.300    423.500      0.318          14.190                 1.42         20
      1          0               0     97.300    883.000      0.774          18.141                 1.68         30
      1          0               0     79.300    881.600      1.382          21.719                 1.89         40
      1          0               0     93.100   1136.900      2.024          25.405                 2.02         50
      1          0               0     96.600   1382.500      3.112          27.545                 2.22         60
      1          0               0     54.500    212.500      0.099           9.081                 1.11         10
      1          0               0     74.300    428.800      0.297          14.929                 1.36         20
      1          0               0     99.900    618.400      0.661          20.294                 1.49         30
      1          0               0     84.000    583.400      1.052          23.354                 1.72         40
      1          0               0     40.300    427.600      0.783          26.352                 1.94         50
      1          0               0     58.400    431.700      1.649          31.002                 1.96         60
      1          0               0     85.000    293.500      0.159           8.828                 1.14         10
      1          0               0    151.800    926.700      0.617          14.334                  1.4         20
      1          0               0     90.000    814.400      0.649          18.432                 1.64         30
      1          0               0    130.800   1142.800      1.276          24.747                 1.62         40
      1          0               0    112.700    854.800      1.590          27.160                 1.85         50
      1          0               0     69.400   1013.600      1.878          27.847                 2.19         60
      1          0               0     65.300    208.600      0.125           8.297                 1.22         10
      1          0               0     36.000    195.100      0.162          14.194                 1.44         20
      1          0               0     77.200    460.200      0.536          18.079                 1.68         30
      1          0               0    125.900    806.600      1.686          19.701                 2.04         40
      1          0               0     83.500   1059.100      2.473          19.937                 2.53         50
      1          0               0     79.500   1301.600      3.305          22.371                 2.69         60
