success  collision  collision_obst   makespan   flowtime    runtime     mean_groups     mean_groups_size     number
      1          0               0     83.100    243.100      0.115           8.215                 1.24         10
      1          0               0     83.600    577.600      0.239          15.843                 1.27         20
      1          0               0    115.800    754.400      0.552          21.415                 1.42         30
      1          0               0     68.000    739.700      0.535          23.963                 1.68         40
      1          0               0     55.700    737.200      0.702          24.275                 2.08         50
      1          0               0     65.500    763.500      1.150          25.275                 2.39         60
      1          0               0     66.900    314.500      0.110           8.507                  1.2         10
      1          0               0     96.500    430.800      0.316          13.839                 1.45         20
      1          0               0     39.700    405.900      0.201          17.199                 1.76         30
      1          0               0     78.800    743.400      0.638          22.137                 1.82         40
      1          0               0     62.000    771.100      0.709          23.747                 2.12         50
      1          0               0     73.300    983.700      1.392          24.671                 2.46         60
      1          0               0     38.000    162.400      0.054           8.658                 1.16         10
      1          0               0     90.100    290.100      0.254          15.950                 1.26         20
      1          0               0     89.500    544.400      0.414          18.637                 1.61         30
      1          0               0     99.100    712.200      0.640          23.315                 1.72         40
      1          0               0     80.100    661.900      0.833          23.126                 2.18         50
      1          0               0     69.900    797.200      1.143          24.788                 2.44         60
      1          0               0     55.500    217.000      0.075           8.452                 1.19         10
      1          0               0    101.100    368.400      0.304          13.307                 1.52         20
      1          0               0    104.300    538.600      0.501          17.325                 1.74         30
      1          0               0    113.100    717.200      0.992          19.034                 2.12         40
      1          0               0     41.800    532.000      0.421          23.337                 2.16         50
      1          0               0     93.200    837.400      1.285          26.159                  2.3         60
      1          0               0    129.700    397.400      0.186           9.195                  1.1         10
      1          0               0    116.700    408.400      0.345          15.364                 1.32         20
      1          0               0     95.600    578.300      0.470          20.444                 1.48         30
      1          0               0    107.500    881.600      0.817          22.335                 1.82         40
      1          0               0     83.200   1213.200      0.933          23.583                 2.15         50
      1          0               0     87.900   1164.200      1.539          23.899                 2.54         60
      1          0               0     47.500    161.200      0.070           9.221                 1.09         10
      1          0               0     78.900    443.500      0.233          17.112                 1.17         20
      1          0               0    128.500    658.700      0.596          22.340                 1.35         30
      1          0               0     75.400    515.300      0.514          24.219                 1.66         40
      1          0               0    116.000   1409.200      1.427          24.454                 2.05         50
      1          0               0    116.000   1220.400      1.907          24.378                 2.47         60
      1          0               0     93.100    322.700      0.138           9.139                  1.1         10
      1          0               0     51.400    289.000      0.162          14.576                 1.39         20
      1          0               0     95.300    506.900      0.461          19.075                 1.58         30
      1          0               0     58.500    616.500      0.463          22.651                 1.78         40
      1          0               0    140.500   1061.700      1.687          27.078                 1.85         50
      1          0               0     57.000    800.500      1.075          26.896                 2.24         60
      1          0               0     68.400    155.900      0.100           8.085                 1.27         10
      1          0               0     43.400    303.300      0.141          13.092                 1.54         20
      1          0               0     88.100    455.800      0.488          17.154                 1.76         30
      1          0               0     78.700    625.500      0.594          22.084                 1.83         40
      1          0               0     74.800    722.700      0.838          26.336                 1.91         50
      1          0               0     43.600    789.600      0.724          26.018                 2.32         60
      1          0               0     81.500    316.700      0.121           9.243                 1.09         10
      1          0               0    114.600    475.700      0.352          15.729                 1.28         20
      1          0               0     71.900    469.300      0.322          22.253                 1.36         30
      1          0               0     65.700    576.400      0.476          23.134                 1.74         40
      1          0               0     91.100    813.300      1.123          24.490                 2.05         50
      1          0               0     74.100    798.200      1.256          27.486                  2.2         60
      1          0               0     92.800    343.200      0.137           8.792                 1.15         10
      1          0               0    104.600    620.000      0.312          16.880                 1.19         20
      1          0               0     89.800    552.000      0.430          18.682                 1.62         30
      1          0               0     90.800    629.400      0.636          22.769                 1.77         40
      1          0               0     81.200    927.300      0.952          21.921                  2.3         50
      1          0               0     69.100    863.400      1.284          22.948                 2.63         60
      1          0               0     61.500    268.900      0.092           8.163                 1.24         10
      1          0               0     69.000    389.500      0.209          14.554                 1.39         20
      1          0               0     83.600    480.000      0.405          18.977                 1.59         30
      1          0               0    134.200   1058.100      0.985          22.016                 1.82         40
      1          0               0    109.100    915.200      1.436          24.899                 2.02         50
      1          0               0    103.600   1280.100      1.636          26.783                 2.25         60
      1          0               0    116.700    505.300      0.178           8.512                  1.2         10
      1          0               0    120.700    666.900      0.366          16.388                 1.23         20
      1          0               0     79.500    544.900      0.353          24.187                 1.25         30
      1          0               0     90.200    753.900      0.561          28.759                  1.4         40
      1          0               0     83.400    961.200      0.796          29.971                 1.69         50
      1          0               0     69.700    868.700      0.890          32.155                  1.9         60
      1          0               0     97.700    250.800      0.147           9.301                 1.09         10
      1          0               0     65.600    364.500      0.199          16.398                 1.23         20
      1          0               0     67.300    444.800      0.318          22.453                 1.34         30
      1          0               0    107.900    917.300      0.708          24.958                 1.62         40
      1          0               0     81.100    627.700      0.790          25.503                 1.98         50
      1          0               0    100.600    778.400      1.345          28.721                 2.11         60
      1          0               0     51.700    188.000      0.076           8.520                 1.18         10
      1          0               0    124.500    442.500      0.374          17.126                 1.17         20
      1          0               0    133.400    521.800      0.641          20.006                  1.5         30
      1          0               0    127.200    737.900      1.079          23.140                 1.74         40
      1          0               0     66.800    627.600      0.842          22.639                 2.25         50
      1          0               0    102.900   1185.600      1.672          24.446                 2.47         60
      1          0               0     53.300    157.100      0.080           9.099                 1.12         10
      1          0               0     56.100    302.600      0.170          16.376                 1.23         20
      1          0               0    121.500    545.500      0.550          22.628                 1.33         30
      1          0               0     73.700    803.200      0.483          27.072                 1.49         40
      1          0               0     98.700    927.700      1.006          27.363                 1.84         50
      1          0               0     79.500    873.800      1.094          28.713                 2.13         60
      1          0               0     87.800    255.400      0.136           9.246                 1.09         10
      1          0               0     84.200    394.200      0.263          16.886                 1.21         20
      1          0               0     68.800    443.700      0.327          21.637                 1.42         30
      1          0               0    360.600   1798.800      2.509          25.776                 1.56         40
      1          0               0    112.100   1068.400      1.144          28.397                 1.78         50
      1          0               0     54.700    661.600      0.824          28.537                 2.13         60
      1          0               0     56.200    167.000      0.085           9.025                 1.12         10
      1          0               0    114.500    765.100      0.360          14.950                 1.34         20
      1          0               0    122.600    505.100      0.603          20.179                  1.5         30
      1          0               0     47.000    513.700      0.394          24.440                 1.65         40
      1          0               0     96.800    955.400      1.113          30.687                 1.64         50
      1          0               0     82.800    724.600      1.479          30.043                 2.01         60
      1          0               0     34.800    168.000      0.052           9.049                 1.11         10
      1          0               0     74.700    401.600      0.246          13.502                  1.5         20
      1          0               0     67.100    660.500      0.341          18.539                 1.63         30
      1          0               0     95.300    778.200      0.751          22.254                 1.82         40
      1          0               0     71.400    823.900      0.946          24.525                 2.04         50
      1          0               0     89.600    833.200      1.466          27.738                 2.18         60
      1          0               0     60.900    226.700      0.090           8.450                  1.2         10
      1          0               0     67.200    479.700      0.202          17.027                 1.18         20
      1          0               0    104.500    563.800      0.466          24.694                 1.22         30
      1          0               0    118.100    661.900      0.727          29.776                 1.35         40
      1          0               0     78.400   1005.100      0.718          29.325                 1.72         50
      1          0               0     74.600    978.600      0.961          27.830                 2.18         60
      1          0               0     97.100    173.200      0.144           9.308                 1.08         10
      1          0               0     82.900    382.300      0.249          16.007                 1.25         20
      1          0               0    103.300    648.400      0.472          22.639                 1.34         30
      1          0               0     43.300    475.000      0.301          25.776                 1.57         40
      1          0               0     74.300    636.500      0.723          28.171                  1.8         50
      1          0               0    103.900    915.400      1.454          30.540                 1.97         60
      1          0               0     57.600    190.300      0.087           9.193                  1.1         10
      1          0               0     44.400    322.500      0.139          14.502                 1.39         20
      1          0               0    112.800    725.900      0.545          21.123                 1.43         30
      1          0               0    133.600    925.100      0.992          24.967                 1.61         40
      1          0               0    100.800    932.200      0.947          30.211                 1.68         50
      1          0               0    134.400    982.500      1.812          34.202                 1.77         60
      1          0               0     72.600    273.700      0.110           8.618                 1.17         10
      1          0               0    117.400    470.000      0.360          16.497                 1.22         20
      1          0               0     72.000    515.100      0.334          21.444                 1.41         30
      1          0               0     85.200    630.600      0.611          22.702                 1.78         40
      1          0               0     57.200    600.700      0.643          22.470                 2.24         50
      1          0               0     61.000    689.300      0.983          22.266                 2.72         60
      1          0               0     74.800    217.900      0.110           9.257                 1.09         10
      1          0               0    101.500    730.400      0.317          15.124                 1.34         20
      1          0               0     87.000    593.500      0.418          20.590                 1.47         30
      1          0               0     77.300    804.300      0.593          23.083                 1.75         40
      1          0               0     76.700    701.000      0.971          20.546                 2.46         50
      1          0               0     65.000   1068.900      1.219          22.652                 2.67         60
      1          0               0     77.900    339.900      0.123           7.750                  1.3         10
      1          0               0     52.100    337.800      0.167          12.363                 1.65         20
      1          0               0    121.300    807.900      0.621          19.287                 1.56         30
      1          0               0    120.400    729.900      0.977          24.081                 1.67         40
      1          0               0     83.800    991.500      0.925          25.906                 1.94         50
      1          0               0    110.100   1216.500      1.556          28.700                  2.1         60
      1          0               0     70.100    229.900      0.105           8.886                 1.14         10
      1          0               0    109.400    449.500      0.330          16.620                 1.21         20
      1          0               0     79.200    605.000      0.390          18.037                 1.68         30
      1          0               0     73.800    869.900      0.553          23.014                 1.74         40
      0          0               0   2000.000 100000.000     19.523          28.979                 1.73         50
      1          0               0     81.600    958.200      1.669          29.044                 2.07         60
      1          0               0     54.800    228.700      0.078           9.026                 1.11         10
      1          0               0     71.900    373.400      0.218          15.439                  1.3         20
      1          0               0     67.100    470.300      0.306          22.119                 1.36         30
      1          0               0     85.900    615.700      0.608          26.126                 1.54         40
      1          0               0     87.400   1086.200      0.830          29.882                 1.68         50
      1          0               0     88.200   1139.500      1.235          30.721                 1.96         60
      1          0               0     88.900    378.700      0.131           9.156                  1.1         10
      1          0               0     78.100    354.300      0.250          14.274                 1.41         20
      1          0               0     89.000    570.400      0.454          18.420                 1.63         30
      1          0               0     84.000    749.400      0.687          18.160                 2.22         40
      1          0               0     72.200   1081.600      1.042          19.658                 2.57         50
      1          0               0     86.500   1310.100      1.634          22.520                 2.68         60
      1          0               0     50.900    155.800      0.075           8.662                 1.16         10
      1          0               0     39.700    316.300      0.123          14.516                 1.39         20
      1          0               0     78.500    591.800      0.382          20.892                 1.46         30
      1          0               0    124.700    883.900      0.838          25.799                 1.56         40
      1          0               0    106.900   1102.500      1.105          24.813                 2.03         50
      1          0               0     81.300    993.100      1.138          26.774                 2.26         60
      1          0               0     51.500    133.400      0.075           9.274                 1.08         10
      1          0               0     86.600    369.000      0.268          15.370                 1.33         20
      1          0               0     62.500    470.200      0.286          22.133                 1.38         30
      1          0               0    104.700    744.100      0.726          22.338                 1.81         40
      1          0               0     74.500   1038.100      0.805          22.705                 2.22         50
      1          0               0    113.100   1206.900      1.646          24.499                 2.46         60
      1          0               0     34.400    156.900      0.050           8.532                 1.18         10
      1          0               0    105.700    468.800      0.330          13.908                 1.46         20
      1          0               0     73.800    572.400      0.465          16.737                 1.82         30
      1          0               0    104.400   1042.900      1.023          21.325                 1.91         40
      1          0               0    126.100   1114.600      1.886          25.791                 1.96         50
      1          0               0     91.600   1132.900      2.298          24.743                 2.45         60
      1          0               0     95.000    407.600      0.142           9.243                 1.09         10
      1          0               0     55.200    326.100      0.176          15.100                 1.34         20
      1          0               0     64.100    601.000      0.332          19.109                 1.58         30
      1          0               0     95.100    707.100      0.805          23.775                 1.69         40
      1          0               0    105.900   1011.800      1.366          24.246                 2.08         50
      1          0               0     86.200    960.300      1.444          26.659                 2.26         60
      1          0               0     69.400    318.000      0.108           7.905                 1.29         10
      1          0               0     54.400    348.100      0.175          13.754                 1.47         20
      1          0               0     92.000    711.200      0.444          17.852                 1.69         30
      0          0               0   2000.000  80000.000     13.541          22.943                 1.74         40
      1          0               0     77.500    752.400      1.046          24.338                 2.06         50
      1          0               0     82.900    911.800      1.587          27.375                  2.2         60
      1          0               0     21.000     66.800      0.030           9.033                 1.12         10
      1          0               0     99.500    219.600      0.291          16.137                 1.24         20
      1          0               0     56.400    274.000      0.256          22.617                 1.33         30
      1          0               0     53.500    428.500      0.348          25.084                  1.6         40
      1          0               0     78.500    940.000      0.720          28.013                 1.79         50
      1          0               0     66.600    958.200      0.883          29.976                 2.03         60
      1          0               0     62.900    171.100      0.092           8.898                 1.13         10
      1          0               0     60.000    398.400      0.186          14.765                 1.36         20
      1          0               0     73.100    554.300      0.341          19.624                 1.54         30
      1          0               0     95.900    679.200      0.608          26.158                 1.53         40
      1          0               0     87.100    573.500      0.753          29.401                  1.7         50
      1          0               0     64.500    579.200      0.799          31.288                 1.92         60
      1          0               0     53.100    172.300      0.076           9.089                 1.11         10
      1          0               0     92.800    418.500      0.274          17.518                 1.15         20
      1          0               0     98.300    727.700      0.454          21.589                  1.4         30
      1          0               0     94.200    926.500      0.623          27.186                 1.48         40
      1          0               0    106.600   1192.400      1.088          28.208                 1.78         50
      1          0               0     98.600   1271.600      1.899          26.597                 2.26         60
      1          0               0     87.300    312.700      0.130           7.719                 1.31         10
      1          0               0     86.100    451.100      0.262          15.156                 1.33         20
      1          0               0     54.800    403.800      0.258          19.257                 1.58         30
      1          0               0     95.600    698.000      0.825          21.318                 1.88         40
      1          0               0     66.300    672.500      0.727          23.309                 2.15         50
      1          0               0     84.700    757.700      1.807          21.834                 2.76         60
      1          0               0     28.300    108.600      0.041           9.548                 1.05         10
      1          0               0     54.400    262.900      0.167          14.982                 1.34         20
      1          0               0     53.200    425.000      0.249          20.070                 1.51         30
      1          0               0     57.700    659.800      0.399          24.331                 1.65         40
      1          0               0     49.700    768.500      0.558          25.207                  2.0         50
      1          0               0     73.600    996.900      1.162          26.579                 2.28         60
      1          0               0    100.700    345.500      0.148           9.293                 1.08         10
      1          0               0     94.700    431.000      0.281          18.326                  1.1         20
      1          0               0    148.300    881.700      0.696          21.009                 1.43         30
      1          0               0     84.000    574.700      0.618          23.240                 1.73         40
      1          0               0     78.100    948.100      0.870          25.443                 1.98         50
      1          0               0     84.700    963.600      1.268          28.692                  2.1         60
      1          0               0    110.900    217.400      0.163           7.651                 1.32         10
      1          0               0     77.100    432.900      0.253          11.301                 1.81         20
      1          0               0    126.900    724.900      0.661          16.604                 1.82         30
      1          0               0     62.000    538.600      0.498          17.971                 2.25         40
      1          0               0     75.000    629.300      0.803          22.743                 2.22         50
      1          0               0     90.800    983.000      1.431          25.464                 2.38         60
      1          0               0     86.800    406.600      0.132           8.816                 1.15         10
      1          0               0     82.000    452.200      0.242          17.709                 1.14         20
      0          0               0   2000.000  60000.000      9.290          22.942                 1.31         30
      1          0               0    110.900    989.500      0.804          25.054                  1.6         40
      1          0               0    101.400   1392.700      1.118          25.745                 1.96         50
      1          0               0     75.200   1362.600      1.337          27.932                 2.16         60
      1          0               0     83.100    268.900      0.130           9.005                 1.12         10
      1          0               0     80.600    400.500      0.262          14.629                 1.37         20
      1          0               0     65.200    469.600      0.377          18.863                 1.62         30
      1          0               0     73.600    725.700      0.662          25.397                 1.61         40
      1          0               0     63.800    756.100      1.103          24.096                  2.1         50
      1          0               0     87.500   1138.300      1.400          27.582                 2.19         60
      1          0               0     66.800    276.100      0.102           8.204                 1.23         10
      1          0               0     74.900    458.900      0.236          16.111                 1.25         20
      1          0               0     63.500    533.000      0.317          21.909                 1.38         30
      1          0               0     80.300    816.500      0.706          21.725                 1.85         40
      1          0               0     79.300    889.800      1.185          24.033                 2.09         50
      1          0               0     61.500    812.700      0.943          23.906                 2.55         60
      1          0               0     55.100    164.800      0.079           9.341                 1.08         10
      1          0               0    116.800    672.100      0.350          16.516                 1.22         20
      1          0               0     59.300    497.600      0.329          18.352                 1.64         30
      1          0               0     56.800    534.500      0.448          23.602                 1.71         40
      1          0               0     96.600    848.200      0.985          29.297                 1.73         50
      1          0               0     71.100   1057.200      1.137          28.076                 2.17         60
      1          0               0     83.100    293.300      0.121           8.460                 1.19         10
      1          0               0    103.200    743.600      0.324          13.984                 1.45         20
      1          0               0     75.800    640.200      0.386          17.737                 1.71         30
      1          0               0     72.500    745.200      0.575          20.852                 1.97         40
      1          0               0    120.800   1524.500      2.222          22.726                 2.23         50
      1          0               0     75.300   1254.000      1.797          22.208                 2.73         60
      1          0               0     33.800    114.100      0.049           9.180                  1.1         10
      1          0               0     51.100    303.100      0.155          16.849                  1.2         20
      1          0               0     72.000    376.700      0.328          21.593                  1.4         30
      1          0               0     97.200    732.200      0.603          26.703                 1.52         40
      1          0               0    114.500   1019.000      1.007          28.796                 1.75         50
      1          0               0     73.500    813.100      0.914          31.771                 1.92         60
      1          0               0     50.900    145.700      0.076           9.212                  1.1         10
      1          0               0     54.800    341.300      0.165          15.739                 1.28         20
      1          0               0     67.600    513.300      0.366          18.969                 1.59         30
      1          0               0     48.400    493.700      0.385          23.564                  1.7         40
      1          0               0     85.600    856.500      1.074          25.711                 1.95         50
      1          0               0     70.700    893.100      1.226          27.703                 2.18         60
      1          0               0     60.500    251.000      0.092           8.140                 1.24         10
      1          0               0     72.800    606.000      0.234          13.551                 1.49         20
      1          0               0    114.300   1082.400      0.572          20.116                  1.5         30
      1          0               0     99.700    909.500      0.742          22.905                 1.75         40
      1          0               0     76.000   1276.000      1.221          26.762                 1.88         50
      1          0               0    110.600   1457.000      2.276          27.807                 2.17         60
      1          0               0     42.900    167.900      0.062           8.033                 1.26         10
      1          0               0     86.200    514.000      0.265          14.853                 1.36         20
      1          0               0    135.200    698.600      0.605          22.714                 1.33         30
      1          0               0     86.900    612.300      0.529          26.877                  1.5         40
      1          0               0    110.800   1059.200      0.983          29.673                 1.69         50
      1          0               0     89.500   1163.900      1.251          29.989                 2.01         60
      1          0               0     63.600    223.200      0.094           9.055                 1.12         10
      0          0               0   2000.000  40000.000      5.925          16.963                 1.18         20
      1          0               0     87.900    704.500      0.456          18.437                 1.64         30
      1          0               0     84.100    735.900      0.607          22.522                 1.78         40
      1          0               0     80.500    697.300      0.842          26.297                 1.92         50
      1          0               0     78.200    916.000      1.128          28.446                 2.12         60
      1          0               0     87.500    338.500      0.130           8.166                 1.24         10
      1          0               0     98.000    540.800      0.301          14.408                 1.39         20
      1          0               0     73.800    731.800      0.413          21.695                 1.39         30
      1          0               0     71.500    833.600      0.835          23.515                 1.72         40
      1          0               0     72.900   1102.600      1.107          26.551                  1.9         50
      1          0               0    110.700   1352.500      1.683          30.965                 1.96         60
      1          0               0     79.500    200.500      0.119           8.430                  1.2         10
      1          0               0    106.100    512.000      0.318          15.399                 1.31         20
      1          0               0     48.200    313.200      0.225          19.907                 1.52         30
      1          0               0     89.300    825.200      0.584          24.434                 1.65         40
      1          0               0     91.500    933.700      0.842          27.296                 1.85         50
      1          0               0     67.400    863.100      0.908          28.457                 2.12         60
      1          0               0     48.700    198.400      0.073           8.183                 1.23         10
      1          0               0     62.500    477.600      0.196          14.472                 1.39         20
      1          0               0     70.700    491.700      0.349          17.929                 1.68         30
      1          0               0     51.800    476.300      0.364          21.637                 1.86         40
      1          0               0    114.200    821.400      1.140          25.109                 1.99         50
      1          0               0    119.400   1038.700      1.767          25.910                 2.32         60
      1          0               0     75.300    224.300      0.115           7.835                  1.3         10
      1          0               0    140.800    511.300      0.422          15.305                 1.31         20
      1          0               0     58.100    577.000      0.274          19.549                 1.55         30
      1          0               0    108.200   1145.100      0.811          25.768                 1.56         40
      1          0               0     92.600   1426.400      1.250          28.377                 1.77         50
      1          0               0     60.500    908.800      1.234          29.845                 2.02         60
      1          0               0     86.900    269.800      0.127           8.917                 1.13         10
      1          0               0    130.900    401.600      0.388          16.146                 1.24         20
      1          0               0     89.000    432.800      0.397          22.478                 1.34         30
      1          0               0     71.100    579.000      0.460          23.641                  1.7         40
      1          0               0    111.900    929.400      1.088          26.150                 1.92         50
      1          0               0     98.700   1156.100      1.429          26.626                 2.26         60
      1          0               0     55.600    224.500      0.086           8.302                 1.22         10
      1          0               0     90.700    535.400      0.301          14.201                 1.42         20
      1          0               0     75.300    540.000      0.435          19.448                 1.56         30
      1          0               0     79.300    671.900      0.897          22.214                 1.81         40
      1          0               0     79.400    851.500      0.890          24.397                 2.06         50
      1          0               0     99.500    922.900      1.500          24.861                 2.42         60
      1          0               0     65.600    229.800      0.096           9.143                  1.1         10
      1          0               0    119.500    571.200      0.363          15.085                 1.33         20
      1          0               0     69.400    689.700      0.357          17.922                 1.68         30
      1          0               0     77.500    817.500      0.618          23.643                  1.7         40
      1          0               0     74.700    752.800      0.915          24.580                 2.05         50
      1          0               0     96.900   1141.400      1.612          25.504                 2.36         60
      1          0               0     25.200    131.800      0.038           7.710                 1.31         10
      1          0               0     64.100    346.300      0.190          15.746                 1.28         20
      1          0               0    104.800    451.500      0.487          21.549                  1.4         30
      1          0               0     83.500    654.300      0.545          24.756                 1.63         40
      1          0               0     83.800    834.600      0.794          26.502                 1.89         50
      1          0               0    358.100   1570.600      5.635          25.336                 2.37         60
      1          0               0     77.100    240.900      0.118           8.250                 1.22         10
      1          0               0     89.800    489.700      0.279          15.874                 1.27         20
      1          0               0    136.500    413.900      0.607          23.774                 1.27         30
      1          0               0    101.600    689.400      0.661          27.806                 1.45         40
      1          0               0    107.200    875.500      1.002          29.269                 1.72         50
      1          0               0     71.400    977.000      1.251          26.987                 2.23         60
      1          0               0    119.100    257.300      0.176           9.187                 1.09         10
      1          0               0     90.600    426.200      0.283          16.475                 1.24         20
      1          0               0    106.300    820.500      0.494          22.414                 1.34         30
      1          0               0    102.400    983.100      1.126          22.854                 1.77         40
      1          0               0    106.600    856.400      1.560          25.491                 1.97         50
      1          0               0     51.600    937.600      1.173          25.833                 2.33         60
      1          0               0     95.600    284.200      0.145           9.197                  1.1         10
      1          0               0     93.200    490.600      0.289          17.555                 1.15         20
      1          0               0     88.800    439.800      0.430          22.452                 1.36         30
      1          0               0    126.800    623.000      0.821          25.668                 1.56         40
      1          0               0     92.800    668.000      0.872          28.242                 1.79         50
      1          0               0    122.100    974.900      1.637          30.271                 2.01         60
      1          0               0     90.000    255.800      0.137           7.917                 1.27         10
      1          0               0     71.400    469.300      0.237          12.679                 1.59         20
      1          0               0     88.200    676.500      0.513          16.328                 1.86         30
      1          0               0     95.600    975.200      0.887          18.390                 2.21         40
      1          0               0     77.300   1082.800      1.048          22.801                 2.21         50
      0          0               0   2000.000 120000.000     31.659          27.872                 2.15         60
      1          0               0     77.900    302.000      0.119           8.624                  1.2         10
      1          0               0     79.900    494.600      0.246          15.783                 1.29         20
      1          0               0     79.400    817.100      0.381          22.417                 1.37         30
      0          0               0   2000.000  80000.000     12.279          32.647                 1.23         40
      1          0               0     83.300   1231.700      0.847          30.139                 1.68         50
      1          0               0     85.300   1163.200      1.153          31.267                 1.95         60
      1          0               0     44.800    182.800      0.071           7.319                 1.38         10
      1          0               0     89.100    343.600      0.282          14.708                 1.39         20
      1          0               0     62.900    483.800      0.309          20.079                 1.51         30
      1          0               0     60.800    676.300      0.436          23.549                 1.73         40
      1          0               0     90.100    873.200      0.971          26.728                 1.88         50
      1          0               0     61.700    799.400      1.039          24.517                 2.47         60
      1          0               0     79.300    325.500      0.127           7.678                 1.33         10
      1          0               0     73.000    422.000      0.241          12.771                 1.58         20
      1          0               0     81.900    778.200      0.421          19.425                 1.55         30
      1          0               0     98.600    786.000      0.802          24.812                 1.62         40
      1          0               0     95.200    750.700      0.926          27.103                 1.85         50
      1          0               0     95.600    991.600      1.609          25.365                 2.38         60
      1          0               0     78.100    209.800      0.121           9.008                 1.12         10
      1          0               0     92.400    469.500      0.289          16.632                 1.21         20
      1          0               0     86.200    618.100      0.423          19.922                 1.52         30
      1          0               0     89.500    688.300      0.661          24.036                 1.68         40
      1          0               0     97.400    825.400      1.062          25.813                 1.96         50
      1          0               0     86.400    951.100      1.464          27.080                 2.24         60
      1          0               0     61.700    278.200      0.095           8.374                 1.23         10
      1          0               0    105.900    370.900      0.324          16.140                 1.27         20
      1          0               0     97.500    504.900      0.447          22.313                 1.35         30
      1          0               0    109.600    730.300      0.733          26.724                 1.51         40
      1          0               0     81.000    635.600      0.758          29.122                 1.74         50
      1          0               0     82.000   1125.500      1.024          29.702                 2.03         60
      1          0               0     50.700    194.200      0.083           7.225                 1.41         10
      1          0               0    106.200    640.900      0.370          12.820                 1.58         20
      1          0               0    119.700    559.800      0.652          18.551                 1.62         30
      1          0               0     52.000    623.500      0.680          15.442                 2.65         40
      1          0               0     60.000    867.800      0.986          20.482                 2.46         50
      1          0               0    116.800   1106.600      2.568          21.756                 2.77         60
      1          0               0     48.200    183.400      0.074           8.876                 1.14         10
      1          0               0    106.600    414.300      0.334          15.666                 1.29         20
      1          0               0    104.500    836.800      0.514          19.829                 1.52         30
      1          0               0    114.200   1077.300      0.847          21.082                  1.9         40
      1          0               0     62.500    692.100      0.652          23.376                 2.15         50
      1          0               0    100.600   1345.600      1.567          24.796                 2.44         60
      1          0               0     67.300    248.500      0.099           9.192                  1.1         10
      1          0               0     71.200    449.800      0.222          15.198                 1.33         20
      1          0               0    107.400    552.300      0.528          18.264                 1.65         30
      1          0               0     73.600    445.300      0.563          23.151                 1.74         40
      1          0               0     78.400    716.500      0.803          27.852                  1.8         50
      1          0               0     74.100    800.500      1.085          28.682                  2.1         60
      1          0               0     39.100    156.600      0.059           7.918                  1.3         10
      1          0               0     71.100    449.600      0.226          15.145                 1.36         20
      1          0               0     93.400    550.600      0.452          20.609                 1.49         30
      1          0               0     97.600    686.500      0.748          26.129                 1.56         40
      1          0               0     70.900    764.800      0.953          28.573                 1.79         50
      1          0               0     86.500   1183.300      1.754          29.109                 2.13         60
      1          0               0     37.200    136.600      0.058           8.323                 1.21         10
      1          0               0     93.700    475.000      0.303          13.844                 1.47         20
      1          0               0    102.700    709.900      0.496          18.806                 1.61         30
      1          0               0     84.800    809.900      0.583          23.350                 1.74         40
      1          0               0     65.100    715.100      0.617          27.813                 1.83         50
      1          0               0     65.400    801.900      0.929          27.948                 2.16         60
      1          0               0     48.700    171.200      0.073           8.314                 1.21         10
      1          0               0     26.100    226.700      0.087          13.326                 1.51         20
      1          0               0    102.900    726.000      0.515          19.551                 1.54         30
      1          0               0    135.500   1064.400      0.941          25.936                 1.55         40
      1          0               0     90.200    837.600      0.994          31.074                 1.62         50
      1          0               0     84.200   1141.500      1.394          34.108                 1.78         60
      1          0               0     45.800    225.500      0.072           6.985                 1.45         10
      1          0               0     48.400    305.000      0.153          14.326                  1.4         20
      1          0               0     88.700    510.000      0.497          18.307                 1.65         30
      1          0               0     44.700    510.700      0.323          22.239                 1.82         40
      1          0               0     89.400    776.300      0.933          27.459                 1.84         50
      1          0               0    107.300    956.600      2.109          32.002                 1.92         60
      1          0               0     79.000    211.000      0.117           8.957                 1.13         10
      1          0               0     66.700    248.000      0.205          15.706                 1.28         20
      1          0               0    123.100    591.500      0.573          19.194                 1.57         30
      1          0               0    120.000    835.800      0.820          22.710                 1.77         40
      1          0               0     52.400    568.500      0.536          25.372                 1.98         50
      1          0               0    111.700    905.800      1.784          24.642                 2.44         60
      1          0               0     67.200    201.500      0.101           8.234                 1.23         10
      1          0               0     91.000    514.800      0.273          15.618                 1.29         20
      1          0               0     55.100    419.400      0.255          19.828                 1.52         30
      1          0               0    133.300    862.400      0.931          24.233                 1.66         40
      1          0               0     71.800    794.500      0.792          23.102                 2.18         50
      1          0               0     34.800    750.200      0.592          26.638                 2.26         60
      1          0               0     49.600    196.700      0.073           8.381                 1.21         10
      1          0               0    140.000    457.000      0.428          16.455                 1.23         20
      1          0               0    128.100    811.000      0.683          20.117                 1.51         30
      1          0               0     83.000    561.200      0.626          23.535                 1.74         40
      1          0               0     97.000    971.300      0.998          24.296                 2.07         50
      1          0               0     78.600    864.900      1.356          22.046                 2.74         60
      1          0               0     57.600    193.400      0.085           8.839                 1.16         10
      1          0               0     83.100    373.600      0.244          17.141                 1.17         20
      1          0               0     64.900    375.400      0.290          24.619                 1.22         30
      1          0               0     50.500    451.200      0.311          27.297                 1.48         40
      1          0               0     79.500    711.400      0.756          29.814                 1.69         50
      1          0               0     87.800    712.200      1.116          32.065                 1.88         60
      1          0               0    101.000    260.400      0.145           9.207                  1.1         10
      1          0               0     73.800    477.000      0.226          15.278                 1.33         20
      1          0               0    102.900    769.800      0.539          18.564                 1.63         30
      0          0               0   2000.000  80000.000     15.980          22.918                 1.75         40
      1          0               0    105.000   1200.300      1.276          24.750                 2.04         50
      1          0               0     98.000   1300.500      1.583          28.007                 2.18         60
      1          0               0     62.000    167.700      0.094           8.287                 1.23         10
      1          0               0     40.200    325.200      0.122          16.279                 1.26         20
      1          0               0    111.700    643.800      0.538          21.671                  1.4         30
      1          0               0     94.300    837.900      0.699          21.355                  1.9         40
      1          0               0    102.600    765.400      1.126          23.831                 2.12         50
      1          0               0     69.400    835.500      1.393          24.994                 2.43         60
      1          0               0     67.400    242.900      0.098           9.000                 1.12         10
      1          0               0    107.100    516.000      0.318          16.152                 1.25         20
      1          0               0     73.400    450.400      0.449          22.418                 1.34         30
      1          0               0     86.800    516.000      0.537          27.010                 1.49         40
      1          0               0     85.200    810.900      0.875          27.155                 1.85         50
      1          0               0     67.300    672.400      1.010          31.750                 1.91         60
      1          0               0     93.500    260.000      0.139           9.050                 1.12         10
      1          0               0     83.500    360.300      0.253          15.576                  1.3         20
      1          0               0     97.900    537.700      0.453          20.726                 1.45         30
      1          0               0    136.500    770.300      0.915          26.819                  1.5         40
      1          0               0     65.300    433.800      0.634          28.461                 1.76         50
      1          0               0    112.700    815.400      1.635          29.141                 2.06         60
      1          0               0     41.600    140.500      0.060           8.507                 1.18         10
      1          0               0     98.100    594.100      0.288          16.303                 1.23         20
      1          0               0     98.600    570.700      0.447          20.599                 1.46         30
      1          0               0     63.500    570.900      0.426          23.331                 1.72         40
      1          0               0     99.900    888.800      1.185          22.486                 2.23         50
      1          0               0     66.500    844.200      1.114          25.805                 2.33         60
      1          0               0     58.500    233.800      0.089           8.099                 1.26         10
      1          0               0     82.600    296.900      0.252          15.295                 1.32         20
      1          0               0     67.900    333.200      0.309          21.075                 1.44         30
      1          0               0     92.600    657.200      0.597          27.411                 1.48         40
      1          0               0     60.600    614.800      0.575          28.343                 1.78         50
      1          0               0     92.200   1078.300      1.541          29.485                 2.06         60
      1          0               0     34.900    122.700      0.049           8.556                 1.17         10
      1          0               0     73.700    354.000      0.218          15.681                 1.29         20
      1          0               0     99.900    427.900      0.437          22.051                 1.37         30
      1          0               0     55.300    476.200      0.362          23.980                 1.67         40
      1          0               0     59.700    746.700      0.585          27.328                 1.84         50
      1          0               0     44.400    693.500      0.618          27.707                 2.17         60
      1          0               0     52.100    212.700      0.080           7.887                 1.29         10
      1          0               0     73.300    354.100      0.221          16.608                 1.21         20
      1          0               0     63.400    548.700      0.305          21.945                 1.37         30
      1          0               0    101.900    696.900      0.642          28.127                 1.43         40
      1          0               0     70.200    745.300      0.882          29.705                 1.71         50
      1          0               0     87.700    800.600      1.557          29.429                 2.07         60
      1          0               0     98.200    182.800      0.144           9.581                 1.05         10
      1          0               0    103.400    439.200      0.308          17.314                 1.17         20
      1          0               0    125.100    566.500      0.574          21.195                 1.42         30
      1          0               0     67.100    555.500      0.451          25.379                 1.59         40
      1          0               0     96.300    888.100      0.878          26.157                 1.93         50
      1          0               0     66.100    757.500      0.878          27.449                  2.2         60
      1          0               0    102.600    313.200      0.152           8.695                 1.16         10
      1          0               0     95.800    493.900      0.294          16.099                 1.26         20
      1          0               0     90.100    564.600      0.420          21.446                 1.42         30
      1          0               0     94.000    698.200      0.598          25.119                  1.6         40
      1          0               0     84.600    577.600      0.747          29.043                 1.73         50
      1          0               0     98.900   1048.900      1.304          33.010                 1.84         60
      1          0               0     71.600    283.200      0.110           8.295                 1.21         10
      1          0               0     62.100    413.600      0.187          15.641                 1.28         20
      1          0               0    107.300    466.100      0.550          17.483                 1.73         30
      1          0               0     72.100    619.300      0.556          24.119                 1.67         40
      1          0               0    127.900    988.600      1.675          25.860                 1.94         50
      1          0               0    124.700    978.400      1.678          28.426                 2.13         60
      1          0               0     54.800    140.500      0.080           7.810                 1.29         10
      1          0               0     74.400    337.400      0.231          13.970                 1.45         20
      1          0               0     67.200    601.500      0.333          17.807                 1.69         30
      1          0               0     69.700    727.300      0.562          20.498                 1.96         40
      1          0               0     67.500    700.100      0.889          23.410                 2.16         50
      1          0               0     57.100    874.700      0.850          26.375                 2.31         60
      1          0               0     29.000    125.600      0.046           8.197                 1.29         10
      1          0               0     60.300    398.000      0.198          16.003                 1.31         20
      1          0               0    103.400    615.700      0.503          20.480                 1.49         30
      1          0               0    106.700   1028.600      0.779          22.693                 1.77         40
      1          0               0     63.000    894.400      0.848          20.944                  2.4         50
      1          0               0     69.200   1044.300      1.526          21.204                 2.85         60
      1          0               0     44.100    122.900      0.064           9.229                 1.09         10
      1          0               0     95.300    327.100      0.286          16.075                 1.25         20
      1          0               0    101.500    733.100      0.474          20.176                  1.5         30
      1          0               0    108.000    893.000      0.763          26.186                 1.53         40
      1          0               0     77.000    647.300      0.879          29.084                 1.73         50
      1          0               0    113.500    698.400      1.968          29.089                 2.07         60
      1          0               0     35.100    167.400      0.054           7.470                 1.38         10
      1          0               0     48.100    323.000      0.144          13.728                 1.47         20
      1          0               0     64.600    426.600      0.307          16.477                 1.83         30
      1          0               0     64.200    538.300      0.510          18.360                 2.19         40
      1          0               0     79.900    690.800      1.200          20.831                 2.41         50
      1          0               0    106.700   1101.100      2.680          22.977                 2.62         60
      1          0               0     59.300    198.000      0.087           9.051                 1.12         10
      1          0               0     86.500    400.400      0.258          16.955                 1.19         20
      1          0               0     76.300    607.500      0.346          21.957                 1.37         30
      1          0               0     62.300    745.500      0.409          26.117                 1.55         40
      1          0               0     82.800    809.500      0.745          29.809                 1.69         50
      1          0               0     75.100    885.200      0.990          30.567                 1.98         60
      1          0               0     49.800    162.900      0.075           7.980                  1.3         10
      1          0               0     88.600    350.400      0.262          15.058                 1.33         20
      1          0               0    109.600    586.000      0.523          20.159                  1.5         30
      1          0               0    134.000    962.200      0.989          24.033                 1.68         40
      1          0               0    135.300    848.300      1.637          28.945                 1.74         50
      1          0               0    116.400   1104.700      2.329          25.653                 2.36         60
      1          0               0     67.200    224.800      0.101           9.238                 1.09         10
      1          0               0    128.500    505.500      0.387          16.534                 1.22         20
      1          0               0     63.000    466.900      0.287          23.656                 1.29         30
      1          0               0    103.600    649.300      0.718          25.169                  1.6         40
      1          0               0    103.600    953.500      1.095          26.179                 1.92         50
      1          0               0     78.700    891.800      1.183          28.252                 2.13         60
      1          0               0     74.900    242.600      0.111           8.772                 1.16         10
      1          0               0     90.400    418.900      0.297          14.801                 1.36         20
      1          0               0     69.400    514.400      0.360          18.264                 1.66         30
      1          0               0     40.800    554.300      0.313          18.777                 2.19         40
      1          0               0     48.800    628.000      0.546          22.629                 2.23         50
      1          0               0     79.900   1045.800      1.403          29.045                 2.09         60
      1          0               0     96.000    181.500      0.143           9.496                 1.06         10
      1          0               0     53.100    279.300      0.164          16.855                  1.2         20
      1          0               0     73.300    377.100      0.350          20.804                 1.45         30
      1          0               0     85.600    615.700      0.668          23.804                 1.69         40
      1          0               0    336.200   1234.900      4.212          24.077                 2.08         50
      1          0               0     78.400   1011.400      1.045          27.501                  2.2         60
      1          0               0     41.700    153.500      0.061           7.885                 1.29         10
      1          0               0     96.000    364.100      0.287          17.425                 1.16         20
      1          0               0    100.300    513.300      0.459          21.521                 1.41         30
      1          0               0     69.900    575.100      0.508          24.462                 1.65         40
      1          0               0    102.200    725.900      0.942          30.888                 1.63         50
      1          0               0     63.800    909.900      0.989          30.740                 1.97         60
      1          0               0     56.500    248.300      0.084           8.646                 1.17         10
      1          0               0    109.200    512.600      0.336          15.285                 1.32         20
      1          0               0     80.500    570.900      0.383          22.160                 1.37         30
      1          0               0     61.500    725.000      0.419          25.554                  1.6         40
      1          0               0     60.100    673.900      0.582          26.669                 1.92         50
      1          0               0     75.900    749.400      1.180          25.163                 2.42         60
      1          0               0     76.700    184.400      0.113           8.565                 1.17         10
      1          0               0     53.700    270.100      0.165          15.480                  1.3         20
      1          0               0    119.400    753.900      0.583          20.873                 1.45         30
      1          0               0     77.500    786.400      0.584          23.410                 1.72         40
      1          0               0     98.200    737.400      1.380          25.529                 1.97         50
      1          0               0     53.000    644.800      1.101          23.049                 2.63         60
      1          0               0     82.000    201.600      0.125           9.150                  1.1         10
      1          0               0    152.600    840.900      0.479          16.107                 1.25         20
      1          0               0    135.500    888.600      0.638          21.306                 1.41         30
      1          0               0    109.900    959.400      0.854          25.521                 1.58         40
      1          0               0    104.600    905.000      1.232          28.869                 1.74         50
      1          0               0     67.100    779.000      1.086          28.438                 2.12         60
      1          0               0     78.300    290.300      0.117           6.817                 1.48         10
      1          0               0     64.200    269.400      0.199          13.298                 1.51         20
      1          0               0     78.200    492.700      0.416          18.393                 1.65         30
      1          0               0     82.600    815.600      0.623          22.966                 1.77         40
      1          0               0     76.700    895.100      0.809          25.385                 1.99         50
      1          0               0     60.300   1156.600      1.004          27.123                 2.22         60
      1          0               0     56.000    274.500      0.085           8.434                  1.2         10
      1          0               0     82.200    550.600      0.258          16.561                 1.22         20
      1          0               0    108.600    904.000      0.516          21.794                 1.38         30
      1          0               0     85.000    645.200      0.614          23.482                 1.71         40
      1          0               0     80.100   1075.000      1.121          25.655                 1.95         50
      1          0               0    103.900    799.100      1.977          27.540                 2.19         60
      1          0               0     41.400    170.700      0.061           8.857                 1.15         10
      1          0               0     72.900    508.800      0.226          14.321                  1.4         20
      1          0               0     67.400    688.300      0.349          17.611                 1.72         30
      1          0               0     68.000    736.500      0.474          23.219                 1.73         40
      1          0               0    104.800    984.000      1.073          26.426                 1.91         50
      1          0               0     60.800    811.200      0.908          26.941                 2.24         60
      1          0               0     77.000    232.100      0.116           8.999                 1.12         10
      1          0               0     76.400    490.500      0.250          14.332                  1.4         20
      1          0               0     52.800    425.600      0.266          18.316                 1.66         30
      1          0               0     68.600    608.000      0.497          21.915                 1.84         40
      1          0               0     78.700    658.000      0.768          26.450                 1.92         50
      1          0               0     89.400    949.100      1.195          28.129                 2.16         60
      1          0               0     23.700    123.300      0.037           7.675                 1.31         10
      1          0               0     57.800    403.800      0.184          15.374                 1.31         20
      1          0               0     22.300    309.000      0.122          19.256                 1.58         30
      0          0               0   2000.000  80000.000     13.071          26.907                 1.49         40
      1          0               0    100.400    684.800      0.922          26.571                  1.9         50
      1          0               0     54.900    779.600      0.760          26.015                 2.33         60
      1          0               0     92.300    332.700      0.137           9.353                 1.08         10
      1          0               0     86.500    363.300      0.258          17.556                 1.15         20
      1          0               0    108.700    767.800      0.512          21.999                 1.37         30
      1          0               0     93.900    777.800      0.715          25.692                 1.56         40
      1          0               0    128.700   1038.500      1.325          28.729                 1.75         50
      1          0               0    111.300   1515.800      2.101          24.910                 2.42         60
      1          0               0     53.700    203.700      0.084           8.024                 1.26         10
      1          0               0     93.000    451.000      0.298          15.896                 1.28         20
      1          0               0     79.800    608.200      0.393          20.533                 1.48         30
      1          0               0     59.900    466.800      0.433          23.912                 1.69         40
      1          0               0     85.300    677.400      0.899          24.810                 2.04         50
      1          0               0     88.100    884.200      1.439          23.985                 2.56         60
      1          0               0     96.100    279.100      0.153           8.165                 1.26         10
      1          0               0     79.300    396.600      0.254          16.343                 1.24         20
      1          0               0     82.900    497.100      0.437          17.720                 1.72         30
      1          0               0     93.500    579.500      0.842          17.780                 2.27         40
      1          0               0     84.400    556.200      1.009          25.871                 1.94         50
      1          0               0     72.600    635.700      1.279          27.665                 2.17         60
      1          0               0     53.600    177.900      0.079           9.170                 1.11         10
      1          0               0     94.100    338.000      0.281          15.900                 1.27         20
      1          0               0     90.600    473.300      0.449          19.849                 1.52         30
      1          0               0    120.300    928.400      0.889          24.806                 1.63         40
      1          0               0     72.000    779.100      0.767          27.228                 1.85         50
      1          0               0     69.800    784.500      1.015          29.357                 2.06         60
      1          0               0     82.800    218.300      0.122           8.651                 1.16         10
      1          0               0     86.100    487.100      0.260          15.035                 1.34         20
      1          0               0     72.700    572.900      0.334          22.818                 1.33         30
      1          0               0    166.300    540.500      1.029          28.775                  1.4         40
      1          0               0     84.900    723.600      0.777          27.865                 1.81         50
      1          0               0     91.400   1215.200      1.344          28.908                 2.13         60
      1          0               0    103.800    233.100      0.154           8.514                 1.18         10
      1          0               0     78.100    327.200      0.236          15.739                 1.28         20
      1          0               0    117.400    662.800      0.535          23.503                 1.28         30
      1          0               0     96.800    584.200      0.762          25.782                 1.57         40
      1          0               0     95.700   1072.200      0.924          30.040                 1.68         50
      1          0               0    118.500   1107.500      1.655          29.903                 2.03         60
      1          0               0     68.800    249.900      0.101           8.340                 1.21         10
      1          0               0     71.600    299.500      0.211          15.517                  1.3         20
      1          0               0    115.400    685.100      0.601          19.334                 1.57         30
      1          0               0     95.100    729.100      0.705          24.134                 1.66         40
      1          0               0    133.400   1207.100      1.253          29.413                 1.71         50
      1          0               0     87.800    697.500      1.112          30.884                 1.96         60
      1          0               0     61.400    241.400      0.098           7.414                 1.38         10
      1          0               0     78.300    481.400      0.248          15.625                 1.29         20
      1          0               0     64.500    655.900      0.323          19.794                 1.53         30
      1          0               0     56.600    638.400      0.450          22.466                  1.8         40
      1          0               0     69.400    782.000      0.872          26.173                 1.94         50
      1          0               0     92.500    954.300      1.795          27.670                 2.19         60
      1          0               0     49.500    192.400      0.071           9.192                  1.1         10
      1          0               0     85.500    347.500      0.263          15.327                 1.31         20
      1          0               0     68.400    578.400      0.352          20.852                 1.45         30
      1          0               0     92.400    894.100      0.700          23.368                 1.72         40
      1          0               0     85.700    864.300      0.805          26.893                 1.87         50
      1          0               0     94.200   1017.400      1.180          30.229                 1.99         60
      1          0               0     81.100    332.800      0.119           8.819                 1.16         10
      1          0               0     95.100    462.900      0.289          15.198                 1.33         20
      1          0               0     69.200    616.600      0.324          20.296                  1.5         30
      1          0               0     76.700    775.700      0.516          23.863                 1.69         40
      1          0               0     86.900    883.600      0.866          22.793                  2.2         50
      1          0               0     82.900   1127.500      1.177          23.602                 2.57         60
      1          0               0     80.800    291.500      0.118           8.972                 1.14         10
      0          0               0   2000.000  40000.000      5.812          16.944                 1.18         20
      1          0               0    103.100    779.900      0.476          21.629                  1.4         30
      1          0               0    125.100    799.300      1.017          21.836                 1.84         40
      1          0               0     66.400    786.200      0.701          24.373                 2.06         50
      1          0               0    132.600   1072.800      2.099          23.849                 2.53         60
      1          0               0     55.600    251.000      0.083           8.002                 1.28         10
      1          0               0     71.200    350.000      0.211          15.395                 1.31         20
      1          0               0     90.600    571.700      0.433          19.637                 1.53         30
      1          0               0     99.900    971.700      0.684          23.584                 1.71         40
      1          0               0     92.600   1065.400      0.976          24.933                 2.01         50
      1          0               0     81.800    987.200      1.579          24.976                 2.42         60
      1          0               0     49.300    180.000      0.072           7.375                 1.39         10
      1          0               0     73.100    460.800      0.238          11.382                 1.78         20
      1          0               0     92.200    654.200      0.483          15.934                  1.9         30
      1          0               0     63.600    810.700      0.501          19.387                 2.08         40
      1          0               0     70.200    874.800      0.739          23.547                 2.14         50
      0          0               0   2000.000 120000.000     29.072          26.909                 2.23         60
      1          0               0     56.200    160.300      0.080           8.512                 1.18         10
      1          0               0     76.900    393.200      0.233          14.827                 1.37         20
      1          0               0    105.800    905.600      0.493          21.585                 1.42         30
      1          0               0     74.900    675.300      0.491          26.469                 1.52         40
      1          0               0    109.300   1282.500      1.461          25.358                 1.98         50
      1          0               0     86.700   1040.500      1.294          27.126                 2.22         60
      1          0               0     58.600    133.900      0.084           7.596                 1.33         10
      1          0               0    106.300    265.800      0.320          13.836                 1.45         20
      1          0               0     64.200    418.300      0.299          19.779                 1.52         30
      1          0               0     88.900    635.100      0.595          22.188                 1.81         40
      1          0               0     56.700    643.800      0.599          22.732                 2.22         50
      1          0               0     94.900    891.200      1.453          26.535                 2.28         60
      1          0               0     53.000    229.100      0.078           8.704                 1.17         10
      1          0               0     55.100    389.900      0.174          14.617                  1.4         20
      1          0               0     78.700    741.500      0.380          19.694                 1.53         30
      1          0               0     89.600    811.900      0.593          27.059                  1.5         40
      1          0               0     82.800    901.200      0.823          29.124                 1.73         50
      1          0               0    100.800    958.700      1.373          28.306                 2.13         60
      1          0               0     89.900    295.700      0.129           8.333                 1.21         10
      1          0               0     86.500    511.200      0.261          15.802                 1.28         20
      1          0               0    117.100    907.800      0.541          22.176                 1.37         30
      1          0               0    101.500    809.000      0.666          26.035                 1.54         40
      1          0               0    114.500    982.000      1.268          30.771                 1.64         50
      1          0               0     97.500   1527.600      1.893          28.214                 2.14         60
      1          0               0     59.500    278.100      0.090           7.686                 1.32         10
      1          0               0     65.400    420.900      0.193          15.156                 1.32         20
      1          0               0    101.700    634.200      0.451          21.835                 1.38         30
      1          0               0    127.300    778.300      0.774          25.430                 1.58         40
      1          0               0    116.800   1144.100      0.977          28.456                 1.77         50
      1          0               0    123.800   1334.300      1.607          31.757                 1.91         60
      1          0               0     99.000    253.000      0.140           9.579                 1.05         10
      1          0               0     95.400    413.200      0.278          16.949                 1.18         20
      1          0               0     48.700    309.100      0.210          24.267                 1.24         30
      1          0               0     61.300    310.800      0.398          26.662                 1.51         40
      1          0               0    100.500    650.800      0.875          29.671                  1.7         50
      1          0               0     82.800    817.100      0.966          31.632                 1.91         60
      1          0               0     40.200    173.600      0.058           8.142                 1.24         10
      1          0               0     92.000    407.200      0.286          14.772                 1.38         20
      1          0               0     53.800    509.400      0.280          19.428                 1.57         30
      1          0               0     51.900    595.900      0.458          23.339                 1.72         40
      1          0               0     66.500    778.100      0.755          27.841                 1.82         50
      1          0               0     91.200    771.500      1.109          31.282                 1.95         60
      1          0               0     91.900    368.400      0.132           8.898                 1.14         10
      1          0               0     81.800    616.000      0.249          14.056                 1.43         20
      1          0               0     76.400    786.500      0.385          17.238                 1.76         30
      1          0               0     55.100    949.400      0.480          18.100                 2.25         40
      1          0               0     73.800   1047.200      0.803          23.985                  2.1         50
      1          0               0     77.700   1319.300      1.159          23.400                 2.58         60
      1          0               0     88.600    316.700      0.127           8.401                  1.2         10
      1          0               0     73.800    614.300      0.224          13.771                 1.47         20
      1          0               0    116.700    793.400      0.539          21.743                 1.39         30
      1          0               0    106.400   1035.100      0.700          26.963                 1.49         40
      1          0               0     75.700    813.500      0.783          26.679                 1.88         50
      1          0               0     97.100   1023.200      1.397          29.407                 2.05         60
      1          0               0    106.700    222.800      0.154           8.488                 1.18         10
      1          0               0     96.100    444.300      0.286          15.436                 1.31         20
      1          0               0    114.800    798.000      0.540          20.926                 1.46         30
      1          0               0     52.900    662.400      0.363          24.401                 1.66         40
      1          0               0    134.200    815.800      1.292          25.704                 1.96         50
      1          0               0     93.400   1335.400      1.384          26.670                 2.28         60
      1          0               0     50.700    233.600      0.074           8.243                 1.22         10
      1          0               0     97.600    427.400      0.285          16.350                 1.23         20
      1          0               0     95.500    525.800      0.424          21.132                 1.43         30
      1          0               0    103.400    756.800      0.669          26.221                 1.54         40
      1          0               0    115.100   1245.500      0.991          30.219                 1.67         50
      1          0               0     95.600    868.000      1.171          31.711                 1.91         60
      1          0               0     68.000    233.100      0.099           7.751                 1.31         10
      1          0               0     50.500    280.200      0.149          15.020                 1.34         20
      1          0               0    145.400    801.300      0.632          20.278                 1.49         30
      1          0               0     91.600    525.700      0.594          23.828                 1.69         40
      1          0               0     85.000    995.000      0.836          24.331                 2.06         50
      1          0               0     89.300   1048.900      1.253          26.207                 2.33         60
      1          0               0     39.500    112.400      0.059           8.775                 1.15         10
      1          0               0     59.200    325.900      0.176          13.965                 1.46         20
      1          0               0     75.000    469.500      0.336          21.708                 1.39         30
      1          0               0     61.200    441.700      0.373          24.861                 1.62         40
      1          0               0     90.700    793.000      0.841          25.329                 1.98         50
      1          0               0     71.800    702.500      0.879          28.380                 2.12         60
      1          0               0     95.600    351.900      0.140           8.718                 1.16         10
      1          0               0     73.500    429.200      0.218          16.022                 1.26         20
      1          0               0     75.700    762.900      0.354          20.032                 1.51         30
      1          0               0     87.200   1011.100      0.681          23.053                 1.75         40
      1          0               0     81.800    962.700      0.849          26.936                 1.87         50
      1          0               0     55.600   1079.600      0.834          30.385                  2.0         60
      1          0               0     96.700    242.800      0.140           9.105                 1.11         10
      1          0               0     58.900    317.600      0.175          15.699                 1.28         20
      1          0               0     56.500    452.800      0.273          18.274                 1.65         30
      1          0               0     81.800    860.400      0.539          25.820                 1.56         40
      1          0               0     60.500    640.700      0.645          25.835                 1.96         50
      1          0               0     64.400    844.100      0.980          27.683                 2.18         60
      1          0               0     37.100    195.400      0.054           8.008                 1.27         10
      1          0               0     51.400    388.200      0.161          12.665                 1.59         20
      1          0               0     83.300    675.800      0.403          16.802                  1.8         30
      1          0               0     89.000    725.900      0.586          24.029                 1.67         40
      1          0               0     64.400    675.400      0.723          22.966                 2.19         50
      1          0               0     92.700    881.700      1.373          23.990                 2.51         60
      1          0               0     31.400    102.500      0.044           9.446                 1.07         10
      1          0               0    111.300    811.500      0.319          16.318                 1.23         20
      1          0               0    113.600    665.200      0.500          21.451                 1.41         30
      1          0               0     70.800    667.200      0.467          25.006                 1.61         40
      1          0               0    112.400   1183.900      1.166          24.335                 2.07         50
      1          0               0    113.200   1237.400      1.560          28.295                 2.14         60
      1          0               0     42.700    106.700      0.059           9.740                 1.03         10
      1          0               0     71.100    238.800      0.205          13.163                 1.53         20
      1          0               0     62.600    608.300      0.311          16.236                 1.87         30
      1          0               0     66.600    722.200      0.537          18.743                 2.15         40
      1          0               0     43.700    626.200      0.519          20.828                 2.42         50
      1          0               0     92.900   1009.800      1.457          23.253                 2.59         60
      1          0               0     51.700    133.200      0.074           7.615                 1.33         10
      1          0               0    100.900    387.000      0.290          14.592                 1.37         20
      1          0               0     65.700    449.300      0.291          21.441                  1.4         30
      1          0               0     64.000    819.200      0.434          23.331                 1.72         40
      1          0               0     61.400    990.300      0.675          24.034                 2.09         50
      1          0               0     62.600   1142.900      0.955          24.652                 2.45         60
      1          0               0    118.900    343.800      0.180           7.393                 1.37         10
      1          0               0     59.700    277.700      0.178          13.948                 1.44         20
      1          0               0     88.000    416.200      0.403          19.077                 1.61         30
      1          0               0    126.800    663.600      0.847          22.002                 1.84         40
      1          0               0     81.400    982.800      0.847          21.455                 2.35         50
      1          0               0     84.200   1029.500      1.441          23.536                 2.57         60
      1          0               0     53.600    165.500      0.075           9.356                 1.08         10
      1          0               0     79.300    457.200      0.236          14.595                 1.38         20
      1          0               0    100.700    489.000      0.464          19.158                 1.58         30
      1          0               0     64.400    789.500      0.434          21.713                 1.85         40
      1          0               0     78.700    787.400      0.700          24.920                 2.02         50
      1          0               0     39.700    722.600      0.507          27.552                  2.2         60
      1          0               0     42.700    132.600      0.060           8.792                 1.15         10
      1          0               0     91.400    436.800      0.261          16.675                 1.21         20
      1          0               0     79.400    377.000      0.344          21.298                 1.42         30
      1          0               0     96.500    602.100      0.629          26.145                 1.55         40
      1          0               0     56.300    522.400      0.498          27.588                 1.82         50
      1          0               0     73.500    746.500      0.888          30.452                 1.98         60
      1          0               0     69.600    275.000      0.100           7.750                  1.3         10
      1          0               0     51.300    323.300      0.148          13.544                  1.5         20
      1          0               0     60.600    579.100      0.297          16.899                  1.8         30
      1          0               0     98.400    590.800      0.652          19.619                 2.05         40
      1          0               0     57.900    831.800      0.514          25.952                 1.94         50
      1          0               0     48.500    778.600      0.644          25.998                 2.33         60
      1          0               0     65.300    294.600      0.098           8.303                 1.22         10
      1          0               0    108.200    592.800      0.320          16.067                 1.26         20
      1          0               0    101.500    654.100      0.450          23.622                 1.28         30
      1          0               0     99.800    744.300      0.620          27.105                 1.48         40
      1          0               0     88.000    886.700      0.788          28.958                 1.73         50
      1          0               0     96.100   1275.500      1.497          28.161                 2.14         60
      1          0               0     71.400    234.800      0.103           7.964                 1.27         10
      1          0               0     76.100    433.300      0.250          13.138                 1.56         20
      1          0               0    102.400    626.000      0.470          21.827                 1.39         30
      1          0               0     77.100    654.600      0.534          23.398                 1.72         40
      1          0               0     76.900    665.600      0.721          25.072                 2.01         50
      1          0               0     59.300    817.200      0.801          27.096                 2.24         60
      1          0               0     77.700    221.100      0.115           6.852                 1.47         10
      1          0               0     98.500    513.400      0.296          14.379                  1.4         20
      1          0               0     96.400    818.500      0.463          18.413                 1.64         30
      0          0               0   2000.000  80000.000     12.338          24.939                  1.6         40
      1          0               0     73.900    901.300      0.755          24.955                 2.04         50
      1          0               0    100.300   1325.400      1.619          27.114                 2.23         60
      1          0               0     47.400    197.100      0.069           7.791                 1.31         10
      1          0               0     71.300    485.700      0.212          14.233                 1.42         20
      1          0               0     78.300    550.600      0.378          19.434                 1.56         30
      1          0               0     94.000    733.500      0.632          21.439                 1.88         40
      1          0               0     71.200    838.800      0.657          24.361                 2.07         50
      1          0               0     89.100   1096.600      1.186          25.687                 2.36         60
      1          0               0     42.500    167.600      0.061           7.821                  1.3         10
      1          0               0     73.700    579.100      0.240          12.674                 1.61         20
      1          0               0    106.300    682.000      0.514          18.890                 1.59         30
      1          0               0     54.700    765.000      0.391          21.135                 1.91         40
      1          0               0     72.400    833.900      0.717          23.366                 2.15         50
      1          0               0     91.200   1019.100      1.220          27.575                 2.18         60
      1          0               0     88.100    331.200      0.123           9.258                 1.09         10
      1          0               0     62.100    368.700      0.185          14.071                 1.44         20
      1          0               0     72.500    540.300      0.336          19.026                 1.59         30
      1          0               0     95.300    684.100      0.598          23.379                 1.72         40
      1          0               0     97.800    913.700      1.004          27.258                 1.86         50
      1          0               0     94.800    930.700      1.224          29.104                  2.1         60
      1          0               0     89.100    357.800      0.128           8.697                 1.16         10
      1          0               0    118.600    508.300      0.359          13.766                 1.46         20
      1          0               0     71.500    546.200      0.337          18.793                  1.6         30
      1          0               0     79.300    779.500      0.526          24.987                 1.62         40
      1          0               0     56.600    684.500      0.555          28.845                 1.76         50
      1          0               0     95.600   1131.800      1.365          28.172                 2.16         60
      1          0               0     62.300    218.200      0.089           8.536                 1.19         10
      1          0               0     86.600    455.900      0.250          16.540                 1.22         20
      1          0               0     84.600    628.300      0.404          19.286                 1.58         30
      1          0               0     55.500    700.300      0.441          21.220                  1.9         40
      1          0               0     98.900    920.300      1.444          23.699                 2.12         50
      1          0               0     54.300    931.600      1.062          23.576                 2.56         60
      1          0               0     93.800    359.200      0.146           8.106                 1.27         10
      1          0               0    110.500    595.800      0.325          16.063                 1.25         20
      1          0               0     92.200    543.700      0.411          22.966                 1.32         30
      1          0               0     71.400    701.400      0.444          26.395                 1.52         40
      1          0               0     87.500    989.400      0.906          26.327                 1.92         50
      1          0               0     92.600   1034.600      1.270          27.063                 2.23         60
      1          0               0     70.800    183.200      0.098           8.674                 1.16         10
      1          0               0     83.400    527.500      0.247          14.831                 1.36         20
      1          0               0     77.700    531.400      0.346          20.583                 1.47         30
      1          0               0    135.800    815.800      0.822          28.180                 1.43         40
      1          0               0    119.000    888.200      1.090          27.792                 1.81         50
      1          0               0     94.500    990.900      1.563          29.933                 2.01         60
      1          0               0     84.900    253.100      0.123           7.636                 1.32         10
      1          0               0    108.600    300.300      0.341          13.401                  1.5         20
      1          0               0     89.100    440.200      0.425          20.095                 1.51         30
      1          0               0     65.400    444.500      0.449          22.566                 1.78         40
      1          0               0     34.900    310.200      0.369          25.287                 1.99         50
      1          0               0     87.100    629.500      1.293          27.882                 2.16         60
      1          0               0     59.400    206.700      0.087           7.620                 1.33         10
      1          0               0     88.100    451.300      0.261          14.370                  1.4         20
      1          0               0     90.400    537.900      0.444          18.375                 1.64         30
      1          0               0     79.700    525.900      0.596          20.641                 1.94         40
      1          0               0     86.300    700.400      1.019          22.545                 2.24         50
      1          0               0     43.600    730.800      0.721          25.342                 2.38         60
      1          0               0     42.600    148.000      0.059           9.028                 1.12         10
      1          0               0     99.700    392.100      0.310          14.495                 1.39         20
      1          0               0    121.800    796.400      0.582          19.035                 1.59         30
      1          0               0     59.100    499.800      0.393          22.932                 1.77         40
      1          0               0     70.900    617.500      0.691          24.254                  2.1         50
      1          0               0    132.700   1001.200      2.278          23.268                 2.61         60
      1          0               0     47.200    164.300      0.069           8.972                 1.12         10
      1          0               0     82.600    436.800      0.238          15.021                 1.34         20
      1          0               0     56.600    430.300      0.267          19.671                 1.53         30
      1          0               0     96.100    610.700      0.742          21.074                 1.91         40
      1          0               0    119.200    751.900      1.344          24.398                 2.06         50
      1          0               0     57.300    669.500      0.819          26.914                 2.25         60
      1          0               0    103.000    221.900      0.142           8.680                 1.16         10
      1          0               0     69.100    345.400      0.195          16.893                 1.19         20
      1          0               0    112.400    522.000      0.499          22.354                 1.36         30
      1          0               0     63.900    431.400      0.431          24.964                 1.62         40
      1          0               0     50.200    594.400      0.505          27.414                 1.84         50
      1          0               0     87.800   1108.400      1.078          30.645                 1.97         60
      1          0               0     85.700    309.500      0.124           8.261                 1.23         10
      1          0               0     87.900    360.900      0.248          16.727                  1.2         20
      1          0               0     99.700    570.200      0.467          21.098                 1.43         30
      1          0               0     98.400    886.100      0.609          28.325                 1.42         40
      1          0               0     82.700    840.400      0.725          30.094                 1.67         50
      1          0               0     95.800    884.200      1.200          31.156                 1.94         60
      1          0               0     44.800    192.300      0.064           8.330                 1.23         10
      1          0               0    131.700    477.700      0.387          18.003                 1.14         20
      1          0               0    119.200    730.900      0.564          20.257                  1.5         30
      1          0               0    101.700    761.700      0.744          24.297                 1.67         40
      1          0               0     51.500    688.000      0.565          26.146                 1.95         50
      1          0               0     76.700   1015.700      1.309          24.926                 2.44         60
      1          0               0    127.400    342.000      0.185           9.147                  1.1         10
      1          0               0    117.000    648.200      0.352          15.502                 1.31         20
      1          0               0    117.900    819.000      0.524          22.455                 1.35         30
      1          0               0    128.400    938.300      0.808          26.848                  1.5         40
      1          0               0     64.900    814.300      0.799          28.707                 1.77         50
      1          0               0     97.400   1169.800      1.308          31.228                 1.95         60
      1          0               0     63.800    193.700      0.090           8.848                 1.14         10
      1          0               0     92.300    610.500      0.297          12.804                 1.59         20
      1          0               0     89.600    603.300      0.432          20.465                 1.48         30
      1          0               0     81.400    843.200      0.704          21.552                  1.9         40
      1          0               0     84.800    888.900      1.256          25.268                  2.0         50
      1          0               0     69.700    851.400      1.699          26.572                 2.29         60
      1          0               0     56.000    143.800      0.082           7.338                 1.38         10
      1          0               0     66.100    270.200      0.195          13.732                 1.47         20
      1          0               0     79.100    460.600      0.392          20.176                 1.51         30
      1          0               0     72.800    774.300      0.567          22.578                 1.79         40
      1          0               0    139.400    828.900      1.529          24.327                 2.06         50
      1          0               0    113.900    831.500      1.689          26.155                 2.32         60
      1          0               0     72.900    343.400      0.106           8.621                 1.18         10
      1          0               0     67.900    447.800      0.199          16.473                 1.22         20
      1          0               0    163.600    932.300      0.698          24.532                 1.23         30
      1          0               0    119.800    824.000      0.739          28.971                 1.39         40
      1          0               0    106.700    786.700      0.958          27.662                 1.82         50
      1          0               0     70.500    902.800      0.898          29.389                 2.07         60
      1          0               0    221.500    764.900      0.310           9.172                  1.1         10
      1          0               0    146.600    608.700      0.417          16.733                  1.2         20
      1          0               0     49.600    502.100      0.232          19.696                 1.53         30
      1          0               0     60.900    659.600      0.428          22.507                 1.78         40
      1          0               0     56.900    632.100      0.552          27.617                 1.82         50
      1          0               0     90.800    948.800      1.254          32.771                 1.84         60
      1          0               0     55.600    202.900      0.079           9.176                 1.11         10
      1          0               0    100.300    418.500      0.291          17.345                 1.16         20
      1          0               0     88.400    604.500      0.409          21.581                  1.4         30
      1          0               0    101.200    700.700      0.656          24.696                 1.64         40
      1          0               0     84.100    698.700      0.918          23.084                 2.18         50
      1          0               0     79.800    999.100      1.368          24.509                 2.46         60
      1          0               0     45.200    164.200      0.064           8.814                 1.15         10
      1          0               0    111.000    376.200      0.315          16.805                  1.2         20
      1          0               0     84.600    497.100      0.363          23.511                 1.29         30
      1          0               0     79.700    631.400      0.473          28.425                 1.41         40
      1          0               0     89.800    621.800      0.805          29.980                 1.68         50
      1          0               0    132.000   1329.300      1.634          31.361                 1.93         60
      1          0               0     63.200    198.100      0.090           9.002                 1.12         10
      1          0               0    106.600    467.700      0.310          16.442                 1.23         20
      1          0               0     92.500    627.500      0.440          20.333                 1.49         30
      1          0               0    132.600   1229.800      0.868          28.416                 1.42         40
      1          0               0    103.600    938.800      0.883          33.385                 1.51         50
      1          0               0    102.700   1053.900      1.480          30.658                 1.97         60
      1          0               0     76.600    184.500      0.107           8.025                 1.27         10
      1          0               0     76.800    520.300      0.235          13.806                 1.46         20
      1          0               0     98.700    874.800      0.497          18.836                  1.6         30
      1          0               0     70.300    607.800      0.512          24.199                 1.66         40
      1          0               0     75.300    933.800      0.825          27.037                 1.87         50
      1          0               0     50.200    882.000      0.774          29.384                 2.08         60
      1          0               0     51.500    182.100      0.074           8.107                 1.24         10
      1          0               0     64.100    329.000      0.195          14.683                 1.37         20
      1          0               0     54.900    455.400      0.258          18.330                 1.65         30
      1          0               0    116.400    910.200      0.857          21.903                 1.84         40
      1          0               0    128.100   1137.300      1.281          25.346                 2.01         50
      1          0               0     78.600   1057.300      1.267          23.065                 2.63         60
      1          0               0     61.300    342.900      0.090           8.401                 1.22         10
      1          0               0     91.200    455.900      0.265          16.273                 1.24         20
      1          0               0     79.400    963.100      0.368          18.368                 1.64         30
      1          0               0     81.000    901.000      0.581          21.111                  1.9         40
      1          0               0    111.400   1469.800      1.113          23.710                 2.13         50
      1          0               0     93.400   1311.500      1.285          28.504                 2.12         60
      1          0               0     30.800    144.500      0.044           9.065                 1.11         10
      1          0               0     69.900    324.500      0.202          16.584                 1.22         20
      1          0               0     80.300    450.900      0.361          21.316                 1.42         30
      1          0               0     78.400    844.100      0.494          26.425                 1.52         40
      1          0               0     68.600    720.200      0.604          28.407                 1.78         50
      1          0               0     80.300    689.200      1.152          30.118                 2.01         60
      1          0               0     99.600    380.900      0.146           8.509                 1.21         10
      1          0               0     65.400    478.100      0.192          14.628                 1.39         20
      1          0               0     98.700    811.800      0.443          20.283                 1.49         30
      1          0               0    114.900    809.500      0.802          26.963                  1.5         40
      1          0               0     68.200    613.400      0.899          26.975                 1.87         50
      1          0               0    112.000   1080.700      1.981          30.894                 1.96         60
      1          0               0     51.900    172.400      0.071           9.372                 1.07         10
      1          0               0     88.100    337.600      0.255          14.825                 1.36         20
      1          0               0    102.900    491.300      0.464          20.121                  1.5         30
      1          0               0     68.000    545.800      0.430          23.471                 1.71         40
      1          0               0     97.900    708.000      0.933          25.542                 1.97         50
      1          0               0    102.800    688.900      1.226          28.364                 2.13         60
      1          0               0     72.500    188.500      0.106           9.117                 1.11         10
      1          0               0    118.800    390.800      0.350          14.375                  1.4         20
      1          0               0     89.800    671.500      0.462          16.470                 1.84         30
      1          0               0     62.700    561.100      0.429          22.494                 1.79         40
      1          0               0     63.700    915.400      0.617          25.856                 1.95         50
      1          0               0     97.800   1170.800      1.447          26.425                 2.29         60
      1          0               0     58.300    188.300      0.084           8.575                 1.18         10
      1          0               0     63.800    341.900      0.188          14.773                 1.36         20
      1          0               0     88.500    394.900      0.415          17.685                 1.71         30
      1          0               0     79.000    605.700      0.575          19.886                 2.03         40
      1          0               0     94.500    826.500      1.330          22.885                 2.21         50
      1          0               0     95.100    934.400      1.896          27.024                 2.25         60
      1          0               0     81.400    255.100      0.116           8.547                 1.18         10
      1          0               0    104.400    421.600      0.309          13.038                 1.55         20
      1          0               0    109.200    757.900      0.513          17.025                 1.77         30
      1          0               0     67.000    829.700      0.469          21.972                 1.84         40
      1          0               0     78.000   1050.700      0.752          24.910                 2.02         50
      1          0               0     61.800    902.100      1.100          22.392                  2.7         60
      1          0               0     64.400    190.000      0.093           7.974                 1.27         10
      1          0               0     64.800    340.700      0.194          14.461                 1.39         20
      1          0               0    104.700    467.300      0.512          18.211                 1.66         30
      1          0               0     68.100    506.900      0.532          21.347                 1.88         40
      1          0               0     81.500    590.900      0.921          25.773                 1.95         50
      1          0               0     43.300    670.500      0.650          27.275                 2.22         60
      1          0               0     89.500    246.800      0.129           9.099                 1.12         10
      1          0               0     83.900    456.200      0.258          13.995                 1.46         20
      1          0               0     79.000    661.100      0.362          20.782                 1.47         30
      1          0               0     72.100    568.200      0.441          26.521                 1.53         40
      1          0               0     90.000    856.100      0.789          27.728                 1.81         50
      1          0               0     88.200    938.900      1.674          28.207                 2.13         60
      1          0               0     68.600    227.700      0.100           7.274                  1.4         10
      1          0               0     67.600    331.000      0.194          14.747                 1.36         20
      1          0               0     71.100    430.000      0.334          19.390                 1.56         30
      1          0               0     74.500    641.800      0.548          22.177                 1.81         40
      1          0               0     77.000    820.500      0.817          23.138                 2.18         50
      1          0               0     81.500   1202.600      1.193          24.674                 2.44         60
      1          0               0     44.800    162.900      0.064           8.748                 1.15         10
      1          0               0     63.700    365.200      0.189          15.066                 1.33         20
      1          0               0    104.400    573.100      0.524          18.689                 1.61         30
      1          0               0     84.200    844.300      0.648          20.681                 1.96         40
      1          0               0    100.400    961.100      0.950          23.252                 2.17         50
      1          0               0     96.600   1154.200      1.319          24.796                 2.45         60
      1          0               0     45.100    141.700      0.065           9.253                 1.09         10
      1          0               0    131.200    432.000      0.376          17.458                 1.16         20
      1          0               0    115.800    885.500      0.517          21.555                  1.4         30
      1          0               0     57.900    607.400      0.377          23.613                  1.7         40
      1          0               0     94.000    852.300      0.817          27.403                 1.84         50
      1          0               0     89.100    940.500      1.427          26.860                 2.24         60
      1          0               0     68.200    334.400      0.099           6.972                 1.47         10
      1          0               0     61.700    488.100      0.185          15.438                 1.31         20
      1          0               0     70.900    658.900      0.326          19.715                 1.54         30
      1          0               0     93.700    895.700      0.618          24.626                 1.64         40
      1          0               0     93.700   1020.500      0.916          25.371                 1.98         50
      1          0               0    106.700    913.700      1.396          25.784                 2.33         60
      1          0               0    103.800    359.700      0.149           9.398                 1.08         10
      1          0               0     70.000    230.200      0.200          17.627                 1.15         20
      1          0               0    120.600    711.400      0.539          19.274                 1.56         30
      1          0               0    132.300    927.600      0.801          23.830                 1.69         40
      1          0               0    127.100   1130.700      1.140          24.286                 2.08         50
      1          0               0     93.700    864.200      1.326          21.887                 2.76         60
      1          0               0     62.000    271.100      0.084           8.952                 1.14         10
      1          0               0    106.500    433.000      0.309          15.613                  1.3         20
      1          0               0    113.800    923.600      0.504          22.617                 1.37         30
      1          0               0    118.500    653.200      0.696          27.549                 1.47         40
      1          0               0     57.700    733.800      0.476          30.894                 1.66         50
      1          0               0     86.900   1242.600      1.028          32.341                 1.89         60
      1          0               0     56.500    213.000      0.079           8.582                 1.17         10
      1          0               0     67.600    435.900      0.196          15.565                 1.29         20
      1          0               0     79.100    474.500      0.357          19.450                 1.55         30
      1          0               0     46.200    647.000      0.344          21.214                 1.89         40
      1          0               0    104.300   1133.700      0.982          27.756                 1.81         50
      1          0               0     78.100   1157.600      1.016          28.232                 2.13         60
      1          0               0     56.000    236.500      0.079           8.471                  1.2         10
      1          0               0    103.200    369.600      0.314          14.409                 1.41         20
      1          0               0     84.800    618.000      0.401          19.401                 1.55         30
      1          0               0    111.600    997.500      0.818          21.615                 1.86         40
      1          0               0    137.800   1398.400      1.367          25.790                 1.95         50
      1          0               0     96.500   1359.400      1.623          25.007                 2.41         60
      1          0               0    117.300    344.200      0.165           9.243                 1.09         10
      1          0               0    112.300    359.400      0.318          16.587                 1.22         20
      1          0               0     74.100    305.900      0.321          20.872                 1.45         30
      1          0               0     85.000    506.800      0.484          28.874                 1.39         40
      1          0               0     80.600    629.500      0.658          31.797                 1.59         50
      1          0               0    104.500   1046.700      1.169          32.216                 1.88         60
      1          0               0     80.100    291.800      0.109           8.282                 1.22         10
      1          0               0    114.500    575.600      0.329          14.969                 1.34         20
      1          0               0     65.400    529.000      0.310          18.800                 1.61         30
      1          0               0     78.700    627.700      0.534          23.837                 1.69         40
      1          0               0     62.200    581.900      0.616          26.092                 1.94         50
      1          0               0     64.400    827.400      0.977          27.753                 2.18         60
      1          0               0     60.000    174.500      0.084           9.402                 1.07         10
      1          0               0    132.300    527.000      0.379          15.927                 1.26         20
      1          0               0    109.500    571.500      0.483          21.638                  1.4         30
      1          0               0     87.200    676.700      0.532          26.085                 1.56         40
      1          0               0    121.500    771.700      1.085          29.089                 1.73         50
      1          0               0    145.000   1330.900      1.741          31.329                 1.93         60
      1          0               0     49.200    235.300      0.091           5.368                 2.21         10
      1          0               0     89.100    437.100      0.303          12.403                 1.63         20
      1          0               0     58.400    505.900      0.471          17.940                 1.69         30
      1          0               0     64.600    613.600      0.562          25.406                 1.58         40
      1          0               0     46.900    659.200      0.504          26.119                 1.93         50
      1          0               0     57.800    771.200      0.849          28.986                 2.11         60
      1          0               0     91.000    240.800      0.129           9.360                 1.07         10
      1          0               0     98.900    603.800      0.295          15.329                 1.33         20
      1          0               0     57.100    484.900      0.258          20.716                 1.47         30
      1          0               0     55.700    444.500      0.378          22.876                 1.76         40
      0          0               0   2000.000 100000.000     20.515          23.997                 2.08         50
      1          0               0     39.000    553.700      0.563          24.205                  2.5         60
      1          0               0     32.300    116.300      0.048           8.409                  1.2         10
      1          0               0    119.000    346.400      0.344          16.830                  1.2         20
      1          0               0    110.100    895.200      0.497          21.353                 1.41         30
      1          0               0     76.500    683.800      0.496          25.101                  1.6         40
      1          0               0    119.000    980.300      1.006          29.262                 1.72         50
      1          0               0     85.400   1000.600      1.155          27.685                  2.2         60
      1          0               0     81.800    205.800      0.123           8.122                 1.25         10
      1          0               0     85.800    424.500      0.279          13.740                 1.46         20
      1          0               0     64.700    436.700      0.321          20.918                 1.44         30
      1          0               0     30.200    377.400      0.267          21.487                 1.87         40
      1          0               0    100.400    724.100      1.196          25.430                 1.98         50
      1          0               0     76.600    782.700      1.178          23.543                 2.56         60
      1          0               0     80.200    183.900      0.115           9.269                 1.09         10
      1          0               0     40.000    265.200      0.119          16.073                 1.25         20
      1          0               0     80.900    372.900      0.354          20.260                 1.49         30
      0          0               0   2000.000  80000.000     14.438          22.922                 1.75         40
      1          0               0     73.500    778.600      0.843          23.735                 2.13         50
      1          0               0     87.400    829.300      1.341          24.646                 2.46         60
      1          0               0     73.900    325.000      0.104           8.526                 1.18         10
      1          0               0     73.400    451.500      0.215          15.131                 1.33         20
      1          0               0     94.900    806.100      0.517          19.782                 1.52         30
      1          0               0     66.100    641.000      0.559          24.106                 1.67         40
      1          0               0     80.600    757.900      0.858          25.337                 1.98         50
      1          0               0     88.900   1026.200      1.549          23.543                 2.56         60
      1          0               0     53.800    263.400      0.082           7.506                 1.37         10
      1          0               0     65.500    517.700      0.196          14.905                 1.36         20
      1          0               0     59.900    695.600      0.286          21.289                 1.42         30
      1          0               0     78.500    730.200      0.526          27.224                 1.48         40
      1          0               0     75.200   1006.700      0.720          29.134                 1.74         50
      1          0               0     91.800    965.200      1.248          29.515                 2.05         60
      1          0               0     69.200    238.100      0.105           8.098                 1.25         10
      1          0               0     65.700    399.900      0.211          14.705                 1.38         20
      1          0               0    118.200    819.400      0.600          20.729                 1.45         30
      1          0               0    129.100   1138.000      0.885          23.094                 1.75         40
      1          0               0     99.400   1192.400      1.013          25.643                 1.96         50
      1          0               0     89.300   1060.200      1.266          27.307                 2.21         60
      1          0               0     54.400    168.200      0.076           8.895                 1.14         10
      1          0               0     76.500    406.700      0.235          16.511                 1.23         20
      1          0               0     88.200    681.200      0.441          20.023                 1.51         30
      1          0               0     67.000    625.700      0.463          21.596                 1.86         40
      1          0               0    121.900   1177.300      1.357          22.185                 2.29         50
      1          0               0     82.700    822.000      1.263          21.937                 2.76         60
      1          0               0     80.100    317.600      0.116           8.380                 1.21         10
      1          0               0     94.100    554.900      0.276          16.203                 1.25         20
      1          0               0     90.000    544.100      0.399          20.573                 1.47         30
      1          0               0     98.700    681.800      0.639          24.624                 1.63         40
      1          0               0     89.700    876.500      0.819          25.333                 1.98         50
      1          0               0     37.100    545.000      0.497          25.906                 2.33         60
      1          0               0     84.000    288.300      0.122           8.715                 1.17         10
      1          0               0     93.400    410.500      0.280          16.354                 1.24         20
      1          0               0     91.700    637.300      0.428          23.337                  1.3         30
      1          0               0     94.200    558.400      0.632          28.375                 1.42         40
      1          0               0     71.500    747.300      0.680          30.829                 1.63         50
      1          0               0     62.100    969.700      0.821          31.507                 1.92         60
      1          0               0    113.800    292.500      0.166           8.716                 1.16         10
      1          0               0    125.500    569.600      0.363          16.458                 1.22         20
      1          0               0     87.700    506.700      0.388          20.579                 1.48         30
      1          0               0     52.600    695.600      0.337          23.996                 1.69         40
      1          0               0    116.000    946.700      1.043          25.860                 1.96         50
      1          0               0    103.000   1001.100      1.305          28.956                 2.12         60
      1          0               0     59.200    252.300      0.083           9.057                 1.12         10
      1          0               0     77.600    603.800      0.222          15.189                 1.33         20
      1          0               0     58.100    536.000      0.267          18.487                 1.63         30
      1          0               0     67.800    760.700      0.434          23.717                  1.7         40
      1          0               0    104.900   1123.500      1.028          28.241                 1.78         50
      1          0               0     56.600    807.200      0.720          28.495                 2.12         60
      1          0               0     85.800    297.800      0.119           9.372                 1.07         10
      1          0               0     84.200    478.100      0.244          15.885                 1.27         20
      1          0               0     76.300    666.600      0.355          18.971                 1.59         30
      1          0               0     65.700    822.200      0.433          24.654                 1.63         40
      1          0               0     89.100    882.700      0.835          27.411                 1.84         50
      1          0               0     67.300    892.400      0.895          29.771                 2.02         60
      1          0               0     58.600    165.800      0.082           8.323                 1.22         10
      1          0               0     40.100    228.300      0.119          13.993                 1.44         20
      1          0               0     72.800    602.200      0.346          19.512                 1.55         30
      1          0               0    101.000    793.600      0.730          25.483                 1.58         40
      0          0               0   2000.000 100000.000     19.918          29.907                 1.67         50
      0          0               0   2000.000 120000.000     34.192          29.931                 2.01         60
      1          0               0     65.100    243.600      0.092           8.485                 1.19         10
      1          0               0     78.600    349.200      0.228          16.771                 1.21         20
      1          0               0     80.800    599.600      0.384          17.429                 1.75         30
      1          0               0     89.900    888.500      0.628          19.759                 2.03         40
      1          0               0     47.800    744.900      0.500          21.146                 2.38         50
      1          0               0     55.900    746.300      0.964          21.039                 2.88         60
      1          0               0     80.400    294.800      0.115           8.927                 1.13         10
      1          0               0     96.700    394.600      0.282          16.170                 1.24         20
      1          0               0    123.400    699.600      0.587          19.811                 1.52         30
      1          0               0    130.100    674.300      0.871          23.933                 1.68         40
      1          0               0    106.600    674.600      1.043          27.871                  1.8         50
      1          0               0     68.700    723.600      0.974          29.790                 2.03         60
      1          0               0     65.200    171.900      0.093           7.724                 1.31         10
      1          0               0     80.000    265.900      0.236          15.214                 1.33         20
      1          0               0     58.000    293.600      0.258          20.147                  1.5         30
      1          0               0     57.000    547.700      0.370          22.772                 1.78         40
      1          0               0     50.300    566.900      0.440          28.583                 1.78         50
      1          0               0     79.300    634.100      0.915          29.141                 2.07         60
      1          0               0     64.600    294.300      0.097           7.642                 1.32         10
      1          0               0     80.600    419.100      0.243          13.940                 1.44         20
      1          0               0    172.300    690.600      0.838          17.864                 1.69         30
      1          0               0     69.100    471.900      0.488          20.434                 1.97         40
      1          0               0    106.200    726.700      1.212          24.558                 2.06         50
      0          0               0   2000.000 120000.000     30.344          30.856                 1.95         60
      1          0               0     92.200    260.600      0.139           7.300                  1.4         10
      1          0               0     56.600    345.200      0.170          15.196                 1.33         20
      1          0               0     68.100    484.600      0.317          20.639                 1.47         30
      1          0               0     92.200    892.500      0.642          21.191                  1.9         40
      1          0               0     71.700   1084.600      0.778          22.672                 2.22         50
      1          0               0     92.900   1128.200      2.175          21.760                 2.77         60
      1          0               0     36.500    135.000      0.051           8.726                 1.16         10
      1          0               0     70.200    335.900      0.203          17.201                 1.17         20
      1          0               0    138.900    858.400      0.659          19.702                 1.53         30
      1          0               0    103.400    749.500      0.774          24.817                 1.61         40
      1          0               0     76.300   1030.600      0.883          26.160                 1.92         50
      1          0               0     97.400   1126.300      1.539          27.222                 2.22         60
      1          0               0     66.300    252.700      0.097           8.893                 1.14         10
      1          0               0     81.100    537.300      0.257          15.295                 1.32         20
      1          0               0     83.200    524.000      0.405          21.212                 1.42         30
      1          0               0     62.900    628.700      0.471          23.329                 1.73         40
      1          0               0    101.500   1355.800      1.280          25.370                 1.98         50
      1          0               0     66.900    807.700      1.330          26.320                 2.29         60
      1          0               0     97.100    276.400      0.140           7.531                 1.34         10
      1          0               0    120.300    468.500      0.367          14.453                 1.39         20
      1          0               0    112.000    587.400      0.503          21.610                  1.4         30
      1          0               0    136.900    805.800      1.013          22.056                 1.82         40
      1          0               0     66.400    693.700      0.739          23.846                 2.12         50
      1          0               0     61.700    763.100      0.967          25.376                 2.38         60
      1          0               0    109.800    371.800      0.160           8.288                 1.22         10
      1          0               0     58.100    417.900      0.182          13.625                 1.49         20
      1          0               0     65.100    513.500      0.318          18.238                 1.66         30
      1          0               0     79.300    724.400      0.562          22.623                 1.78         40
      1          0               0     59.400    672.500      0.638          23.737                 2.11         50
      1          0               0     89.500   1195.400      1.300          27.925                 2.16         60
      1          0               0     61.400    199.600      0.084           9.068                 1.11         10
      1          0               0    101.200    355.600      0.306          14.957                 1.35         20
      1          0               0     88.600    472.000      0.413          18.651                 1.64         30
      1          0               0     80.500    782.400      0.518          23.622                 1.72         40
      1          0               0    114.500   1334.500      1.002          28.454                 1.77         50
      1          0               0     95.600   1088.300      1.257          28.394                 2.14         60
      1          0               0     93.600    273.500      0.136           9.346                 1.08         10
      1          0               0     76.500    460.700      0.232          14.345                 1.41         20
      1          0               0     93.100    500.400      0.420          21.460                  1.4         30
      1          0               0     86.500   1069.400      0.657          21.993                 1.83         40
      1          0               0     79.600   1200.000      0.901          21.662                 2.33         50
      1          0               0     78.700   1300.100      1.479          22.011                 2.75         60
      1          0               0     86.800    230.200      0.125           9.228                 1.09         10
      1          0               0    124.400    643.500      0.381          15.553                  1.3         20
      1          0               0    102.600    588.400      0.466          20.351                 1.49         30
      1          0               0     60.400    656.800      0.419          23.190                 1.78         40
      1          0               0     74.900    932.100      0.834          26.951                  1.9         50
      1          0               0     82.700    997.800      1.305          30.172                 2.01         60
      1          0               0     65.700    254.500      0.096           8.715                 1.18         10
      1          0               0     59.800    411.200      0.191          12.808                  1.6         20
      1          0               0     67.700    542.500      0.309          19.849                 1.53         30
      1          0               0     76.100    602.500      0.491          22.535                 1.79         40
      1          0               0     77.500    786.500      0.676          27.568                 1.84         50
      1          0               0     91.300    746.000      1.117          32.377                 1.86         60
      1          0               0     27.800    164.200      0.039           8.903                 1.13         10
      1          0               0     36.100    254.400      0.105          13.748                 1.47         20
      1          0               0     55.000    404.200      0.243          18.956                 1.59         30
      1          0               0     80.400    496.100      0.562          19.142                  2.1         40
      1          0               0     82.900    488.600      0.788          21.703                 2.31         50
      1          0               0     84.900    868.100      1.356          24.285                 2.48         60
      1          0               0     25.600     97.100      0.036           9.234                 1.09         10
      1          0               0    228.400    758.300      0.666          14.772                 1.36         20
      1          0               0     96.900    725.800      0.430          21.857                 1.38         30
      1          0               0    235.800   1524.300      1.554          23.596                  1.7         40
      1          0               0     74.800    983.900      0.703          25.623                 1.96         50
      1          0               0    119.000   1128.700      1.624          27.600                 2.18         60
      1          0               0     68.100    254.000      0.100           8.609                 1.18         10
      1          0               0     98.300    416.500      0.313          14.327                  1.4         20
      1          0               0    115.500    816.500      0.631          18.360                 1.66         30
      1          0               0    109.400    696.300      0.855          25.513                 1.59         40
      0          0               0   2000.000 100000.000     20.256          30.922                 1.62         50
      1          0               0    102.900    839.900      1.394          30.893                 1.96         60
      1          0               0     66.300    163.300      0.093           9.424                 1.07         10
      1          0               0     34.300    207.200      0.105          13.767                 1.46         20
      1          0               0     94.500    469.000      0.433          19.956                 1.51         30
      1          0               0     62.800    603.300      0.400          25.142                  1.6         40
      1          0               0     55.000    684.800      0.456          29.407                 1.72         50
      1          0               0     62.900    680.400      0.709          32.022                 1.89         60
      1          0               0     81.200    246.800      0.122           8.116                 1.25         10
      1          0               0     54.100    371.600      0.175          12.909                 1.57         20
      1          0               0     50.800    631.400      0.281          16.126                 1.89         30
      1          0               0     60.500    905.500      0.454          20.959                 1.93         40
      1          0               0     68.600    805.900      0.697          22.994                 2.19         50
      1          0               0     98.800   1221.100      1.380          24.161                 2.52         60
      1          0               0     74.200    299.400      0.109           7.668                 1.33         10
      1          0               0     96.300    501.500      0.282          14.795                 1.36         20
      1          0               0     86.100    778.300      0.402          17.805                 1.69         30
      1          0               0    114.000    884.300      0.776          21.709                 1.85         40
      1          0               0     88.600    743.600      0.833          24.695                 2.03         50
      1          0               0    120.500    986.200      1.669          26.494                 2.27         60
      1          0               0     89.900    371.300      0.130           8.390                 1.21         10
      1          0               0     82.500    502.500      0.243          13.662                 1.48         20
      1          0               0     76.500    444.200      0.335          19.286                 1.56         30
      1          0               0     81.700    632.800      0.523          23.181                 1.74         40
      1          0               0     82.500    711.500      0.824          26.190                 1.94         50
      1          0               0    110.200   1109.200      1.510          26.143                 2.32         60
      1          0               0     66.800    194.500      0.096           8.524                 1.18         10
      1          0               0    117.300    630.900      0.355          15.417                 1.31         20
      1          0               0     62.300    532.400      0.312          18.066                 1.68         30
      1          0               0     63.400    638.300      0.475          19.555                 2.06         40
      1          0               0    125.200    709.700      1.227          24.314                 2.07         50
      1          0               0    122.400   1371.000      1.668          24.093                  2.5         60
      1          0               0     78.100    276.300      0.115           7.639                 1.32         10
      1          0               0    132.100    321.000      0.388          15.095                 1.33         20
      1          0               0    137.000    829.000      0.644          21.128                 1.43         30
      1          0               0    106.900    613.900      0.689          26.480                 1.52         40
      1          0               0     45.600    613.500      0.434          26.726                 1.88         50
      1          0               0    142.700   1037.300      1.992          29.226                 2.06         60
      1          0               0     76.400    211.500      0.108           9.425                 1.07         10
      1          0               0     69.500    522.200      0.215          14.292                 1.41         20
      1          0               0     72.100    703.500      0.341          20.477                 1.48         30
      1          0               0     61.900    724.300      0.444          23.861                 1.69         40
      1          0               0     83.400    991.600      0.860          24.120                 2.08         50
      1          0               0     69.800    889.000      1.062          25.504                 2.36         60
      1          0               0    106.200    370.600      0.158           8.990                 1.13         10
      1          0               0    103.600    507.900      0.312          15.435                  1.3         20
      1          0               0    104.400    606.200      0.535          20.517                 1.47         30
      1          0               0     76.400    551.500      0.826          21.877                 1.84         40
      1          0               0     71.600    628.800      0.983          24.320                 2.07         50
      1          0               0     72.700    754.500      1.310          26.942                 2.24         60
      1          0               0     37.800    154.300      0.054           8.765                 1.17         10
      1          0               0     73.200    312.200      0.213          15.734                 1.28         20
      1          0               0     82.700    416.200      0.358          22.963                 1.33         30
      1          0               0     57.100    566.200      0.361          25.961                 1.56         40
      1          0               0    106.800    701.200      1.106          30.028                 1.67         50
      1          0               0     95.200    913.800      1.301          30.028                 2.02         60
      1          0               0     70.000    258.900      0.102           8.507                 1.19         10
      1          0               0     96.600    492.800      0.291          14.225                 1.43         20
      1          0               0    111.100    740.300      0.518          21.018                 1.43         30
      1          0               0     83.200    824.300      0.549          23.846                 1.69         40
      1          0               0    102.600   1098.700      1.020          25.129                  2.0         50
      1          0               0     71.200    911.500      0.913          25.808                 2.33         60
      1          0               0     86.300    299.300      0.121           8.452                 1.19         10
      1          0               0     57.100    360.300      0.167          14.755                 1.36         20
      1          0               0     81.400    656.800      0.375          19.939                 1.51         30
      1          0               0     70.000    826.000      0.483          22.890                 1.76         40
      1          0               0     84.700   1072.800      0.896          24.701                 2.06         50
      1          0               0     82.900   1119.000      1.299          26.040                 2.32         60
      1          0               0     56.500    171.000      0.079           8.765                 1.16         10
      1          0               0     66.000    457.700      0.195          15.365                 1.31         20
      1          0               0     90.400    544.600      0.393          21.670                  1.4         30
      1          0               0     80.400    602.400      0.495          23.393                 1.72         40
      1          0               0     80.800    989.000      0.737          23.991                 2.09         50
      1          0               0     95.700    983.900      1.128          28.271                 2.14         60
      1          0               0     83.300    258.100      0.117           8.557                 1.18         10
      1          0               0    110.100    555.200      0.320          13.947                 1.45         20
      1          0               0     60.800    469.000      0.270          20.224                 1.49         30
      1          0               0    105.400    709.100      0.642          23.460                 1.71         40
      1          0               0    107.700    690.700      0.883          28.029                 1.79         50
      1          0               0     44.600    611.100      0.592          25.397                 2.37         60
      1          0               0     96.200    203.200      0.130           9.357                 1.08         10
      1          0               0     97.900    342.700      0.274          17.163                 1.17         20
      1          0               0     95.800    486.900      0.397          23.722                 1.28         30
      1          0               0     90.500    611.100      0.532          26.373                 1.53         40
      1          0               0     79.700    613.600      0.673          27.095                 1.86         50
      1          0               0     75.600    786.100      1.197          28.729                 2.11         60
      1          0               0    135.300    410.200      0.187           9.271                 1.09         10
      1          0               0     96.900    349.500      0.275          15.429                  1.3         20
      1          0               0     78.700    573.500      0.359          17.757                 1.69         30
      1          0               0     81.100    626.400      0.516          22.943                 1.76         40
      1          0               0    104.600    682.700      0.956          24.708                 2.04         50
      1          0               0     92.600   1071.200      1.424          26.173                  2.3         60
      1          0               0     76.400    218.800      0.106           8.543                 1.18         10
      1          0               0     99.800    470.100      0.295          12.095                 1.67         20
      1          0               0    113.800    797.600      0.515          18.381                 1.64         30
      1          0               0    109.200   1098.300      0.730          21.930                 1.84         40
      1          0               0    114.300   1016.300      1.071          25.627                 1.96         50
      1          0               0    101.400    766.300      1.321          27.213                 2.21         60
      1          0               0     77.100    203.200      0.109           8.342                 1.21         10
      1          0               0     79.900    345.000      0.227          16.100                 1.25         20
      1          0               0    118.600    497.300      0.512          19.560                 1.55         30
      1          0               0    100.300    661.100      0.710          21.557                 1.89         40
      1          0               0    110.600    717.900      1.150          22.758                 2.21         50
      1          0               0    102.400   1109.800      1.527          24.405                 2.47         60
      1          0               0     83.300    370.000      0.122           8.158                 1.25         10
      1          0               0     81.600    503.100      0.237          14.842                 1.36         20
      1          0               0     94.900    850.600      0.417          18.815                  1.6         30
      1          0               0     85.700    779.300      0.533          25.044                  1.6         40
      1          0               0     65.300    838.900      0.539          28.159                 1.79         50
      1          0               0     78.100    958.700      1.058          29.531                 2.04         60
      1          0               0     95.500    307.200      0.134           8.417                  1.2         10
      1          0               0     31.500    232.800      0.092          12.740                 1.58         20
      1          0               0     94.900    565.500      0.460          16.802                 1.79         30
      1          0               0    111.200    762.900      0.766          19.407                 2.07         40
      1          0               0    109.900    938.000      1.234          22.580                 2.23         50
      1          0               0     74.800    841.100      0.943          25.122                  2.4         60
      1          0               0     30.100    154.700      0.041           9.336                 1.08         10
      1          0               0     34.000    243.800      0.096          15.741                 1.28         20
      1          0               0     87.600    573.300      0.383          21.276                 1.42         30
      1          0               0    108.100    931.400      0.663          25.893                 1.56         40
      1          0               0     83.000    972.200      0.884          24.487                 2.06         50
      1          0               0     68.700   1078.100      0.926          27.630                 2.18         60
      1          0               0     77.700    267.700      0.107           9.113                  1.1         10
      1          0               0     93.000    498.300      0.259          16.200                 1.24         20
      1          0               0    102.200    486.200      0.449          19.490                 1.55         30
      1          0               0    130.000    652.000      0.792          23.798                 1.69         40
      1          0               0     84.400    577.800      0.789          22.860                 2.22         50
      1          0               0     63.100    574.200      0.791          24.954                 2.42         60
      1          0               0     71.900    294.100      0.106           7.907                 1.29         10
      1          0               0     78.000    626.000      0.245          12.867                 1.57         20
      1          0               0    119.200    862.200      0.601          16.890                 1.79         30
      1          0               0     86.900    744.100      0.605          19.693                 2.04         40
      1          0               0    101.900   1241.500      1.106          21.549                 2.33         50
      1          0               0     80.800   1163.700      1.167          24.786                 2.43         60
      1          0               0     77.500    275.400      0.109           8.688                 1.16         10
      1          0               0     66.000    253.000      0.186          16.489                 1.22         20
      1          0               0     71.000    455.800      0.328          20.262                 1.49         30
      1          0               0     72.100    551.600      0.460          25.725                 1.58         40
      1          0               0     99.700    813.600      0.877          27.845                 1.81         50
      1          0               0     97.100    812.600      1.133          28.908                 2.09         60
      1          0               0     77.200    239.200      0.109           8.136                 1.26         10
      1          0               0     90.900    519.900      0.277          13.866                 1.45         20
      1          0               0     79.800    561.800      0.360          20.766                 1.46         30
      1          0               0     62.400    579.300      0.423          24.099                 1.67         40
      1          0               0     57.400    575.700      0.551          27.815                  1.8         50
      1          0               0     48.600    649.700      0.854          29.183                 2.06         60
      1          0               0     24.400    126.600      0.034           7.779                  1.3         10
      1          0               0     53.800    301.100      0.160          13.959                 1.44         20
      1          0               0    100.900    670.200      0.463          20.619                 1.47         30
      1          0               0     86.500    759.600      0.586          22.745                 1.77         40
      1          0               0     94.900    591.900      0.824          25.086                  2.0         50
      1          0               0    106.600    785.100      1.193          27.844                 2.16         60
      1          0               0     81.600    235.800      0.110           8.658                 1.16         10
      1          0               0    101.400    423.700      0.287          14.574                 1.38         20
      1          0               0    122.200    554.700      0.532          20.124                  1.5         30
      1          0               0     74.800    953.800      0.497          23.690                 1.71         40
      1          0               0    122.400   1049.100      1.079          24.328                 2.06         50
      1          0               0    100.900   1101.900      1.240          25.152                 2.39         60
      1          0               0     34.000    172.400      0.049           8.797                 1.14         10
      1          0               0     64.700    362.300      0.196          12.597                 1.61         20
      1          0               0     74.000    625.500      0.392          15.785                 1.92         30
      1          0               0     73.400    759.400      0.757          19.860                 2.03         40
      1          0               0     67.200    975.400      0.948          20.189                 2.49         50
      1          0               0     66.100   1015.300      1.346          20.201                 3.01         60
      1          0               0     85.900    283.700      0.117           9.250                 1.09         10
      1          0               0     80.900    550.300      0.239          14.990                 1.34         20
      1          0               0    104.400    754.000      0.481          18.397                 1.64         30
      1          0               0     78.000    839.800      0.531          21.118                  1.9         40
      1          0               0     85.000    975.100      0.926          24.300                 2.07         50
      1          0               0     80.600   1060.600      1.149          25.952                 2.32         60
      1          0               0     47.100    229.600      0.073           7.163                 1.53         10
      1          0               0    107.500    285.300      0.305          14.940                 1.35         20
      1          0               0    100.300    520.900      0.469          18.247                 1.65         30
      1          0               0     91.600    646.100      0.790          18.853                 2.13         40
      1          0               0     98.200    795.700      1.198          21.123                  2.4         50
      1          0               0     92.600    947.100      1.290          25.769                 2.34         60
      1          0               0     91.100    244.000      0.127           8.244                 1.22         10
      1          0               0     96.700    526.300      0.280          16.179                 1.26         20
      1          0               0     65.800    636.700      0.339          17.982                  1.7         30
      1          0               0     72.000    603.200      0.478          23.931                 1.68         40
      1          0               0     91.300    924.800      0.843          29.258                 1.73         50
      1          0               0     79.500    828.100      0.972          28.935                 2.09         60
