success  collision  collision_obst   makespan   flowtime    runtime     mean_groups     mean_groups_size     number
      1          0               0     74.000    299.100      0.086           7.895                 1.29         10
      0          0               0   2000.000  40000.000      4.388          15.988                 1.25         20
      0          0               0   2000.000  60000.000      6.654          22.612                 1.33         30
      0          0               0   2000.000  80000.000      9.571          23.346                 1.72         40
      0          0               0   2000.000 100000.000     13.149          27.485                 1.84         50
      0          0               1     77.900   4674.000      0.977          18.252                 3.42         60
      1          0               0    308.800   1727.100      0.408           6.079                 1.75         10
      1          0               0    419.900   3836.300      1.088           9.258                 2.22         20
      1          0               0    627.400   9834.800      3.058          13.480                 2.28         30
      0          0               1     69.400   2776.000      0.428          15.193                 2.67         40
      1          0               0    983.300  18045.200      8.151          20.748                 2.43         50
      0          0               1    115.000   6900.000      1.757          19.729                 3.16         60
      1          0               0    172.200    611.000      0.209           8.866                 1.14         10
      0          0               1     67.500   1350.000      0.167          12.766                 1.62         20
      0          0               1     61.400   1842.000      0.237          15.769                 1.94         30
      0          0               0   2000.000  80000.000     13.855          21.972                 1.85         40
      0          0               0   2000.000 100000.000     13.949          21.472                 2.35         50
      0          0               0   2000.000 120000.000     32.627          22.744                 2.66         60
      0          0               0   2000.000  20000.000      2.503           7.009                 1.43         10
      1          0               0    160.600   1334.900      0.390          13.681                 1.52         20
      1          0               0    388.100   3996.500      1.549          21.050                 1.47         30
      0          0               0   2000.000  80000.000     11.260          23.141                 1.74         40
      0          0               0   2000.000 100000.000     18.985          22.196                 2.27         50
      0          0               0   2000.000 120000.000     28.636          27.258                 2.22         60
      1          0               0     77.900    386.900      0.101           8.082                 1.27         10
      1          0               0    103.900   1045.500      0.257          13.131                 1.61         20
      0          0               0   2000.000  60000.000      7.059          20.816                 1.45         30
      1          0               0    119.100   1968.600      0.662          21.013                 2.01         40
      0          0               1     45.100   2255.000      0.436          14.523                 3.56         50
      0          0               1     42.300   2538.000      0.493          16.395                 3.78         60
      1          0               0    244.300   1010.500      0.301           8.368                 1.22         10
      1          0               0   1100.200  10351.500      3.027          10.897                  1.9         20
      1          0               0    459.500   5790.900      2.006          15.461                 1.99         30
      1          0               0    218.800   3294.000      1.323          19.530                 2.24         40
      1          0               0    156.700   3792.300      1.452          19.921                 2.76         50
      0          0               0   2000.000 120000.000     19.403          25.401                  2.4         60
      1          0               0     67.500    370.200      0.081           8.582                 1.18         10
      1          0               0     72.400    692.400      0.170          14.691                  1.4         20
      0          0               1     56.100   1683.000      0.223          15.569                 2.03         30
      1          0               0     83.700   1604.200      0.467          20.094                 2.12         40
      1          0               0     83.700   2163.000      0.742          20.663                 2.72         50
      1          0               0     95.800   2847.400      1.174          21.507                  3.2         60
      1          0               0     91.000    453.000      0.116           7.892                 1.33         10
      1          0               0     97.900    986.300      0.240          15.018                 1.38         20
      0          0               0   2000.000  60000.000      8.076          20.865                 1.44         30
      0          0               0   2000.000  80000.000      9.793          25.590                 1.58         40
      0          0               0   2000.000 100000.000     25.064          29.515                 1.71         50
      0          0               0   2000.000 120000.000     18.197          31.447                 1.93         60
      1          0               0     86.000    514.900      0.106           7.979                 1.28         10
      1          0               0    520.500   2611.500      1.227          14.884                 1.36         20
      1          0               0    106.900   1573.400      0.419          18.544                 1.72         30
      1          0               0    170.800   3209.300      1.338          22.339                 1.91         40
      0          0               1     35.800   1790.000      0.476          16.450                  3.1         50
      1          0               0    919.600   8794.600     13.475          31.244                 1.98         60
      1          0               0     77.800    365.700      0.089           8.458                 1.19         10
      1          0               0    156.500   1164.600      0.370          14.596                  1.4         20
      1          0               0    277.900   3353.000      1.088          18.888                 1.66         30
      1          0               0    613.200  10444.000      3.530          21.463                  1.9         40
      0          0               1     17.800    890.000      0.136          16.702                 3.16         50
      1          0               0    255.500   6874.100      2.987          20.542                 3.03         60
      1          0               0     86.000    375.700      0.101           9.064                 1.11         10
      1          0               0    407.200   1902.300      0.928          14.641                 1.37         20
      1          0               0    222.000   2204.400      0.837          17.166                 1.77         30
      1          0               0    152.600   2437.900      0.795          20.415                 2.03         40
      1          0               0    133.000   2802.300      1.001          22.991                 2.36         50
      0          0               1     11.800    708.000      0.143          16.297                 4.07         60
      1          0               0     71.900    396.300      0.083           7.962                 1.29         10
      1          0               0     82.700    847.500      0.193          12.661                 1.63         20
      1          0               0    269.400   2250.600      0.997          16.238                 1.89         30
      0          0               0   2000.000  80000.000      9.976          20.796                 1.93         40
      1          0               0    303.600   3488.800      2.271          21.994                 2.35         50
      1          0               0    622.300   8807.900      5.975          23.069                 2.67         60
      1          0               0     77.900    417.600      0.095           8.569                 1.18         10
      1          0               0     79.000    706.600      0.190          14.978                 1.36         20
      1          0               0    143.900   1315.700      0.539          18.286                 1.68         30
      1          0               0    369.300   4215.100      1.991          20.651                 1.95         40
      0          0               0   2000.000 100000.000     13.455          28.505                 1.77         50
      1          0               0   1236.100  21331.300     13.382          25.934                 2.34         60
      1          0               0     46.000    242.000      0.052           8.830                 1.15         10
      1          0               0     96.700    670.300      0.221          15.064                 1.34         20
      1          0               0     80.800   1021.500      0.270          19.063                  1.6         30
      1          0               0    122.500   1846.200      0.612          21.398                 1.95         40
      1          0               0    446.300   6724.200      3.120          22.563                 2.28         50
      1          0               0    125.200   3412.700      1.267          23.145                 2.81         60
      1          0               0     84.500    377.900      0.097           8.325                 1.21         10
      1          0               0    150.700    859.700      0.332          15.871                 1.28         20
      1          0               0    335.300   2642.000      1.173          19.790                 1.54         30
      0          0               0   2000.000  80000.000      9.245          26.495                 1.52         40
      0          0               0   2000.000 100000.000     12.637          28.711                 1.77         50
      0          0               1     14.600    876.000      0.131          17.137                 3.63         60
      1          0               0     82.300    442.900      0.104           8.765                 1.19         10
      1          0               0     89.400    917.100      0.212          13.809                 1.53         20
      1          0               0    304.000   2889.200      1.180          16.794                 1.89         30
      1          0               0    110.100   2315.200      0.714          18.532                 2.37         40
      1          0               0    137.700   3027.300      1.239          20.555                 2.65         50
      0          0               0   2000.000 120000.000     21.463          26.041                 2.36         60
      0          0               0   2000.000  20000.000      2.331           7.039                 1.42         10
      0          0               0   2000.000  40000.000      4.609          13.966                 1.43         20
      0          0               0   2000.000  60000.000      7.153          19.662                 1.53         30
      0          0               0   2000.000  80000.000      9.584          24.549                 1.64         40
      0          0               1     33.100   1655.000      0.259          18.245                 2.83         50
      0          0               0   2000.000 120000.000     19.698          28.436                 2.14         60
      1          0               0    140.200    640.100      0.265           7.688                 1.32         10
      1          0               0     98.200   1116.200      0.370          12.958                  1.6         20
      1          0               0    472.300   4100.600      2.806          19.298                 1.59         30
      1          0               0    181.600   2236.600      1.540          22.584                 1.94         40
      1          0               0    171.900   3069.100      2.129          24.360                 2.24         50
      0          0               0   2000.000 120000.000     29.966          26.676                 2.27         60
      1          0               0     97.400    423.800      0.116           8.767                 1.16         10
      1          0               0    108.600    783.000      0.255          14.679                  1.4         20
      1          0               0    121.600   1329.200      0.441          18.734                 1.67         30
      1          0               0    130.300   1851.100      0.671          22.217                 1.89         40
      0          0               1     57.400   2870.000      0.502          18.157                 2.94         50
      0          0               0   2000.000 120000.000     16.750          31.574                 1.92         60
      1          0               0     76.400    281.800      0.092           9.262                 1.08         10
      1          0               0     91.200    793.100      0.216          14.592                  1.4         20
      1          0               0     97.700   1290.800      0.379          16.233                 1.96         30
      1          0               0    112.400   1765.600      0.604          20.236                 2.04         40
      1          0               0    103.400   2215.700      0.751          21.036                 2.44         50
      1          0               0     94.600   2531.900      0.962          23.863                 2.63         60
      1          0               0     80.900    315.100      0.123           8.985                 1.12         10
      1          0               0     84.800    797.500      0.192          15.942                 1.28         20
      1          0               0    292.000   3531.800      1.058          16.747                 1.82         30
      1          0               0    281.400   4091.700      1.448          20.937                 1.94         40
      1          0               0    282.800   4504.400      1.844          25.589                 2.02         50
      0          0               0   2000.000 120000.000     16.513          28.868                 2.09         60
      1          0               0     83.200    471.900      0.097           8.228                 1.23         10
      1          0               0     93.700   1129.300      0.225          12.342                 1.69         20
      1          0               0    231.200   2780.000      0.870          20.274                 1.56         30
      1          0               0    356.300   4762.400      2.028          22.535                 1.89         40
      0          0               1     27.800   1390.000      0.226          13.863                 3.81         50
      1          0               0    158.500   4356.600      1.868          22.925                 2.94         60
      0          0               0   2000.000  20000.000      2.349           7.941                 1.26         10
      0          0               0   2000.000  40000.000      4.729          13.441                  1.5         20
      0          0               0   2000.000  60000.000      7.297          20.461                 1.48         30
      0          0               0   2000.000  80000.000     10.901          23.103                 1.76         40
      1          0               0    118.000   2724.500      1.042          21.444                 2.59         50
      0          0               1     76.000   4560.000      1.229          17.943                 3.53         60
      1          0               0     83.600    487.700      0.103           7.615                 1.33         10
      1          0               0    133.600   1217.800      0.323          12.798                 1.59         20
      1          0               0    285.200   2283.100      1.077          18.725                 1.62         30
      1          0               0    195.800   2302.200      1.120          20.819                 1.98         40
      1          0               0   1111.200  13290.500     10.655          22.336                 2.26         50
      1          0               0    955.000  10531.800     10.387          25.661                 2.38         60
      1          0               0     83.700    506.400      0.104           6.535                 1.59         10
      1          0               0     86.600    906.100      0.215          12.597                 1.63         20
      1          0               0     98.700   1328.600      0.358          17.907                 1.74         30
      1          0               0    178.400   2225.000      0.915          21.808                 1.92         40
      1          0               0    162.700   3055.100      1.246          20.652                 2.51         50
      0          0               1     40.800   2448.000      0.431          17.843                 3.56         60
      1          0               0     80.100    386.900      0.092           8.347                 1.23         10
      1          0               0    630.900   2102.900      1.424          16.233                 1.26         20
      1          0               0    181.400   1790.900      0.662          17.997                 1.79         30
      1          0               0    534.500   3587.800      2.655          27.057                 1.59         40
      1          0               0    114.800   2699.900      0.937          19.850                 2.83         50
      1          0               0    125.700   3723.500      1.556          19.358                 3.38         60
      1          0               0    134.400    539.200      0.158           7.920                 1.28         10
      1          0               0    140.800   1107.000      0.317          13.694                 1.47         20
      1          0               0    344.700   3661.900      1.217          17.500                 1.74         30
      0          0               0   2000.000  80000.000      9.613          24.429                 1.65         40
      0          0               0   2000.000 100000.000     12.692          28.654                 1.76         50
      0          0               0   2000.000 120000.000     16.085          28.863                  2.1         60
      1          0               0    278.000   1407.300      0.335           7.405                 1.37         10
      1          0               0     89.100   1046.800      0.201          14.147                 1.46         20
      1          0               0   1995.200  15398.200      7.010          18.589                 1.62         30
      1          0               0    310.600   5015.400      1.726          22.157                 1.88         40
      0          0               0   2000.000 100000.000     14.331          25.939                 1.95         50
      1          0               0   1672.300  35125.100     18.255          27.023                 2.28         60
      1          0               0     70.900    403.700      0.082           8.168                 1.25         10
      0          0               0   2000.000  40000.000      4.589          15.078                 1.33         20
      1          0               0    101.500   1420.900      0.392          17.235                 1.87         30
      0          0               0   2000.000  80000.000      9.992          25.509                 1.59         40
      0          0               0   2000.000 100000.000     13.617          28.564                 1.77         50
      0          0               1     39.200   2352.000      0.711          14.003                 4.46         60
      1          0               0   1341.300   4319.400      1.644           7.043                 1.42         10
      1          0               0    428.000   2342.900      0.991          12.311                 1.64         20
      0          0               0   2000.000  60000.000      7.281          18.831                  1.6         30
      1          0               0    180.000   2189.800      0.973          19.703                 2.11         40
      0          0               0   2000.000 100000.000     14.067          24.642                 2.04         50
      0          0               0   2000.000 120000.000     18.443          26.980                 2.25         60
      1          0               0    103.100    312.600      0.119           9.160                  1.1         10
      1          0               0    240.000   1710.800      0.563          12.537                  1.6         20
      0          0               0   2000.000  60000.000      7.509          19.825                 1.52         30
      0          0               0   2000.000  80000.000      9.766          21.613                 1.86         40
      0          0               0   2000.000 100000.000     12.603          23.688                 2.12         50
      0          0               0   2000.000 120000.000     18.662          22.687                 2.66         60
      1          0               0     77.300    341.600      0.099           8.461                  1.2         10
      1          0               0     79.000    705.400      0.194          14.735                 1.38         20
      1          0               0    597.400   4347.700      2.251          19.772                 1.53         30
      1          0               0    103.400   1788.900      0.548          22.942                 1.85         40
      0          0               0   2000.000 100000.000     12.441          31.391                 1.61         50
      0          0               0   2000.000 120000.000     16.508          29.329                 2.06         60
      1          0               0     81.600    323.500      0.095           8.387                 1.21         10
      1          0               0     94.900    792.500      0.218          12.831                  1.6         20
      0          0               0   2000.000  60000.000      7.106          22.563                 1.35         30
      0          0               0   2000.000  80000.000     10.225          24.290                 1.66         40
      0          0               0   2000.000 100000.000     13.998          25.819                 1.96         50
      0          0               0   2000.000 120000.000     18.374          26.323                 2.31         60
      1          0               0     82.600    393.500      0.103           8.745                 1.22         10
      1          0               0    156.000    917.800      0.381          15.225                 1.36         20
      1          0               0     87.200   1225.700      0.336          18.005                 1.75         30
      1          0               0     90.300   1832.100      0.573          17.224                 2.51         40
      0          0               0   2000.000 100000.000     15.361          21.759                 2.31         50
      1          0               0    987.000  23326.500     12.178          19.114                 3.17         60
      1          0               0     74.100    463.000      0.087           7.767                 1.31         10
      1          0               0    175.000   1437.400      0.413          13.154                  1.6         20
      1          0               0    230.400   2567.000      0.828          18.264                 1.67         30
      0          0               0   2000.000  80000.000     10.930          23.650                  1.7         40
      1          0               0    332.100   5464.200      2.446          24.143                 2.17         50
      0          0               0   2000.000 120000.000     19.089          29.657                 2.05         60
      1          0               0     85.400    406.400      0.104           8.275                 1.23         10
      1          0               0     98.900    862.900      0.244          13.372                 1.52         20
      1          0               0    109.400   1320.500      0.482          16.593                 1.85         30
      1          0               0    666.200   9097.900      3.899          21.486                  1.9         40
      0          0               1    174.200   8710.000      1.907          21.910                 2.39         50
      0          0               1    175.600  10536.000      2.911          23.896                  2.7         60
      1          0               0     82.500    580.100      0.100           6.473                 1.62         10
      1          0               0     86.300   1094.500      0.216           9.920                 2.13         20
      1          0               0     94.800   1582.000      0.376          13.882                 2.26         30
      1          0               0     92.700   2016.400      0.573          16.081                 2.71         40
      1          0               0    622.100   7258.700      4.638          21.232                 2.41         50
      1          0               0    334.100   7236.400      3.967          19.590                  3.2         60
      1          0               0     97.900    370.900      0.118           7.424                 1.36         10
      1          0               0    174.500   1335.300      0.413          12.774                 1.62         20
      1          0               0    183.600   2080.900      0.691          19.325                 1.68         30
      1          0               0   1618.100  19882.100      9.386          20.873                 1.94         40
      1          0               0    560.600   8109.300      4.317          27.746                 1.89         50
      0          0               1    123.300   7398.000      1.582          19.854                 3.27         60
      1          0               0    103.400    440.200      0.125           8.097                 1.24         10
      1          0               0    162.500   1127.300      0.386          15.452                 1.34         20
      0          0               0   2000.000  60000.000      7.031          22.795                 1.33         30
      0          0               1    403.800  16152.000      2.305          22.254                 1.83         40
      1          0               0   1448.200  31763.400     11.748          24.515                 2.05         50
      0          0               1     18.700   1122.000      0.179          17.620                 3.59         60
      1          0               0     75.000    341.600      0.088           9.196                  1.1         10
      1          0               0    122.800    855.100      0.277          16.394                 1.24         20
      0          0               0   2000.000  60000.000      6.913          20.903                 1.44         30
      0          0               0   2000.000  80000.000      9.616          24.017                 1.68         40
      1          0               0   1111.100  13018.400      7.374          22.810                 2.22         50
      0          0               0   2000.000 120000.000     18.300          25.398                 2.39         60
      1          0               0     65.100    417.100      0.075           8.688                 1.19         10
      1          0               0    103.200    846.300      0.229          14.915                 1.35         20
      1          0               0    451.100   3382.300      1.592          18.781                 1.61         30
      1          0               0    111.900   1862.800      0.620          19.135                 2.22         40
      0          0               0   2000.000 100000.000     14.004          25.667                 1.97         50
      0          0               1     76.600   4596.000      0.932          16.364                 3.81         60
      0          0               0   2000.000  20000.000      2.439           8.801                 1.15         10
      1          0               0    157.600   1525.300      0.370          13.797                 1.49         20
      1          0               0    323.700   3552.200      1.180          17.482                 1.75         30
      0          0               0   2000.000  80000.000      9.271          26.988                  1.5         40
      1          0               0    612.900   9632.000      4.347          24.951                 2.04         50
      1          0               0    257.200   7030.700      2.578          24.406                 2.55         60
      1          0               0    103.100    601.600      0.124           7.907                  1.3         10
      1          0               0    157.300   1310.800      0.371          15.493                 1.32         20
      1          0               0    720.300   6003.700      2.543          21.748                 1.41         30
      0          0               0   2000.000  80000.000      9.886          24.418                 1.65         40
      0          0               0   2000.000 100000.000     13.391          28.542                 1.77         50
      0          0               0   2000.000 120000.000     16.728          29.488                 2.06         60
      1          0               0     84.700    397.300      0.094           9.142                  1.1         10
      1          0               0     85.400    861.000      0.190          14.237                 1.44         20
      0          0               1     66.600   1998.000      0.248          15.785                 1.96         30
      1          0               0    256.600   2949.500      1.299          21.131                 1.94         40
      0          0               1     64.400   3220.000      0.541          18.974                  2.8         50
      0          0               1     60.400   3624.000      0.850          17.811                  3.5         60
      1          0               0     96.300    376.000      0.120           8.805                 1.16         10
      0          0               0   2000.000  40000.000      4.615          13.014                 1.54         20
      0          0               0   2000.000  60000.000      6.808          18.958                 1.58         30
      0          0               0   2000.000  80000.000      9.902          23.798                 1.69         40
      1          0               0    191.000   3112.400      1.393          24.729                 2.13         50
      0          0               0   2000.000 120000.000     16.799          29.601                 2.04         60
      1          0               0     86.400    456.900      0.105           8.670                 1.18         10
      1          0               0    149.400   1185.300      0.378          12.767                 1.62         20
      1          0               0    143.400   1474.400      0.550          16.900                 1.81         30
      1          0               0    190.300   2875.500      1.055          18.834                 2.16         40
      0          0               0   2000.000 100000.000     14.405          25.159                  2.0         50
      1          0               0    270.000   6037.700      3.250          22.364                 2.76         60
      0          0               0   2000.000  20000.000      2.486           8.974                 1.12         10
      1          0               0    153.700   1111.200      0.353          15.743                 1.28         20
      1          0               0    198.000   1633.300      0.697          20.184                 1.51         30
      0          0               0   2000.000  80000.000      9.824          23.702                 1.69         40
      0          0               0   2000.000 100000.000     13.206          27.542                 1.83         50
      0          0               0   2000.000 120000.000     17.476          25.483                 2.37         60
      1          0               0    191.000    710.300      0.256           7.287                 1.38         10
      1          0               0    329.400   2016.500      0.756          14.451                  1.4         20
      1          0               0    197.800   2049.200      0.717          17.086                 1.77         30
      0          0               0   2000.000  80000.000      9.733          25.230                  1.6         40
      0          0               0   2000.000 100000.000     14.360          22.521                 2.23         50
      0          0               1     22.400   1344.000      0.314          16.268                 3.85         60
      1          0               0     91.400    773.000      0.112           6.593                 1.69         10
      1          0               0     90.000   1028.000      0.214          13.371                  1.6         20
      0          0               0   2000.000  60000.000      7.203          26.595                 1.15         30
      0          0               0   2000.000  80000.000     10.149          25.579                 1.58         40
      1          0               0     95.300   2641.800      0.861          18.740                 2.79         50
      1          0               0    265.600   3985.500      2.877          25.593                 2.53         60
      1          0               0    853.300   2681.300      1.066           8.966                 1.12         10
      1          0               0    132.700   1177.900      0.346          14.429                 1.41         20
      1          0               0   1141.900   8251.300      4.096          19.892                 1.51         30
      1          0               0   1293.100  15139.900      7.102          21.967                 1.83         40
      0          0               0   2000.000 100000.000     14.994          25.748                 1.95         50
      0          0               0   2000.000 120000.000     19.062          23.866                 2.52         60
      1          0               0     88.900    501.500      0.108           7.559                 1.38         10
      1          0               0     89.700    916.200      0.214          13.002                 1.61         20
      0          0               0   2000.000  60000.000      7.213          20.527                 1.47         30
      0          0               0   2000.000  80000.000     10.283          22.373                  1.8         40
      0          0               0   2000.000 100000.000     14.704          24.386                 2.08         50
      0          0               0   2000.000 120000.000     31.470          21.504                 2.82         60
      1          0               0    146.000    590.200      0.169           7.410                  1.4         10
      1          0               0    238.700   1534.000      0.573          11.766                 1.75         20
      1          0               0     89.200   1521.600      0.346          13.936                 2.26         30
      1          0               0     98.800   1872.200      0.544          17.274                 2.46         40
      1          0               0    557.300   8557.600      4.453          19.260                 2.65         50
      1          0               0    349.900   7172.300      3.844          24.093                 2.63         60
      1          0               0     98.000    436.200      0.112           8.379                 1.22         10
      1          0               0     95.300    840.600      0.215          13.385                 1.53         20
      1          0               0     96.000   1183.700      0.335          18.065                 1.69         30
      1          0               0    106.900   1891.200      0.532          20.632                 1.98         40
      1          0               0    120.600   2685.100      0.792          23.585                 2.18         50
      1          0               0    405.900   6236.600      3.501          26.562                 2.31         60
      1          0               0     77.400    375.200      0.089           8.740                 1.17         10
      1          0               0    294.300   1663.100      0.681          12.731                 1.58         20
      0          0               0   2000.000  60000.000      6.877          18.722                 1.61         30
      0          0               1     33.700   1348.000      0.180          16.475                 2.47         40
      0          0               0   2000.000 100000.000     13.746          24.207                  2.1         50
      1          0               0    462.600   5308.400      4.373          27.251                 2.25         60
      1          0               0     66.000    360.100      0.080           8.144                 1.28         10
      1          0               0    109.700    836.900      0.266          11.985                 1.74         20
      1          0               0     85.100   1081.800      0.312          16.853                 1.82         30
      1          0               0    108.800   1686.500      0.590          20.173                 2.07         40
      1          0               0    721.100   7905.200      5.326          22.464                 2.26         50
      0          0               0   2000.000 120000.000     19.046          25.930                 2.34         60
      1          0               0     84.600    551.600      0.101           7.814                 1.35         10
      1          0               0    258.600   2181.500      0.625          11.618                 1.78         20
      1          0               0    567.700   6256.900      2.272          15.041                 2.04         30
      1          0               0    159.700   2718.300      0.910          18.750                 2.32         40
      1          0               0    170.800   3758.500      1.449          20.403                 2.71         50
      0          0               1     23.500   1410.000      0.352          13.821                  4.8         60
      1          0               0    153.800    689.100      0.186           8.124                 1.29         10
      1          0               0     99.400   1086.700      0.250          11.671                 1.81         20
      1          0               0    103.200   1674.500      0.409          16.054                  2.0         30
      1          0               0    407.100   4390.500      2.233          20.007                  2.1         40
      0          0               1     16.700    835.000      0.152          12.760                 4.19         50
      0          0               1     16.600    996.000      0.216          13.771                 4.58         60
      1          0               0     75.800    355.400      0.090           7.797                  1.3         10
      1          0               0     75.300    687.200      0.178          12.554                 1.67         20
      1          0               0     99.500   1119.200      0.364          18.043                 1.77         30
      1          0               0    146.900   1935.300      0.807          20.338                 2.09         40
      1          0               0     98.200   2252.500      0.833          21.060                 2.62         50
      1          0               0    406.800   5602.100      3.906          26.686                 2.35         60
      1          0               0     68.000    378.600      0.078           7.716                 1.31         10
      1          0               0    103.900    995.300      0.237          13.675                 1.49         20
      1          0               0    101.700   1498.500      0.382          16.601                 2.02         30
      1          0               0    103.700   1898.500      0.586          18.273                 2.38         40
      1          0               0    110.100   2605.000      0.946          18.233                  3.0         50
      1          0               0    308.600   4530.500      3.227          24.466                 2.63         60
      1          0               0     54.200    246.900      0.062           8.718                 1.16         10
      1          0               0     53.800    618.900      0.133          13.541                  1.5         20
      1          0               0     78.900   1074.200      0.299          16.731                 1.87         30
      1          0               0     85.200   1624.400      0.486          17.950                 2.35         40
      1          0               0    882.600   4837.400      6.234          24.826                 2.05         50
      1          0               0    147.000   3584.500      1.707          21.453                 2.97         60
      1          0               0     66.200    369.400      0.078           8.169                 1.26         10
      1          0               0     70.400    722.600      0.181          12.101                 1.74         20
      1          0               0     90.600   1240.800      0.348          15.105                 2.03         30
      1          0               0    111.400   1997.600      0.601          18.590                 2.25         40
      1          0               0    235.000   3196.500      1.614          23.452                 2.22         50
      1          0               0    120.700   3088.400      1.376          21.969                 2.84         60
      1          0               0     77.400    401.900      0.091           8.415                  1.2         10
      1          0               0     82.500    838.100      0.190          14.605                 1.38         20
      1          0               0     97.100   1486.000      0.373          17.097                 1.91         30
      1          0               0    173.000   2332.400      0.975          19.360                 2.21         40
      1          0               0    397.400   4066.900      2.770          25.143                 2.07         50
      1          0               0    224.600   5474.500      2.484          21.255                 2.95         60
      1          0               0     67.100    462.600      0.081           7.493                 1.41         10
      0          0               0   2000.000  40000.000      4.602          17.777                 1.13         20
      0          0               0   2000.000  60000.000      6.773          23.166                  1.3         30
      1          0               0   1270.200  14009.700      6.647          23.601                 1.71         40
      0          0               1     80.500   4025.000      0.677          20.571                 2.59         50
      0          0               0   2000.000 120000.000     16.735          30.185                 2.01         60
      1          0               0    104.400    425.000      0.131           8.296                 1.22         10
      1          0               0    403.600   2395.000      0.943          14.809                 1.36         20
      0          0               1     85.000   2550.000      0.330          15.918                 1.92         30
      0          0               1     71.200   2848.000      0.407          17.421                 2.39         40
      0          0               1     69.100   3455.000      0.556          19.486                 2.67         50
      0          0               1     85.600   5136.000      0.974          21.084                  3.0         60
      1          0               0     61.800    277.600      0.073           8.494                 1.19         10
      0          0               1    177.000   3540.000      0.397          14.338                 1.41         20
      1          0               0    141.100   1409.400      0.503          16.493                 1.86         30
      1          0               0    224.900   1918.100      1.100          19.268                  2.1         40
      0          0               0   2000.000 100000.000     13.697          21.984                 2.28         50
      0          0               0   2000.000 120000.000     19.343          20.968                 2.87         60
      1          0               0     72.100    475.400      0.087           8.079                 1.32         10
      0          0               0   2000.000  40000.000      4.560          16.794                  1.2         20
      0          0               0   2000.000  60000.000      7.125          17.874                 1.69         30
      0          0               0   2000.000  80000.000     11.496          19.911                 2.05         40
      0          0               0   2000.000 100000.000     16.514          21.939                 2.33         50
      0          0               1     81.600   4896.000      1.150          15.336                 4.08         60
      1          0               0     97.000    461.100      0.114           8.005                  1.3         10
      1          0               0    102.500   1018.200      0.243          13.763                 1.57         20
      1          0               0     98.300   1667.100      0.390          16.549                 1.99         30
      0          0               0   2000.000  80000.000      9.829          25.421                 1.59         40
      1          0               0    214.600   3254.000      1.529          25.955                 2.09         50
      0          0               1     46.200   2772.000      0.598          15.907                 4.01         60
      1          0               0     84.600    406.000      0.104           7.604                  1.5         10
      1          0               0     88.100    948.600      0.221          12.915                 1.86         20
      1          0               0    104.700   1555.500      0.400          17.164                 1.91         30
      0          0               0   2000.000  80000.000      9.852          26.502                 1.53         40
      1          0               0    865.300   8584.500      5.973          26.208                 1.97         50
      1          0               0    246.700   5834.100      2.942          22.107                 2.88         60
      1          0               0     91.300    468.300      0.106           7.958                  1.3         10
      1          0               0    665.400   3719.900      1.549          14.016                 1.46         20
      1          0               0    212.700   2509.700      0.830          15.544                 2.03         30
      1          0               0    199.000   2705.500      1.075          18.960                 2.17         40
      0          0               0   2000.000 100000.000     14.053          25.127                 2.02         50
      0          0               0   2000.000 120000.000     18.766          25.815                 2.34         60
      1          0               0     76.000    341.600      0.094           7.759                 1.36         10
      1          0               0    412.400   2051.400      0.937          16.513                 1.24         20
      0          0               0   2000.000  60000.000      6.787          22.641                 1.34         30
      0          0               0   2000.000  80000.000      9.862          24.548                 1.65         40
      0          0               0   2000.000 100000.000     13.036          27.437                 1.85         50
      0          0               0   2000.000 120000.000     18.616          29.212                 2.09         60
      1          0               0     90.200    521.600      0.113           7.022                 1.62         10
      1          0               0    164.800   1299.000      0.411          12.961                 1.66         20
      1          0               0    140.500   1657.500      0.576          14.984                 2.09         30
      1          0               0    182.500   2536.600      1.088          17.430                 2.38         40
      0          0               0   2000.000 100000.000     14.577          26.798                  1.9         50
      0          0               0   2000.000 120000.000     17.887          29.931                 2.03         60
      1          0               0     85.900    636.100      0.100           7.758                 1.31         10
      1          0               0    239.300   2616.000      0.662          11.132                 1.84         20
      1          0               0    276.100   3143.100      1.044          17.264                 1.77         30
      1          0               0    323.700   5796.500      1.921          20.177                 2.03         40
      1          0               0    669.800   8371.500      4.564          27.522                 1.86         50
      1          0               0    855.100  18500.200      9.482          28.198                 2.18         60
      1          0               0     75.100    363.300      0.087           8.597                 1.18         10
      1          0               0     86.000    776.500      0.215          11.901                 1.74         20
      1          0               0     88.900   1286.000      0.367          14.081                  2.3         30
      1          0               0    126.700   2202.000      0.778          17.453                  2.4         40
      1          0               0    192.000   3078.200      1.600          19.760                  2.7         50
      1          0               0    982.700   5282.400      9.589          23.840                 2.55         60
      1          0               0     59.200    364.100      0.070           8.218                 1.24         10
      1          0               0     84.700    994.500      0.194          14.152                  1.5         20
      1          0               0    232.700   2289.400      0.857          19.222                 1.63         30
      0          0               0   2000.000  80000.000     11.458          22.957                 1.75         40
      1          0               0   1434.000  28889.100     10.914          22.079                 2.28         50
      0          0               0   2000.000 120000.000     17.561          24.927                 2.42         60
      1          0               0     80.300    401.200      0.095           8.192                 1.25         10
      1          0               0     87.500    879.400      0.205          14.392                 1.46         20
      0          0               0   2000.000  60000.000      6.966          21.833                 1.38         30
      0          0               0   2000.000  80000.000     10.001          22.858                 1.76         40
      0          0               0   2000.000 100000.000     13.940          26.345                 1.91         50
      0          0               0   2000.000 120000.000     18.337          28.160                 2.15         60
      1          0               0     54.600    387.000      0.063           8.308                 1.22         10
      1          0               0    191.500   1481.400      0.456          12.982                 1.57         20
      1          0               0    775.500   6209.200      2.764          19.661                 1.54         30
      1          0               0    100.600   2363.500      0.576          15.886                 2.62         40
      1          0               0    225.600   3775.500      1.548          23.213                 2.25         50
      0          0               0   2000.000 120000.000     17.267          30.345                  2.0         60
      1          0               0     79.800    307.400      0.094           7.870                 1.28         10
      1          0               0     85.000    708.900      0.196          13.208                 1.55         20
      0          0               0   2000.000  60000.000      6.884          20.228                 1.49         30
      1          0               0    254.500   2948.500      1.329          22.925                 1.85         40
      0          0               0   2000.000 100000.000     13.245          29.662                 1.71         50
      0          0               0   2000.000 120000.000     17.838          29.503                 2.06         60
      1          0               0     83.800    454.700      0.097           8.502                 1.22         10
      1          0               0    221.100   2076.600      0.538          12.621                 1.64         20
      1          0               0    178.700   2193.800      0.664          19.034                 1.63         30
      1          0               0    326.500   3721.000      1.702          21.661                 1.91         40
      1          0               0    286.400   3809.100      2.064          22.988                 2.23         50
      1          0               0    285.300   4836.800      2.873          25.179                  2.5         60
      1          0               0     47.500    279.400      0.056           8.373                 1.23         10
      1          0               0    147.700    796.100      0.331          15.508                 1.32         20
      0          0               0   2000.000  60000.000      6.817          20.698                 1.46         30
      0          0               0   2000.000  80000.000     10.015          23.567                 1.71         40
      0          0               0   2000.000 100000.000     13.507          26.591                 1.89         50
      1          0               0   1233.200  21046.100     13.658          26.063                 2.35         60
      1          0               0     57.600    257.400      0.067           8.377                 1.22         10
      1          0               0     93.800    803.800      0.212          13.327                 1.53         20
      1          0               0    170.900   1876.400      0.614          15.314                 1.99         30
      1          0               0    180.900   2376.800      0.980          16.957                  2.4         40
      1          0               0    103.000   2502.500      0.836          18.347                 2.86         50
      0          0               0   2000.000 120000.000     18.786          21.037                 2.86         60
      1          0               0     67.900    415.800      0.080           8.505                 1.19         10
      1          0               0    211.000   1377.700      0.492          13.858                 1.46         20
      1          0               0    138.400   1960.400      0.547          16.449                 1.88         30
      1          0               0    239.100   3311.800      1.242          22.308                 1.88         40
      0          0               0   2000.000 100000.000     13.502          27.527                 1.83         50
      0          0               0   2000.000 120000.000     18.628          31.090                 1.97         60
      1          0               0     86.200    487.700      0.103           6.977                 1.46         10
      1          0               0     96.000   1044.100      0.228          12.319                 1.68         20
      1          0               0    452.700   4246.500      1.693          16.102                 1.89         30
      1          0               0    761.900  10137.400      4.071          19.401                 2.09         40
      0          0               1     46.100   2305.000      0.381          15.284                 3.42         50
      1          0               0    159.000   4190.600      1.643          18.765                 3.35         60
      1          0               0     90.600    362.200      0.106           9.079                 1.12         10
      1          0               0    112.700   1086.200      0.262          14.227                 1.44         20
      1          0               0    187.200   2038.000      0.677          17.869                 1.74         30
      1          0               0    113.800   2194.700      0.588          20.202                 2.16         40
      1          0               0    521.800   4239.400      3.565          28.184                 1.89         50
      0          0               0   2000.000 120000.000     17.587          27.992                 2.18         60
      1          0               0     86.500    503.100      0.103           8.221                  1.3         10
      1          0               0    289.700   1703.300      0.723          13.152                 1.59         20
      1          0               0    104.500   1520.000      0.454          15.489                  2.3         30
      1          0               0    207.300   3195.900      1.336          20.228                 2.32         40
      1          0               0    154.800   3260.300      1.438          19.536                 2.83         50
      1          0               0    160.100   4853.300      2.695          18.207                 3.48         60
      1          0               0    151.300    609.500      0.183           7.739                 1.31         10
      1          0               0    577.500   3670.200      1.368          13.333                 1.52         20
      0          0               0   2000.000  60000.000      7.098          19.637                 1.54         30
      1          0               0    115.300   2070.900      0.633          19.817                 2.29         40
      1          0               0    157.000   3597.200      1.286          20.437                 2.71         50
      1          0               0    209.900   4981.700      2.313          23.265                 2.94         60
      1          0               0     78.900    309.000      0.095           9.198                  1.1         10
      1          0               0    117.200    964.600      0.265          14.817                 1.36         20
      1          0               0    218.700   1707.900      0.774          20.910                  1.5         30
      1          0               0    166.600   2109.100      0.851          21.952                 1.87         40
      1          0               0    443.600   6345.800      3.205          24.735                 2.06         50
      1          0               0    272.000   4699.000      2.772          21.828                 2.81         60
      1          0               0     84.200    395.100      0.103           7.831                 1.31         10
      1          0               0    126.800    832.700      0.294          14.812                 1.39         20
      0          0               0   2000.000  60000.000      6.927          19.881                 1.51         30
      1          0               0    292.100   2137.100      1.560          23.028                 1.81         40
      1          0               0    194.000   4079.100      1.727          21.275                 2.47         50
      1          0               0    138.800   3683.900      1.868          21.383                 3.07         60
      0          0               0   2000.000  20000.000      2.400           7.700                  1.3         10
      0          0               1     17.200    344.000      0.039          12.971                 1.57         20
      0          0               1     17.600    528.000      0.064          14.369                 2.15         30
      0          0               1     17.600    704.000      0.098          13.750                 3.07         40
      0          0               1     17.800    890.000      0.145          14.938                 3.52         50
      0          0               1     17.800   1068.000      0.227          14.022                 4.51         60
      1          0               0     90.000    493.100      0.109           7.609                 1.39         10
      1          0               0     96.400    991.900      0.236          11.687                 1.83         20
      1          0               0    212.600   2482.700      0.824          17.130                 1.85         30
      1          0               0    220.500   3477.800      1.336          20.435                 2.16         40
      1          0               0    211.300   3228.600      1.721          22.115                 2.51         50
      0          0               1     63.700   3822.000      1.091          14.138                 4.73         60
      1          0               0     80.500    378.500      0.094           9.107                 1.11         10
      1          0               0     90.700    818.000      0.207          14.533                 1.39         20
      1          0               0    134.500   2077.000      0.514          17.239                 1.76         30
      1          0               0    356.800   5659.800      2.023          21.622                 1.87         40
      1          0               0    119.300   3012.700      0.960          21.947                 2.36         50
      0          0               0   2000.000 120000.000     18.139          22.978                 2.62         60
      1          0               0     73.900    441.200      0.087           7.645                 1.34         10
      1          0               0     80.200    835.600      0.192          10.887                 1.86         20
      1          0               0    309.800   1973.700      1.175          14.005                 2.18         30
      1          0               0     90.100   1890.300      0.542          16.391                 2.48         40
      0          0               0   2000.000 100000.000     14.437          19.820                 2.53         50
      0          0               0   2000.000 120000.000     18.895          22.714                 2.65         60
      1          0               0     71.300    323.800      0.081           8.979                 1.12         10
      1          0               0     80.800    744.900      0.183          13.853                 1.48         20
      1          0               0    213.500   1632.600      0.743          19.365                 1.59         30
      1          0               0     92.200   1846.400      0.474          21.537                 1.96         40
      0          0               0   2000.000 100000.000     12.361          30.198                 1.67         50
      0          0               0   2000.000 120000.000     16.663          28.644                 2.11         60
      1          0               0     71.300    327.600      0.083           8.924                 1.14         10
      1          0               0     80.600    734.900      0.182          14.485                 1.43         20
      1          0               0     97.300   1314.600      0.339          19.419                 1.59         30
      0          0               0   2000.000  80000.000      9.504          24.747                 1.62         40
      0          0               0   2000.000 100000.000     12.931          25.756                 1.96         50
      0          0               0   2000.000 120000.000     18.514          26.878                 2.25         60
      1          0               0    100.600    549.800      0.119           8.368                 1.24         10
      1          0               0    100.900    926.800      0.235          14.249                 1.48         20
      1          0               0    194.600   1708.500      0.704          20.126                 1.55         30
      0          0               0   2000.000  80000.000      9.556          27.434                 1.47         40
      0          0               1     14.300    715.000      0.126          15.420                 3.63         50
      0          0               1     14.300    858.000      0.185          15.776                 4.27         60
      1          0               0     77.900    494.200      0.093           8.913                 1.14         10
      1          0               0    342.700   2136.300      0.822          15.069                 1.41         20
      1          0               0    213.600   2175.000      0.853          19.024                 1.68         30
      0          0               0   2000.000  80000.000     10.343          26.547                 1.52         40
      0          0               1     47.600   2380.000      0.584          14.586                 3.56         50
      0          0               1     60.200   3612.000      1.139          15.116                 4.11         60
      1          0               0    117.400    644.200      0.143           6.790                 1.52         10
      0          0               0   2000.000  40000.000      4.657          14.872                 1.35         20
      0          0               0   2000.000  60000.000      8.293          17.206                 1.75         30
      0          0               0   2000.000  80000.000     12.125          21.051                 1.92         40
      0          0               0   2000.000 100000.000     14.403          25.705                 1.98         50
      0          0               0   2000.000 120000.000     19.152          27.824                  2.2         60
      1          0               0     86.300    485.400      0.105           6.927                 1.48         10
      1          0               0    243.100   1819.300      0.627          11.782                 1.75         20
      1          0               0    286.300   3467.700      1.131          15.362                 1.99         30
      1          0               0   1416.000  22587.600      9.096          16.454                 2.45         40
      1          0               0   1228.700  22248.600     10.784          18.108                 2.79         50
      0          0               0   2000.000 120000.000     19.734          24.260                 2.49         60
      0          0               0   2000.000  20000.000      2.663           6.028                 1.66         10
      1          0               0    103.700    982.600      0.251          12.352                 1.68         20
      1          0               0     82.500   1375.400      0.329          14.446                 2.18         30
      1          0               0    122.700   2085.500      0.728          16.430                 2.55         40
      1          0               0    397.900   5716.800      3.390          17.944                 2.87         50
      1          0               0    545.000   8100.100      6.182          20.556                 3.01         60
      1          0               0     70.500    406.100      0.086           7.559                 1.37         10
      1          0               0    102.600    878.900      0.248          15.207                  1.4         20
      1          0               0    192.100   2531.000      0.722          19.648                 1.61         30
      0          0               1     33.100   1324.000      0.213          14.725                 2.83         40
      0          0               1     28.900   1445.000      0.295          14.235                 3.73         50
      1          0               0    203.500   4304.400      2.218          24.629                 2.61         60
      1          0               0     78.500    425.000      0.095           8.538                 1.21         10
      1          0               0    507.800   3690.400      1.377          13.384                 1.52         20
      1          0               0    318.800   3192.800      1.220          19.962                 1.53         30
      1          0               0    945.200   6915.500      5.110          25.017                 1.61         40
      1          0               0    372.900   5646.200      3.091          25.183                 2.05         50
      1          0               0    288.300   5707.300      3.830          24.828                 2.53         60
      1          0               0    200.400    752.200      0.235           8.788                 1.14         10
      1          0               0     95.400   1206.800      0.228          13.525                 1.54         20
      0          0               0   2000.000  60000.000      7.025          20.751                 1.45         30
      0          0               0   2000.000  80000.000     11.882          20.373                 2.03         40
      0          0               0   2000.000 100000.000     15.472          23.026                  2.2         50
      0          0               0   2000.000 120000.000     19.823          28.268                 2.16         60
      1          0               0     81.300    371.200      0.108           7.704                 1.31         10
      1          0               0     79.800    743.900      0.221          14.812                 1.38         20
      1          0               0     79.800   1210.000      0.337          18.766                 1.63         30
      1          0               0    238.400   2812.400      1.349          21.792                  1.9         40
      0          0               1     23.800   1190.000      0.221          16.122                 3.26         50
      0          0               1     22.700   1362.000      0.374          14.542                 4.42         60
      1          0               0     82.900    523.200      0.112           6.800                 1.54         10
      1          0               0     86.400    924.900      0.231          11.433                 1.79         20
      0          0               0   2000.000  60000.000      7.472          20.336                 1.49         30
      0          0               0   2000.000  80000.000     10.667          19.558                 2.06         40
      0          0               0   2000.000 100000.000     14.687          23.402                 2.16         50
      0          0               0   2000.000 120000.000     20.722          25.338                  2.4         60
      1          0               0    218.300   1149.900      0.308           7.123                 1.49         10
      0          0               0   2000.000  40000.000      4.938          14.233                 1.41         20
      0          0               0   2000.000  60000.000      8.640          18.967                 1.67         30
      0          0               0   2000.000  80000.000     10.003          24.304                 1.66         40
      0          0               0   2000.000 100000.000     13.166          25.398                 1.98         50
      0          0               1     19.200   1152.000      0.205          19.583                 3.18         60
      1          0               0     80.500    491.000      0.094           8.581                 1.21         10
      1          0               0    137.400   1063.600      0.326          13.256                 1.55         20
      1          0               0    249.000   2670.500      0.979          14.938                 2.08         30
      1          0               0    103.000   1942.000      0.654          18.685                  2.3         40
      1          0               0    225.800   3567.200      1.949          22.712                 2.38         50
      0          0               0   2000.000 120000.000     20.192          24.818                 2.45         60
      1          0               0     72.400    479.800      0.086           8.088                 1.25         10
      0          0               0   2000.000  40000.000      4.723          12.763                 1.58         20
      1          0               0    119.800   2083.400      0.465          15.725                 2.09         30
      0          0               0   2000.000  80000.000      9.762          22.714                 1.77         40
      1          0               0    269.200   4220.100      2.021          20.357                 2.54         50
      0          0               0   2000.000 120000.000     17.411          24.601                 2.46         60
      1          0               0    377.600   1556.600      0.486           7.439                 1.36         10
      1          0               0    109.300   1174.300      0.254          13.678                 1.51         20
      1          0               0    106.000   1513.800      0.369          20.508                 1.56         30
      1          0               0    173.600   2561.000      0.875          24.522                 1.71         40
      0          0               0   2000.000 100000.000     13.292          32.777                 1.54         50
      0          0               0   2000.000 120000.000     16.917          33.500                 1.81         60
      1          0               0     92.200    458.000      0.107           8.163                 1.24         10
      1          0               0    152.900   1255.800      0.352          14.567                 1.44         20
      1          0               0    100.700   1351.100      0.357          19.451                 1.65         30
      1          0               0    102.600   2108.700      0.529          20.912                 2.04         40
      1          0               0    175.600   3627.200      1.309          23.578                 2.22         50
      0          0               0   2000.000 120000.000     16.868          28.659                 2.12         60
      1          0               0   1123.900   3626.900      1.365           7.954                 1.26         10
      1          0               0    161.900   1261.400      0.377          14.831                 1.37         20
      1          0               0    384.700   2799.100      1.420          20.955                 1.47         30
      1          0               0    560.400   7670.300      3.180          21.884                 1.88         40
      0          0               1     62.500   3125.000      0.675          15.403                  3.4         50
      0          0               1    109.500   6570.000      1.676          16.688                 3.78         60
      1          0               0     59.600    372.600      0.070           7.617                 1.34         10
      0          0               1     37.200    744.000      0.085          13.263                 1.55         20
      0          0               1     11.700    351.000      0.041          16.957                 1.91         30
      0          0               1     28.600   1144.000      0.200          13.741                  3.2         40
      0          0               0   2000.000 100000.000     14.059          25.441                 1.99         50
      0          0               1     29.900   1794.000      0.521          14.107                  4.5         60
      1          0               0     82.400    468.900      0.096           8.260                 1.23         10
      1          0               0     92.000   1103.300      0.211          13.830                  1.5         20
      1          0               0     93.900   1593.300      0.337          16.337                  1.9         30
      0          0               0   2000.000  80000.000     10.332          19.862                 2.02         40
      0          0               0   2000.000 100000.000     17.654          21.941                  2.3         50
      0          0               0   2000.000 120000.000     24.272          21.975                 2.77         60
      1          0               0    100.800    467.100      0.123           8.143                 1.24         10
      1          0               0    103.400    825.000      0.241          13.577                  1.5         20
      0          0               0   2000.000  60000.000      7.292          18.852                 1.59         30
      0          0               0   2000.000  80000.000      9.867          22.800                 1.76         40
      0          0               0   2000.000 100000.000     13.738          25.668                 1.96         50
      0          0               1     20.800   1248.000      0.214          17.428                 3.56         60
      1          0               0     87.900    376.500      0.106           8.762                 1.17         10
      1          0               0     95.500    939.600      0.231          14.312                 1.48         20
      1          0               0    196.200   2049.800      0.725          18.837                 1.65         30
      1          0               0     95.500   1882.400      0.527          18.772                 2.19         40
      1          0               0    169.600   2734.500      1.269          24.817                 2.16         50
      0          0               0   2000.000 120000.000     18.867          31.343                 1.94         60
      1          0               0    287.600   1362.400      0.368           6.609                 1.56         10
      1          0               0    155.800   1317.900      0.390          12.493                 1.66         20
      1          0               0    433.800   4624.700      1.649          18.644                 1.64         30
      0          0               0   2000.000  80000.000     12.621          21.899                 1.83         40
      0          0               0   2000.000 100000.000     16.335          25.142                  2.0         50
      0          0               0   2000.000 120000.000     18.328          31.264                 1.94         60
      1          0               0     68.900    336.500      0.082           8.022                 1.28         10
      1          0               0     94.100    745.100      0.219          15.442                 1.36         20
      1          0               0    423.200   2410.700      1.500          18.272                 1.66         30
      1          0               0    125.100   1873.600      0.660          19.260                 2.26         40
      0          0               1     64.700   3235.000      0.642          14.206                 3.74         50
      0          0               0   2000.000 120000.000     18.037          28.425                 2.14         60
      1          0               0     70.400    416.200      0.083           8.724                 1.16         10
      1          0               0    269.000   1526.600      0.618          15.106                 1.38         20
      1          0               0     77.300   1493.400      0.295          14.630                 2.16         30
      0          0               0   2000.000  80000.000      9.965          24.573                 1.65         40
      1          0               0    604.500   7146.000      4.202          27.317                  1.9         50
      1          0               0    442.500   7827.600      4.315          29.019                 2.24         60
      1          0               0     87.700    481.100      0.106           7.948                 1.28         10
      1          0               0     92.300    859.700      0.227          12.199                 1.66         20
      1          0               0     97.900   1406.200      0.392          13.973                 2.24         30
      1          0               0    106.300   1911.600      0.650          15.525                 2.72         40
      1          0               0    120.100   2705.700      1.037          16.735                 3.34         50
      0          0               0   2000.000 120000.000     19.207          25.526                 2.38         60
      1          0               0     73.100    337.100      0.087           7.886                 1.31         10
      1          0               0     95.100    794.600      0.219          13.953                 1.45         20
      1          0               0     96.500   1317.000      0.346          18.835                 1.62         30
      1          0               0    103.800   1856.800      0.546          20.384                  2.0         40
      1          0               0    191.800   2965.500      1.418          22.595                 2.26         50
      0          0               0   2000.000 120000.000     20.161          26.674                 2.26         60
      1          0               0     60.100    411.700      0.071           8.439                  1.2         10
      0          0               0   2000.000  40000.000      4.657          13.945                 1.44         20
      0          0               0   2000.000  60000.000      7.230          17.879                 1.68         30
      1          0               0     91.700   2288.100      0.646          14.072                 3.04         40
      0          0               0   2000.000 100000.000     15.221          22.178                 2.28         50
      1          0               0     97.300   3080.900      1.365          18.108                 3.49         60
      1          0               0     89.500    358.500      0.105           8.768                 1.15         10
      1          0               0     88.000    721.400      0.201          14.476                 1.39         20
      1          0               0     92.900   1191.600      0.342          17.660                 1.75         30
      1          0               0     94.000   1899.300      0.538          18.702                 2.26         40
      0          0               0   2000.000 100000.000     13.882          23.029                 2.19         50
      1          0               0    170.200   3725.600      1.905          21.998                 2.88         60
      1          0               0     85.600    533.500      0.101           8.831                 1.16         10
      1          0               0    102.400   1263.900      0.244          12.895                 1.61         20
      1          0               0    181.200   2215.400      0.696          17.066                 1.84         30
      1          0               0   1178.300   8666.600      6.253          22.945                 1.78         40
      0          0               1     21.400   1070.000      0.238          11.350                 5.03         50
      0          0               0   2000.000 120000.000     19.508          32.227                 1.91         60
      1          0               0     84.400    426.600      0.107           7.954                 1.28         10
      1          0               0    174.700   1643.500      0.450          13.459                 1.56         20
      1          0               0    154.300   2420.200      0.653          13.321                 2.33         30
      1          0               0    123.200   2675.100      0.726          15.448                 2.68         40
      0          0               0   2000.000 100000.000     14.909          21.353                 2.37         50
      1          0               0    163.100   4394.300      1.980          20.161                 3.08         60
      1          0               0     66.500    381.100      0.080           7.744                 1.34         10
      1          0               0     76.200    810.900      0.188          11.923                 1.77         20
      1          0               0     80.000   1317.300      0.319          14.234                 2.16         30
      1          0               0     87.000   1751.400      0.517          15.039                  2.7         40
      0          0               0   2000.000 100000.000     14.521          19.742                 2.54         50
      0          0               0   2000.000 120000.000     18.572          21.798                 2.76         60
      1          0               0     91.400    406.400      0.106           8.772                 1.15         10
      1          0               0    175.800   1543.100      0.436          12.413                 1.68         20
      1          0               0    191.200   2704.400      0.741          16.019                 1.99         30
      1          0               0    275.000   4359.900      1.539          20.188                 2.09         40
      1          0               0    892.200  13059.200      7.110          22.441                 2.32         50
      0          0               0   2000.000 120000.000     22.100          24.997                 2.47         60
      1          0               0     71.900    373.600      0.086           8.092                 1.27         10
      1          0               0    176.200   1210.200      0.414          14.022                 1.47         20
      0          0               1     70.200   2106.000      0.282          12.823                 2.45         30
      1          0               0    249.500   4181.600      1.428          19.098                 2.22         40
      1          0               0    262.800   5533.200      2.106          21.356                 2.49         50
      0          0               0   2000.000 120000.000     18.199          29.915                 2.05         60
      1          0               0    104.900    521.400      0.126           7.639                 1.34         10
      1          0               0    168.900   1316.300      0.391          14.433                 1.45         20
      1          0               0    128.600   1922.700      0.478          17.956                 1.77         30
      0          0               1     23.000    920.000      0.140          14.257                 3.01         40
      0          0               0   2000.000 100000.000     13.461          29.428                 1.73         50
      1          0               0    226.800   3824.900      2.325          24.132                 2.74         60
      1          0               0     79.100    372.100      0.098           8.207                 1.24         10
      1          0               0     82.000    737.200      0.195          13.870                 1.48         20
      1          0               0     97.800   1221.400      0.349          17.734                 1.77         30
      1          0               0    263.600   2877.400      1.378          17.427                 2.32         40
      1          0               0    101.700   2535.500      0.791          19.646                 2.66         50
      1          0               0    374.300   4083.000      3.279          24.516                 2.51         60
      1          0               0     80.500    422.800      0.097           7.886                 1.29         10
      1          0               0     84.900    905.000      0.208          12.134                 1.69         20
      0          0               1     16.300    489.000      0.060          15.252                 2.05         30
      0          0               1     18.200    728.000      0.105          16.148                 2.64         40
      0          0               0   2000.000 100000.000     16.164          22.826                  2.2         50
      1          0               0    256.800   5814.500      2.944          21.060                 2.97         60
      1          0               0     68.300    329.300      0.081           8.621                 1.19         10
      1          0               0    276.100   1610.000      0.646          15.068                 1.34         20
      1          0               0    152.000   1473.500      0.559          18.475                 1.66         30
      1          0               0    210.400   2200.300      1.102          22.023                 1.85         40
      1          0               0    227.000   3588.600      1.711          22.917                 2.25         50
      1          0               0    378.700   5817.800      3.880          26.519                 2.38         60
      1          0               0     92.800    442.900      0.110           8.527                  1.2         10
      1          0               0     96.800    942.700      0.231          12.670                 1.62         20
      1          0               0    249.200   2009.800      0.884          18.081                 1.69         30
      1          0               0    506.900   3079.300      2.505          22.650                  1.8         40
      1          0               0    367.200   3856.800      2.710          24.511                  2.1         50
      1          0               0    810.500  10607.700      7.619          26.897                 2.27         60
      1          0               0    151.500    527.100      0.192           8.240                 1.23         10
      1          0               0    220.700   1000.700      0.528          14.483                 1.39         20
      0          0               1     49.300   1479.000      0.209          13.907                 2.19         30
      1          0               0     92.100   1613.300      0.520          17.790                  2.3         40
      1          0               0    102.400   2298.900      0.858          19.916                 2.65         50
      1          0               0    164.700   3975.500      1.838          21.947                 2.83         60
      1          0               0    118.900    407.600      0.143           8.888                 1.14         10
      1          0               0    148.600    916.400      0.333          15.951                 1.27         20
      1          0               0    199.900   2034.300      0.710          19.376                 1.57         30
      0          0               0   2000.000  80000.000     10.372          23.287                 1.74         40
      0          0               0   2000.000 100000.000     13.425          25.960                 1.94         50
      0          0               0   2000.000 120000.000     21.460          23.257                  2.6         60
      1          0               0     81.900    439.300      0.097           8.114                 1.25         10
      0          0               1     34.400    688.000      0.081          11.349                 1.84         20
      1          0               0    499.900   5202.600      1.958          15.310                  2.0         30
      0          0               0   2000.000  80000.000     10.777          22.217                 1.83         40
      0          0               1     23.100   1155.000      0.217          14.113                 3.79         50
      0          0               1    195.000  11700.000      2.201          20.465                 3.19         60
      1          0               0     73.800    377.700      0.090           8.318                 1.22         10
      1          0               0    139.600   1037.400      0.322          13.570                 1.53         20
      0          0               1     24.000    720.000      0.086          15.471                 1.97         30
      1          0               0    346.200   4445.900      1.854          20.577                 1.98         40
      1          0               0    252.900   4134.900      1.699          23.704                 2.14         50
      0          0               1     24.000   1440.000      0.276          17.467                 3.58         60
      1          0               0     75.400    411.600      0.097           8.382                 1.21         10
      1          0               0     99.000   1151.900      0.328          12.152                 1.73         20
      0          0               0   2000.000  60000.000      8.033          17.878                 1.69         30
      0          0               0   2000.000  80000.000     12.936          22.868                 1.77         40
      0          0               0   2000.000 100000.000     14.187          24.449                 2.07         50
      1          0               0    670.800   7860.500      7.184          23.890                 2.63         60
      1          0               0     88.300    550.900      0.114           7.331                 1.43         10
      1          0               0    260.700   1410.500      0.633          13.748                 1.51         20
      1          0               0    366.800   3719.300      1.439          18.463                 1.69         30
      1          0               0   1660.500  15045.800     12.547          23.251                 1.76         40
      1          0               0    264.800   5027.200      2.389          22.329                  2.4         50
      0          0               0   2000.000 120000.000     21.814          27.364                 2.21         60
      1          0               0    559.100   2182.400      1.154           7.322                 1.39         10
      1          0               0    461.700   3288.800      2.068          11.714                 1.73         20
      1          0               0    475.600   4342.200      1.992          16.594                 1.83         30
      1          0               0    191.000   2845.300      1.089          17.577                 2.31         40
      0          0               0   2000.000 100000.000     16.049          22.684                 2.22         50
      1          0               0   1076.500  19291.200     13.006          26.798                 2.32         60
      1          0               0    108.500    416.200      0.131           8.847                 1.14         10
      1          0               0    427.800   2117.300      1.030          15.096                 1.33         20
      0          0               0   2000.000  60000.000      6.812          22.775                 1.32         30
      0          0               1     35.800   1432.000      0.206          15.439                 2.78         40
      0          0               0   2000.000 100000.000     14.054          24.735                 2.04         50
      1          0               0    116.300   3133.400      1.420          20.635                 3.14         60
      1          0               0    136.700    907.000      0.166           7.208                 1.43         10
      1          0               0     92.300   1041.800      0.224          11.424                 1.87         20
      1          0               0    115.600   1511.700      0.439          15.763                 2.03         30
      1          0               0    232.200   2770.100      1.255          18.942                 2.27         40
      1          0               0    635.100  15507.600      5.311          20.336                 2.52         50
      1          0               0    669.000   7211.000      8.353          21.926                 2.85         60
      1          0               0    100.900    469.800      0.118           8.128                 1.24         10
      1          0               0    226.100   1537.100      0.527          12.779                 1.58         20
      0          0               0   2000.000  60000.000      6.730          19.853                 1.51         30
      1          0               0    249.800   2999.000      1.244          19.927                 2.04         40
      0          0               0   2000.000 100000.000     14.049          26.705                 1.89         50
      0          0               0   2000.000 120000.000     18.199          28.698                 2.11         60
      1          0               0     86.000    338.600      0.104           9.017                 1.13         10
      1          0               0    101.300    832.900      0.233          14.355                 1.43         20
      1          0               0    367.100   3001.500      1.358          19.284                  1.6         30
      0          0               0   2000.000  80000.000      9.838          28.996                 1.41         40
      0          0               0   2000.000 100000.000     13.262          30.084                  1.7         50
      0          0               0   2000.000 120000.000     16.986          31.619                 1.93         60
      1          0               0     84.100    423.100      0.098           8.966                 1.14         10
      1          0               0     84.600    812.300      0.191          14.215                 1.42         20
      1          0               0    145.500   1689.500      0.502          17.210                 1.76         30
      1          0               0    221.000   3035.500      1.140          19.756                 2.05         40
      1          0               0    179.200   3045.300      1.207          22.676                 2.28         50
      1          0               0   1013.000   8020.700      9.032          25.011                 2.42         60
      1          0               0    115.300    503.100      0.138           8.722                 1.17         10
      0          0               0   2000.000  40000.000      4.704          11.749                 1.71         20
      0          0               0   2000.000  60000.000      7.376          16.923                 1.78         30
      0          0               0   2000.000  80000.000     10.211          21.515                 1.87         40
      0          0               0   2000.000 100000.000     14.415          22.799                  2.2         50
      0          0               0   2000.000 120000.000     18.639          24.563                 2.45         60
      1          0               0     82.200    482.900      0.098           8.163                 1.26         10
      1          0               0    205.400   1693.300      0.500          13.254                 1.58         20
      0          0               0   2000.000  60000.000      7.226          20.406                 1.49         30
      1          0               0   1507.500  17026.800      8.530          20.264                  2.0         40
      0          0               0   2000.000 100000.000     14.094          22.278                 2.26         50
      0          0               0   2000.000 120000.000     20.153          25.195                 2.42         60
      1          0               0    141.400    602.600      0.170           7.801                  1.3         10
      1          0               0    168.500   1357.300      0.424          12.249                 1.66         20
      1          0               0    461.000   3217.000      1.874          17.539                 1.74         30
      1          0               0    225.500   3333.700      1.239          19.839                 2.11         40
      0          0               0   2000.000 100000.000     14.848          24.295                 2.07         50
      0          0               0   2000.000 120000.000     20.396          27.599                  2.2         60
      1          0               0     97.400    514.600      0.132           7.480                 1.37         10
      0          0               0   2000.000  40000.000      4.825          14.744                 1.36         20
      0          0               0   2000.000  60000.000      7.703          14.994                 2.01         30
      0          0               0   2000.000  80000.000     10.719          18.817                 2.14         40
      0          0               0   2000.000 100000.000     17.730          21.700                 2.32         50
      0          0               0   2000.000 120000.000     21.932          24.242                 2.51         60
      1          0               0     80.700    403.500      0.097           8.152                 1.24         10
      1          0               0     81.800    738.900      0.203          13.050                 1.55         20
      1          0               0     96.800   1245.600      0.369          17.909                 1.69         30
      1          0               0    136.300   2244.600      0.730          21.165                 1.94         40
      1          0               0    116.000   2515.700      0.897          20.550                 2.53         50
      1          0               0    365.900   5650.400      3.628          26.812                  2.3         60
      1          0               0     65.800    359.500      0.086           8.272                 1.22         10
      1          0               0    444.000   2231.000      1.151          13.294                 1.51         20
      1          0               0    679.900   6369.800      2.632          18.994                 1.62         30
      1          0               0    680.200   7552.700      4.369          21.144                 1.96         40
      0          0               0   2000.000 100000.000     18.063          20.153                 2.51         50
      1          0               0    387.100   7088.800      4.719          20.615                 3.07         60
      1          0               0     94.100    497.900      0.114           8.010                 1.27         10
      1          0               0     87.500    940.300      0.214          12.877                 1.59         20
      1          0               0    102.400   1315.900      0.379          17.285                  1.8         30
      1          0               0    522.000   6161.600      2.836          23.247                 1.76         40
      1          0               0   1083.800  17449.900      7.973          23.181                 2.18         50
      0          0               0   2000.000 120000.000     18.538          27.465                 2.21         60
      1          0               0     73.100    388.700      0.087           8.193                 1.24         10
      1          0               0     89.100    931.700      0.208          14.230                 1.45         20
      1          0               0    292.500   3176.000      1.063          18.336                 1.67         30
      1          0               0    996.800   4152.900      5.034          22.529                 1.79         40
      0          0               1     84.200   4210.000      0.742          20.017                 2.65         50
      0          0               1     17.500   1050.000      0.257          15.320                 4.05         60
      1          0               0     66.200    318.200      0.077           9.005                 1.14         10
      1          0               0    165.700   1094.200      0.373          15.466                  1.3         20
      1          0               0    228.600   1579.200      0.810          19.493                 1.56         30
      1          0               0    233.700   3086.300      1.246          19.051                 2.12         40
      0          0               1     39.200   1960.000      0.370          16.599                 3.11         50
      0          0               1     47.600   2856.000      0.672          17.821                 3.47         60
      1          0               0    100.900    402.900      0.126           9.167                  1.1         10
      1          0               0    102.500    825.800      0.240          15.195                 1.35         20
      1          0               0    132.400   1684.500      0.488          19.730                 1.59         30
      1          0               0    192.500   3332.700      1.174          20.553                 2.04         40
      1          0               0    121.400   2704.100      0.940          24.870                 2.11         50
      0          0               0   2000.000 120000.000     18.112          33.461                 1.81         60
      0          0               0   2000.000  20000.000      2.491           8.377                  1.2         10
      1          0               0    989.600   3788.100      2.484          15.099                 1.34         20
      1          0               0    180.500   1825.200      0.725          18.093                 1.72         30
      1          0               0    298.300   3657.200      1.623          20.521                 2.01         40
      1          0               0    747.100   6837.000      5.333          25.391                  2.0         50
      0          0               0   2000.000 120000.000     23.756          20.342                 2.96         60
      1          0               0    166.500    438.000      0.199           8.532                 1.18         10
      1          0               0    181.200    949.400      0.405          15.301                 1.32         20
      1          0               0    131.900   1404.800      0.476          17.005                 1.78         30
      1          0               0   1656.100  15806.700      7.979          21.166                  1.9         40
      1          0               0    336.800   4257.800      2.282          24.248                 2.12         50
      1          0               0   1842.100  21060.600     15.454          26.000                 2.32         60
      1          0               0    115.300    568.300      0.137           8.164                 1.26         10
      1          0               0    190.900   2378.500      0.566          10.114                 2.33         20
      1          0               0    299.600   4795.000      1.442          15.017                 2.24         30
      0          0               0   2000.000  80000.000     16.817          16.346                 2.47         40
      0          0               0   2000.000 100000.000     25.677          20.070                 2.52         50
      0          0               0   2000.000 120000.000     20.849          27.332                 2.25         60
      1          0               0     64.400    342.000      0.077           9.175                  1.1         10
      1          0               0     89.800    902.400      0.213          14.223                  1.5         20
      1          0               0     90.000   1305.300      0.349          16.819                 1.88         30
      1          0               0    781.700  10172.200      4.276          20.312                 2.01         40
      0          0               0   2000.000 100000.000     14.133          23.117                 2.18         50
      0          0               0   2000.000 120000.000     17.976          23.925                 2.54         60
      1          0               0     70.300    389.600      0.084           8.201                 1.27         10
      1          0               0    300.100   1316.400      0.676          17.130                 1.21         20
      1          0               0    300.100   1756.400      1.076          19.925                 1.56         30
      1          0               0    300.100   2121.800      1.615          20.844                 1.98         40
      1          0               0     90.200   2363.100      0.771          20.424                 2.67         50
      0          0               0   2000.000 120000.000     17.851          27.670                 2.19         60
      1          0               0     81.200    469.400      0.106           8.250                 1.27         10
      1          0               0    149.000   1349.600      0.361          14.658                 1.47         20
      1          0               0    221.000   2896.200      0.868          17.486                 1.81         30
      1          0               0    132.500   2845.600      0.794          17.267                 2.52         40
      1          0               0    236.300   4670.200      1.939          19.770                 2.72         50
      1          0               0    116.400   3768.000      1.605          19.569                 3.38         60
      1          0               0     75.300    406.500      0.092           8.980                 1.13         10
      1          0               0     85.100   1037.900      0.203          13.580                 1.52         20
      0          0               1     22.600    678.000      0.097          12.288                 2.71         30
      0          0               1     22.900    916.000      0.164          14.585                 2.93         40
      1          0               0     95.300   2843.600      0.803          19.653                 2.71         50
      1          0               0    119.100   3209.200      1.397          22.817                 2.88         60
      1          0               0     74.400    429.200      0.090           8.155                 1.26         10
      0          0               0   2000.000  40000.000      4.635          14.930                 1.34         20
      0          0               1     67.700   2031.000      0.260          14.917                 2.05         30
      0          0               1     27.600   1104.000      0.142          16.170                 2.57         40
      1          0               0   1472.700  11877.600     10.668          22.960                 2.21         50
      0          0               1     24.100   1446.000      0.290          14.826                 4.29         60
      1          0               0     87.300    369.500      0.106           8.639                 1.17         10
      1          0               0    107.600    868.700      0.257          13.235                 1.53         20
      1          0               0    194.200   1836.400      0.721          17.834                 1.73         30
      1          0               0    101.600   2136.300      0.595          16.670                 2.46         40
      0          0               0   2000.000 100000.000     13.966          22.467                 2.25         50
      1          0               0    424.600   6761.200      4.361          20.948                 2.93         60
      1          0               0     62.300    327.100      0.073           8.377                 1.21         10
      1          0               0     75.900    823.200      0.180          12.750                 1.62         20
      0          0               0   2000.000  60000.000      7.078          18.622                 1.62         30
      1          0               0     97.300   1837.900      0.517          18.883                 2.18         40
      0          0               0   2000.000 100000.000     14.451          21.058                 2.38         50
      0          0               1     17.400   1044.000      0.226          14.684                 4.51         60
      0          0               0   2000.000  20000.000      2.618           7.971                 1.26         10
      0          0               0   2000.000  40000.000      4.793          14.848                 1.35         20
      0          0               0   2000.000  60000.000      8.854          19.425                 1.56         30
      0          0               0   2000.000  80000.000     10.123          22.591                 1.79         40
      0          0               0   2000.000 100000.000     15.950          22.610                 2.29         50
      0          0               0   2000.000 120000.000     23.560          23.010                 2.62         60
      1          0               0     63.500    251.700      0.075           8.850                 1.14         10
      0          0               1     22.800    456.000      0.055          10.272                 2.01         20
      0          0               1     22.700    681.000      0.089          12.445                 2.47         30
      0          0               1     22.700    908.000      0.140          13.789                 3.09         40
      0          0               1     23.500   1175.000      0.213          15.179                 3.48         50
      0          0               1     24.200   1452.000      0.370          14.240                 4.52         60
      1          0               0     54.300    266.200      0.067           8.274                  1.3         10
      1          0               0     76.800    782.400      0.193          12.078                 1.74         20
      1          0               0    298.200   2956.700      1.133          16.397                 1.89         30
      1          0               0    120.600   2192.500      0.702          18.166                 2.46         40
      1          0               0    524.700   6734.400      4.105          22.970                 2.29         50
      1          0               0    453.800   7778.200      4.832          26.464                  2.4         60
      1          0               0     79.400    392.500      0.092           8.539                 1.19         10
      1          0               0    115.300    939.400      0.264          14.454                 1.39         20
      1          0               0     99.100   1278.400      0.350          17.180                 1.79         30
      0          0               0   2000.000  80000.000      9.519          23.769                 1.69         40
      1          0               0    193.500   2562.400      1.426          23.218                 2.26         50
      1          0               0    446.900   4848.900      4.541          23.169                 2.65         60
      1          0               0     81.200    431.800      0.100           7.468                 1.36         10
      1          0               0    102.400    929.700      0.242          13.329                 1.53         20
      1          0               0    101.300   1438.600      0.370          17.839                 1.77         30
      1          0               0    342.500   4012.500      1.904          22.273                 1.85         40
      0          0               0   2000.000 100000.000     13.843          27.287                 1.85         50
      1          0               0    229.400   3923.300      2.389          24.029                 2.64         60
      0          0               0   2000.000  20000.000      2.375           7.978                 1.25         10
      0          0               0   2000.000  40000.000      4.716          15.803                 1.27         20
      0          0               0   2000.000  60000.000      7.389          18.684                 1.62         30
      0          0               0   2000.000  80000.000     11.204          23.539                 1.71         40
      0          0               0   2000.000 100000.000     14.377          24.843                 2.04         50
      0          0               0   2000.000 120000.000     18.955          25.411                  2.4         60
      1          0               0     58.900    360.500      0.069           8.779                 1.16         10
      1          0               0     82.700    746.500      0.199          14.484                 1.43         20
      0          0               0   2000.000  60000.000      6.911          22.052                 1.37         30
      1          0               0    545.500   4086.000      2.646          26.405                 1.56         40
      1          0               0    330.000   4370.600      2.237          26.442                 1.99         50
      0          0               0   2000.000 120000.000     18.228          30.230                 2.02         60
      1          0               0     54.100    301.100      0.068           6.327                 1.69         10
      1          0               0     75.600    731.700      0.177          13.733                 1.49         20
      0          0               0   2000.000  60000.000      6.944          20.825                 1.45         30
      0          0               0   2000.000  80000.000     10.260          22.669                 1.78         40
      0          0               0   2000.000 100000.000     14.795          24.643                 2.04         50
      1          0               0    339.300   5966.300      3.442          23.966                 2.55         60
      1          0               0    123.900    460.000      0.139           9.030                 1.12         10
      1          0               0    101.600   1112.900      0.237          12.949                 1.59         20
      1          0               0    101.000   1547.100      0.364          15.384                 2.01         30
      1          0               0    244.200   3066.100      1.279          20.150                  2.1         40
      0          0               0   2000.000 100000.000     13.314          24.059                  2.1         50
      0          0               0   2000.000 120000.000     17.177          26.604                 2.27         60
      1          0               0     80.100    327.800      0.095           8.200                 1.23         10
      1          0               0     81.700    705.100      0.187          13.269                 1.54         20
      1          0               0    189.500   1843.800      0.695          18.418                 1.68         30
      1          0               0    456.300   3588.000      2.361          18.613                 2.17         40
      1          0               0    379.600   4218.100      2.705          21.672                 2.36         50
      0          0               1     44.900   2694.000      0.603          15.944                 3.93         60
      1          0               0     75.700    430.400      0.095           7.214                 1.44         10
      1          0               0     90.700    921.700      0.235          12.335                 1.66         20
      1          0               0    107.100   1566.700      0.424          15.879                 1.96         30
      1          0               0    112.500   2195.700      0.675          18.134                 2.28         40
      1          0               0    576.900   9299.800      4.506          22.530                 2.29         50
      0          0               0   2000.000 120000.000     20.548          24.608                 2.47         60
      1          0               0     54.000    355.200      0.065           6.806                  1.5         10
      1          0               0     82.400    954.200      0.197          11.131                 1.85         20
      1          0               0     96.400   1577.000      0.388          13.630                 2.36         30
      1          0               0    498.900   6090.300      2.898          19.149                 2.17         40
      0          0               0   2000.000 100000.000     16.290          23.269                 2.18         50
      1          0               0   1035.700  23166.000     14.430          20.366                 3.04         60
      1          0               0    196.800    748.400      0.223           7.161                 1.41         10
      0          0               0   2000.000  40000.000      4.369          14.841                 1.35         20
      1          0               0    118.500   1669.700      0.435          16.751                 1.88         30
      0          0               0   2000.000  80000.000      9.750          22.728                 1.78         40
      0          0               0   2000.000 100000.000     13.962          24.299                 2.09         50
      0          0               0   2000.000 120000.000     18.065          28.560                 2.13         60
      1          0               0    155.900    643.800      0.184           8.768                 1.15         10
      1          0               0    100.400   1033.600      0.237          13.296                 1.59         20
      0          0               0   2000.000  60000.000      7.326          20.796                 1.45         30
      1          0               0    310.200   3304.200      1.661          21.581                 1.92         40
      1          0               0    119.800   2707.900      0.958          20.894                 2.62         50
      1          0               0    982.400   9684.700      9.162          26.565                  2.3         60
      1          0               0     55.600    309.700      0.063           8.054                 1.27         10
      1          0               0     88.400    714.500      0.191          15.161                 1.34         20
      1          0               0     90.800   1307.100      0.330          17.111                 1.85         30
      1          0               0    150.900   2338.200      0.809          21.293                 1.99         40
      0          0               0   2000.000 100000.000     13.427          31.166                 1.63         50
      0          0               1     87.600   5256.000      1.050          18.500                 3.37         60
      1          0               0     78.400    492.900      0.094           7.614                 1.35         10
      1          0               0     92.300    877.000      0.221          12.332                 1.65         20
      1          0               0    184.200   1568.700      0.704          16.224                 1.89         30
      1          0               0    159.000   1900.300      0.932          17.831                 2.33         40
      1          0               0    366.900   4592.900      2.717          21.952                 2.35         50
      1          0               0    529.500   7775.500      5.269          23.279                 2.61         60
      1          0               0    153.100    553.100      0.186           7.504                 1.35         10
      1          0               0    106.700    889.500      0.252          14.040                 1.46         20
      1          0               0    123.000   1336.600      0.467          17.698                 1.82         30
      1          0               0    159.400   1833.100      0.867          20.814                  2.0         40
      1          0               0    113.300   2735.000      0.908          19.153                  2.7         50
      1          0               0    347.500   4698.400      3.609          22.630                 2.75         60
      1          0               0     91.400    434.700      0.103           9.010                 1.14         10
      1          0               0    262.400   1709.100      0.593          14.360                 1.41         20
      1          0               0     96.900   1348.800      0.347          18.457                 1.73         30
      1          0               0    203.600   2451.000      1.053          24.432                 1.78         40
      0          0               1     50.100   2505.000      0.470          14.275                 3.88         50
      0          0               1     79.100   4746.000      1.100          17.144                 3.93         60
      1          0               0    108.200    640.600      0.122           7.896                 1.31         10
      1          0               0     93.000    984.300      0.211          12.669                 1.65         20
      1          0               0     94.500   1430.200      0.330          17.668                 1.79         30
      1          0               0     94.500   2012.200      0.515          19.138                  2.3         40
      1          0               0    140.000   3160.200      1.022          21.429                  2.5         50
      1          0               0    344.400   5698.200      3.300          25.005                 2.51         60
      1          0               0    139.700    742.900      0.166           6.792                 1.52         10
      1          0               0    136.600   1337.100      0.326          12.818                 1.72         20
      1          0               0    232.300   2319.400      0.888          17.608                 1.84         30
      1          0               0    612.900   6054.400      3.217          21.920                 1.88         40
      0          0               0   2000.000 100000.000     14.226          27.637                 1.83         50
      0          0               0   2000.000 120000.000     19.836          32.154                 1.91         60
      1          0               0     69.400    377.700      0.097           8.330                 1.21         10
      1          0               0     91.300    877.300      0.252          12.332                 1.78         20
      1          0               0     92.600   1479.300      0.438          14.511                 2.51         30
      0          0               0   2000.000  80000.000     10.616          27.609                 1.47         40
      1          0               0    276.600   3770.200      2.188          26.228                 2.07         50
      1          0               0    359.300   4731.800      3.957          27.516                 2.39         60
      1          0               0     71.000    452.000      0.085           7.439                 1.36         10
      0          0               0   2000.000  40000.000      4.512          14.764                 1.36         20
      0          0               0   2000.000  60000.000      6.792          21.738                 1.39         30
      0          0               0   2000.000  80000.000      9.517          23.649                  1.7         40
      0          0               0   2000.000 100000.000     12.155          27.656                 1.82         50
      0          0               0   2000.000 120000.000     16.055          29.527                 2.05         60
      1          0               0     80.600    358.300      0.090           8.391                 1.21         10
      1          0               0    144.300   1110.100      0.318          14.866                 1.36         20
      1          0               0    797.200   5405.900      2.694          20.614                 1.47         30
      0          0               0   2000.000  80000.000      9.299          24.667                 1.63         40
      0          0               0   2000.000 100000.000     12.769          27.523                 1.83         50
      0          0               0   2000.000 120000.000     17.478          27.440                  2.2         60
      1          0               0     73.200    305.400      0.083           8.877                 1.13         10
      0          0               0   2000.000  40000.000      4.420          16.326                 1.24         20
      0          0               0   2000.000  60000.000      6.791          22.323                 1.35         30
      0          0               0   2000.000  80000.000     11.626          23.641                 1.72         40
      0          0               0   2000.000 100000.000     14.558          27.590                 1.83         50
      0          0               0   2000.000 120000.000     17.351          24.271                  2.5         60
      1          0               0     76.500    440.300      0.086           7.205                 1.42         10
      1          0               0     75.800    904.100      0.176          12.215                 1.71         20
      0          0               1     29.300    879.000      0.119          12.208                 2.54         30
      0          0               0   2000.000  80000.000     10.113          22.927                 1.77         40
      0          0               1     48.800   2440.000      0.571          12.695                 4.13         50
      0          0               0   2000.000 120000.000     19.809          26.501                 2.33         60
      1          0               0     60.200    298.200      0.067           8.150                 1.27         10
      1          0               0    100.100    771.300      0.220          14.317                 1.42         20
      1          0               0    129.000   1296.800      0.457          19.055                 1.65         30
      1          0               0    114.600   1911.200      0.627          21.576                 2.11         40
      1          0               0    529.400   5110.200      3.488          26.856                 1.94         50
      0          0               0   2000.000 120000.000     17.055          29.287                 2.08         60
      1          0               0    153.700    537.500      0.174           9.042                 1.11         10
      0          0               0   2000.000  40000.000      4.355          16.331                 1.24         20
      1          0               0   1991.900  12016.300      6.683          22.004                 1.38         30
      1          0               0    153.000   2224.600      0.752          20.965                 2.02         40
      0          0               0   2000.000 100000.000     12.047          26.624                  1.9         50
      1          0               0    473.200   9465.900      4.713          23.428                 2.63         60
      1          0               0    255.100    896.600      0.282           8.257                 1.22         10
      1          0               0    512.700   2077.400      1.162          11.178                  1.8         20
      1          0               0    187.100   1570.300      0.662          16.002                 1.91         30
      1          0               0    192.700   2639.200      0.995          20.309                 2.05         40
      0          0               0   2000.000 100000.000     13.350          25.301                  2.0         50
      0          0               0   2000.000 120000.000     17.447          28.378                 2.14         60
      1          0               0     80.600    446.400      0.091           8.025                 1.35         10
      1          0               0    149.600   1128.100      0.337          14.449                 1.47         20
      1          0               0    199.600   2092.800      0.754          18.563                 1.82         30
      0          0               0   2000.000  80000.000     10.094          23.751                 1.73         40
      0          0               0   2000.000 100000.000     13.089          26.441                 1.93         50
      1          0               0    367.000   5866.500      3.717          25.295                 2.64         60
      1          0               0    174.100    728.800      0.198           7.572                 1.35         10
      1          0               0    154.300   1094.600      0.348          14.022                 1.47         20
      0          0               0   2000.000  60000.000      7.241          17.224                 1.75         30
      1          0               0    241.100   3699.400      1.281          21.914                 1.98         40
      0          0               0   2000.000 100000.000     13.978          28.353                 1.81         50
      1          0               0    353.000   6650.600      3.900          22.025                 3.04         60
      1          0               0   1540.800   7839.600      1.815           7.052                 1.42         10
      1          0               0    220.000   2138.300      0.510          12.195                 1.68         20
      0          0               0   2000.000  60000.000      7.059          17.899                 1.74         30
      1          0               0   1396.100  22558.800      7.559          18.710                 2.19         40
      1          0               0   1529.200  34523.700     12.847          17.428                  2.9         50
      0          0               0   2000.000 120000.000     16.563          27.616                 2.22         60
      1          0               0     79.600    440.700      0.091           7.078                 1.46         10
      1          0               0     96.400    839.800      0.211          12.427                 1.64         20
      1          0               0    106.700   1425.100      0.381          16.433                 1.95         30
      1          0               0    107.700   1837.200      0.599          17.839                 2.43         40
      0          0               1     19.600    980.000      0.178          13.969                 3.75         50
      0          0               0   2000.000 120000.000     17.492          28.595                 2.12         60
      1          0               0     84.500    382.000      0.095           8.221                 1.22         10
      1          0               0     92.600    817.200      0.201          14.200                 1.42         20
      1          0               0     97.900   1602.400      0.360          15.582                 2.03         30
      1          0               0   1011.100  12521.200      5.455          19.351                 2.12         40
      1          0               0    493.000   6107.200      3.538          22.165                 2.34         50
      0          0               0   2000.000 120000.000     17.783          26.433                  2.3         60
      1          0               0     68.000    376.400      0.082           7.444                 1.52         10
      1          0               0    127.700    978.400      0.296          13.835                 1.55         20
      0          0               1     39.900   1197.000      0.154          13.188                 2.34         30
      0          0               0   2000.000  80000.000      9.306          23.735                  1.7         40
      0          0               0   2000.000 100000.000     12.838          24.553                 2.06         50
      1          0               0    904.700  17607.100      9.162          24.828                 2.46         60
      1          0               0     94.000    463.000      0.104           8.585                 1.19         10
      1          0               0    425.500   3005.200      0.969          14.686                 1.39         20
      1          0               0    308.900   3784.400      1.050          19.634                 1.55         30
      1          0               0    234.200   3534.800      1.163          23.064                 1.83         40
      0          0               0   2000.000 100000.000     12.693          29.037                 1.74         50
      0          0               0   2000.000 120000.000     16.957          29.752                 2.05         60
      1          0               0     88.600    429.900      0.098           8.205                 1.24         10
      1          0               0    303.700   2135.900      0.681          13.301                 1.52         20
      0          0               0   2000.000  60000.000      6.734          21.176                 1.43         30
      1          0               0    385.000   4206.100      1.902          24.192                 1.72         40
      1          0               0    707.500   8900.600      4.675          27.242                 1.87         50
      0          0               1    490.500  29430.000      4.258          26.482                  2.3         60
      1          0               0     77.500    366.300      0.086           8.546                 1.18         10
      1          0               0     84.200    686.700      0.180          14.324                 1.41         20
      1          0               0    115.300   1569.900      0.390          16.332                 1.86         30
      1          0               0    483.000   6403.600      2.428          19.307                 2.09         40
      1          0               0    172.400   3293.500      1.210          22.714                 2.28         50
      0          0               0   2000.000 120000.000     17.070          29.531                 2.05         60
      0          0               0   2000.000  20000.000      2.243           8.013                 1.25         10
      1          0               0    161.600   1022.500      0.347          15.009                 1.36         20
      0          0               0   2000.000  60000.000      6.661          22.180                 1.37         30
      1          0               0    930.800   7205.400      4.326          23.338                 1.74         40
      0          0               0   2000.000 100000.000     11.815          28.286                 1.79         50
      1          0               0    123.300   3684.700      1.186          23.261                 2.78         60
      1          0               0    100.900    442.000      0.111           8.666                 1.17         10
      1          0               0     91.000    834.900      0.206          13.412                 1.55         20
      1          0               0    257.600   2455.000      0.930          16.822                 1.85         30
      1          0               0    186.400   2449.100      0.991          19.935                 2.13         40
      0          0               0   2000.000 100000.000     12.914          25.453                 1.99         50
      1          0               0    241.100   3394.400      2.342          23.492                 2.69         60
      1          0               0     79.000    358.400      0.090           7.468                 1.38         10
      1          0               0    136.100   1151.900      0.310          12.331                 1.68         20
      1          0               0     98.300   1237.900      0.345          16.893                 1.85         30
      1          0               0    299.400   2567.200      1.419          22.556                 1.83         40
      1          0               0    115.700   2196.200      0.807          22.168                 2.34         50
      1          0               0    408.600   4632.400      3.377          26.888                  2.3         60
      1          0               0     94.200    495.100      0.106           8.347                 1.22         10
      1          0               0     80.600    898.000      0.181          12.489                 1.65         20
      1          0               0    307.600   2797.800      1.083          18.024                 1.71         30
      1          0               0    249.700   3586.000      1.248          21.930                 1.89         40
      1          0               0    243.300   3704.200      1.619          27.270                 1.97         50
      0          0               0   2000.000 120000.000     16.948          30.937                 1.96         60
      1          0               0     93.300    429.800      0.104           8.352                 1.21         10
      1          0               0    164.200   1410.700      0.381          13.028                 1.58         20
      1          0               0    793.000   5912.900      2.755          18.992                  1.6         30
      0          0               0   2000.000  80000.000     10.202          21.715                 1.86         40
      1          0               0    352.600   5033.900      2.415          26.130                 1.99         50
      1          0               0    596.500  14632.300      6.450          26.313                 2.34         60
      1          0               0     70.200    396.100      0.077           8.157                 1.24         10
      1          0               0    172.500   1359.500      0.391          12.209                 1.65         20
      1          0               0    425.200   4352.200      1.496          15.755                 1.92         30
      0          0               0   2000.000  80000.000      9.360          20.675                 1.95         40
      0          0               0   2000.000 100000.000     12.226          24.342                 2.07         50
      0          0               0   2000.000 120000.000     25.943          21.225                 2.84         60
      1          0               0    151.100    890.600      0.179           6.394                 1.75         10
      1          0               0    267.200   2934.700      0.663           9.154                 2.29         20
      1          0               0    996.100  14045.400      3.973          13.588                 2.23         30
      1          0               0    454.200   7431.600      2.378          18.569                 2.18         40
      0          0               0   2000.000 100000.000     12.545          23.346                 2.16         50
      0          0               0   2000.000 120000.000     18.412          22.590                 2.67         60
      1          0               0    101.300    448.600      0.112           8.978                 1.13         10
      1          0               0    100.700    752.900      0.220          14.591                  1.4         20
      1          0               0    396.600   2902.200      1.397          18.320                 1.67         30
      1          0               0    568.200   3999.000      2.672          24.523                 1.67         40
      0          0               1     25.200   1260.000      0.221          15.583                 3.36         50
      0          0               0   2000.000 120000.000     18.480          23.919                 2.52         60
      1          0               0     69.500    393.100      0.077           8.616                 1.18         10
      1          0               0   1489.000   9501.400      3.314          13.916                 1.44         20
      0          0               0   2000.000  60000.000      7.021          19.911                 1.52         30
      0          0               0   2000.000  80000.000      9.778          27.033                 1.51         40
      0          0               1     20.600   1030.000      0.242          10.049                 6.14         50
      0          0               0   2000.000 120000.000     18.487          30.344                 2.03         60
      1          0               0    175.000    661.800      0.202           8.002                 1.28         10
      1          0               0    514.300   3871.900      1.177          14.523                 1.39         20
      1          0               0    228.000   2313.200      0.814          17.945                 1.72         30
      1          0               0   1217.400  18226.700      6.386          19.747                 2.04         40
      1          0               0    307.200   5529.300      2.186          20.842                 2.46         50
      1          0               0    495.700   9960.400      4.802          22.592                 2.74         60
      1          0               0     52.700    317.400      0.059           8.254                 1.24         10
      1          0               0    463.600   3517.400      1.057          13.750                 1.47         20
      1          0               0    268.400   2701.000      0.943          20.121                 1.54         30
      0          0               0   2000.000  80000.000      9.258          28.424                 1.42         40
      0          0               0   2000.000 100000.000     12.776          30.311                 1.67         50
      0          0               0   2000.000 120000.000     16.402          33.374                 1.83         60
      1          0               0    100.500    388.200      0.116           6.987                 1.45         10
      1          0               0    103.400    808.600      0.249          11.103                 1.83         20
      1          0               0    291.900   2298.900      1.067          15.434                  2.0         30
      1          0               0    311.100   3169.300      1.678          19.444                 2.14         40
      1          0               0    109.300   2761.700      0.909          18.594                 2.93         50
      1          0               0    368.500   6660.000      4.509          23.602                 2.72         60
      1          0               0    116.600    514.800      0.134           8.146                 1.25         10
      1          0               0    172.900   1488.600      0.400          11.986                 1.69         20
      1          0               0    176.400   2226.500      0.625          17.715                 1.71         30
      1          0               0    318.100   4745.500      1.538          20.665                 1.96         40
      1          0               0    604.100   8199.700      4.024          23.419                 2.17         50
      0          0               0   2000.000 120000.000     17.984          23.779                 2.56         60
      1          0               0     74.400    362.000      0.087           7.922                 1.32         10
      1          0               0     89.000    837.300      0.197          13.781                  1.5         20
      1          0               0     95.300   1398.100      0.347          17.806                 1.81         30
      0          0               0   2000.000  80000.000      9.527          25.626                 1.58         40
      0          0               0   2000.000 100000.000     12.445          32.384                 1.57         50
      0          0               0   2000.000 120000.000     15.828          31.321                 1.94         60
      0          0               0   2000.000  20000.000      2.249           7.983                 1.25         10
      0          0               0   2000.000  40000.000      4.639          11.755                 1.72         20
      0          0               0   2000.000  60000.000      7.087          17.397                 1.75         30
      0          0               0   2000.000  80000.000     10.352          19.347                 2.09         40
      0          0               0   2000.000 100000.000     14.992          20.750                 2.45         50
      0          0               1     22.900   1374.000      0.310          13.328                 4.74         60
      1          0               0     69.200    361.200      0.077           8.014                 1.28         10
      1          0               0    102.700   1144.200      0.240          12.091                 1.76         20
      0          0               0   2000.000  60000.000      6.619          20.808                 1.45         30
      0          0               0   2000.000  80000.000     10.097          25.767                 1.58         40
      1          0               0    111.000   2626.000      0.817          23.148                 2.36         50
      1          0               0    128.200   4034.800      1.296          22.317                 2.94         60
      1          0               0     80.900    467.600      0.089           8.487                 1.19         10
      1          0               0    203.400   1449.300      0.448          13.904                 1.49         20
      1          0               0     92.600   1453.300      0.322          17.208                 1.82         30
      1          0               0    246.200   2826.700      1.173          25.972                 1.63         40
      1          0               0    198.300   3570.100      1.310          26.913                 1.96         50
      0          0               1     19.900   1194.000      0.206          15.492                 4.06         60
      1          0               0    100.000    589.000      0.116           7.004                 1.54         10
      1          0               0    196.300   2019.100      0.470          10.953                 1.89         20
      0          0               1    269.800   8094.000      1.015          14.606                 2.12         30
      0          0               1    286.800  11472.000      1.590          18.930                 2.19         40
      1          0               0    489.000   7581.400      3.415          22.984                 2.22         50
      1          0               0    388.200   7971.400      3.939          22.313                 2.73         60
      1          0               0     87.200    521.500      0.097           8.116                 1.24         10
      0          0               0   2000.000  40000.000      4.343          13.910                 1.44         20
      1          0               0    160.100   2072.900      0.543          18.463                 1.67         30
      0          0               1    545.400  21816.000      2.956          18.825                 2.16         40
      1          0               0   1191.900  21759.200      9.453          20.599                 2.48         50
      0          0               0   2000.000 120000.000     19.435          24.705                 2.46         60
      1          0               0    107.100    479.100      0.118           9.148                  1.1         10
      1          0               0    191.200   1114.100      0.402          17.099                 1.19         20
      1          0               0    187.800   1847.700      0.654          18.363                 1.67         30
      1          0               0    355.400   4443.200      1.860          20.436                 1.99         40
      1          0               0    210.500   3100.200      1.494          22.240                 2.31         50
      1          0               0    587.600   9390.000      5.705          24.839                 2.45         60
      1          0               0     79.200    289.300      0.088           9.322                 1.08         10
      1          0               0     90.400    864.200      0.207          14.117                 1.45         20
      1          0               0     90.100   1422.600      0.324          16.464                 1.88         30
      1          0               0     87.000   1871.200      0.463          18.023                 2.27         40
      1          0               0     93.600   2549.300      0.722          19.139                 2.66         50
      1          0               0    278.000   6300.600      3.117          20.640                 2.97         60
      1          0               0    101.700    427.300      0.111           8.954                 1.13         10
      1          0               0    105.200    838.200      0.229          14.885                  1.4         20
      0          0               0   2000.000  60000.000      6.327          22.846                 1.32         30
      0          0               0   2000.000  80000.000      8.962          27.847                 1.45         40
      0          0               0   2000.000 100000.000     12.073          31.463                 1.61         50
      0          0               0   2000.000 120000.000     15.381          32.188                 1.89         60
      1          0               0     74.200    418.000      0.082           8.647                 1.16         10
      1          0               0     91.800    829.000      0.195          13.955                 1.45         20
      1          0               0     94.000   1395.100      0.320          17.553                 1.73         30
      1          0               0    298.000   2793.900      1.429          23.206                 1.77         40
      0          0               0   2000.000 100000.000     12.953          27.169                 1.85         50
      0          0               0   2000.000 120000.000     17.303          28.360                 2.14         60
      1          0               0    112.900    430.300      0.130           6.779                  1.5         10
      1          0               0     66.500    691.700      0.157          10.881                 1.89         20
      1          0               0    222.700   2157.400      0.818          15.664                 1.95         30
      1          0               0     85.300   1851.500      0.475          15.994                 2.56         40
      1          0               0    135.100   3395.200      1.117          17.560                 2.95         50
      1          0               0    523.400   9270.100      5.395          19.828                 3.07         60
      1          0               0    104.000    669.600      0.121           7.127                 1.44         10
      1          0               0     91.900    941.600      0.207          13.806                 1.49         20
      1          0               0    102.100   1568.600      0.357          16.950                 1.83         30
      1          0               0    198.800   2375.400      0.974          20.682                 2.07         40
      1          0               0    283.300   3867.600      1.916          23.318                 2.25         50
      1          0               0    271.000   6309.600      2.492          25.687                 2.48         60
      1          0               0     90.600    456.000      0.102           8.510                 1.21         10
      1          0               0    104.600   1062.300      0.243          11.751                 1.79         20
      1          0               0     95.900   1510.600      0.342          16.361                 1.91         30
      1          0               0    160.700   2381.200      0.885          18.683                 2.33         40
      1          0               0    135.000   3026.000      1.010          21.043                 2.59         50
      0          0               0   2000.000 120000.000     17.344          24.657                 2.45         60
      1          0               0     90.100    535.600      0.106           6.789                  1.5         10
      1          0               0     95.900   1009.700      0.216          12.081                 1.68         20
      1          0               0    240.100   2326.100      0.810          17.174                 1.76         30
      1          0               0    157.900   2299.600      0.744          19.652                 2.06         40
      1          0               0    164.000   2863.800      1.018          23.874                 2.17         50
      0          0               1     18.900   1134.000      0.171          16.524                 3.75         60
      1          0               0     90.500    553.100      0.102           8.032                 1.27         10
      1          0               0     91.600   1045.000      0.205          13.738                  1.5         20
      1          0               0   1589.200  19310.300      6.187          18.734                 1.63         30
      1          0               0    260.400   3963.100      1.400          20.570                 2.02         40
      1          0               0    411.000   7521.500      3.193          23.754                 2.21         50
      1          0               0    414.000  11329.500      4.587          26.465                 2.38         60
      1          0               0     65.300    283.900      0.072           8.882                 1.14         10
      1          0               0     88.000    758.200      0.193          13.477                 1.51         20
      1          0               0    105.400   1633.700      0.372          16.212                 1.89         30
      1          0               0    113.100   2030.800      0.556          19.579                 2.08         40
      0          0               0   2000.000 100000.000     11.943          24.626                 2.04         50
      0          0               0   2000.000 120000.000     16.056          30.373                  2.0         60
      1          0               0     88.500    462.300      0.100           9.043                 1.12         10
      1          0               0     86.600    932.500      0.191          14.085                 1.46         20
      1          0               0    165.000   1865.400      0.558          18.918                 1.65         30
      1          0               0    168.700   2084.100      0.847          20.065                 2.08         40
      0          0               0   2000.000 100000.000     14.587          21.745                 2.31         50
      0          0               1     51.200   3072.000      0.698          14.814                 4.38         60
      1          0               0     77.600    441.500      0.088           7.586                 1.36         10
      1          0               0     92.200   1097.900      0.213          11.568                 1.82         20
      1          0               0    513.700   4933.200      1.772          20.303                  1.5         30
      1          0               0    198.100   3331.600      1.045          20.987                 2.05         40
      0          0               0   2000.000 100000.000     13.616          26.972                 1.87         50
      0          0               0   2000.000 120000.000     17.875          25.938                 2.34         60
      1          0               0    129.200    593.000      0.144           7.307                 1.39         10
      1          0               0    237.600   1433.900      0.528          12.756                 1.59         20
      0          0               1     18.900    567.000      0.071          12.942                 2.43         30
      1          0               0    137.100   2544.700      0.693          18.904                 2.22         40
      0          0               1     22.300   1115.000      0.182          14.892                 3.54         50
      0          0               0   2000.000 120000.000     15.850          29.469                 2.06         60
      1          0               0    148.400    551.500      0.166           8.634                 1.17         10
      1          0               0    145.600   1004.300      0.314          15.288                 1.34         20
      1          0               0    145.100   1667.300      0.493          18.378                  1.7         30
      1          0               0    386.900   2927.200      1.755          25.705                  1.6         40
      0          0               1     41.100   2055.000      0.322          16.693                 3.07         50
      0          0               1     41.100   2466.000      0.493          16.672                 3.72         60
      1          0               0     73.700    468.100      0.083           7.978                 1.27         10
      1          0               0     90.100   1026.600      0.202          12.422                 1.64         20
      1          0               0    179.500   2423.500      0.605          17.255                 1.79         30
      0          0               1     69.200   2768.000      0.385          15.217                  2.7         40
      1          0               0    196.100   3677.600      1.423          21.781                 2.48         50
      0          0               1    207.300  12438.000      2.168          24.475                 2.65         60
      1          0               0    119.200    601.000      0.140           7.251                 1.45         10
      1          0               0    143.600   1262.100      0.324          13.260                 1.57         20
      1          0               0    111.700   1622.500      0.379          17.329                 1.82         30
      1          0               0    115.200   2182.500      0.602          18.855                 2.24         40
      1          0               0    120.400   3035.500      0.904          20.410                  2.6         50
      1          0               0    461.800   8763.600      4.163          24.367                 2.54         60
      1          0               0    284.400   1220.400      0.322           8.242                 1.22         10
      1          0               0    131.100   1113.500      0.294          13.777                  1.5         20
      1          0               0    590.800   4285.200      2.015          18.772                 1.63         30
      0          0               0   2000.000  80000.000      9.210          27.042                 1.49         40
      0          0               0   2000.000 100000.000     13.438          26.204                 1.95         50
      0          0               0   2000.000 120000.000     18.898          28.549                 2.14         60
      1          0               0     83.700    515.300      0.098           7.243                  1.4         10
      0          0               1     48.800    976.000      0.119          10.410                 1.98         20
      0          0               1     11.800    354.000      0.039          16.686                 1.85         30
      0          0               1     12.300    492.000      0.058          20.382                 2.02         40
      0          0               0   2000.000 100000.000     12.677          24.677                 2.04         50
      1          0               0    446.400   5590.000      4.157          25.157                 2.47         60
      0          0               0   2000.000  20000.000      2.280           7.979                 1.26         10
      0          0               0   2000.000  40000.000      4.385          15.878                 1.26         20
      0          0               0   2000.000  60000.000      6.828          20.727                 1.47         30
      0          0               0   2000.000  80000.000      9.868          22.639                 1.79         40
      0          0               0   2000.000 100000.000     13.943          22.466                 2.26         50
      1          0               0    245.000   6322.100      2.695          21.864                 3.04         60
      1          0               0     78.400    407.500      0.089           7.010                 1.46         10
      1          0               0     93.500    906.700      0.213          11.688                 1.76         20
      1          0               0     85.900   1169.400      0.300          16.661                 1.86         30
      1          0               0    198.400   2215.400      0.919          25.472                 1.67         40
      0          0               0   2000.000 100000.000     11.729          30.442                 1.66         50
      1          0               0    182.200   3645.900      1.661          24.630                 2.64         60
      1          0               0     80.100    442.900      0.088           9.487                 1.06         10
      1          0               0     83.500    839.700      0.181          14.428                  1.4         20
      1          0               0    102.700   1504.900      0.371          16.254                 1.94         30
      0          0               1     71.000   2840.000      0.383          16.925                 2.43         40
      0          0               1     21.800   1090.000      0.182          15.729                 3.43         50
      0          0               1    222.600  13356.000      2.401          20.208                 3.07         60
      1          0               0     74.800    384.100      0.083           8.094                 1.25         10
      1          0               0    246.500   1219.600      0.534          14.380                 1.41         20
      1          0               0     90.700   1478.400      0.319          16.449                  2.0         30
      1          0               0    244.900   2622.600      1.238          19.817                 2.15         40
      1          0               0    437.200   4977.700      2.959          24.609                 2.16         50
      1          0               0    374.500   9448.400      4.067          23.202                 2.73         60
      1          0               0     76.100    507.300      0.086           8.049                 1.27         10
      1          0               0     76.700   1014.000      0.173          13.344                 1.54         20
      1          0               0     95.900   1571.900      0.349          17.501                 1.82         30
      1          0               0    170.300   2176.400      0.823          23.126                 1.82         40
      0          0               1     32.400   1620.000      0.234          16.481                 3.23         50
      1          0               0    229.300   4213.700      2.200          24.072                 2.63         60
      1          0               0    140.100    540.800      0.159           7.954                 1.27         10
      1          0               0   1122.700   8354.100      2.735          12.085                  1.7         20
      0          0               0   2000.000  60000.000      6.865          20.870                 1.47         30
      0          0               0   2000.000  80000.000     11.541          18.797                 2.23         40
      1          0               0    233.200   3860.800      1.756          21.236                 2.42         50
      0          0               0   2000.000 120000.000     17.551          22.725                 2.65         60
      1          0               0     69.100    392.100      0.077           8.171                 1.24         10
      1          0               0     76.000    835.900      0.170          12.743                  1.6         20
      0          0               0   2000.000  60000.000      6.532          23.389                  1.3         30
      0          0               0   2000.000  80000.000      9.520          26.317                 1.55         40
      0          0               0   2000.000 100000.000     12.378          27.350                 1.85         50
      0          0               0   2000.000 120000.000     16.463          28.477                 2.13         60
      1          0               0     72.900    368.200      0.081           8.480                 1.21         10
      1          0               0    158.200   1116.300      0.353          14.830                 1.38         20
      1          0               0    235.500   2983.100      0.889          16.010                  1.9         30
      1          0               0    278.400   3705.300      1.409          20.006                 2.04         40
      1          0               0    345.100   4585.700      2.443          22.476                 2.32         50
      0          0               0   2000.000 120000.000     17.147          26.266                 2.32         60
      1          0               0     76.500    403.200      0.084           8.897                 1.14         10
      0          0               0   2000.000  40000.000      4.414          15.456                  1.3         20
      1          0               0   1326.500  14545.300      4.714          18.912                  1.6         30
      1          0               0    197.200   2304.200      0.954          24.894                 1.76         40
      1          0               0    146.900   2388.600      1.077          25.869                  2.2         50
      1          0               0    909.500  10202.700      8.039          31.946                 1.95         60
      1          0               0     87.500    443.800      0.103           7.367                  1.4         10
      1          0               0     90.700    966.600      0.201          12.599                 1.62         20
      1          0               0    305.700   2354.500      1.030          18.755                 1.64         30
      1          0               0    212.500   2400.500      1.054          19.802                  2.1         40
      0          0               1      5.900    295.000      0.036          21.915                 2.43         50
      0          0               1      5.900    354.000      0.050          20.915                  3.1         60
      1          0               0     83.500    416.800      0.094           7.224                 1.42         10
      1          0               0     92.900    977.700      0.213          12.161                  1.7         20
      1          0               0   1339.200   4193.300      4.618          19.572                 1.56         30
      1          0               0    111.400   2157.500      0.657          17.899                 2.51         40
      0          0               0   2000.000 100000.000     13.328          29.547                 1.72         50
      0          0               0   2000.000 120000.000     18.059          29.547                 2.06         60
      1          0               0     74.900    363.500      0.085           8.666                 1.16         10
      1          0               0     82.200    822.500      0.179          14.043                 1.44         20
      0          0               0   2000.000  60000.000      6.316          21.789                 1.38         30
      0          0               0   2000.000  80000.000     10.587          22.572                 1.78         40
      0          0               0   2000.000 100000.000     12.661          26.624                 1.89         50
      0          0               0   2000.000 120000.000     15.706          31.483                 1.92         60
      1          0               0     69.400    308.700      0.076           8.367                 1.22         10
      1          0               0    461.400   1668.600      1.009          14.497                  1.4         20
      1          0               0    493.500   4641.000      1.698          17.168                 1.78         30
      0          0               0   2000.000  80000.000      9.376          24.154                 1.68         40
      0          0               0   2000.000 100000.000     12.502          26.940                  1.9         50
      0          0               0   2000.000 120000.000     18.582          25.652                 2.38         60
      1          0               0     47.300    327.300      0.055           7.569                 1.35         10
      1          0               0     59.600    655.800      0.139          13.025                 1.59         20
      1          0               0     84.300   1371.300      0.310          15.442                 2.02         30
      1          0               0    115.300   1867.300      0.596          19.198                 2.15         40
      1          0               0    112.700   2547.500      0.828          18.271                  2.8         50
      1          0               0    127.600   3255.400      1.331          20.000                 3.17         60
